0000000.png	«Салют-7»
0000001.png	История США
0000002.png	Члены Лондонского королевского общества
0000003.png	Ссылки
0000004.png	3-й год по эре правления луского князя Сян-гуна.
0000005.png	Органы военной разведки:
0000006.png	Коммерческие автомобили ГАЗ
0000007.png	Правила избрания
0000008.png	Герб используют
0000009.png	Национальные парки
0000010.png	Специальная обработка
0000011.png	Крепыш
0000012.png	Кавалер Большого креста ордена Почётного легиона (Франция, 2005 год).
0000013.png	Физические свойства
0000014.png	Гибель
0000015.png	Национальные
0000016.png	Церемония инаугурации
0000017.png	Официальный сайт района
0000018.png	Парк культуры и отдыха имени Ю. Гагарина в г. Южно-Сахалинске
0000019.png	Поражение (4)
0000020.png	Другое
0000021.png	Классификация
0000022.png	Выпускники Московского училища живописи, ваяния и зодчества
0000023.png	Космонавты-испытатели СССР
0000024.png	Широкая улица
0000025.png	Вооружённые силы
0000026.png	Гипервещественное число
0000027.png	Хамдир был смелый
0000028.png	Ссылки
0000029.png	Коптский алфавит
0000030.png	Пример
0000031.png	Техническая информация
0000032.png	Русскоязычный раздел
0000033.png	Динамика численности населения, чел.
0000034.png	В речи
0000035.png	Примечания
0000036.png	Полиция Российской империи
0000037.png	От древнейших времён до Нового времени
0000038.png	Города-побратимы
0000039.png	Сахарные барашки. Москва: Детская литература, 1969. 176 с., 100 000 экз.
0000040.png	Тит Генуций, народный трибун.
0000041.png	Скончались
0000042.png	Вершинное фокусное расстояние
0000043.png	Поиск информации на основе интерактивного обмена.
0000044.png	Ранее термин «армия» использовался также в значениях:
0000045.png	Общественный транспорт:
0000046.png	Военная безопасность
0000047.png	Имя Лёни Голикова носит улица в городе Калининграде.
0000048.png	Психологическая и социальная терапия
0000049.png	Притоки Оки (приток Волги)
0000050.png	Вымирание
0000051.png	Населённые пункты, названные в честь Карла Маркса
0000052.png	Сценарист
0000053.png	Социальное значение
0000054.png	улица Кутузова,
0000055.png	Канадский мультикультурализм
0000056.png	Термины:
0000057.png	Целые числа
0000058.png	Телевидение
0000059.png	Текущая таблица начисления очков выглядит так:
0000060.png	Повешение за ребро
0000061.png	Сербская кухня
0000062.png	Административное деление
0000063.png	В 1981 году Тампере принял чемпионат Европы по боксу.
0000064.png	Молитвы. М., 2001.
0000065.png	Кинематические эффекты СТО
0000066.png	Право международной ответственности
0000067.png	Передозировка
0000068.png	Мифология пруссов
0000069.png	Ежегодная научная награда Американского общества экотоксикологии (1992 год).
0000070.png	Фираун
0000071.png	1620-е годы в Италии
0000072.png	Религиозные
0000073.png	Идентификация сервера
0000074.png	События
0000075.png	Физиологическая роль
0000076.png	Административное деление
0000077.png	Примечания
0000078.png	Вооружённые силы
0000079.png	гора Арвякрязь,
0000080.png	Ссылки
0000081.png	См. также: :Категория:Умершие в 1000 году
0000082.png	Литература
0000083.png	Сэнцань (яп, Сосан)
0000084.png	Римское царство
0000085.png	администрация (исполнительно-распорядительный орган муниципального образования);
0000086.png	В высшем дивизионе (Суперлиге) принимают участие 16 команд.
0000087.png	Общее описание состояния
0000088.png	Некромент
0000089.png	Хронология битвы. Наиболее значительные бои
0000090.png	Школы и группы
0000091.png	Учёные по алфавиту
0000092.png	Примечания
0000093.png	секретариат председателя Совета министров СССР
0000094.png	Армия
0000095.png	Совместимость с оборудованием
0000096.png	Почётные члены Петербургской академии наук
0000097.png	Родившиеся в 1792 году
0000098.png	Трегалоза
0000099.png	Награды, академии и общества
0000100.png	Владислав Орлич
0000101.png	Безопасность
0000102.png	Ссылки
0000103.png	Религиозные и прочие
0000104.png	системные;
0000105.png	Примечания
0000106.png	Составляющие компьютерной игры
0000107.png	Федеральная служба Российской Федерации по контролю за оборотом наркотиков
0000108.png	Творчество
0000109.png	Османский Орден Полумесяца (1807).
0000110.png	Море Лаптевых
0000111.png	Канонизированные князья
0000112.png	Экономика
0000113.png	Топонимика
0000114.png	Свертка нескольких тензоров
0000115.png	Данная группа примеров призвана показать громоздкость некоторых технологий.
0000116.png	Выпускники Университета Осуны
0000117.png	Герберт Уэллс: «Пища богов» (роман)
0000118.png	Не-юникод
0000119.png	Вячеслав Быков 2015
0000120.png	Литература
0000121.png	Мао Цзэдун призвал к началу мировой революции против американского империализма.
0000122.png	См. также
0000123.png	Экология
0000124.png	Водоканалстройсервис;
0000125.png	Примечания
0000126.png	Список пожизненных сенаторов
0000127.png	Тренеры, погибшие во время соревнований
0000128.png	Реки Октябрьского района Еврейской автономной области
0000129.png	на русском языке
0000130.png	«Вторая корзина», или экономическое и экологическое измерение:
0000131.png	семейного участка. Сами к размножению приступают только весной следующего
0000132.png	Одесса
0000133.png	Литература
0000134.png	Семья
0000135.png	Примечания
0000136.png	Население
0000137.png	В литературе
0000138.png	Традиционные занятия и ремёсла
0000139.png	Всероссийское сообщество скутеристов.
0000140.png	В 3 луне был похоронен цаоский Дао-гун.
0000141.png	Выпускники Морского кадетского корпуса
0000142.png	Министерство федерального планирования и государственных инвестиций Аргентины
0000143.png	Эссеисты СССР
0000144.png	Воробьиное озеро. М., Малыш, 1991
0000145.png	Половая структура
0000146.png	Сборники стихотворений
0000147.png	принуждение противника к капитуляции
0000148.png	Ростокинский
0000149.png	Алхимики
0000150.png	медаль «За боевое содружество»
0000151.png	но избавь нас от лукавого.
0000152.png	Авиация
0000153.png	Ссылки
0000154.png	Позже существовали и в других вооружённых силах государствах Европы.
0000155.png	Наталья - род. 5 апреля 1854;
0000156.png	См. также
0000157.png	Спорт
0000158.png	География
0000159.png	Город расположен в географических координатах .
0000160.png	Транспорт
0000161.png	Простая форма
0000162.png	Режиссёр
0000163.png	Курорты Литвы
0000164.png	Примечания
0000165.png	«Альянс», (Коммунистическая ул.),
0000166.png	Католическая церковь
0000167.png	Северная Родезия
0000168.png	Ташкентский переулок
0000169.png	Фракция «Единая Россия»
0000170.png	Комментарии
0000171.png	Оригинальные полушария хранятся в Немецком музее в Мюнхене.
0000172.png	Телефильмы, снятые по заказу Гостелерадио СССР
0000173.png	Председатели комиссий
0000174.png	Захват ди Альбукерком порта Гоа в Индии, ставшем местом пребывания вице-короля.
0000175.png	Физика наноструктур
0000176.png	Государственный русский драматический театр Удмуртии
0000177.png	Блог по Аквагриму
0000178.png	По способу доступа к БД
0000179.png	Регентство
0000180.png	Монолог о браке, 1973; Ленинградский театр комедии, режиссёр К. Гинкас
0000181.png	Начало правления
0000182.png	Литература
0000183.png	Скончались
0000184.png	Отставка
0000185.png	Ссылки
0000186.png	Литературный взлёт
0000187.png	Литература
0000188.png	Название
0000189.png	Литература
0000190.png	Основные темы коллекционирования
0000191.png	Части города в 1767 году
0000192.png	Элементы теологии
0000193.png	9-е двузначное число
0000194.png	По воспоминаниям монаха Иова:
0000195.png	Китайская астрология:
0000196.png	Цвета флага в различных форматах
0000197.png	Переводчики Библии
0000198.png	Заместители председателя Совета Федерации России
0000199.png	Файлы видеоданных
0000200.png	Действительные статские советники
0000201.png	Культура Древней Индии
0000202.png	Гвадалахара,
0000203.png	Цифры
0000204.png	Человеческое тело
0000205.png	Единицы измерения массы
0000206.png	Литература
0000207.png	Ссылки
0000208.png	48 вилайетов (),
0000209.png	Участники Альминского сражения
0000210.png	Сочинения
0000211.png	подпитки чистой воды из реки Дон;
0000212.png	Информационная система
0000213.png	Состав
0000214.png	Малый каприз
0000215.png	Применение
0000216.png	См. также: :Категория:Праздники 22 февраля
0000217.png	Биография
0000218.png	В 1 луне луская княгиня Цзян поехала в Ци, в 3 луне вернулась.
0000219.png	Военачальники нацистской Германии
0000220.png	Национальные
0000221.png	Комплексные числа
0000222.png	Муравьёв, Александр Андреевич (17.11.1992, 008)
0000223.png	Почётные граждане Белграда
0000224.png	Ассоциативный массив
0000225.png	Январь
0000226.png	Комментарии
0000227.png	Вакуумные приборы СВЧ
0000228.png	Достопримечательности
0000229.png	Восьмидесятые
0000230.png	Сент-Дэвид
0000231.png	Нефтепереработка
0000232.png	1 января 2012 года вступил в силу Закон о закупках (223-ФЗ).
0000233.png	Имперская инспекционная организация
0000234.png	не внезапно, как во Франции;
0000235.png	Исследования
0000236.png	Теории о возможном влиянии потепления на североатлантический климат
0000237.png	Доменный цех - 3 доменные печи ( по 2100 , 1179, 2140 т в год)
0000238.png	Комиссия по борьбе с лженаукой
0000239.png	Могучий взлёт КазССР.
0000240.png	Русскоязычный фан-сайт
0000241.png	демпферов;
0000242.png	Отдел регистрации актов в сферах природных ресурсов и строительства
0000243.png	Декабрь
0000244.png	(кампус);
0000245.png	Кинотеатры
0000246.png	Высочайшее благоволение (30.07.1824).
0000247.png	уплощённый или неадекватный аффект.
0000248.png	Мыслеграфия
0000249.png	Хронологический список фильмов, где ДДТ и Юрий Шевчук сыграли ту или иную роль:
0000250.png	Похороненные на Новодевичьем кладбище
0000251.png	кривая Евдокса;
0000252.png	ДК «Алмаз».
0000253.png	Музей украинского рушника (ул. Летописная, 2);
0000254.png	Реки Зейского района
0000255.png	Бригадные генералы (США)
0000256.png	алгебра
0000257.png	28 направлениям подготовки бакалавров;
0000258.png	Классификация
0000259.png	Сенатор от штата Нью-Йорк
0000260.png	Юлия Куварзина российская актриса театра и кино.
0000261.png	Грузия
0000262.png	Восстановление щавелевой кислотой в сернокислой среде ведёт к диоксиду хлора:
0000263.png	Академия Российского телевидения учредила ежегодную премию «ТЭФИ».
0000264.png	Биография
0000265.png	Валериан Александрович
0000266.png	Члены Московского Английского клуба до 1917 года
0000267.png	Регенты Франции
0000268.png	Сотрудники Физико-технического института имени А. Ф. Иоффе
0000269.png	Другая (декабрь, 2001)
0000270.png	Состав
0000271.png	Интегралы, содержащие только синус и тангенс
0000272.png	Касты
0000273.png	Декрет в честь Диофанта, Херсонес Таврический
0000274.png	См. также: :Категория:Умершие в 1704 году
0000275.png	Бернадоты
0000276.png	Первый дакийский поход Траяна
0000277.png	Искусство выносливости.
0000278.png	Организация исследований и образования
0000279.png	Анархизм
0000280.png	На столе передо мной,
0000281.png	Краткая биография на сайте «Киевский календарь»
0000282.png	См. также
0000283.png	Меры предосторожности и взаимодействия
0000284.png	Зодиакальные созвездия
0000285.png	(значения)
0000286.png	Дачные кооперативы
0000287.png	Латышский и латгальский языки
0000288.png	Переводы на русский язык
0000289.png	Талмуд
0000290.png	см. ст. Рейхсмарине
0000291.png	Титулы Японии
0000292.png	Ангара
0000293.png	Климат
0000294.png	Фотографии района
0000295.png	Выпускники биологического факультета МГУ
0000296.png	Почвенно-климатическая характеристика
0000297.png	В статье рассматриваются следующие вопросы:
0000298.png	Ташкентское землетрясение
0000299.png	Ссылки
0000300.png	Усть-Большерецкий район
0000301.png	Шерстянкин, Павел Павлович
0000302.png	5 марта
0000303.png	При  показательная функция всюду возрастает, причём:
0000304.png	Тедди-бои
0000305.png	Изобразительное искусство
0000306.png	Литературоведы России
0000307.png	Особняк (1910).
0000308.png	Пятидесятница. Сошествие на апостолов Святого Духа ()
0000309.png	Города Саратовской области
0000310.png	Озеро Бологое
0000311.png	Северо-Кавказский государственный технический университет
0000312.png	Творчество
0000313.png	Квайса с 2010 года.
0000314.png	См. также
0000315.png	Производящая функция
0000316.png	Музыка и танцы
0000317.png	завоевательные походы;
0000318.png	17 июля
0000319.png	Морфологическая классификация
0000320.png	Примечания
0000321.png	Официальный веб-сайт
0000322.png	Подпольщики Великой Отечественной войны
0000323.png	Тирасполь (Приднестровье)
0000324.png	Белград
0000325.png	Члены Ленинградского обкома КПСС
0000326.png	Бертран Тулузский
0000327.png	Ссылки
0000328.png	МГТУ:
0000329.png	10 армия
0000330.png	События
0000331.png	Кутаиси, Грузия (03.05.2016)
0000332.png	Ссылки
0000333.png	Режиссёр: Борис Дуров
0000334.png	Святая вода
0000335.png	1017 км: Сенча (лв)
0000336.png	Отличие от гражданского права
0000337.png	Географическое положение
0000338.png	Дубынин, Виктор Петрович (11.11.2003, 803)
0000339.png	Кинотеатры
0000340.png	Сухопутные войска
0000341.png	Основная статья: Сосудообразная флейта.
0000342.png	АИК (Стокгольм, Швеция)
0000343.png	Сэйю: Фумико Орикаса
0000344.png	Политические партии Финляндии
0000345.png	Населённые пункты и даже улицы были переименованы и получили японские названия.
0000346.png	Фотометрическая светимость
0000347.png	Злокачественные опухоли детского возраста
0000348.png	Системы классификации
0000349.png	Булава с двумя шаровидными навершиями, расположенными одно над другим
0000350.png	Принятие антидискриминационных законов
0000351.png	История искусств
0000352.png	Память
0000353.png	Ссылки
0000354.png	История
0000355.png	Профессора Императорской медико-хирургической академии
0000356.png	Перинон
0000357.png	для передачи абруптивных согласных в составе диграфов:
0000358.png	Дюверже М. Политические партии: Пер. с фр. М.: Академический проект, 2000.
0000359.png	Матильда
0000360.png	Систему здравоохранения представляют:
0000361.png	Дни Пелгулинна,
0000362.png	Азот:
0000363.png	Фламандский язык
0000364.png	Вице-президент
0000365.png	Детство
0000366.png	Щипковые музыкальные инструменты
0000367.png	История
0000368.png	Прорвёмся (2006);
0000369.png	Биография
0000370.png	Охранное отделение Министерства внутренних дел Российской империи
0000371.png	Вооружённые силы
0000372.png	Примеры:
0000373.png	Издательства, основанные в 1913 году
0000374.png	Красноярский индустриально-металлургический колледж
0000375.png	Нейроглобин
0000376.png	Станции
0000377.png	Портрет
0000378.png	Информация на Нобелевском сайте
0000379.png	Распространение капоэйры в мире
0000380.png	Геральдика
0000381.png	Велосипедные дорожки Приднестровье
0000382.png	Министры юстиции Испании
0000383.png	Мотоциклы в странах СНГ
0000384.png	Ссылки
0000385.png	Воинские соединения и части
0000386.png	Инновационная экономика
0000387.png	Место съёмок фильма проводились в Полярном.
0000388.png	Имя композитора носит Саратовская областная филармония.
0000389.png	Старообрядческий православный храм Успения Пресвятой Богородицы.
0000390.png	Каждому своё (Санкт-Петербург, 1899)
0000391.png	Самоходные ракетные пусковые установки ЗРК
0000392.png	Литература
0000393.png	Лауреаты премии «Независимый дух»
0000394.png	События
0000395.png	Метательное оружие
0000396.png	Литература
0000397.png	Биография
0000398.png	В 4 луне, в день цзя-у было землетрясение (отмечено Сыма Цянем).
0000399.png	Отказанный королевский гамбит
0000400.png	Робин Лопес, американский баскетболист.
0000401.png	Особенности
0000402.png	Значение дороги
0000403.png	Участники Русско-японской войны (Япония)
0000404.png	10 городов областного значения
0000405.png	Тавил
0000406.png	В Тракае расположены:
0000407.png	Предприятия и организации
0000408.png	Открытие и начало освоения берегов Северной Двины
0000409.png	Индийский поход
0000410.png	Военачальники Русского государства
0000411.png	Увеличение тяги двигателей первой ступени.
0000412.png	Верхний парк
0000413.png	31 год до н. э.
0000414.png	1-я экспедиция
0000415.png	История
0000416.png	Самокражская волость
0000417.png	София Корецкая (ум. после 1630), монахиня с 1626 года в Корецком монастыре
0000418.png	время выдержки под максимальной нагрузкой;
0000419.png	Вспомогательные системы
0000420.png	Топоним
0000421.png	Литература
0000422.png	Международные исследования синтоизма
0000423.png	История
0000424.png	125 мусульманских
0000425.png	Тегусигальпа
0000426.png	288 км: Кизас
0000427.png	Описание
0000428.png	Евгений Лызин (83-й общий)
0000429.png	Танцовщицы Дега
0000430.png	Официальный сайт муниципального образования «Городской округ Черноголовка»
0000431.png	Литература
0000432.png	Примеры
0000433.png	Примечания
0000434.png	Остальные персонажи
0000435.png	Обзор жизни и творчества
0000436.png	Ссылки
0000437.png	Выпускники художественно-постановочного факультета ВГИКа
0000438.png	Историки по алфавиту
0000439.png	См. также
0000440.png	Эудорэ
0000441.png	иностранные и иногородние купцы.
0000442.png	Литература
0000443.png	Появились в 1996 году в США
0000444.png	Китай
0000445.png	«Минуты уединённых размышлений»
0000446.png	Тантрический секс
0000447.png	Участники римско-персидских войн
0000448.png	Львов, Украина
0000449.png	долонгуты
0000450.png	Медаль «За освоение целинных земель» (1969 год)
0000451.png	Составные фамилии
0000452.png	Выбор опорного элемента
0000453.png	См. также
0000454.png	В других областях
0000455.png	кератит, язвы роговицы, увеит, эндофтальмит.
0000456.png	В функции Агентства входит:
0000457.png	Литература
0000458.png	Михаил Ширвиндт
0000459.png	Объекты, названные в честь Михаила Калинина
0000460.png	Родился в 1889 году в Вильне. Про своё детство он на склоне жизни вспоминал:
0000461.png	Астрофизика
0000462.png	Жан Маре (р. 1913), французский актёр.
0000463.png	При всех случаях отравлений необходимо как можно скорее обратиться к врачу.
0000464.png	История
0000465.png	Багратионовск, Россия
0000466.png	См. также
0000467.png	Кириченко, Григорий Сергеевич (21.06.1995, 173)
0000468.png	Деятели феминизма Великобритании
0000469.png	1 июня
0000470.png	Биологическая роль
0000471.png	Махикари
0000472.png	Транспорт в Бангладеш
0000473.png	Сословия
0000474.png	География
0000475.png	Баллиста
0000476.png	Нахождение в природе
0000477.png	Мангаки
0000478.png	События
0000479.png	КСП в Германии
0000480.png	Примечания
0000481.png	251 км: Нелидовка (лв.)
0000482.png	Лидия Плас. За что меня так жестоко наказали? «Русская Мысль».
0000483.png	Гемато-тестикулярный барьер
0000484.png	Культурологи Германии
0000485.png	Медики Шотландии
0000486.png	Литература
0000487.png	Пришедшие к власти в 1992 году
0000488.png	Примечания
0000489.png	Суздальская улица
0000490.png	Яков Флиер (ум. 1977), пианист, народный артист СССР.
0000491.png	Документальные фильмы
0000492.png	Элахийе
0000493.png	Всемирное наследие в Бельгии
0000494.png	Военные расходы и бюджет
0000495.png	Горгонейон
0000496.png	Профсоюзный комитет работников
0000497.png	Учреждения культуры:
0000498.png	Суворовский проспект
0000499.png	См. также
0000500.png	Депутаты Государственной думы Российской Федерации от одномандатных округов
0000501.png	Главнокомандующие и командующие
0000502.png	10 декабря
0000503.png	Окольничие
0000504.png	Дети:
0000505.png	Лауреаты Демидовской премии
0000506.png	Генерал Андрей Власов (специализированный сайт)
0000507.png	Молочная кислота в организме человека и животных
0000508.png	Иммунологическая толерантность
0000509.png	Литература
0000510.png	Мохаммад Хатами переизбран президентом Ирана .
0000511.png	Аннотации:
0000512.png	См. также
0000513.png	Родились
0000514.png	Польский Орден Белого орла (1787)
0000515.png	Ислам
0000516.png	Пулитцеровскую премию получает Джон Стейнбек за роман «Гроздья гнева».
0000517.png	Позднемонгольские государства в составе империи Цин
0000518.png	Подполковник (5 марта 1792 года);
0000519.png	«Различие и повторение»
0000520.png	Тексты и переводы
0000521.png	Ансамбль Александрова на сайте Культура и Армия
0000522.png	Государственные деятели Османской империи
0000523.png	Лидеры среди спортсменов
0000524.png	Пик Гюйгенса на Луне и расположенный рядом кратер Гюйгенс А;
0000525.png	Примечания
0000526.png	Звукооператор: Борис Венгеровский
0000527.png	Семья
0000528.png	Спортивный бридж
0000529.png	Районы
0000530.png	Самогон
0000531.png	Патент
0000532.png	Некоторые произведения в этой тональности
0000533.png	Микрорайоны
0000534.png	Учреждение преторианской гвардии: 9 когорт по 500 человек.
0000535.png	Похороненные на кладбище Сен-Пьер
0000536.png	ИТ-банк;
0000537.png	Но вполне возможно, что в Фессалии были и союзники троянцев. У Гомера сказано:
0000538.png	Алма-Атинский колледж связи
0000539.png	Примечания
0000540.png	Примечания
0000541.png	История
0000542.png	Описание
0000543.png	Биологические теории
0000544.png	Дирижёр: Константин Кримец
0000545.png	Идеологии Российской империи
0000546.png	География и климат
0000547.png	Человечество
0000548.png	«Нерукотворный Спас»
0000549.png	Ссылки
0000550.png	Ссылки
0000551.png	Запрещение в Тоба-Вэй сяньбийского языка, одежды и причёски (косы).
0000552.png	Биография
0000553.png	Сражения по алфавиту
0000554.png	Историософы
0000555.png	орден Св. Станислава 1-й ст. (1902)
0000556.png	Сервер ничего не делает, всегда отвечает положительно.
0000557.png	Обладатель Суперкубка Европы: 2004
0000558.png	Музыка
0000559.png	Экономика
0000560.png	2021: Попихин, Евгений Николаевич
0000561.png	Авиация
0000562.png	Серпухов (Россия)
0000563.png	Пейн, Фридрих (200 подтверждённых убитых
0000564.png	Если утро в этот день холодное, то и зима будет ранняя и холодная.
0000565.png	Октябрьские скоро
0000566.png	Орден «Эл-юрт Хурмати» (Узбекистан) (1998)
0000567.png	Музеи, посвящённые Калинину
0000568.png	Примечания
0000569.png	20-й артиллерийский полк в Ленинграде, 5.
0000570.png	использовать тару из-под бензола для пищевого применения, мытья рук, посуды,
0000571.png	Основные задачи полётов
0000572.png	Примечание
0000573.png	Замечательные точки треугольника
0000574.png	Иностранные члены Сербской академии наук и искусств
0000575.png	Достопримечательности
0000576.png	Симоновский
0000577.png	Возникновение
0000578.png	Начало деятельности
0000579.png	Реки Коченёвского района
0000580.png	Синяя алюминиево-кобальтовая краска. Названа именем Луи Жака Тенара.
0000581.png	Крупнейший русскоязычный ресурс о Гонконге и Макао
0000582.png	нейроинфекции,
0000583.png	Эдвард Морган Форстер: «Возвращение из Колона» (рассказ)
0000584.png	Россия
0000585.png	Футболисты Кувейта
0000586.png	Отец современного иврита
0000587.png	Рейтинг Черноголовки
0000588.png	Закрывшиеся журналы России
0000589.png	Крахмал не имеет вкуса и запаха.
0000590.png	Примечания
0000591.png	Доказательства
0000592.png	Депутаты Ленинградского городского совета
0000593.png	Ссылки
0000594.png	Разгаданные картины Вильгельма Котарбинского. Каталог открыток
0000595.png	См. также
0000596.png	Акционерные общества России
0000597.png	Примечания
0000598.png	Религиозные титулы
0000599.png	В Гербовник внесены два рода Чаадаевых:
0000600.png	Братский лесопромышленный комплекс (БЛПК) в составе:
0000601.png	Официальная страница
0000602.png	История Брестской области
0000603.png	Родившиеся в 1430 году
0000604.png	Вифиния
0000605.png	Литература
0000606.png	Народный календарь, приметы и фольклор Руси
0000607.png	Грузино-русская транслитерация
0000608.png	Исторические поселения Московской области
0000609.png	Чтоб думать, должен сесть на Зад!
0000610.png	Примечания
0000611.png	Польские драматурги
0000612.png	«Юриспруденция»,
0000613.png	Примечания
0000614.png	Велико-Тырново (Болгария)
0000615.png	бред воздействия со стороны внешних сил;
0000616.png	Увековечение памяти
0000617.png	Семья
0000618.png	Врач анестезиолог-реаниматолог
0000619.png	Литература
0000620.png	Химический комплекс ООО «РусВинил» по выпуску смолы ПВХ;
0000621.png	Национальный состав
0000622.png	Заседания
0000623.png	Авторы Энциклопедического словаря Брокгауза и Ефрона
0000624.png	История
0000625.png	Велоспорт
0000626.png	Оттон Фрейзингский, немецкий историк (примерная дата).
0000627.png	инцидент с «Блэкуотером» в Багдаде.
0000628.png	Храм-часовня Святителя Николая.
0000629.png	География
0000630.png	История
0000631.png	Права ЛГБТ в государствах и территориальных областях
0000632.png	Умершие от инфаркта миокарда
0000633.png	Функции невербального кода
0000634.png	Персоналии по алфавиту
0000635.png	Директора РАИ:
0000636.png	картофель;
0000637.png	профессор медицины Иоганн Франк
0000638.png	Наречия в других языках
0000639.png	Старый Таганрог
0000640.png	Участники Кавказской войны
0000641.png	Количество Чингизидов
0000642.png	Риторические фигуры
0000643.png	князь ржевский Владимир
0000644.png	Открытие
0000645.png	В искусстве, литературе и кинематографе
0000646.png	: Инчхон
0000647.png	Выпускники Университета Джорджии
0000648.png	мокшанский язык
0000649.png	Философы-метафизики
0000650.png	Петровка, 25
0000651.png	Цитаты
0000652.png	Консулы Луций Папий Пакациан и Мецилий Гилариан.
0000653.png	Члены Эдинбургского королевского общества
0000654.png	Произошло отпадение конечных согласных:
0000655.png	актриса Ирина Купченко
0000656.png	Копирайт
0000657.png	Информация об Адлере
0000658.png	Народный артист СССР (1971)
0000659.png	Метаязык
0000660.png	Описание пирита
0000661.png	малый тральщик «Тахкона»;
0000662.png	Гал усны гашуун зовлонгоос гэтэлгэгч
0000663.png	Психология
0000664.png	Регулирование пропаганды
0000665.png	Виды:
0000666.png	Ефремова башня
0000667.png	События
0000668.png	Житомирское детство Владимира Короленко
0000669.png	Научная деятельность
0000670.png	Ссылки
0000671.png	Примечания
0000672.png	Тихвинский 1-й тупик
0000673.png	Примечания
0000674.png	Разновидности
0000675.png	выпрямители повышенной точности;
0000676.png	Единицы измерения дозы ионизирующего излучения
0000677.png	Моника (святая), христианская святая.
0000678.png	Трансерфинг реальности
0000679.png	Противопоказания
0000680.png	в месторождениях.
0000681.png	Глаголица
0000682.png	Структура
0000683.png	Население
0000684.png	Кузбасский парк. Парк в Ленинском районе города.
0000685.png	20 место
0000686.png	Табель о рангах
0000687.png	Суперкубок Италии по футболу (9, рекорд)
0000688.png	Американские
0000689.png	Нацизм
0000690.png	Реинкарнация
0000691.png	Ссылки
0000692.png	Госпитальные суда
0000693.png	Алгарве ()
0000694.png	См. также
0000695.png	Нидерландский Военный орден Вильгельма, большой крест
0000696.png	Первоначально награде предполагалось дать название «За верность Родине».
0000697.png	Память
0000698.png	Великотырновские митрополиты
0000699.png	в литовском городе Варена есть улица Чюрлёниса.
0000700.png	литые иконы;
0000701.png	Топонимы
0000702.png	Ссылки
0000703.png	Создана первая в России гардинно-тюлевая фабрика.
0000704.png	Литература
0000705.png	Силламяэ также имеет дружественные связи со следующими муниципалитетами:
0000706.png	Ультрадисперсные алмазы (наноалмазы)
0000707.png	Международный институт экономики и финансов
0000708.png	Официальный веб-сайт
0000709.png	Китай
0000710.png	Гдовский район
0000711.png	Серпуховский колледж
0000712.png	Программное обеспечение для управления проектами
0000713.png	Данди, Шотландия,
0000714.png	Биография
0000715.png	поиски брата Хоттабыча, Омара Юсуфа ибн Хоттаба;
0000716.png	Стандарты и программные реализации
0000717.png	Почитание
0000718.png	Ссылки
0000719.png	Деваштич, согдийский лидер.
0000720.png	История
0000721.png	Сторона
0000722.png	Детские писатели СССР
0000723.png	Примечания
0000724.png	Математики Италии
0000725.png	Солнечный транспорт
0000726.png	Ссылки
0000727.png	Ссылки
0000728.png	Публикации
0000729.png	Биография
0000730.png	595 год
0000731.png	Высочайшие акты
0000732.png	Персонажи-гибриды человека и инопланетян
0000733.png	Описание полёта
0000734.png	С кислородом:
0000735.png	27 октября
0000736.png	География
0000737.png	Агентно-ориентированное программирование
0000738.png	Выборы в Мосгордуму (2021)
0000739.png	Пехотинцы Великой Отечественной войны
0000740.png	Примечания
0000741.png	Теория эволюции
0000742.png	Юденраты и еврейская полиция
0000743.png	Стратегии работы с внешней памятью
0000744.png	Две линии 110 кВ от Шатурской ГРЭС через Рошаль и через Черусти.
0000745.png	Примечания
0000746.png	Ссылки
0000747.png	Ахматово,
0000748.png	События
0000749.png	Вопросы совместимости
0000750.png	Члены Палаты пэров Франции эпохи Реставрации
0000751.png	22 декабря
0000752.png	3 мая. Всемирный день свободы печати
0000753.png	Города Древнего Египта
0000754.png	Примечания
0000755.png	Фильмы США 2003 года
0000756.png	Виктор Адлер (ум. 1918), один из лидеров австрийской социал-демократии.
0000757.png	Алкалоиды (в частности никотиновые производные и неоникотиноиды)
0000758.png	Замбия
0000759.png	Музыканты Санкт-Петербурга
0000760.png	Система частиц в компьютерной графике.
0000761.png	Декомпрессия в подводном плавании и водолазных спусках.
0000762.png	Дозированный аэрозоль
0000763.png	Мадмуазель Клерон умерла 25 января 1803 года в Париже.
0000764.png	Кубок Открытия
0000765.png	Сохранили стабильный первоначальный вокализм корня.
0000766.png	Повести и романы
0000767.png	Патерга,
0000768.png	Лауреаты Нобелевской премии из Израиля
0000769.png	Страница клуба на сайте УЕФА
0000770.png	Князья новгородские
0000771.png	Народный самодеятельный коллектив оркестр народных инструментов
0000772.png	Применение в медицине и косметологии
0000773.png	Рельеф
0000774.png	Счёты
0000775.png	Концепции языков программирования
0000776.png	Туризм
0000777.png	Экономисты австрийской школы
0000778.png	Азербайджан и Габон установили дипломатические отношение.
0000779.png	Духовская церковь
0000780.png	Примечания
0000781.png	Циский гун прибыл в Цзинь и встретился с Чжао-гуном.
0000782.png	Рассказ «Остряк» Айзека Азимова.
0000783.png	(обл.)
0000784.png	Атнинский (все сельсоветы переданы Тукаевскому району).
0000785.png	Кавалеры Серебряного лаврового листа
0000786.png	Румынский орден Звезды Румынии (07.08.1898)
0000787.png	Привлечение инвестиций
0000788.png	Хоккейные клубы Финляндии
0000789.png	На японском языке
0000790.png	Преподаватели Школы богословия Чикагского университета
0000791.png	Русская православная церковь
0000792.png	Нефтяная игла
0000793.png	См. также
0000794.png	Сербский извод:(на кириллице)
0000795.png	Мосты через Большой (Самсоновский) канал
0000796.png	Амурский городской краеведческий музей
0000797.png	Германия
0000798.png	Источники и литература
0000799.png	Взросление и смертность
0000800.png	Умершие 27 апреля
0000801.png	Памятники природы:
0000802.png	Применение
0000803.png	Камбоджа и Таиланд
0000804.png	Семён Крашенинников (24-й общий)
0000805.png	Примечания
0000806.png	Поэты Польши
0000807.png	Интерферон
0000808.png	Электроника МК-54
0000809.png	Операции на Сирийском фронте
0000810.png	Ссылки
0000811.png	Источники архивные
0000812.png	Родились
0000813.png	Выпускники Николаевской инженерной академии
0000814.png	Сердечная деятельность
0000815.png	Государство Рюрика
0000816.png	ближний манёвренный воздушный бой (БВБ)
0000817.png	МР-спектроскопия
0000818.png	Трухачёв Владимир Иванович
0000819.png	координации  движений
0000820.png	Индия (в основном в штатах «Семь сестёр»)
0000821.png	Описание
0000822.png	История деления области
0000823.png	Трансконтинентальные государства
0000824.png	Харасами
0000825.png	Орден Трудового Красного Знамени
0000826.png	География
0000827.png	«Авангард» Омск
0000828.png	Последствия короткого замыкания
0000829.png	Скончались
0000830.png	Близлежащие города
0000831.png	История термина
0000832.png	Транспорт
0000833.png	Храм Казанской иконы Божией Матери
0000834.png	Татары
0000835.png	Аэроболт
0000836.png	Другие свершения
0000837.png	Персоны, изображённые на банкнотах Венгрии
0000838.png	Архимандрит Исаия Германовский умер после 1777 года.
0000839.png	Дворцы культуры
0000840.png	Промышленность
0000841.png	Пхёнчхон-гуёк ()
0000842.png	король Саксонии отрекается от престола.
0000843.png	Греция
0000844.png	Внерайонные города административного округа Дюссельдорф
0000845.png	Структура МСЭ
0000846.png	Кавалеры Баварского ордена Максимилиана «За достижения в науке и искусстве»
0000847.png	Фармакологическое действие
0000848.png	Маэстро Ростропович в Игарке
0000849.png	Военачальники Средневековья
0000850.png	Верхний сад
0000851.png	Форум
0000852.png	Храм святителя Николая Чудотворца
0000853.png	Смерть
0000854.png	Метеоритный кратер в Ладожском озере (Ладожская астроблема)
0000855.png	Киевские тысяцкие
0000856.png	Женские монастыри
0000857.png	галогенированные дибензо-краун-эфиры
0000858.png	География округа Вудфорд (Иллинойс)
0000859.png	Ессентукский институт управления, бизнеса и права
0000860.png	Почётный гражданин Смоленска (1964)
0000861.png	Породы собак, признанные опасными в России
0000862.png	Почётные граждане Донецка
0000863.png	Артем Весёлый. Предки и потомки
0000864.png	Исследования
0000865.png	Основные стратегические бомбардировщики
0000866.png	Выпускники Лондонского университета
0000867.png	Карнавал в честь Дня города.
0000868.png	Николай
0000869.png	Лениногорск
0000870.png	Командиры корпусов в Первой мировой войне (Россия)
0000871.png	Примечания
0000872.png	Шедим
0000873.png	почётный член Венгерской академии наук (1911)
0000874.png	горцев Кавказа;
0000875.png	Полынь метельчатая, она же куровник, бечёвник, бодренник, чилига
0000876.png	Стихотворная публицистика
0000877.png	Цикл «Ведьмак из Большой Москвы» (2017 - ...)
0000878.png	Существовало три распространённых варианта сфинксов:
0000879.png	Примечания
0000880.png	Контроль влажности воздуха
0000881.png	Примечания
0000882.png	Примеры
0000883.png	Способы введения лекарственных средств
0000884.png	Основные музеи
0000885.png	Преподаватели Московского гуманитарного университета
0000886.png	Кумыкский язык на сайте «Языки народов России»
0000887.png	Список работ
0000888.png	Ссылки
0000889.png	В описанный параллелепипед соразмерного тетраэдра можно вписать сферу.
0000890.png	Во-первых, улыбки выступают как самостоятельный элемент.
0000891.png	Синантропные мухи
0000892.png	С декабря 2015 года начались официальные поставки платформы «Нейтрино-Эльбрус».
0000893.png	Плунгян В. А. Общая морфология: введение в проблематику. М., 2000.
0000894.png	Чили в борьбе, надежде и тревоге (документальный)
0000895.png	Наблюдение
0000896.png	Медики по алфавиту
0000897.png	Сардинский Орден Святых Маврикия и Лазаря, большой крест
0000898.png	История
0000899.png	Писательство
0000900.png	Андрей Андреевич
0000901.png	Склонение
0000902.png	Сирийские войны
0000903.png	Железная дорога
0000904.png	Внешний облик
0000905.png	В кинематографе
0000906.png	Требования к регенерации и перезагрузке адсорбентов
0000907.png	Вера в приход Мессии
0000908.png	Достопримечательности
0000909.png	Родились
0000910.png	Ландсхёвдинги (губернаторы) Вестманланда
0000911.png	Таураге, Литва
0000912.png	Спортивные достижения
0000913.png	Киновоплощения
0000914.png	Анатолий Тимощук
0000915.png	Католицизм:
0000916.png	Поэты Франции
0000917.png	Почётные граждане Мюнхена
0000918.png	Этимология
0000919.png	Чемпионат России по хоккею с шайбой
0000920.png	История
0000921.png	Греческий
0000922.png	Библиография
0000923.png	1992: Худжанд,
0000924.png	Тэгу (), Республика Корея
0000925.png	Расследование обстоятельств теракта
0000926.png	История человечества
0000927.png	Вики-проекты (в частности, Википедия)
0000928.png	Хоккейный клуб «Уральский трубник» (хоккей с мячом)
0000929.png	Скончались
0000930.png	В результате, уже
0000931.png	Письменность
0000932.png	Примечания
0000933.png	Библиофильство
0000934.png	Сказка солнца. М.: Детская литература, 1975
0000935.png	Мозаики и фрески собора святой Софии в Киеве
0000936.png	Симпатоадреналовая система
0000937.png	Берлинская лазурь
0000938.png	Беллу
0000939.png	при дополнительных условиях:
0000940.png	Примечания
0000941.png	медаль «60 лет Вооружённых Сил СССР»;
0000942.png	9-й год по эре правления луского князя Ай-гуна.
0000943.png	Литература
0000944.png	средства наземного обслуживания и эксплуатационного контроля АТ, инструмент
0000945.png	Однако Эрве Фай писал в 1884 году следующее:
0000946.png	История
0000947.png	Печатные издания, возникшие в 1892 году
0000948.png	Министры юстиции Российской Федерации
0000949.png	Примечания
0000950.png	Флора
0000951.png	Восстание сербов против греков.
0000952.png	2328 км: Большой Кутикан
0000953.png	Болгария. Нёйиский договор
0000954.png	Источники
0000955.png	Дочь - Стефания Шухратовна Аббасова, художница.
0000956.png	на русском языке
0000957.png	Население
0000958.png	Полнократные числа
0000959.png	Значение и применение
0000960.png	Транспорт
0000961.png	Военное право
0000962.png	Биография
0000963.png	Член Зала российской теннисной славы (с 2011 года)
0000964.png	Официальный текст
0000965.png	Колледж Робинсона (), 1977
0000966.png	Предотвращение отравлений метанолом
0000967.png	Примечания
0000968.png	Репрессированные в СССР
0000969.png	Месторождения
0000970.png	Исполнительная власть
0000971.png	Фильмография
0000972.png	Санатории и профилактории
0000973.png	Также кварц, калийные соли и др.
0000974.png	Производители спортивных автомобилей
0000975.png	Ростовская область
0000976.png	Кафедра технологии целлюлозы и композиционных материалов
0000977.png	истребитель-перехватчик П-1
0000978.png	Судебные тяжбы
0000979.png	Сикоз
0000980.png	Университет долины Юта, Орем
0000981.png	Литература
0000982.png	Население
0000983.png	Отрасли экономики Димитровграда по выручке
0000984.png	Лечение нарушений обмена холестерина
0000985.png	Второе число означает:
0000986.png	История
0000987.png	Информатика
0000988.png	Туркменский институт народного хозяйства
0000989.png	Лоран Шварц,
0000990.png	Баварская Советская Республика
0000991.png	Марка Почты СССР, 1984 г
0000992.png	Реки Мамско-Чуйского района
0000993.png	Памятники архитектуры Щёлковского района Московской области
0000994.png	Примечания
0000995.png	Курт Кристман, нацистский военный преступник, оберштурмбаннфюрер СС (ум. 1987).
0000996.png	, Венгрия
0000997.png	Представление о монофизитстве
0000998.png	Сингапур (наряду с английским, тамильским и китайским)
0000999.png	Турнир памяти П.И.Беляева (1): 2004
0001000.png	Натуральные (положительные вещественные числа)
0001001.png	Скончались
0001002.png	Матроса Железняка, бульвар
0001003.png	Себастьян Брендель, немецкий гребец на каноэ, трёхкратный олимпийский чемпион.
0001004.png	Примечания
0001005.png	Электропроводность растворов
0001006.png	Торговые и промышленные здания
0001007.png	Умершие от туберкулёза
0001008.png	Молочный комбинат «Ишимский»
0001009.png	Тензор как набор компонент (многоиндексный объект)
0001010.png	События
0001011.png	Первый показ в кинотеатре: 2004 год.
0001012.png	Канеман разрабатывал интервью для оценки личности.
0001013.png	Сагов Исмаил 2008
0001014.png	Послы Ирана в Пакистане
0001015.png	Население
0001016.png	Памятник слону и слепым мудрецам (Бонн).
0001017.png	Гостиный двор;
0001018.png	Используют
0001019.png	Города-побратимы
0001020.png	1987: Составление первых чертежей (СЕТЕ в Экс-ан-Провансе).
0001021.png	межшкольный учебный комбинат,
0001022.png	Дидактические произведения
0001023.png	Обладатель Кубка чемпионов Содружества (3): 1999, 2000, 2001
0001024.png	8-й год по эре правления луского князя Хуань-гуна.
0001025.png	обмен веществ,
0001026.png	Знаменитая книга «Плетя паутину: истоки и будущее Всемирной паутины» онлайн
0001027.png	Инфанты Португалии
0001028.png	Культура
0001029.png	Высота тона
0001030.png	Биография
0001031.png	Литература
0001032.png	События
0001033.png	Дата анонса процессоров: Январь 2013
0001034.png	Население
0001035.png	См. также
0001036.png	Телефонные коды муниципальных образований
0001037.png	Листер, Томас:
0001038.png	Луговая улица (деревня Постниково)
0001039.png	Население
0001040.png	Реки Краснооктябрьского района (Нижегородская область)
0001041.png	Медицина
0001042.png	"Геннадий Черненко". Парашют Котельникова.
0001043.png	Бюст в Перми на Бульваре Гагарина.
0001044.png	Литература
0001045.png	Ссылки
0001046.png	История создания
0001047.png	Африканисты
0001048.png	Ссылки
0001049.png	Велисария в командовании византийскими войсками в Италии сменяет Нарсес.
0001050.png	Климат
0001051.png	Депутаты Совета Национальностей от Грузинской ССР
0001052.png	26. Васумитра
0001053.png	10 октября
0001054.png	Литература
0001055.png	Вещественные векторы
0001056.png	Зори Ингушетии
0001057.png	Добро в учении графа Толстого и Ницше Берлин. Скифы, 1923
0001058.png	Государство Птолемеев
0001059.png	Общая информация
0001060.png	Ссылки
0001061.png	Семья
0001062.png	Холл М. Теория групп. М.: Издательство иностранной литературы, 1962.
0001063.png	Президентом Швейцарии на 1983 год избран Пьер Обер.
0001064.png	НИИ прикладной физики
0001065.png	Выпуклая геометрия
0001066.png	Россия К
0001067.png	Пленоптическая камера
0001068.png	Португальцы теряют Бахрейн, завоёванный иранскими войсками.
0001069.png	Солярные боги
0001070.png	Борьба с аристократией
0001071.png	«Смерть» Бога, «смерть» субъекта, «смерть» автора
0001072.png	Палеомагнитный метод
0001073.png	Весенняя улица (деревня Львово)
0001074.png	Включён Банком России в перечень системно значимых кредитных организаций.
0001075.png	Маркелия (значения)
0001076.png	Заливы Магаданской области
0001077.png	В 1984 году окончил Ленинградский институт советской торговли.
0001078.png	Награды и премии
0001079.png	Теорема о четырёх точках трапеции
0001080.png	Статьи
0001081.png	События
0001082.png	События
0001083.png	Присоединение Оркнейских и Шетландских островов
0001084.png	Кинотеатры
0001085.png	19 сентября
0001086.png	Награждённые почётным оружием с золотым изображением Государственного герба СССР
0001087.png	Ссылки
0001088.png	Растениеводство
0001089.png	Нахождение в природе
0001090.png	Устройство кондиционеров
0001091.png	Разгром латинян войсками Никейской империи в битве при Пиманионе.
0001092.png	Сайт Администрации Сонковского района
0001093.png	В фонетике китайского языка приняты другие определения инициали и финали.
0001094.png	Железнодорожный транспорт
0001095.png	Совместные работы, участие
0001096.png	Без точных дат
0001097.png	Авария на атомном комплексе «Селлафилд».
0001098.png	Список глубочайших озёр России
0001099.png	Международные общества
0001100.png	Художники-портретисты СССР
0001101.png	Литература
0001102.png	Переводы с древнегреческого
0001103.png	Русские поэты
0001104.png	Апрель
0001105.png	Сибирское отделение РАСХН
0001106.png	248 км: Еленка (лв)
0001107.png	Песня «На Безымянке» группы «Без Сна».
0001108.png	См. также: :Категория:Умершие в 1989 году
0001109.png	Свойства (имитация поля с помощью функций).
0001110.png	Эоловые формы рельефа
0001111.png	Парусные суда, парусное вооружение, рангоут, такелаж
0001112.png	Религия
0001113.png	Терри Бисон, американский писатель-фантаст.
0001114.png	См. также
0001115.png	Электренай, Литва
0001116.png	Улица Первомайская с пешеходным бульваром
0001117.png	Литература
0001118.png	В различных учениях
0001119.png	Среднеазиатские походы Русской армии
0001120.png	Лицензирование
0001121.png	Вымышленные организации нацистской Германии
0001122.png	Литература
0001123.png	По годам
0001124.png	См. также: :Категория:Родившиеся в 1089 году
0001125.png	орден Св. Анны 2-й ст. (1871)
0001126.png	Городской уезд Кашгар делится на 6 уличных комитетов, 2 посёлка и 9 волостей.
0001127.png	Из других растений: шоколад, кофе, растительное масло, томатная паста и другие.
0001128.png	Критический возраст
0001129.png	Австро-итало-французская война (1859). Королевство Италия (1861).
0001130.png	Муниципалитеты округа Сетубал
0001131.png	Началось улучшение благоустройства улиц, парков и скверов.
0001132.png	Филиппины (национальным языком является филиппинский)
0001133.png	«Украина»
0001134.png	Торговля
0001135.png	Британская аптечная система
0001136.png	1962 год в науке
0001137.png	цзацзюй
0001138.png	Участники Львовско-Сандомирской операции
0001139.png	Факультет экономики и управления
0001140.png	Пересылка файлов
0001141.png	События
0001142.png	части Нижнего парка напротив Эрмитажа появился Эрмитажный (Львиный)
0001143.png	Крынин, Александр Эдуардович (11.08.2022)
0001144.png	Война за независимость Эритреи
0001145.png	Населённые пункты городского округа город Нижний Тагил
0001146.png	Эпоха Речи Посполитой
0001147.png	Государственные деятели Великобритании
0001148.png	См. также: :Категория:Умершие в 1369 году
0001149.png	2020-е
0001150.png	Промышленность
0001151.png	Харьковское общество польской культуры
0001152.png	Семёновский проезд
0001153.png	Гинекологи Италии
0001154.png	Генеалогия
0001155.png	Атаки на стегосистемы
0001156.png	Отношения не линейны
0001157.png	Прапорщик (Выс. пр. 11.08.1870);
0001158.png	Царствование
0001159.png	2 сентября: День Автономного Города Сеуты.
0001160.png	Геоглиф
0001161.png	Поход на Москву
0001162.png	Футболисты, выступавшие в высших национальных дивизионах:
0001163.png	Автодорожный округ
0001164.png	Звуковедение
0001165.png	Южный Судан
0001166.png	Примечания
0001167.png	Литература
0001168.png	Крест Независимости с мечами
0001169.png	векторный, например векторная графика;
0001170.png	Победитель: 2008
0001171.png	См. также
0001172.png	Местные съедобные тыквы.
0001173.png	Бесконтактная синхронная машина
0001174.png	99-я стрелковая дивизия
0001175.png	См. также:
0001176.png	Министерство культурного наследия и культурной деятельности
0001177.png	Конформация полипептидов
0001178.png	Советская школа монтажа
0001179.png	Эмблема
0001180.png	Рованиеми, Финляндия (2006)
0001181.png	Символика таинства
0001182.png	Рок-музыканты США
0001183.png	Биография
0001184.png	Населённые пункты
0001185.png	ОАО «Бологовский арматурный завод»
0001186.png	Население
0001187.png	В романе Анатолия Иванова «Тени исчезают в полдень».
0001188.png	- порядковый номером разряда (позиции), ;
0001189.png	Политическое и административное устройство
0001190.png	Христианский антииудаизм
0001191.png	Мониторинг и иные «не компьютерные» способы обмана.
0001192.png	Галерея Ристо Стийовича
0001193.png	Монеты
0001194.png	Украинская православная церковь в США
0001195.png	Сич-2
0001196.png	Орден Суворова 3-й степени (24.09.1943);
0001197.png	Поребрик в архитектуре
0001198.png	Взвад
0001199.png	Общая характеристика Великой хартии вольностей
0001200.png	Умершие в 1903 году
0001201.png	Направления в педиатрии
0001202.png	Императорское письмо
0001203.png	Видео
0001204.png	Кандидаты экономических наук
0001205.png	Наука;
0001206.png	Существует легенда о происхождении названия речки от фамилии заводчика Уткина.
0001207.png	Географические домены:
0001208.png	Историк Хандорин пишет:
0001209.png	Ссылки
0001210.png	Жители дома «Ролит»
0001211.png	Музыкальные коллективы 1960-х годов
0001212.png	Малайский
0001213.png	Мемуаристы Великобритании
0001214.png	Эратосфен Киренский, древнегреческий математик, географ и астроном;
0001215.png	Примеры
0001216.png	Сарапульский уезд,
0001217.png	память преподобномученика Киприана (Нелидова), иеромонаха (1934)
0001218.png	Ссылки
0001219.png	Завод химического машиностроения «Красный Октябрь»;
0001220.png	Арбитражный комитет
0001221.png	Башибузуки
0001222.png	Биография
0001223.png	Предыстория
0001224.png	Оптически-двойная звезда
0001225.png	ГОСТ 19.505-79 Руководство оператора. Требования к содержанию и оформлению
0001226.png	Романы Фёдора Достоевского
0001227.png	Том Фелтон, британский актёр кино, телевидения и озвучивания, певец, гитарист.
0001228.png	Кодирование с потерями
0001229.png	Разделы стандарта
0001230.png	Антидепрессанты
0001231.png	Примечания
0001232.png	Нобелевские премии
0001233.png	Россельхозбанк на сайте Центробанка России
0001234.png	Образовательные путешествия
0001235.png	В России входит в перечень сильнодействующих веществ .
0001236.png	Контргамбит Лопеса
0001237.png	Обсерватория Харьковского университета.
0001238.png	никак нет;
0001239.png	Время в астрономии, навигации и в социальной жизни
0001240.png	Пример алгоритма
0001241.png	ООО «Волжский Мясокомбинат»
0001242.png	Ход военных действий
0001243.png	Фотогалерея
0001244.png	Дважды Герои Социалистического Труда
0001245.png	Лейпциг, Германия
0001246.png	Почвы
0001247.png	Сноски
0001248.png	Улица Крупской - примыкание.
0001249.png	острый коронарный синдром;
0001250.png	1920-е годы в экономике
0001251.png	Ссылки
0001252.png	География
0001253.png	Республиканская научная медицинская библиотека.
0001254.png	Ротмистров, Павел Алексеевич (28 апреля 1962)
0001255.png	Ссылки
0001256.png	География греческой мифологии
0001257.png	Примечания
0001258.png	Люди, связанные с районом
0001259.png	Донские селяне и российские космонавты .
0001260.png	См. также
0001261.png	Оппозиция обвиняет Кучму
0001262.png	Литература
0001263.png	Национальный состав
0001264.png	Арзамасская железнодорожная катастрофа (1988).
0001265.png	Собрание сочинений в 6 томах. Тула: АО Гриф., Левша. 1994.
0001266.png	Турниры категории «Б»:
0001267.png	Культурное влияние
0001268.png	Член-корреспондент Бельгийской Академии археологии в г. Антверпене (1867)
0001269.png	память преподобного Макария Алтайского (Глухарёва) (1847);
0001270.png	Тамара Гвердцители. «Бабий Яр».
0001271.png	Комиссия по защите материнства, детства и поддержке семьи
0001272.png	Имя Казобона носит герой романа Умберто Эко «Маятник Фуко».
0001273.png	Интересные факты
0001274.png	Сайт Народного Собрания (парламента) Республики Дагестан
0001275.png	Псевдо-Евклид
0001276.png	Внешняя торговля и зарубежные инвестиции
0001277.png	Измерительные приборы
0001278.png	Люберецкий 3-й проезд
0001279.png	Фрицы
0001280.png	Документальная литература
0001281.png	Библиография
0001282.png	Польская кампания вермахта (1939)
0001283.png	В Урмарском районе (муниципальном округе) расположено 51 населённый пункт:
0001284.png	Первое упоминание о плавке железа в Китае.
0001285.png	История
0001286.png	См. также
0001287.png	Вариации и обобщения
0001288.png	Молитва
0001289.png	, Дортмунд
0001290.png	Легкой ионизации, когда величина
0001291.png	Орбита и размеры
0001292.png	Сервер криптографических ключей
0001293.png	Литература
0001294.png	Персоналии по алфавиту
0001295.png	В Вологде установлен памятник «Побег из ада».
0001296.png	Исторические фильмы о 1900-х годах
0001297.png	Луноход
0001298.png	История
0001299.png	Весной был похоронен чэньский Лин-гун.
0001300.png	Муниципальные маршруты автобусов (обслуживает МУП «Бердское АТП»:
0001301.png	Лауреаты премии «Золотой орёл»
0001302.png	Декабрь
0001303.png	Михару-хан ()
0001304.png	Партийный органы:
0001305.png	Свойства нечётких множеств
0001306.png	Похороненные на Караимском кладбище (Вильнюс)
0001307.png	Пираты по алфавиту
0001308.png	Официальный сайт Народного Собрания (Парламента) Карачаево-Черкесской Республики
0001309.png	Наиболее интересные и достаточно популярные расширения:
0001310.png	См. также
0001311.png	Общеуниверситетские кафедры
0001312.png	Феофан Грек.
0001313.png	Собор Новгородских святых
0001314.png	Литература
0001315.png	Стабилизация численности населения мира
0001316.png	Россия
0001317.png	Тренаж, тренировки, сдача нормативов по ВМП (Мед. П), учения и так далее.
0001318.png	Леонид Кизим, советский и российский космонавт (ум. в 2010).
0001319.png	есть некоторые иные способы указать, что речь идёт о будущем времени.
0001320.png	Писатели России по алфавиту
0001321.png	Миро (значения)
0001322.png	Латышский язык
0001323.png	Культ
0001324.png	Литература
0001325.png	Милица Николаевна.
0001326.png	4 февраля
0001327.png	ГУАМ и 61-й сессия Генеральной ассамблеи ООН
0001328.png	Структуры данных
0001329.png	Ивановская область
0001330.png	Государственные перевороты во Франции
0001331.png	Города-побратимы
0001332.png	«Свойства и боевое употребление скорострельной артиллерии». (, 1905);
0001333.png	Россия
0001334.png	Юный Пионер
0001335.png	Средние специализированные учебные заведения
0001336.png	Социальный робот
0001337.png	Дэвидсон Б. Чёрная мать. Африка: годы испытаний. Пер. с англ. М.: «Наука», 1964.
0001338.png	Примечания
0001339.png	Начато сооружение пещерных храмов в Могаоских пещерах в Китае
0001340.png	Сиднейский монетный двор
0001341.png	Примечания
0001342.png	Финансовое состояние
0001343.png	Точные (прямые) методы
0001344.png	Размножение
0001345.png	«Разведчики»
0001346.png	Астрономия
0001347.png	Мария Лондон, российский журналист, телеведущая.
0001348.png	Коллекционеры Италии
0001349.png	ООО «Дмитровский завод гибкой упаковки»
0001350.png	Оборонные компании США
0001351.png	Урбаноним
0001352.png	длительные гражданские войны, продолжающиеся 5 лет и более.
0001353.png	Города Ирана
0001354.png	1992 год
0001355.png	Международный и немеждународный вооружённый конфликт
0001356.png	Предки
0001357.png	Семья
0001358.png	В городе действует 30 библиотек, в том числе:
0001359.png	Климат
0001360.png	Литература
0001361.png	См. также
0001362.png	См. также
0001363.png	Израиль
0001364.png	Атуэй
0001365.png	эмоционального отношения говорящего к сообщаемым сведениям;
0001366.png	Народный календарь, приметы и фольклор Руси
0001367.png	См. также
0001368.png	Международные отношения
0001369.png	Ветряные энергетические установки производят две разновидности шума:
0001370.png	(указано расстояние от устья)
0001371.png	Лингвогеография
0001372.png	Ссылки
0001373.png	Критика и скандалы
0001374.png	Награды
0001375.png	См. также
0001376.png	Население
0001377.png	Нейтрино упоминается в песне Владимира Высоцкого «Марш студентов-физиков».
0001378.png	Примечания
0001379.png	Энергетика Канады
0001380.png	Мали и Армения установили дипломатические отношение.
0001381.png	Послевоенный период
0001382.png	Инулин
0001383.png	Ушаковский
0001384.png	Введение рабства
0001385.png	Художники-иллюстраторы Чехии
0001386.png	память мучеников Маркелла и Антония;
0001387.png	Киргизский
0001388.png	См. также
0001389.png	юридический
0001390.png	Выпускники Университета Орлеана
0001391.png	Процессуальное право
0001392.png	Статистика
0001393.png	Председатели горисполкома
0001394.png	«Ильвес» (Тампере, Финляндия)
0001395.png	Пернач (04.1916).
0001396.png	Измерение времени
0001397.png	Директора Магнитогорского металлургического комбината
0001398.png	Начиная с версии Юникода 9.0 для кириллицы выделено пять блоков:
0001399.png	Потери воюющих сторон
0001400.png	Кавай (значения)
0001401.png	Литература
0001402.png	Абордажный ворон
0001403.png	Генциобиоза
0001404.png	Токсичность
0001405.png	Приступы болезни возникают ежедневно.
0001406.png	Крепление штативных головок
0001407.png	Литература
0001408.png	Создана Национальная ассоциация телерадиовещателей (НАТ).
0001409.png	См. также
0001410.png	Мидан
0001411.png	Общие сведения
0001412.png	Ученики
0001413.png	Следующее по порядку кардинальное число
0001414.png	Выпускники Севастопольского училища зенитной артиллерии
0001415.png	осуществление экономической безопасности.
0001416.png	Телекоммуникации
0001417.png	Сравнение ПО для шифрования
0001418.png	Арабский язык
0001419.png	240 км: Чеба
0001420.png	Азональность
0001421.png	Народы Иордании
0001422.png	Планетарий
0001423.png	Патологические процессы
0001424.png	Примечания
0001425.png	Орден Трудового Красного Знамени (1933)
0001426.png	Персоналии
0001427.png	Натурфилософы
0001428.png	Осознание своего единства с богом
0001429.png	750 мм
0001430.png	Правовой плюрализм
0001431.png	Применение
0001432.png	Ссылки
0001433.png	Здравоохранение
0001434.png	История строительства
0001435.png	Структура
0001436.png	Значение в природе
0001437.png	Ток смещения. Уравнения Максвелла
0001438.png	Влияние
0001439.png	Туризм
0001440.png	История термина
0001441.png	Награды
0001442.png	Похороненные в Аудекерк в Делфте
0001443.png	разделение и кооперацию научного труда;
0001444.png	Лауреаты премии «Белый слон» (Россия)
0001445.png	Полинаркомания
0001446.png	Католические: Анна, Мирослава, Ефим.
0001447.png	Примечания
0001448.png	Общие сведения
0001449.png	Благовещенск имеет богатое историческое и культурное наследие.
0001450.png	Мощность молний на три порядка превышает земные.
0001451.png	Очур-оол Людмила Чертаголовна
0001452.png	Почётные члены РАО
0001453.png	Грузинские политики осудили вмешательство Саакашвили в дела Украины.
0001454.png	По составу:
0001455.png	Числа
0001456.png	«Отче наш»
0001457.png	Часто арго отождествляется с понятием тайный язык.
0001458.png	Памятная книжка Симбирской губернии на 1869 год. Симбирск, 1869
0001459.png	Примечания
0001460.png	География
0001461.png	Василий Ян. «Батый», ч. 3 «Евпатий Неистовый» (1942)
0001462.png	сопряжённому кватерниону соответствует транспонированная матрица:
0001463.png	Гражданская война в Афганистане
0001464.png	Алгебраические свойства
0001465.png	Океанографы по алфавиту
0001466.png	Население
0001467.png	Почётные доктора Университета Буэнос-Айреса
0001468.png	Файловые системы
0001469.png	Одомашнивание
0001470.png	С одним на всех нелёгким делом,
0001471.png	Бруней-Муара,
0001472.png	Электростанции Самарской области
0001473.png	К. Марло. «Парижская резня»
0001474.png	Симметрия относительно точки
0001475.png	Премия имени Е. С. Фёдорова АН СССР (1959)
0001476.png	Умершие от туберкулёза
0001477.png	Голдап (Варминско-Мазурское воеводство, Польша)
0001478.png	Дополнительные меры предосторожности при нефротическом синдроме
0001479.png	Европа
0001480.png	воздушный фильтр;
0001481.png	Новое направление
0001482.png	Горы Эквадора
0001483.png	Кислоты
0001484.png	Современное состояние
0001485.png	Члены КПСС
0001486.png	Общая информация
0001487.png	Динамика численности населения:
0001488.png	Инициализация переменных
0001489.png	Приложения закона
0001490.png	Литература
0001491.png	Тригонометрические тождества
0001492.png	Творчество
0001493.png	Советский период
0001494.png	Фамилия
0001495.png	Спецслужбы нацистской Германии
0001496.png	События
0001497.png	Ход экспедиции
0001498.png	Национальный состав
0001499.png	Ивановский пивоваренный завод. Взорван в марте 2007 года.
0001500.png	Глава и суверен Святого Престола.
0001501.png	Климат
0001502.png	Мелеагр, полководец Александра.
0001503.png	Орден Святого Андрея Первозванного (12.11.1877);
0001504.png	Транспорт и связь
0001505.png	Соединения железа по алфавиту
0001506.png	транзисторы в составе интегральных схем.
0001507.png	Премьер-министры Индии
0001508.png	лауреат Ленинской премии (1959)
0001509.png	Уход за одеждой
0001510.png	См. также: :Категория:Родившиеся в 1515 году
0001511.png	Психическая сила
0001512.png	Новый Автодорожный мост в городе Куйбышев
0001513.png	Множество всех подмножеств счётного множества.
0001514.png	Переводчики Аристотеля на русский язык
0001515.png	имя регистрации в систему
0001516.png	История парсуны
0001517.png	Русские мужские имена
0001518.png	Народный календарь восточных славян
0001519.png	справа: Варзоб, Ханака
0001520.png	подполковник (29.01.1994).
0001521.png	1994 Оломоуц
0001522.png	Литература
0001523.png	Основные работы
0001524.png	Примечания
0001525.png	Форд, Генри . Международное еврейство. Москвитянин, 1993
0001526.png	Как мы знаем, эта скорость движения равна
0001527.png	Литургический румынский язык
0001528.png	Исследование Марса
0001529.png	По способу объединения точек доступа в единую систему можно выделить:
0001530.png	Люмьер
0001531.png	Аналогичную оценку дал В. Ключевский:
0001532.png	Дом-музей В. Э. Борисова-Мусатова
0001533.png	Статистика
0001534.png	Ссылки
0001535.png	Лёша на полке клопа нашёл (авторство спорно),
0001536.png	Колониальный период
0001537.png	Кожуун расположен на западе республики.
0001538.png	См. также: :Категория:Родившиеся 8 апреля
0001539.png	Наука
0001540.png	Литература
0001541.png	Судьба в представлениях славян
0001542.png	Примечания
0001543.png	Гностический архив. Источники по гностицизму (англ. яз.).
0001544.png	2000-е годы
0001545.png	Производство пищевых продуктов:
0001546.png	распада на положительный мюон и нейтральный пион.
0001547.png	Вывод генерала фон Лампе был следующим:
0001548.png	Депутаты Совета Союза 3-го созыва
0001549.png	572 км: прот. Лабором-Ты (лв.)
0001550.png	Особо охраняемые природные территории
0001551.png	Семья
0001552.png	Вахитовский
0001553.png	Писатели барокко
0001554.png	Тривиальные названия неорганических соединений
0001555.png	Публикации текстов
0001556.png	Семья
0001557.png	Игнатий Печерский
0001558.png	См. также
0001559.png	Механизмы устойчивости
0001560.png	Нестандартная латинизация
0001561.png	Акимова Нина
0001562.png	Примечания
0001563.png	Академики РАМН
0001564.png	Семья
0001565.png	66: векторы октетов
0001566.png	Захват вавилонянами Сирии и Палестины
0001567.png	Синологи России
0001568.png	Польские повстанцы 1830 года
0001569.png	Заслуженный артист РСФСР (29.03.1983)
0001570.png	Здания
0001571.png	В прошлом населённые пункты района относились:
0001572.png	Ликвидность актива
0001573.png	Примечания
0001574.png	Депутаты Государственной думы Российской Федерации от одномандатных округов
0001575.png	Культура
0001576.png	Тайные советники
0001577.png	продажа товаров с использованием игровой (то есть виртуальной) валюты;
0001578.png	Луконин В. Г. Древний и раннесредневековый Иран. М.: «Наука», 1987. 295 стр.
0001579.png	Родились
0001580.png	Лингвисты СССР
0001581.png	Кроме того, в прямом подчинении Патриархата в Северной Америке пребывают:
0001582.png	Вторая мировая война
0001583.png	Клубная
0001584.png	Достопримечательности
0001585.png	18 декабря
0001586.png	Тема вины
0001587.png	Ссылки
0001588.png	Ссылки
0001589.png	Сексуальные отношения с другими видами в истории человечества
0001590.png	Башкирский алфавит
0001591.png	Хозяйство и общество
0001592.png	Достопримечательности
0001593.png	Легко разрушаемая
0001594.png	: Лахор (15 сентября 1976)
0001595.png	См. также
0001596.png	Психологи по алфавиту
0001597.png	Союз московских архитекторов
0001598.png	Парадигма социально-политического мышления Стругацких
0001599.png	Варианты определений
0001600.png	Фотогалерея
0001601.png	Всеволод Кочетов
0001602.png	И поцелуями собирать слёзы.
0001603.png	Появились в 1980-е годы в Аргентине
0001604.png	Триера
0001605.png	13 городских поселений
0001606.png	Выпускники Университета штата Вашингтон
0001607.png	Экономика
0001608.png	В Древней Греции состоялись 16-е Олимпийские игры.
0001609.png	Реабилитация
0001610.png	Ссылки
0001611.png	Авиационный,
0001612.png	Оренбургская области (1956, 1968),
0001613.png	Поиск пересечений
0001614.png	Музей пива.
0001615.png	Легализация наркотиков
0001616.png	Литература
0001617.png	Общественная позиция
0001618.png	См. также: :Категория:Праздники 3 января
0001619.png	Личная жизнь
0001620.png	Суюрганская культура
0001621.png	Шахматная карьера
0001622.png	Рельеф
0001623.png	Национальные
0001624.png	Этимология
0001625.png	Хилков переулок
0001626.png	Армавирский машиностроительный техникум
0001627.png	В Греции открыт Коринфский канал.
0001628.png	Поливные земли:
0001629.png	Предприниматели Украины
0001630.png	Мифология Карфагена
0001631.png	Литература
0001632.png	Источники
0001633.png	Известные произведения
0001634.png	Во Франции Куртю (руководство по гинекологии), Галльяр, Пеан и др.
0001635.png	Примечания
0001636.png	Родились
0001637.png	Скончались
0001638.png	Общая информация
0001639.png	Микрография
0001640.png	Этимология
0001641.png	Случаи гибели судов
0001642.png	Лишин, Андрей Фёдорович
0001643.png	Влияние и оценки
0001644.png	Бывшие столицы Армении
0001645.png	Биография
0001646.png	Слон у сильнейшей стороны:
0001647.png	Анучина, улица
0001648.png	Сайты, появившиеся в 2002 году
0001649.png	Дом уездного суда
0001650.png	Очистка
0001651.png	Этимология
0001652.png	Донские казаки
0001653.png	Атмосфера
0001654.png	Ноа Вебстер
0001655.png	Японская
0001656.png	Джоди Гордон, австралийская актриса и фотомодель.
0001657.png	Исторически использование букв кириллицы в никах было невозможно.
0001658.png	Просодия
0001659.png	Транспорт
0001660.png	Свято-Никольская (Австрийская) церковь (1912),
0001661.png	Велоспорт
0001662.png	Стрелы (2013), Северный Флот
0001663.png	Главные шерифы Корнуолла
0001664.png	Примечания
0001665.png	Фильмы
0001666.png	Штаб Черноморского флота располагается в Севастополе.
0001667.png	Дворянские роды, на гербах которых изображены львы
0001668.png	Сефардская литургия и обряды
0001669.png	Восстание жителей Бердаа в Арране.
0001670.png	Награды
0001671.png	ГЭС Ломаум
0001672.png	Жизнедеятельность вирусов осуществляется только в пределах живой клетки хозяина.
0001673.png	Во Вроцлаве (Польша) состоялась Демонстрация гномов.
0001674.png	Литература
0001675.png	Формами реализации права являются:
0001676.png	Академическая гребля
0001677.png	К числу прямых налогов относятся:
0001678.png	микровключения в других минералах;
0001679.png	Почтовые индексы города Мариуполя.
0001680.png	См. также
0001681.png	Культурные столицы тюркского мира
0001682.png	Телевидение
0001683.png	Храм святителя Иоанна Златоуста,
0001684.png	Пути и платформы
0001685.png	См. также
0001686.png	Альбукерке, США (с 4 апреля 2023 года)
0001687.png	Новейшие переиздания:
0001688.png	Телеспектакли
0001689.png	Выходные данные
0001690.png	А. Камю
0001691.png	Ранние этапы развития
0001692.png	Пищекомбинат Бежицкий;
0001693.png	Ващук, Юрий Михайлович (27.10.2003, 800)
0001694.png	Культура
0001695.png	среди инвалидов.
0001696.png	Культура
0001697.png	Фома Аквинский
0001698.png	ПАО «Билайн»
0001699.png	7 населённых пунктов Новинского сельсовета.
0001700.png	Римская республика
0001701.png	интеграция системы;
0001702.png	Векторы
0001703.png	9 июня
0001704.png	Примечания
0001705.png	Настольные игры по алфавиту
0001706.png	Яруллин Ф. «Шурале»
0001707.png	Определения
0001708.png	9. Шингкур
0001709.png	Переигровка фрейма:
0001710.png	Первый компьютер
0001711.png	Территория Российской империи по состоянию на 1914 год
0001712.png	Корно, Италия
0001713.png	Лукойл-Пермнефтеоргсинтез
0001714.png	крепость в Гаграх.
0001715.png	Белоруссия
0001716.png	«Европа» (4 звезды)
0001717.png	Премия «За мирный атом» (1957)
0001718.png	В 1919 году получил  за открытие «ультрарадиации».
0001719.png	Генерал-лейтенант авиации (31.12.1993).
0001720.png	Климат
0001721.png	Текст благословения на латыни:
0001722.png	Римская поездка
0001723.png	у группы «Мельница» есть песня «Контрабанда»
0001724.png	Открытый российский кинофестиваль Кинотавр
0001725.png	Ссылки
0001726.png	Большая коллекция правил транслитерации для различных алфавитов.
0001727.png	Саратовская областная библиотека для детей и юношества имени А. С. Пушкина
0001728.png	Кастуо
0001729.png	Ссылки
0001730.png	Ранние годы
0001731.png	Сентябрь
0001732.png	Предвосхищающее хеджирование
0001733.png	Театры, основанные в 1945 году
0001734.png	Структура
0001735.png	Национальные
0001736.png	Характеристика
0001737.png	Серебряный призёр Кубка Латвийских железных дорог: 2011
0001738.png	Награды
0001739.png	Шекспироведы
0001740.png	Награды
0001741.png	Солилоквий
0001742.png	Правители Монгольской империи
0001743.png	Декабрь
0001744.png	См. также
0001745.png	Консулы Марк Меций Меммий Фурий Бабурий Цецилиан Плацид и Флавий Ромул.
0001746.png	Выпускники Театрального училища им. М. Щепкина
0001747.png	Австрия (суббота, воскресенье, понедельник)
0001748.png	Современная криптография
0001749.png	Развитие романа в Европе
0001750.png	Мещанская часть (4 участка)
0001751.png	Обращение к разуму
0001752.png	Предки
0001753.png	Национальные комитеты
0001754.png	Роль антибиотиков в естественных микробиоценозах
0001755.png	Умножение
0001756.png	депрессия;
0001757.png	усыпальницами,
0001758.png	Последний заговор и смерть
0001759.png	гонадотропин-рилизинг-гормон
0001760.png	Высшие учебные заведения
0001761.png	Составлен Судебник Ивана Грозного
0001762.png	Сфакиотский диалект
0001763.png	Ссылки
0001764.png	Население
0001765.png	Щёлкино,
0001766.png	Научная деятельность
0001767.png	Михаил Жванецкий (ум. 2020), российский писатель-сатирик.
0001768.png	Лёгкая промышленность
0001769.png	Офицерский чин.
0001770.png	Консулы: Квинт Сульпиций Камерин Корнут и Спурий Ларций Флав (Руф) (во 2-й раз).
0001771.png	Национальный состав
0001772.png	Преподаватели Московской консерватории
0001773.png	Древнеливийское письмо в Северной Африке, алфавит тифинаг.
0001774.png	Примечания
0001775.png	Структура методологии
0001776.png	Ссылки
0001777.png	Горы Казахстана
0001778.png	В Тобольске снимался фильм «Золотая баба».
0001779.png	Список латинских букв
0001780.png	Группы прогрессивного рока СССР и постсоветского пространства
0001781.png	Кислородно-водородный разгонный блок
0001782.png	Преподаватели Галле-Виттенбергского университета
0001783.png	Меровка
0001784.png	Физическое разделение
0001785.png	Параграфемика
0001786.png	Заболевания толстой кишки
0001787.png	нотариат;
0001788.png	Сходства с разработкой программного обеспечения очевидны:
0001789.png	Национальные
0001790.png	Памятник Чернобыльцам (ул. Калинина)
0001791.png	Медики Польши
0001792.png	Родильные дома:
0001793.png	Высотный альпинизм
0001794.png	Разгром латинян войсками Никейской империи в битве при Пиманионе.
0001795.png	Материнское сердце (1969)
0001796.png	Обзор Сергея Кудрявцева в «3500 кинорецензий»
0001797.png	Составные фамилии
0001798.png	Богат он лесами и рыбой своей,
0001799.png	293 км: Кокша (Маулинка) (пр)
0001800.png	Комментарии
0001801.png	Иркутский областной краеведческий музей
0001802.png	Почётные доктора Загребского университета
0001803.png	Тренеры ФК «Черноморец» Одесса
0001804.png	Озёра Горбатовской поймы
0001805.png	Шлемофон 6Б8 для экипажей бронетехники;
0001806.png	Внутриутробная задержка роста, гипогликемия, брадикардия.
0001807.png	Разметка
0001808.png	В световом дизайне;
0001809.png	Болезни печени и желчевыводящих путей
0001810.png	История
0001811.png	-- объявили переменную созданного типа
0001812.png	Персоналии:Воздушно-десантные войска СССР и России
0001813.png	См. также
0001814.png	Железнодорожный транспорт
0001815.png	Литература
0001816.png	Молитвенная книга Йокоши (Нориготошу)
0001817.png	Умершие в 1837 году
0001818.png	Из рук в руки
0001819.png	Априорные языки
0001820.png	Примечания
0001821.png	Примечания
0001822.png	Аббатский дворец в Оливе
0001823.png	Почётные граждане
0001824.png	Приватиры
0001825.png	Иммунодепрессанты
0001826.png	Ссылки
0001827.png	Вклад в науку
0001828.png	Хоккеисты на зимних Олимпийских играх 1988 года
0001829.png	Экономическое значение
0001830.png	Погибшие в результате падения с высоты
0001831.png	Щербинский проезд
0001832.png	Бари Алибасов («Умереть от счастья и любви», Россия, 1996)
0001833.png	Первое летописное упоминание о Новгороде.
0001834.png	Планетные системы
0001835.png	Примечания
0001836.png	346 км: Суварыш (длина 64 км) (левый)
0001837.png	Комментарии
0001838.png	Региональные особенности аэропортов
0001839.png	Память мучениц Василиссы и Анастасии (ок.68);
0001840.png	Самые важные состоявшиеся мероприятия включали:
0001841.png	Парасомнии
0001842.png	Лихоселка
0001843.png	Эндокринология
0001844.png	Строительство магистральных трубопроводов: ООО «НОВА»;
0001845.png	Родившиеся в 1783 году
0001846.png	Ссылки
0001847.png	Исламская Республика Афганистан
0001848.png	Местное самоуправление
0001849.png	Газета «Хурзарин»;
0001850.png	Примечания
0001851.png	Жизнь и творчество
0001852.png	Лауреаты почётной премии «Оскар»
0001853.png	Скончались
0001854.png	внутриартериальная
0001855.png	генерал зенитных войск ()
0001856.png	Общие положения
0001857.png	Студийные альбомы
0001858.png	Районные центры Пермского края
0001859.png	Герои России и СССР
0001860.png	Население, язык, вероисповедание
0001861.png	Ссылки
0001862.png	Горнолыжная трасса в с. Аскарово.
0001863.png	«РусьКино» (Владимир)
0001864.png	назначает и освобождает полномочных представителей президента России;
0001865.png	История
0001866.png	В 1909 году братья Люмьер были награждены медалью Эллиота Крессона.
0001867.png	Литература
0001868.png	Абачев, Эседулла Абдулмуминович (04.07.2022)
0001869.png	Компьютерная реализация
0001870.png	Литераторы, известные под псевдонимами
0001871.png	Музей «Старая Тульская аптека»
0001872.png	Концентрация экономическая
0001873.png	Князья Мстиславские
0001874.png	Примечания
0001875.png	Награды и признание
0001876.png	Каскады
0001877.png	Парижанин Жорж Клод патентует неоновую рекламу.
0001878.png	Комментарии
0001879.png	Понятие
0001880.png	бронзовый призёр: 1962
0001881.png	Страны, подписавшие, но не ратифицировавшие протокол
0001882.png	Новокурск
0001883.png	Поражение сил белых под станцией Душак в Средней Азии.
0001884.png	Единство (фракция)
0001885.png	Алексей Иванович
0001886.png	Были опубликованы и новые работы Веры Рубин.
0001887.png	«Пространство поэта» Чингиз Айтматов
0001888.png	Вера бахаи
0001889.png	Режим дозирования
0001890.png	Галерея
0001891.png	Токсичность
0001892.png	Растворы
0001893.png	Прямой привод
0001894.png	Список минералов
0001895.png	Территория и занятость населения
0001896.png	Лишённые почётного гражданства Берлина
0001897.png	В медицине
0001898.png	История использования термина
0001899.png	Государственный секретариат Ватикана
0001900.png	Да будем развивать любимую Монголию.
0001901.png	Заслуженный мастер спорта СССР: 1989
0001902.png	Археология в Африке
0001903.png	Семья
0001904.png	Трёхмерные реконструкции древнеримской архитектуры.
0001905.png	Военная реформа
0001906.png	Награждённые Золотой медалью имени Д. Н. Прянишникова
0001907.png	Литературный стиль Аммиана Марцеллина
0001908.png	Палаццо Мадама
0001909.png	Ближайшее окружение звезды
0001910.png	Источники
0001911.png	Основные источники краеведения
0001912.png	Гемоглобин А
0001913.png	Паломничество в Рим
0001914.png	Дом купца Белова.
0001915.png	Масоретский текст
0001916.png	Краткий обзор
0001917.png	Эскадроны смерти
0001918.png	Ноготь Гиппократа
0001919.png	Религиозные
0001920.png	Покровы
0001921.png	Формульная единица (химия)
0001922.png	Фоторезистор
0001923.png	Анализ
0001924.png	Принятый гамбит Эванса
0001925.png	Студийные альбомы
0001926.png	Современная нейробиология и нейронауки
0001927.png	Лишённые государственных наград Российской империи
0001928.png	См. также
0001929.png	Пусть  Тогда
0001930.png	«Ночь и день» (исп. Александр Буйнов)
0001931.png	Известные представители
0001932.png	Братья:
0001933.png	Острый очаговый
0001934.png	Увы! Всевышнего десницей
0001935.png	Брянск (2003)
0001936.png	Аллювиальные речных долин, маршей и мангров
0001937.png	Шанхай является городом-побратимом следующих городов:
0001938.png	Люди связанные с районом
0001939.png	609 км: Ербогач
0001940.png	Главные персонажи
0001941.png	Систематика
0001942.png	Примечания
0001943.png	Принятие сана
0001944.png	Ереван (Армения)
0001945.png	События
0001946.png	Пример псевдовечного двигателя 2-го рода
0001947.png	Дворянство
0001948.png	Устаревшие термины
0001949.png	Примечания
0001950.png	Литература
0001951.png	Другие моря
0001952.png	Животный и растительный мир
0001953.png	Биография
0001954.png	Политика России
0001955.png	Персоналии по алфавиту
0001956.png	Интермеццо (итальянские)
0001957.png	Тупиковые железнодорожные станции
0001958.png	Цензоры
0001959.png	Организации и лаборатории в России:
0001960.png	См. также
0001961.png	Широкополосный доступ в Интернет в Черкесске предоставляют следующие провайдеры:
0001962.png	Наука
0001963.png	Боннэ
0001964.png	Командующие 2-м Белорусским фронтом
0001965.png	Амфитрита
0001966.png	При своевременной операции прогноз благоприятный.
0001967.png	Бинарные операции
0001968.png	Подпольный обком действует (1979);
0001969.png	Кабаре работало в здании по улице Преображенской, 48.
0001970.png	Воинская служба
0001971.png	Художественные особенности
0001972.png	Государственная власть или Политическая власть, и её отрасли:
0001973.png	Ссылки
0001974.png	На северо-западной окраине города на реке Обла находится озеро Омчино.
0001975.png	Телеведущие России
0001976.png	Газета «Силламяэский Курьер»
0001977.png	Коптево
0001978.png	Структура
0001979.png	Завершение ратификации штатами «Билля о правах».
0001980.png	ВВЭР-1000
0001981.png	О системе долговременного ухода за гражданами пожилого возраста и инвалидами
0001982.png	Ссылки
0001983.png	Установлены дипломатические отношения между Израилем и Узбекистаном.
0001984.png	Транспорт
0001985.png	Иллинойсский университет в Чикаго
0001986.png	Компьютерная безопасность: правовые аспекты
0001987.png	В видеоиграх
0001988.png	Осетино-ингушский конфликт
0001989.png	Несмотря на свою скромность, он оказывал сильное влияние на своё окружение.
0001990.png	Ссылки
0001991.png	Преподаватели ВХУТЕМАСа
0001992.png	Октавиан Август добивается от сената пересмотра ротационной системы членства.
0001993.png	В Афганистане
0001994.png	Негосударственные учреждения здравоохранения
0001995.png	Декабрь
0001996.png	Оперные композиторы Италии
0001997.png	велодорожка в парке Покровское-Глебово
0001998.png	Комментарии
0001999.png	Суммарный коэффициент рождаемости по стране 1,55 ребёнка на женщину.
0002000.png	См. также
0002001.png	Наньчжао захватила город Чэнду в провинции Сычуань.
0002002.png	Волга в культуре и искусстве
0002003.png	В 1971 году награждена орденом «Знак Почёта».
0002004.png	Апрель 1918 года
0002005.png	Пример:
0002006.png	Семья
0002007.png	История
0002008.png	См. также
0002009.png	Преподаватели Гамбургской высшей школы музыки и театра
0002010.png	Примечания
0002011.png	Усть-Большерецкое сельское поселение,
0002012.png	На одном из островов на реке располагается Замок Алмоурол.
0002013.png	История
0002014.png	бюст в Москве (в Бобровом переулке).
0002015.png	остров Синт-Эстатиус;
0002016.png	«Зенит-2»
0002017.png	Регентша Анна Австрийская, королева-мать;
0002018.png	Редакционное предписание
0002019.png	Священные слова (Госейген)
0002020.png	Война кочевников (цзу-бу) с киданями (Ляо).
0002021.png	Капотня, 3-й квартал
0002022.png	Родился 26 февраля 1832 года в Каменце.
0002023.png	Скульпторы по алфавиту
0002024.png	Этнический состав, согласно переписи 2010 года:
0002025.png	Режиссёр
0002026.png	Иерархия доминирования
0002027.png	косинус ();
0002028.png	Личная жизнь
0002029.png	Алфавитно-цифровые клавиатуры
0002030.png	Примечания
0002031.png	Города Московской области
0002032.png	Военная карьера
0002033.png	Виртуальный музей г. Полтава
0002034.png	Медаль «40 лет Вооружённых Сил СССР».
0002035.png	Танкисты Великой Отечественной войны
0002036.png	Елецкий Троицкий монастырь
0002037.png	повесть о Сусанне ()
0002038.png	Да возрадуются смертные, что среди них жило такое украшение рода человеческого.
0002039.png	Помимо серии о Хорнблауэре, Форестер написал много других романов. Среди них:
0002040.png	Филоматы
0002041.png	«В гостях у оперной сказки» (спектакль для детей)
0002042.png	Тони Коллетт, австралийская актриса, певица, музыкант и продюсер.
0002043.png	Промышленность
0002044.png	Закатальский округ (с 1859 года).
0002045.png	Биография
0002046.png	Лодзь, Польша (2004)
0002047.png	Модификации
0002048.png	Примечания
0002049.png	Шмелёв И. «Солнце мёртвых», 1923
0002050.png	Шарукань упоминается в «Слове о полку Игореве»:
0002051.png	Пасторальная драма «Аминта» (1573, опубл. 1580).
0002052.png	Ор. 9. Фортепианный квартет (1894): партитура.
0002053.png	Члены Лондонского королевского общества
0002054.png	Общественные
0002055.png	Александр Абдулов на сайте Рускино.ру
0002056.png	Тренерские
0002057.png	Конфигурационное тестирование
0002058.png	См. также
0002059.png	Легкоатлеты, дисквалифицированные за нарушение антидопинговых правил
0002060.png	Примечания
0002061.png	Вторжение
0002062.png	Примечания
0002063.png	Относительная атомная масса
0002064.png	Американская тонна
0002065.png	Дмитровская городская стоматологическая поликлиника
0002066.png	Священномученики
0002067.png	Артамон Сергеевич
0002068.png	Проведена перепись городского населения СССР.
0002069.png	Литература
0002070.png	География Древней Руси
0002071.png	Члены Сената штата Нью-Йорк
0002072.png	Жилища
0002073.png	Парадигма мирового хозяйства и её исследование
0002074.png	Современные эксперименты с материалами
0002075.png	: Иматра
0002076.png	Экономика
0002077.png	Армия
0002078.png	Радоальд (герцог Фриуля), герцог Фриуля.
0002079.png	События
0002080.png	Образ и память
0002081.png	Правительство Севастополя
0002082.png	Сепулькарий упоминается во второй серии мультфильма «На задней парте».
0002083.png	Павлов Яков Галактионович - каширский городовой дворянин (1627-1629).
0002084.png	Другие шестеро на музыку кладут,
0002085.png	Ссылки
0002086.png	Литература
0002087.png	Наследие
0002088.png	Видно, что две волны находятся в фазе при условии
0002089.png	«Книга эмблем» Р. Виссера (1614, Амстердам).
0002090.png	«Два моряка»
0002091.png	Скончались
0002092.png	Отдел МВД России по Олонецкому району;
0002093.png	Языки Китая
0002094.png	Методы теоретической физики в других науках
0002095.png	Михаил Илларионович
0002096.png	память мученика Иоанна Влаха (Валаха) (1662) (Румынская православная церковь);
0002097.png	См. также
0002098.png	МКФ в Канне (1956, Золотая пальмовая ветвь, фильм «Отелло»);
0002099.png	И ещё:
0002100.png	Отставник
0002101.png	Протестантские богословы
0002102.png	Литература
0002103.png	Художественная литература
0002104.png	Смысл как событие. Хронос и Эон. Сингулярности
0002105.png	Пионеры кинематографа
0002106.png	Перестановка
0002107.png	Иными словами, последовательности
0002108.png	Гелий
0002109.png	«Академия Амкар»
0002110.png	Классическая динамика основана на трёх основных законах Ньютона:
0002111.png	Для перечисленных множеств чисел справедливо следующее выражение:
0002112.png	Дневники
0002113.png	Интернет-протоколы
0002114.png	Хронология пилотируемых космических полётов
0002115.png	Андре Моруа (ум. 1967), французский писатель, член Французской академии.
0002116.png	Железные дороги отсутствуют.
0002117.png	Награды и звания
0002118.png	Пятнадцать человек на сундук мертвеца
0002119.png	Веб-ссылки
0002120.png	Купченко, Ирина Петровна (с 1970 года)
0002121.png	Герб и флаг города
0002122.png	Киселёв, Владимир Евгеньевич
0002123.png	Тяжелая форма артериальной гипертензии.
0002124.png	Почётные граждане Алтайского края
0002125.png	Ссылки
0002126.png	Применение
0002127.png	Оперные композиторы России
0002128.png	Белоруссия
0002129.png	Печатная машина
0002130.png	При наличии нескольких вариантов боя можно выбрать любой из них.
0002131.png	Религиозные
0002132.png	Космическая энциклопедия
0002133.png	на севере с городским округом Первоуральском,
0002134.png	Но согласно обратным преобразованиям Лоренца имеем
0002135.png	Дзэн и искусство каллиграфии
0002136.png	Награждённые знаком «Ветеран труда газовой промышленности»
0002137.png	Распад СССР: последнее заседание Президиума Верховного Совета СССР.
0002138.png	Ссылки
0002139.png	Начало восстания Бабека.
0002140.png	Задачи научной педагогики
0002141.png	Дважды Герои Советского Союза
0002142.png	Алхимия
0002143.png	Исправительные учреждения
0002144.png	Глотка
0002145.png	Иерусалимская
0002146.png	китайский поэт Ван Юйчэн
0002147.png	Умершие в 1319 году
0002148.png	алкоголь;
0002149.png	Гогенцоллерны
0002150.png	1940-е годы
0002151.png	Этимология
0002152.png	Музей цивилизаций Европы и Средиземноморья.
0002153.png	Выпускники Тульской гимназии
0002154.png	Основные данные
0002155.png	Фотографии Большой медведицы
0002156.png	Дискография
0002157.png	Зрелые годы. За границей
0002158.png	Бюст Менахему Бегину
0002159.png	холангиография
0002160.png	Ставропольский край
0002161.png	Экспедиции и путешественники
0002162.png	Наличие объекта и субъекта политического управления
0002163.png	Члены Александровского комитета о раненых
0002164.png	Натан Эйдельман (р. 1930), советский историк и писатель.
0002165.png	Критика и оценки
0002166.png	Спорт
0002167.png	Претенденты на Французский королевский престол
0002168.png	Примечания
0002169.png	Память
0002170.png	26 апреля
0002171.png	Математическая индукция и её обобщения
0002172.png	Колонизация Южной Америки
0002173.png	Фрагментация (деление тела)
0002174.png	Математическое программирование
0002175.png	Препарат противопоказан при угнетении дыхания.
0002176.png	Американская цивилизация
0002177.png	Член Академии деи Линчеи (1964, членкор 1950).
0002178.png	Памятник труженикам тыла и детям войны в парке Победы.
0002179.png	наличие диафрагмы, развитие подкожной мускулатуры;
0002180.png	Андижанский Химико-Технологический техникум,
0002181.png	Примечания
0002182.png	Солнечная генерация
0002183.png	Ч. 1 ;
0002184.png	Ссылки
0002185.png	память Марии Кресценции Хёсс.
0002186.png	Официальный сайт Ивантеевского муниципального района
0002187.png	Литература
0002188.png	Полковник (10 мая 1796 года);
0002189.png	Монтсеррат,
0002190.png	«Статистический сборник мин. путей сооб.», вып. 26.
0002191.png	Ссылки
0002192.png	Я средоточие живущих,
0002193.png	Главные инженеры
0002194.png	от Цзян Цин
0002195.png	Руководство по эксплуатации (в двух частях);
0002196.png	Фазовые потоки
0002197.png	Отраслевая структура
0002198.png	Мухаммад ат-Таки (умер в 835)
0002199.png	Босния становится автономным герцогством.
0002200.png	Пищевая промышленность:
0002201.png	Религиозные
0002202.png	Цикл «Всадники Перна»
0002203.png	Примечания
0002204.png	Темляк шнуром (шнурами, кистями, узлами)
0002205.png	Литература
0002206.png	Летом вэйский полководец Гун Мэн-коу напал на Цао.
0002207.png	Интернационализмы
0002208.png	Родились
0002209.png	9 декабря
0002210.png	Православие
0002211.png	Образование
0002212.png	Соматическая клетка
0002213.png	Средства массовой информации
0002214.png	Частота дискретизации до 192 кГц.
0002215.png	См. также: :Категория:Умершие в 1437 году
0002216.png	Идрис в исламской традиции
0002217.png	Ковроделие
0002218.png	Первая операция против Израиля
0002219.png	Чилийский испанский
0002220.png	Культура
0002221.png	Взгляды
0002222.png	Почётные доктора Сент-Эндрюсского университета
0002223.png	Московский новый драматический театр
0002224.png	Красулинское территориальное управление (Ильинка, Красулино, Казанково),
0002225.png	более 19 тысяч человек работоспособного возраста;
0002226.png	Эвпаратес
0002227.png	См. также
0002228.png	Памятник Николаю Гикало, Асланбеку Шерипову и Гапуру Ахриеву;
0002229.png	Примечания
0002230.png	Благодать (1994, издан в 2000 году в 4 частях и в 2015 году в двух частях)
0002231.png	С другим количеством стандартных фигур
0002232.png	Парламент
0002233.png	Дегустация вина
0002234.png	Пляска Духа
0002235.png	Появление типа моллюсков датируют началом кембрийского периода.
0002236.png	Ссылки
0002237.png	Ссылки
0002238.png	Философия
0002239.png	Фильмы-триллеры США
0002240.png	от общего состояния организма.
0002241.png	Ольга Токарчук.
0002242.png	Произведения
0002243.png	Атомная орбиталь
0002244.png	Историки по алфавиту
0002245.png	голевых пасов за один сезон среди защитников:  Карел Рахунек, 40
0002246.png	Примечания
0002247.png	После вторжения на Украину (2022)
0002248.png	Скиртос («прыгун»). Сатир, участник индийского похода.
0002249.png	Языки России
0002250.png	«Премия Рунета»
0002251.png	Скипетр, символ царской власти.
0002252.png	Подводные дыхательные аппараты
0002253.png	Швеция и Норвегия:
0002254.png	Топоним
0002255.png	Русские переводы
0002256.png	Население
0002257.png	Члены Объединения современных архитекторов
0002258.png	Армянские памятники культуры в списке наследия ЮНЕСКО
0002259.png	Участники сражения под Фридландом
0002260.png	Святые Украины
0002261.png	Другое
0002262.png	Биография
0002263.png	Землевладение в Европейской России.
0002264.png	Ссылки
0002265.png	Сульфидные руды могут быть переведены в оксидные по реакции:
0002266.png	По материалу лопасти:
0002267.png	3) вычисляется значение функции Эйлера от числа :
0002268.png	Теория алгоритмов
0002269.png	Филологи Польши
0002270.png	Взаимоотношения с другими организмами
0002271.png	См. также
0002272.png	Общавшиеся с ангелами
0002273.png	Плей-офф
0002274.png	Второй брак
0002275.png	Примечания
0002276.png	Примечания
0002277.png	Города трудовой доблести
0002278.png	Вот два из пяти наиболее быстрых сенчури в 147 очков:
0002279.png	Мемориал «Дорога жизни»
0002280.png	См. также: :Категория:События 19 августа
0002281.png	В 1952 году открыт Слуцкий краеведческий музей.
0002282.png	Абхазо-абазинские народы
0002283.png	Фильмы:
0002284.png	1997 Роман-трилогия «Чёрный Баламут» (в 3 книгах)
0002285.png	Телесериалы России, завершённые в 2003 году
0002286.png	Парюра, полупарюра, гарнитур, убор
0002287.png	Другие названия
0002288.png	Выпускники Тбилисской академии художеств
0002289.png	Молодые годы
0002290.png	Кичигинский
0002291.png	Ссылки
0002292.png	Инцидент с Кусуко
0002293.png	Ортогональные проекции
0002294.png	Орехово-Зуевский проезд
0002295.png	Экономика
0002296.png	Командная строка
0002297.png	Нателла Болтянская. «Бабий Яр» ().
0002298.png	Ссылки
0002299.png	Члены Прусской академии наук
0002300.png	Афганистан
0002301.png	Печатные издания
0002302.png	862 км: Васильковка (лв)
0002303.png	Этимология
0002304.png	Детекторы
0002305.png	Семья
0002306.png	Критика
0002307.png	Самоконтроль гемоглобина при занятиях спортом
0002308.png	Металлизация отверстий
0002309.png	«» Генрика Панаса
0002310.png	Кривые
0002311.png	Прикладные лингвисты
0002312.png	Античное оружие
0002313.png	Сюжет
0002314.png	Шварц, Карл Герман Амандус
0002315.png	Захват Ахмеднагара Шах-Джаханом.
0002316.png	Европейская конференция гражданской авиации с 1999 года;
0002317.png	Документальные фильмы
0002318.png	Большая коллекция доспехов собрана в Эрмитаже.
0002319.png	Здания и сооружения Арбата
0002320.png	Гербы Ельца
0002321.png	Мнение по некоторым актуальным вопросам
0002322.png	Современное положение
0002323.png	Начата реконструкция Сплитского порта.
0002324.png	Принцип соответствия
0002325.png	Устройство паровоза
0002326.png	Также иногда выделяют такую функцию денег:
0002327.png	Слон изображали на банкнотах страны:
0002328.png	Филоксен, древнегреческий поэт.
0002329.png	Звёзды как пыль (1951) Айзек Азимов
0002330.png	Населённые пункты Немировского района
0002331.png	502 км: река Сойга
0002332.png	Первая помощь
0002333.png	Сёла и кочевья
0002334.png	Члены Совета при Президенте РФ по культуре и искусству
0002335.png	Червь
0002336.png	Политика Деникина на подконтрольных территориях
0002337.png	Санкт-Петербургский женский медицинский институт
0002338.png	Культурные мероприятия
0002339.png	Имена славянского происхождения
0002340.png	Водный транспорт в СССР
0002341.png	История
0002342.png	Смысл и значение
0002343.png	Дефибрилляция
0002344.png	Геральдика
0002345.png	Ташкентский кадетский корпус
0002346.png	ограничивать пользователей в правах редактирования и просмотра сайта (банить).
0002347.png	События
0002348.png	Населённые пункты Даниловского района (Ярославская область)
0002349.png	См. также
0002350.png	По данным Всероссийской переписи населения 2010 года:
0002351.png	Ограничения и модификации
0002352.png	Римское и послеримское время
0002353.png	Библиография
0002354.png	Мультимедиа
0002355.png	Председатели Правления:
0002356.png	свобода ассоциаций
0002357.png	Ход военных действий
0002358.png	Алфавит
0002359.png	Англиканство
0002360.png	Исторические области Ближнего Востока
0002361.png	Понятие «индивиды», экземпляр «индивид».
0002362.png	Гимн Сеуты
0002363.png	Название
0002364.png	Драматурги Германии
0002365.png	Производится две разновидности пигмента:
0002366.png	Существует ещё две версии:
0002367.png	События
0002368.png	Лауреаты премии «Фигаро»
0002369.png	Иобат
0002370.png	Древнегреческая мифология
0002371.png	Хирохико Араки, японский мангака.
0002372.png	Словообразование
0002373.png	См. также
0002374.png	История ранних веков
0002375.png	Ранние годы
0002376.png	Центральносибирский заповедник (Красноярский край)
0002377.png	Близнец числа .
0002378.png	Юношеские годы
0002379.png	Материалы о теории Паршева на сайте «Антикомпрадор»
0002380.png	Известные выпускники
0002381.png	Фильмы СССР 1933 года
0002382.png	Бударин, Николай Михайлович (05.10.1995, 223)
0002383.png	Показатель преломления меньше единицы
0002384.png	Фиест в Сикионе
0002385.png	«Перси Джексон и лабиринт смерти»
0002386.png	Правители
0002387.png	объект;
0002388.png	8 декабря
0002389.png	2005 год в хоккее
0002390.png	Главнокомандующие Юго-Западным фронтом (Первая мировая война)
0002391.png	Известные люди
0002392.png	Персонажи «Божественной комедии»
0002393.png	См. также
0002394.png	Описание АЭС
0002395.png	Стигматы;
0002396.png	С двигателем
0002397.png	Тропики
0002398.png	Рекреационное значение
0002399.png	Школы искусств
0002400.png	См. также: :Категория:Праздники 24 июля
0002401.png	Ранние годы
0002402.png	Трегалоза
0002403.png	Америка
0002404.png	Волгоград, Россия (2017)
0002405.png	Золотые двадцатые
0002406.png	Литература
0002407.png	Статьи с примерами кода Си
0002408.png	Кавалеры золотого оружия «За храбрость»
0002409.png	Примечания
0002410.png	Персоналии по алфавиту
0002411.png	убешщур
0002412.png	Пабло Пикассо
0002413.png	Змирлов, Константин Павлович
0002414.png	Тренеры мужской сборной СССР по баскетболу
0002415.png	Книги и статьи
0002416.png	фотографирование
0002417.png	Физики Франции
0002418.png	Цзу Юн, китайский поэт времен династии Тан.
0002419.png	ОАО «Падун-Хлеб»;
0002420.png	«ПЬЯНЫЙ КОРАБЛЬ»
0002421.png	День конституции.
0002422.png	22 февраля 1965
0002423.png	Изображён на французской почтовой марке 1967 года.
0002424.png	Эргономика
0002425.png	Деньги Сальвадора
0002426.png	Крупнейшими предприятиями города являются:
0002427.png	Никитин Рог и Никитинская Сечь
0002428.png	Учебники, статьи, словарь и другое на русском языке.
0002429.png	Катрин-ФС
0002430.png	Города Мичигана
0002431.png	Возобновление монастыря в 1990-е годы
0002432.png	Примечания
0002433.png	Размер контрабанды
0002434.png	Запорожье является административным центром Запорожского городского совета.
0002435.png	Кодекс Российской Федерации об административных правонарушениях
0002436.png	См. также
0002437.png	Роман Лемеш
0002438.png	Притоки Оби
0002439.png	Телятевские
0002440.png	Системы ведения блогов
0002441.png	Депутаты Верховного Совета Грузинской ССР 10-го созыва
0002442.png	Столкновение над Большим каньоном (1956).
0002443.png	Религия
0002444.png	Сама-веда
0002445.png	Непротивленец Макар Жеребцов (1969)
0002446.png	В Боярской книге записан стряпчий Семён Федотович Комаров (1692).
0002447.png	В 2017 году университет получил статус опорного вуза.
0002448.png	Обладатель Межконтинентального Кубка (2): 1989, 1990
0002449.png	Биография
0002450.png	Ванкувер
0002451.png	См. также
0002452.png	Родившиеся в Вентспилсском крае
0002453.png	Инвалиды
0002454.png	Чрезвычайные ситуации
0002455.png	См. также
0002456.png	Состав
0002457.png	Отношение ширины флага к его длине 1:2».
0002458.png	Архитекторы Российской империи
0002459.png	зал общефизической подготовки,
0002460.png	Мифология Карфагена
0002461.png	Сосланные в Вологду
0002462.png	См. также
0002463.png	Примечания
0002464.png	См. также
0002465.png	член Германского коллоидо-химического общества
0002466.png	на русском языке
0002467.png	В кино
0002468.png	Детско-юношеская спортивная школа
0002469.png	Военнослужащие США не являются государственными служащими.
0002470.png	Выпускники Сиэтлского тихоокеанского университета
0002471.png	23 июня 1964 года был возведён в сан архиепископа.
0002472.png	Коррупция в ЕС
0002473.png	Ссылки
0002474.png	15 декабря
0002475.png	Копрофемия
0002476.png	Лауреаты премии «Бодиль»
0002477.png	Нынешняя версия
0002478.png	См. также
0002479.png	Ссылки
0002480.png	Канатный плясун (Валерий Леонтьев)
0002481.png	История искусства
0002482.png	Принимается Закон эфора Эпидатея.
0002483.png	Генерал-полковник (25.09.1944).
0002484.png	См. также
0002485.png	1046 км: Мукдакачи
0002486.png	Названия дней недели
0002487.png	Жмурки (2005)  (6459)
0002488.png	Литература
0002489.png	Ивану Ярыгину, (скульптор В. Усов, 2002), остров Отдыха
0002490.png	Административно-территориальное деление Северной Осетии
0002491.png	Феноменология
0002492.png	Этиология
0002493.png	Художник-постановщик: Юрий Пашигорев, Владимир Светозаров
0002494.png	Фильмография
0002495.png	Свопы
0002496.png	Понапрасну ты не верь:
0002497.png	стадион «Редуктор»
0002498.png	Общественные деятели США
0002499.png	мозаичные, у которых перемежаются участки тела, несущие признаки разных полов.
0002500.png	Депутаты Сената Парламента Казахстана
0002501.png	Предки
0002502.png	Венера Победительница
0002503.png	деревянные жилые дома в русском или ропетовском стиле;
0002504.png	Карен Араевич Свасьян
0002505.png	РАЭКС Аналитика
0002506.png	Из лидеров в середняки
0002507.png	Германская империя
0002508.png	Биография
0002509.png	В Кито планируется разместить штаб-квартиру Союза южноамериканских наций.
0002510.png	Увековечение имени
0002511.png	Психогенетика
0002512.png	Сюжеты о жертвоприношениях
0002513.png	память святителя Игнатия Мариупольского (1768);
0002514.png	С гидравлическим приводом
0002515.png	Гипертекстовые системы (электронные словари, энциклопедии, справочные системы)
0002516.png	Бухгалтерский учёт
0002517.png	Названия
0002518.png	Германо-скандинавская мифология
0002519.png	Районная общественная организация «Киокушинкай карате-до».
0002520.png	Театр Олега Ефремова
0002521.png	Спортивная школа города Дивногорска
0002522.png	Ссылки
0002523.png	Литература
0002524.png	4 детских сада,
0002525.png	См. также
0002526.png	С 26 ноября 2005 года является членом партии «Единая Россия».
0002527.png	Примечания
0002528.png	Железнодорожный транспорт
0002529.png	126 трио для баритона, альта (скрипки) и виолончели
0002530.png	Примечания
0002531.png	Почётный член Императорского Русского географического общества (1880)
0002532.png	Студенческие организации
0002533.png	Портативные
0002534.png	Показания
0002535.png	Композиторское творчество К. Ю. Давыдова
0002536.png	«Мы шли, плача»
0002537.png	Мамлюки
0002538.png	Черновицкая епархия
0002539.png	Авторские педагогические технологии
0002540.png	Сладкая каша ()
0002541.png	Межвоенный период
0002542.png	Преподаватели Бакинского государственного университета
0002543.png	Установление монархии в Португалии
0002544.png	Томские губернаторы
0002545.png	Выпускники Российского химико-технологического университета
0002546.png	Наречие
0002547.png	Технический персонал:
0002548.png	Тяжелоатлеты на летних Олимпийских играх 1976 года
0002549.png	Основные характеристики
0002550.png	вспомогательные и обслуживающие подразделения.
0002551.png	ООО «Ставхим»
0002552.png	Эвристика
0002553.png	Первые вооружённые столкновения (октябрь 1917)
0002554.png	См. также
0002555.png	21 февраля
0002556.png	Программисты Нидерландов
0002557.png	Пророк Аввакум.
0002558.png	См. также: :Категория:Родившиеся в 1681 году
0002559.png	Физикохимики Бельгии
0002560.png	Шербакульский район
0002561.png	Награды и премии
0002562.png	Графы являются основным объектом изучения теории графов.
0002563.png	Ссылки
0002564.png	Репрессированные в Российской империи
0002565.png	Великие князья Российской империи
0002566.png	«Ладейные окончания»;
0002567.png	Номенклатура
0002568.png	Периодические издания
0002569.png	Примечания
0002570.png	Исчезла возможность использовать прямой доступ к диску.
0002571.png	Награды
0002572.png	А.З.Мирзаян в перекрестке имени Е.Б. Фроловой
0002573.png	тепловая энергия электрона:
0002574.png	активизация преобразований в экономике;
0002575.png	Конькобежные коньки, описание, виды коньков, фото
0002576.png	На других языках
0002577.png	Основные части котла
0002578.png	Кодирование инструкций
0002579.png	Почвы
0002580.png	«Новые исследования над разложением углекислоты растением» (1898)
0002581.png	Создание фарфора
0002582.png	Второй президентский срок
0002583.png	Свойства сверхпроводников
0002584.png	Волосы
0002585.png	Превращения дифтонгов:
0002586.png	Офицер ордена Почётного легиона (4 сентября 1813);
0002587.png	Теория революции айнов
0002588.png	Ядерная энергетика
0002589.png	Примечания
0002590.png	Населённые пункты Кавказского района (Краснодарский край)
0002591.png	Армия
0002592.png	Русские поэты
0002593.png	Проектируемый 133-й проезд
0002594.png	Услуги кабельного телевидения предоставляет компания «Новлайн».
0002595.png	Географические объекты
0002596.png	Сивиллы
0002597.png	Следующий фрагмент выводит их вместе со значениями:
0002598.png	Личная жизнь
0002599.png	Пагода Тюа-Мот-Кот во Вьетнаме (1054).
0002600.png	СПК-12Г
0002601.png	Транспортные узлы: морские и речные порты
0002602.png	Населённые пункты Камызякского района
0002603.png	Музыка
0002604.png	Примечания
0002605.png	Биоцентризм
0002606.png	На русском языке
0002607.png	Разное
0002608.png	Као Дай
0002609.png	поддержка первого и второго «царя Димитрия» в Смутное время;
0002610.png	Комментарии
0002611.png	Мировоззрение и миф Унгерна
0002612.png	Симптомы по алфавиту
0002613.png	Депутаты Совета Национальностей 5-го созыва
0002614.png	Аэрогель
0002615.png	Датско-норвежская уния
0002616.png	или (в терминологии «Картезианских размышлений»):
0002617.png	6 муниципальных округов,
0002618.png	На других языках
0002619.png	Волхов является городом-побратимом следующих городов:
0002620.png	История
0002621.png	Фракция ЛДПР в ГД РФ 3 созыва
0002622.png	Населённые пункты Азнакаевского района
0002623.png	Кратные и дольные единицы
0002624.png	Председатель Совета Революционного командования:
0002625.png	киберпространство
0002626.png	Восприятие критикой
0002627.png	Экономика
0002628.png	Генерал-полковники авиации (Российская Федерация)
0002629.png	Ссылки
0002630.png	Биография
0002631.png	Министерство морского флота СССР;
0002632.png	Особые указания
0002633.png	Колониализм
0002634.png	Качество, эффективность и безопасность лекарственных средств.
0002635.png	многоступенчатая коробка передач;
0002636.png	Заколка
0002637.png	Этнический состав населения
0002638.png	7 октября:
0002639.png	Этимология
0002640.png	Католический храм Успения Пресвятой Богородицы.
0002641.png	Сайт районной газеты «Земля ветлужская»
0002642.png	Русский перевод с английского издания:
0002643.png	Богатая железная руда
0002644.png	Смерть
0002645.png	Новосибирск, Россия (26 июня 2009 года)
0002646.png	Остывшие белые карлики
0002647.png	«Самое заветное», В. Соловьёва-Седого (2 октября )
0002648.png	Культура
0002649.png	Примечания
0002650.png	«Хороший» (новый микрорайон на правом берегу реки Оки)
0002651.png	Голубой сверхгигант
0002652.png	Марсело
0002653.png	Аустерлиц
0002654.png	Иржи Йозефик, художник-реставратор
0002655.png	его регламентация правовыми нормами
0002656.png	Количественная шкала
0002657.png	Семья
0002658.png	член-корр. РАН А. И. Шафаревич (с 2019)
0002659.png	Любовный роман (жанр)
0002660.png	Криптоанархизм
0002661.png	Российские командиры Наполеоновских и Революционных войн
0002662.png	Реформа образования
0002663.png	Цитата
0002664.png	Вторая империя
0002665.png	1-й Садовый проезд
0002666.png	Награждённые участники Всемирной выставки (1925)
0002667.png	Примечания
0002668.png	Продюсеры
0002669.png	Бьянка Лоусон, американская телевизионная актриса.
0002670.png	Лечение педофилии
0002671.png	Жан-Пьер Лео
0002672.png	Статистическая мощность
0002673.png	Литература
0002674.png	Персоналии:Неаполитанское королевство
0002675.png	Ссылки
0002676.png	Томас Бролин - шведский футболист.
0002677.png	«Германские племена распадаются на пять групп:
0002678.png	Примечания
0002679.png	Животноводство
0002680.png	Плутократия
0002681.png	Таблица от значения к названию
0002682.png	Встречи с президентами США
0002683.png	Почётные граждане Калуги
0002684.png	Угонщики автомобилей
0002685.png	Литература
0002686.png	Растения, названные в честь Китайбеля
0002687.png	Джордж Мэллори (погиб в 1924), английский альпинист.
0002688.png	Сергей Рыжиков
0002689.png	Чизкейк
0002690.png	Население
0002691.png	Последовательность Фибоначчи
0002692.png	Философия эллинизма
0002693.png	Датско-русская практическая транскрипция
0002694.png	Алапаевский металлургический завод
0002695.png	В чащобе Барнсдейл, в лесу Инглвуд
0002696.png	См. также
0002697.png	Военные структуры
0002698.png	Ссылки
0002699.png	Топоним
0002700.png	Ленинская премия (7.9.1956)
0002701.png	Перевод гимнов Ивлин-Уайта (англ.)
0002702.png	воентехник 2-го ранга (25.03.1936),
0002703.png	Этимология
0002704.png	Члены Союза писателей Москвы
0002705.png	Святой благоверный князь Даниил Московский
0002706.png	Офшорные юрисдикции
0002707.png	Примечания
0002708.png	Ильинско-Черниговской (1658);
0002709.png	Первые летательные аппараты:
0002710.png	Литература
0002711.png	Имя и происхождение
0002712.png	керамического горшка, граблей, плуга, ярма для волов и уздечки для лошадей.
0002713.png	Современное состояние
0002714.png	Крупнейшие его пожертвования:
0002715.png	хануноо
0002716.png	102 км: Майма (правый, длина 60 км),
0002717.png	Лауреаты премии РОТОР
0002718.png	Переименованные города Киргизии
0002719.png	Количественное рассмотрение
0002720.png	Программа-ассистент литератора
0002721.png	Консулы: Аппий Клавдий Сабин Инрегиллен и Публий Сервилий Приск Структ.
0002722.png	Додзинси
0002723.png	Окислы (минералы)
0002724.png	Эвристика
0002725.png	Цифровое эфирное телевидение
0002726.png	Газеты на польском языке
0002727.png	5 июня
0002728.png	Март 2002 года: Начало установки устоя С8.
0002729.png	Кандидаты в члены ВЦИК
0002730.png	Игроки ХК ЦСКА Москва
0002731.png	На психотренинге ученики решают интеллектуальные задачи и задания.
0002732.png	Китовский упразднено в 1913 году, вошло в состав Инзы.
0002733.png	Номен
0002734.png	Гильгамеш и Гора Бессмертного
0002735.png	Тяжилов,
0002736.png	Ссылки
0002737.png	Глава города
0002738.png	Эрнесто Каваллини умер 7 января 1874 года в родном городе.
0002739.png	На аллонже может быть совершён также аваль.
0002740.png	Философия религии
0002741.png	Псковские посадники
0002742.png	Мокша
0002743.png	Музыкальная академия им. Липинского;
0002744.png	Посттравматическое стрессовое расстройство (ПТСР) и специфические фобии
0002745.png	Газовая турбина
0002746.png	Орудие с зависимой линией прицеливания
0002747.png	Георгий Иванович Гусляков на сайте «Победители»
0002748.png	Капетинги (главная ветвь)
0002749.png	Сага об Инглингах
0002750.png	Русловедение
0002751.png	Условия отпуска из аптек
0002752.png	Выпускники Политехнической школы
0002753.png	Примечания
0002754.png	Иди, иди!
0002755.png	Базовый порядок слов
0002756.png	Налоговая,
0002757.png	Обязанности пациента
0002758.png	Гостиница «Мещёра»
0002759.png	Ссылки
0002760.png	Когнитивная психология
0002761.png	Антиреверси
0002762.png	Литература
0002763.png	Энергия
0002764.png	Наследие Юкки, Радуга, Юкки, Юкки сити.
0002765.png	В комиксах
0002766.png	География
0002767.png	Астазия является синдромом двигательных расстройств.
0002768.png	Повесть о том, как один мужик двух генералов прокормил (1869)
0002769.png	переходные глаголы;
0002770.png	Окружение Пушкина
0002771.png	Достопримечательности
0002772.png	Ольга Дмитриева. «Елизавета Тюдор»;
0002773.png	Внешность
0002774.png	Экзистенциализм о бытии
0002775.png	Рукописные памятники Древней Руси (электронный архив)
0002776.png	Фольклор
0002777.png	Разброс времени среднего полдня
0002778.png	См. также
0002779.png	Сельское хозяйство
0002780.png	Классификация
0002781.png	Ссылки
0002782.png	Что дала Октябрьская революция (1922)
0002783.png	Синицын, Андрей Александрович (02.05.1996, 286)
0002784.png	Межнациональная хоккейная лига
0002785.png	Байкальский государственный биосферный заповедник
0002786.png	Примечания
0002787.png	Администрация Вичугского муниципального района Ивановской области
0002788.png	Емилиан Требийский, священномученик, епископ, память 31 августа
0002789.png	Литература
0002790.png	Отношения с Татьяной Иваненко
0002791.png	Память и наследие
0002792.png	Административное деление
0002793.png	Примечания
0002794.png	Родился 26 февраля 1832 года в Каменце.
0002795.png	Масса пустого: 19500 кг
0002796.png	Персоналии:Ленфильм
0002797.png	Храм святой великомученицы Екатерины
0002798.png	«Иван Сусанин», 1823
0002799.png	Примечания
0002800.png	Численность
0002801.png	Атомный номер иттрия
0002802.png	Проекты
0002803.png	Сибирские Чингизиды (Шибаниды, Кучумовичи)
0002804.png	Отличник Военно-Морского Флота.
0002805.png	Примечания
0002806.png	1. Введение функционально обусловленных изменений в систему.
0002807.png	Подъезды на другие федеральные трассы (через города Альметьевск и Бугульму):
0002808.png	Теорема Нётер
0002809.png	См. также
0002810.png	Вор (1997)  (4037)
0002811.png	Памятник женской груди.
0002812.png	Разбиты мятежные князья.
0002813.png	Диаспора
0002814.png	Литераторы, известные под псевдонимами
0002815.png	В литературе
0002816.png	Население
0002817.png	Растениеводство
0002818.png	Селективные ингибиторы обратного захвата серотонина
0002819.png	Члены Баварской академии наук
0002820.png	Награждённые медалью Гельмгольца
0002821.png	Образование
0002822.png	ячейковые;
0002823.png	Неделя перед Воздвижением;
0002824.png	Хранение
0002825.png	Авторы-исполнители СССР
0002826.png	Примечания
0002827.png	3 и 4 блоках АЭС «Богунице» (Словакия)
0002828.png	Умершие в 1893 году
0002829.png	Иустин, философ и святой мученик.
0002830.png	Ссылки
0002831.png	Послевоенный период
0002832.png	Футбольные клубы Нидерландов
0002833.png	Исторический район Гюмри
0002834.png	Шаманов, Иван Гаврилович (деревня Новосельцы)
0002835.png	Официальная символика
0002836.png	ять был одной из немногих букв, графически разбивающих монотонность строки;
0002837.png	Церковь Вознесения Господня (1938)
0002838.png	Орден Святого апостола Андрея Первозванного (1861)
0002839.png	Примечания
0002840.png	Богини огня
0002841.png	Конники
0002842.png	память преподобного Фомы юродивого (546-560);
0002843.png	Главная ставка Гитлера
0002844.png	Оперативно-боевые отряды (группы), включая
0002845.png	Универсальные шлюзы и шлюзы удалённого доступа
0002846.png	Хирургическая стоматология
0002847.png	Использование
0002848.png	Адыгейский молкомбинат «Лаго-Наки»
0002849.png	Спасо-Преображенская церковь в Чечерск
0002850.png	Философы США
0002851.png	Высшие женские медицинские курсы при Медико-хирургической академии в Петербурге,
0002852.png	толщина человеческого волоса от 40 до 120 мкм.
0002853.png	Васильевская 1768; Васильевская зимний 1798
0002854.png	Роман-антиутопия Владимира Войновича «Москва 2042»
0002855.png	Независимая Финляндия
0002856.png	Аркико ()
0002857.png	Богини войны
0002858.png	Ссылки
0002859.png	См. также
0002860.png	Преподаватели Санкт-Петербургской духовной академии
0002861.png	Знак «25 лет победы в Великой Отечественной войне» (1970)
0002862.png	Творческий период
0002863.png	Политики Франции
0002864.png	Итоги суда по первому делу
0002865.png	Комментарии
0002866.png	Магеллан, Фернан
0002867.png	Персоналии, чья дата смерти не установлена
0002868.png	Ссылки
0002869.png	Пенза
0002870.png	Контрольная точка аэродрома
0002871.png	Размер и форма
0002872.png	Дискография
0002873.png	Ссылки
0002874.png	В гостях у Бабы-Яги
0002875.png	Стрелки
0002876.png	Савёлкинский проезд
0002877.png	Ссылки
0002878.png	Кампания против готовящейся войны с Украиной и выборы в Госдуму 2021 года
0002879.png	Антиковеды Германии
0002880.png	Примечания
0002881.png	Бней-Ацмон ()
0002882.png	Отказ от ядерной энергетики
0002883.png	Химическая и нефтехимическая промышленность
0002884.png	Телефон доверия
0002885.png	Вояджер
0002886.png	Чалоян В. К., Философия Давида Непобедимого. Ереван, 1946.
0002887.png	Подпрограммы (процедуры и функции)
0002888.png	Средняя школа по адресу: Дубосековская улица, дом 3
0002889.png	Князь Симеон Гордый стал титульным князем Великого Новгорода.
0002890.png	Ссылки
0002891.png	Казанский государственный энергетический университет
0002892.png	Примечания
0002893.png	При игре в казино часть банка казино забирает себе в качестве платы за игру ().
0002894.png	Члены-корреспонденты АН СССР
0002895.png	Лечение:
0002896.png	Тимур после пяти походов совершенно разрушил Ургенч и завоевал Хорезм.
0002897.png	Выборы законодательных собраний субъектов Российской Федерации
0002898.png	Ленинская подстанция городской скорой медицинской помощи.
0002899.png	зал борьбы,
0002900.png	Поэты Польши
0002901.png	Применение
0002902.png	Переводы
0002903.png	200 000 ливров, которые иоанниты хранили в Тампле;
0002904.png	Кеминский район,
0002905.png	Видьманов, Виктор Михайлович
0002906.png	Физика элементарных частиц
0002907.png	Умершие в 1896 году
0002908.png	Два «Золотых глобуса»:
0002909.png	Индустриальная улица (Севастополь)
0002910.png	Онлайн библиотека ирл.саг. Русс.яз.
0002911.png	Восстания в Польше (1846; 1848), Кракове (1846), Галиции (1846).
0002912.png	если нужен универсальный механизм сохранения данных;
0002913.png	2008 - Крест Признания 3 степени
0002914.png	Здравоохранение
0002915.png	Основание
0002916.png	Сальдо торгового баланса:
0002917.png	Для лютни
0002918.png	Лаборатория квантовой химии
0002919.png	Литература
0002920.png	География
0002921.png	Солдат Иван Бровкин
0002922.png	За рубежом
0002923.png	Горные пики на Памире и Алтае.
0002924.png	Стадион "Локомотив"
0002925.png	Алыков, Марат Равильевич (31.05.1998, 452)
0002926.png	Подземное царство в древнегреческой мифологии
0002927.png	Населённые пункты с численностью населения более 5000 человек
0002928.png	Чемпионы Европы по баскетболу
0002929.png	Метагенез
0002930.png	Сравнить их развитие во времени.
0002931.png	История
0002932.png	Ацидофилин
0002933.png	Третий харьковский период
0002934.png	Примечания
0002935.png	1-й Северный переулок
0002936.png	Высшая школа права
0002937.png	См. также
0002938.png	ликвидировать дублирующие названия;
0002939.png	Воспоминания дочери инженер-полковника Рожкова Е. И, Наталья Рожкова.
0002940.png	Население
0002941.png	общеупотребительный, разговорный;
0002942.png	Автомобильный транспорт
0002943.png	Жёлтый (соли натрия)
0002944.png	Шотландская литература
0002945.png	Друскининкское самоуправление
0002946.png	Ссылки
0002947.png	Ор. 73. «5 русских песен» для голоса и фортепианного трио (1932).
0002948.png	Лечение открытого артериального протока
0002949.png	Электрификация
0002950.png	«Тэтчер. Женщина на вершине власти» (документальный, 2010).
0002951.png	факультет транспорта, нефти и газа;
0002952.png	Воеводы витебские
0002953.png	Основные промышленные предприятия района
0002954.png	Интерес к индийской музыке
0002955.png	Миртовые
0002956.png	Гибридные элементы управления объединяют в себе несколько принципов.
0002957.png	Президентские выборы в США. На второй срок переизбран Билл Клинтон.
0002958.png	Преподаватели Ларинской гимназии
0002959.png	Важнейшие события
0002960.png	21 марта
0002961.png	Литература
0002962.png	Стабурагская волость
0002963.png	Султони Вали
0002964.png	Социалисты Израиля
0002965.png	Города-миллионеры Великобритании
0002966.png	Примечания
0002967.png	Башкирский алфавит
0002968.png	Фармацевтический факультет
0002969.png	Внутри этой зоны располагаются  неэквивалентных волновых векторов:
0002970.png	Глинка М. И. «Руслан и Людмила»
0002971.png	Орден Военных заслуг (Испания)
0002972.png	Ссылки
0002973.png	Орден Филиппа Великодушного, большой крест
0002974.png	Этноним
0002975.png	Национальные домены верхнего уровня
0002976.png	Произведения и книги
0002977.png	Мемуаристы Ирака
0002978.png	, договор о дружбе и сотрудничестве с провинцией Пхукет, с 2006 года
0002979.png	Хаос и порядок дискретных систем в свете синергетической теории информации
0002980.png	«Свободная республика»
0002981.png	Сент-Луис (США)
0002982.png	Примечания
0002983.png	ООО «Гороховецкая мануфактура» (бывший Пищекомбинат)
0002984.png	Владимир Соловьёв, российский журналист, публицист, телеведущий.
0002985.png	Полтавская;
0002986.png	Национальные особенности
0002987.png	Примечания
0002988.png	Литература
0002989.png	Ассистент режиссёра: Н. Терпсихорова
0002990.png	Институт химии ДВО РАН
0002991.png	«Последний друид: Войны гармов» (2014)
0002992.png	Высокая износостойкость.
0002993.png	Учёба
0002994.png	храм Сергия Радонежского в Бусинове (2-я пол. 1850-х);
0002995.png	Города-побратимы
0002996.png	Этимология
0002997.png	Примечания
0002998.png	Зорка
0002999.png	Известные люди
0003000.png	Функции
0003001.png	Гласные
0003002.png	Применение
0003003.png	туя складчатая.
0003004.png	Исламабад является городом-побратимом следующих городов:
0003005.png	3 июня
0003006.png	Заказы и поставки
0003007.png	Торговый договор России с Португалией.
0003008.png	Управление развертыванием
0003009.png	аллоиммунная пурпура новорожденных
0003010.png	Санузел для космонавтов
0003011.png	Кафедра социологии
0003012.png	Поздние годы
0003013.png	Неуспешное завершение
0003014.png	структура (гражданское строительство);
0003015.png	Церковь евангельских христиан-баптистов «Вифлиемская Звезда»
0003016.png	Библиография
0003017.png	Волгоградский дебаркадер
0003018.png	Пилоты 24 часов Ле-Мана из Италии
0003019.png	Дворец волейбола;
0003020.png	Ссылки
0003021.png	архитектор Кароль Подчашинский
0003022.png	Именно тогда он сказал мне:
0003023.png	Примечания
0003024.png	Примечания
0003025.png	Джем оставил завещание, в котором он:
0003026.png	Населённые пункты Ивановской области
0003027.png	Технологический процесс
0003028.png	Психиатрия
0003029.png	Председатели правительства Испании
0003030.png	Татьяна Юмашева (род. 17 января 1960), муж Валентин Юмашев.
0003031.png	Франция аннексировала Мадагаскар.
0003032.png	Разум
0003033.png	Национальный состав населения города по данным переписи населения 2014 года:
0003034.png	Награждённые Почётной грамотой Правительства Российской Федерации
0003035.png	Составные фамилии
0003036.png	Ссылки
0003037.png	Поздний буддизм Махаяны
0003038.png	Хикикомори
0003039.png	Вагонный замедлитель
0003040.png	Обезболивающие средства
0003041.png	Научные работы
0003042.png	11 января
0003043.png	Фильмы Дмитрия Астрахана
0003044.png	Поволжский экономический район
0003045.png	железная дорога;
0003046.png	Биография
0003047.png	Онейроидные галлюцинации
0003048.png	К крупным предприятиям относятся:
0003049.png	Литература
0003050.png	Кардиналы, участвовавшие в Конклаве по странам:
0003051.png	Автоморфное число
0003052.png	См. также: :Категория:Родившиеся в 54 году
0003053.png	Хроника Идация на русском
0003054.png	Ислам
0003055.png	Тактика
0003056.png	Вооружённые силы Югославии
0003057.png	Хронология истории Португалии
0003058.png	Нэт Бай Нэт Холдинг
0003059.png	майор (29.01.1991).
0003060.png	Литература
0003061.png	Памятные монеты 2 евро
0003062.png	Состав округа
0003063.png	В культе, литературе и искусстве
0003064.png	Примечания
0003065.png	Побочные эффекты
0003066.png	Персоналии
0003067.png	Персоналии:Уралвагонзавод
0003068.png	Ссылки
0003069.png	Эксплуатация
0003070.png	Биография
0003071.png	страхование
0003072.png	Боровушка
0003073.png	Почётные граждане Калининграда
0003074.png	«Шахтёр»
0003075.png	Химические свойства
0003076.png	фМРТ-исследования
0003077.png	См. также
0003078.png	любая фигура, ограниченная спрямляемой кривой, в частности круг;
0003079.png	Память
0003080.png	Исчезнувшие населённые пункты Московской области
0003081.png	Причины
0003082.png	Святой Спиридон
0003083.png	Струтинский, Николай Владимирович.
0003084.png	См. также
0003085.png	19 июля
0003086.png	1997 год в Афганистане
0003087.png	индексный дескриптор;
0003088.png	Скончались
0003089.png	Литература
0003090.png	Другое
0003091.png	Преподаватели Московской консерватории
0003092.png	4 городских поселения.
0003093.png	Соединения азота по алфавиту
0003094.png	Ликвидация партии
0003095.png	Александр Тимирев (3-ий общий)
0003096.png	Ссылки
0003097.png	Семья и воспитание
0003098.png	События
0003099.png	Капошвар, Венгрия (2 сентября 1995 года);
0003100.png	Мемуары
0003101.png	Имя домена не может содержать тире ().
0003102.png	Промышленность
0003103.png	Спасение людей
0003104.png	Анри Дарси
0003105.png	Состав округа
0003106.png	330 сельских населённых пунктов.
0003107.png	старше("Тимофей", "Пётр").
0003108.png	признать во Христе два естества, две воли и два воздействия;
0003109.png	Вячеслав Тихонов . «Русская тайна» (1996)
0003110.png	анализ ликвидности баланса и платежеспособности компании,
0003111.png	Имя Героя увековечено на мемориальной арке в Краснодаре.
0003112.png	История
0003113.png	Онтология
0003114.png	Литература
0003115.png	, День провозглашения независимости.
0003116.png	Космология Аристотеля
0003117.png	История проекта
0003118.png	Альбомы
0003119.png	Сотрудничество с вузами
0003120.png	Фёдор Фёдорович
0003121.png	Церковь святителя Николая Чудотворца в Ивангородской крепости
0003122.png	Население
0003123.png	Детство и молодость
0003124.png	Беньямин Вербич
0003125.png	Определение
0003126.png	Железнодорожный транспорт
0003127.png	Литература
0003128.png	Экономика
0003129.png	Ташкентский государственный юридический университет
0003130.png	заменять многоточие тремя последовательными точками;
0003131.png	Автокурьер (бесплатная газета для автолюбителей)
0003132.png	Объекты, названные в честь Владимира Ленина
0003133.png	Примечания
0003134.png	Логика высказываний
0003135.png	Литература модернизма
0003136.png	Список музеев Ульяновска
0003137.png	Отношение к империалистической войне и революционное пораженчество
0003138.png	Список памятников Сергею Королёву:
0003139.png	Общая информация
0003140.png	Использование кортикостероидов
0003141.png	Грэхем Вивиан Сазерленд (ум. 1980), английский живописец, график и дизайнер.
0003142.png	В данном примере гамильтониан .
0003143.png	Обычно обозначаются символом . Предложены Уильямом Гамильтоном в 1843 году.
0003144.png	Ссылки
0003145.png	Атомы и молекулы
0003146.png	Засецкий Иван Михайлович - стряпчий (1640), стольник (1658-1676).
0003147.png	Незаконный сын Стефана Батория
0003148.png	Является гражданкой России и Израиля.
0003149.png	Троицкий 1-й переулок
0003150.png	Джон де Грей, 2-й барон Грей из Ротерфилда
0003151.png	Комментарии
0003152.png	Август
0003153.png	Турбокапитализм
0003154.png	ООО «Юнилин»
0003155.png	В Ленинграде покончил с собой бард Александр Башлачёв.
0003156.png	Аграрная партия Чехословакии
0003157.png	Шкала Мооса
0003158.png	Призеры
0003159.png	Появились в 1994 году в Казахстане
0003160.png	Семья
0003161.png	Покровительством Афины пользовались:
0003162.png	Правила игры
0003163.png	участвовал в разработке народно-хозяйственных планов;
0003164.png	Учебные заведения, научные и культурные учреждения
0003165.png	Сильвермастер
0003166.png	Ансамбль Хазрати Шох
0003167.png	Георгий Церетели (р. 1904), грузинский советский востоковед, арабист.
0003168.png	Герцоги Йоркские
0003169.png	Военный институт
0003170.png	! Архитектура
0003171.png	Поддержка различных языков (включая русский)
0003172.png	коррозия при переменном погружении;
0003173.png	электрическая машина, питаемая постоянным током и имеющая коллектор.
0003174.png	Интервью с Брюсом Стерлингом в России
0003175.png	Происхождение
0003176.png	Участники осады Варны
0003177.png	Преподаватели Уральского юридического университета
0003178.png	Финансовый аудит в России
0003179.png	Востоковеды Германии
0003180.png	Крестецкая строчка
0003181.png	Города Устецкого края
0003182.png	Эмульсии
0003183.png	Первый отряд космонавтов СССР
0003184.png	В годы Великой Отечественной войны
0003185.png	«Седой» (1993)
0003186.png	Лауреаты премии Айвора Новелло
0003187.png	Лауреаты Всесоюзного конкурса артистов эстрады
0003188.png	Содружество Независимых Государств
0003189.png	Персоналии:Римская Греция
0003190.png	Все печатные и непечатные знаки хранятся в переменных символьного типа данных.
0003191.png	Россия
0003192.png	Ссылки
0003193.png	Биография
0003194.png	Философы языка
0003195.png	Страница о поселке Агинском
0003196.png	«Юриспруденция»,
0003197.png	Ссылки
0003198.png	Поэма «Клермонтский собор» (1853)
0003199.png	Население
0003200.png	медсестру Марию Рейманову;
0003201.png	Иапет
0003202.png	Саманта Спиро, английская актриса.
0003203.png	Критика терминологии
0003204.png	Ссылки
0003205.png	Родившиеся в Германии
0003206.png	Колониальный орден Звезды Италии кавалер (28 апреля 1942, Королевство Италия)
0003207.png	(в пер.)
0003208.png	Масоны Италии
0003209.png	Церковные деятели
0003210.png	Литература
0003211.png	Динамическая взаимоблокировка
0003212.png	Почётные граждане города
0003213.png	Проектное расположение первой очереди
0003214.png	Родились
0003215.png	Свердловская область,
0003216.png	Физические свойства и строение
0003217.png	Музыкальные субкультуры
0003218.png	Вступление
0003219.png	Обозначения
0003220.png	Достигла она пестроцветного Нила,
0003221.png	Ссылки
0003222.png	Биография
0003223.png	В эмиграции
0003224.png	Вооружённые силы
0003225.png	Элементы научного метода
0003226.png	Примечания
0003227.png	Города Таджикистана
0003228.png	Солнечная улица (деревня Милюково)
0003229.png	Почётный гражданин Санкт-Петербурга (2023)
0003230.png	Последние годы жизни провёл в Москве, где и скончался. Похоронен на  (13 уч.).
0003231.png	См. также
0003232.png	См. также
0003233.png	Пропретор
0003234.png	360-градусная панорама Рио-де-Жанейро
0003235.png	Искуситель
0003236.png	Университетские города Германии
0003237.png	Чэнду, Китай
0003238.png	Данков
0003239.png	По данным Всероссийской переписи населения 2010 года (человек):
0003240.png	Награды
0003241.png	Несвижский переулок
0003242.png	Тики Гелана, эфиопская бегунья, олимпийская чемпионка в марафоне (2012).
0003243.png	Основные характеристики гетинакса:
0003244.png	Соответствие букв кириллицы и латиницы:
0003245.png	Семитские народы
0003246.png	Открытый индивидуализм
0003247.png	Сигнальное
0003248.png	Галерея
0003249.png	Почётные доктора Северо-Западного университета
0003250.png	Православная иконография Богородицы
0003251.png	Приход ко власти
0003252.png	См. также
0003253.png	с 1977 года в городе расположен музей искусных подделок-плагиата ().
0003254.png	Ссылки
0003255.png	Пряности
0003256.png	Каверин, Николай Вениаминович
0003257.png	В 1926 году Ярцеву был присвоен статус города.
0003258.png	Ссылки
0003259.png	История и классификация
0003260.png	Регистрация авторских прав
0003261.png	Скончались
0003262.png	Поздний период
0003263.png	Пример обозначения:
0003264.png	Архитектурные формы
0003265.png	Форты
0003266.png	572 км: прот. Лабором-Ты (лв.)
0003267.png	Украина
0003268.png	Список депутатских объединений
0003269.png	Оригинальные тексты Филона
0003270.png	Научные эксперименты
0003271.png	Дзигу-итаса
0003272.png	Отын со пыласьк-и-з
0003273.png	Новейшая история
0003274.png	Различия
0003275.png	Фолк-рок-группы России
0003276.png	Море Амундсена
0003277.png	Легенды хоккея. Анатолий Фирсов
0003278.png	См. также
0003279.png	Видео ОЗУ: 1 МБ.(8 Мегабит)
0003280.png	Национальные
0003281.png	Выпускники Корнеллского университета
0003282.png	Ариизация
0003283.png	Национал-социалистическая пропаганда
0003284.png	Таким образом условно правильная формула должна была быть суммой этих выражений:
0003285.png	Примечания
0003286.png	Мир с Центральными державами и австро-германская оккупация Украины
0003287.png	Улица в городе Жуковский.
0003288.png	Города-побратимы
0003289.png	Терминал Е
0003290.png	Ссылки
0003291.png	Альфей-Менаше ()
0003292.png	Дом купца Подпругина (ул. Красинцев, д. 4)
0003293.png	Усмаев, Вахит Абубакарович (07.07.2010, 962)
0003294.png	Избрание ханов в Казахском ханстве
0003295.png	Действующее лицо комедии Аристофана «Мир» (без слов). Упоминается у Еврипида.
0003296.png	К сферам совместной деятельности государств-участников относятся:
0003297.png	Рефакторинг
0003298.png	Литература
0003299.png	Примечания
0003300.png	Папский двор
0003301.png	Античный скептицизм
0003302.png	Порты Средиземного моря
0003303.png	Пасторы Российской империи
0003304.png	В информационных технологиях
0003305.png	Собор Новгородских святых
0003306.png	На региональном уровне:
0003307.png	Города-миллионеры Тайваня
0003308.png	23. Арта
0003309.png	Примечания
0003310.png	Другие (2):
0003311.png	См. также
0003312.png	Выпускники медресе Мири Араб
0003313.png	Статьи
0003314.png	Спорт
0003315.png	Литература
0003316.png	Шиитское вероучение базируется на пяти основных столпах:
0003317.png	Ссылки
0003318.png	Русский текст:
0003319.png	Золотодобыча
0003320.png	Управление изменениями проекта
0003321.png	Населённые пункты городского округа город Магадан
0003322.png	В 2007 году аэропорт обслужил  человек.
0003323.png	Городские поселения, упразднённые в 2020 году
0003324.png	См. также: :Категория:Родившиеся в 1428 году
0003325.png	Синдром Ваарденбурга
0003326.png	Захват сельджуками Хорасана. Начало завоевания Ирана.
0003327.png	Городская застройка
0003328.png	Происхождение названия
0003329.png	Парковая улица
0003330.png	Загадки
0003331.png	В Триполи есть зоопарк, расположенный в зелёной зоне.
0003332.png	Ссылки
0003333.png	Просодия
0003334.png	Органы финансового регулирования
0003335.png	Личность
0003336.png	Достопримечательности
0003337.png	Ключевые группы
0003338.png	Примечания
0003339.png	Фильмы-драмы Франции
0003340.png	Примечания
0003341.png	В СССР разрешена продажа в кредит товаров «длительного пользования».
0003342.png	Храм святых Царственных страстотерпцев;
0003343.png	Скончался академик РАН Игорь Шафаревич
0003344.png	Персоналии по алфавиту
0003345.png	Болгарский орден «Святой Александр» 1-й ст.
0003346.png	Развитие и рост костей
0003347.png	Библиография
0003348.png	Появились в 1741 году
0003349.png	В честь Грабина назван сквер в Нижнем Новгороде
0003350.png	Примечания
0003351.png	История
0003352.png	Диаграмма перевода температур
0003353.png	Выпускники Киевской 2-й гимназии
0003354.png	Награды и премии
0003355.png	Водный транспорт
0003356.png	Изобретатели по алфавиту
0003357.png	Свисток Гальтона
0003358.png	День рождения Хиллари
0003359.png	Климат
0003360.png	Главой городского округа является Митрофанов Олег Андреевич.
0003361.png	Редакторы журналов
0003362.png	Родились
0003363.png	Ссылки
0003364.png	Авторизация
0003365.png	Парламентские
0003366.png	8 канал Красноярский край
0003367.png	«Точка зрения»
0003368.png	Промышленность и производство
0003369.png	«Литературные листки»
0003370.png	2) Метод металлотермии (чаще, происходит восстановление магнием или натрием):
0003371.png	26 городских поселений,
0003372.png	Вольфганг Кеттерле, немецкий физик, лауреат Нобелевской премии (2001).
0003373.png	Походы на Иерусалим
0003374.png	Конфликт с королём
0003375.png	Конный туризм
0003376.png	Карабах
0003377.png	На основе дискурсивного поля формируется дискурсивное сообщество.
0003378.png	Гудаури
0003379.png	Императорская фамилия
0003380.png	См. также
0003381.png	Стикс.
0003382.png	Селивановы
0003383.png	Генерал-майор
0003384.png	(владение Великобритании)
0003385.png	Население
0003386.png	Административно-территориальное деление
0003387.png	Слепое пятно
0003388.png	«Мы» (1920)
0003389.png	23 января
0003390.png	6 мая 2011 года скончался основатель группы Святослав Задерий.
0003391.png	Орден оранжистов
0003392.png	Малая Переяславская улица
0003393.png	Симеон Данилович (ум. после 1322)
0003394.png	Ферромагнетики
0003395.png	Старые календарные формы имени: Викторий, Виктурий.
0003396.png	Мономаховичи
0003397.png	Специализированный медицинский центр «Фтизиатрия».
0003398.png	Звёзды
0003399.png	Ор. 48. «Армянская рапсодия на народные темы» (1895).
0003400.png	Павел и Варлаам, Павел Исповедник и Варлаам Хутынский. Ледостав.
0003401.png	А тибетское
0003402.png	1966 за серию «Основание» (как «Лучшую серию НФ всех времён»);
0003403.png	Кавалер Большого креста ордена Витаутаса Великого (Литва, 20 ноября 2002 года)
0003404.png	Владимир Туриянский, российский поэт, композитор, бард.
0003405.png	сухопутные
0003406.png	Николай Травкин возглавлял ДПР до декабря 1994 года.
0003407.png	Действительные государственные советники Российской Федерации 1-го класса
0003408.png	Каменные мосты Ирана
0003409.png	Целочисленные последовательности
0003410.png	Литература
0003411.png	Пилотируемые космические аппараты
0003412.png	Периодичность
0003413.png	Мышцы средней трети лица (сильно зажмурьтесь, нахмурьтесь и наморщите нос).
0003414.png	Вторая мировая война
0003415.png	59 РБК
0003416.png	Биография
0003417.png	«Местное радио»
0003418.png	Литература
0003419.png	Офицерская кавалерийская школа
0003420.png	Митохондриальный сигнальный путь
0003421.png	ИЧР составил 0,871 в 2018 году (0,902 по России).
0003422.png	Экономика
0003423.png	Примечания
0003424.png	Кирсанов как человек
0003425.png	жестовые языки глухих;
0003426.png	Руперт Псмит
0003427.png	Юридическое образование
0003428.png	Этиологическая классификация
0003429.png	Механика и физика
0003430.png	Писатели Армении
0003431.png	На Азорских островах прошло землетрясение силой 7,5 балла по шкале Рихтера.
0003432.png	Рожаницы и Род
0003433.png	Карта «Россия и её соседи» Меркатора (1595)
0003434.png	Графы Бржостовские (Прус.) (ЦП)
0003435.png	Кавалерия
0003436.png	Литература
0003437.png	Семья
0003438.png	Органы власти
0003439.png	Литература
0003440.png	Астрометрия и небесная механика
0003441.png	Население
0003442.png	Похожие крестьяне
0003443.png	Феликс Руис
0003444.png	Политики Афин
0003445.png	отсутствуют очереди (как в случае с Суэцким каналом);
0003446.png	Герцоги Калабрии
0003447.png	Описание
0003448.png	Почётные доктора Санкт-Петербургского гуманитарного университета профсоюзов
0003449.png	Память
0003450.png	Трансформеры 3: Тёмная сторона Луны (реж. Майкл Бэй, 2011)
0003451.png	Митанни
0003452.png	См. также: :Категория:Умершие в 1391 году
0003453.png	Цуцзю.
0003454.png	Почётные граждане Аркалыка
0003455.png	Сборники поэзии
0003456.png	Перестройка
0003457.png	2022 год: необходимость разработки новой орфографии казахского языка
0003458.png	Бобковский ФАП
0003459.png	Можайск стал центром самостоятельного княжества (до 1303).
0003460.png	Евклидово расстояние в евклидовой задаче коммивояжёра,
0003461.png	Старение мозга
0003462.png	Историки геологии
0003463.png	Земля Королевы Мэри
0003464.png	Бари Алибасов («Умереть от счастья и любви», Россия, 1996)
0003465.png	Путь в науке
0003466.png	Биография
0003467.png	Аэрогели
0003468.png	Социальный опыт
0003469.png	Каменец-Подольский, Украина
0003470.png	Родились
0003471.png	Достопримечательности
0003472.png	Ссылки
0003473.png	Что Бог будет вечно казнить Человека за Действия.
0003474.png	Этимология названия
0003475.png	Названы в честь города
0003476.png	Примеры кодов для нескольких валют одного государства:
0003477.png	Искусство
0003478.png	«Королевский закон» в Дании, превративший страну в абсолютную монархию.
0003479.png	Ссылки
0003480.png	Железнодорожный
0003481.png	Обсерватория «Союз-13»-«Орион-2»
0003482.png	Переводчики на грузинский язык
0003483.png	Российский сектор
0003484.png	История
0003485.png	2010 «Королева Ойкумены»
0003486.png	Библиография
0003487.png	Латиноамериканская литература
0003488.png	Символ рубля
0003489.png	Детский парк культуры и отдыха
0003490.png	Журнал СО РАН Философия науки
0003491.png	Институт довузовской подготовки
0003492.png	Информация на сайте ИС АРАН
0003493.png	Ссылки
0003494.png	Известные сотрудники
0003495.png	Китай
0003496.png	Теория процессов переноса. «Демон Максвелла»
0003497.png	Неоязыческий эклектизм
0003498.png	Красноярский кооперативный техникум экономики, коммерции и права
0003499.png	Постоянная Фарадея равна произведению числа Авогадро  на элементарный заряд :
0003500.png	Инфраструктура
0003501.png	Гюрятиничи-Роговичи
0003502.png	Кристаллография
0003503.png	См. также
0003504.png	Абсолют внутри относительного (господин смотрит на слугу);
0003505.png	См. также
0003506.png	Похороненные на кладбище Кенсал-Грин
0003507.png	Компьютерные игры
0003508.png	Изыскания в области астрономии
0003509.png	ядерными;
0003510.png	См. также
0003511.png	Основные отличия от классического марксизма
0003512.png	Моделизм делится на два основных направления:
0003513.png	Литература
0003514.png	Премия мэрии Москвы (1999),
0003515.png	Министры внутренних дел Болгарии
0003516.png	Паромы
0003517.png	В раннем христианстве
0003518.png	Внешний вид, здоровье, привычки и образ жизни
0003519.png	Консервативная самоорганизация (супрамолекулярная химия и фазовые переходы)
0003520.png	ведение государственной статистики;
0003521.png	Разгром остатков войск Спартака в Этрурии.
0003522.png	Зал славы хоккея с шайбой
0003523.png	Известное значение:
0003524.png	Поэты Италии
0003525.png	Достопримечательности
0003526.png	Экономика
0003527.png	память священномученика Иоанна Вечорко, пресвитера (1933);
0003528.png	Фиванский цикл
0003529.png	Астерий:
0003530.png	Управление свободным временем
0003531.png	Связь этих углов описывается формулой аберрации света:
0003532.png	Население
0003533.png	Теоретики литературы
0003534.png	Три ордена Ленина (20.01.1943; 22.08.1966; 21.05.1976)
0003535.png	Образование
0003536.png	Деканы Императорского Московского университета
0003537.png	«Столп огненный» (, 1928);
0003538.png	Животовский:
0003539.png	гнездо орлана-белохвоста в Авзянском лесничестве.
0003540.png	Национальный состав
0003541.png	Флора и фауна
0003542.png	Религиозные
0003543.png	Побочные эффекты
0003544.png	Скончались
0003545.png	Природные парки;
0003546.png	1 специальная коррекционная школа,
0003547.png	Разгром монголами Си-Ся. Смерть Чингисхана.
0003548.png	В 2000-е годы наметилась тенденция к увеличению пассажирооборота.
0003549.png	Мусульмане
0003550.png	Атлантика:
0003551.png	Официальный сайт администрации Агаповского муниципального района
0003552.png	Кавалеры ордена Чёрного орла
0003553.png	Начало карьеры. ЦСКА
0003554.png	Музыка
0003555.png	См. также
0003556.png	Фосфатные кроны (ФК)
0003557.png	Выполнение умножения
0003558.png	Софи Гиймен, французская актриса и режиссёр.
0003559.png	общеобразовательные школы:
0003560.png	Городские легенды США
0003561.png	Биография
0003562.png	предоставляет приложениям информацию об ошибках;
0003563.png	Авторы учебников
0003564.png	на русском языке:
0003565.png	1000-летие эпоса
0003566.png	Аппаратура управления радиомоделью
0003567.png	Образование
0003568.png	Рок-музыканты СССР
0003569.png	Данный раздел нужно доработать и немного доделать перевод!
0003570.png	Единицы измерения
0003571.png	Архитектурные решения
0003572.png	орден Святого Станислава 1-й ст. (1847)
0003573.png	Клодия в современной культуре
0003574.png	Доказательное программирование
0003575.png	Карбамазепин и триггерная зона невралгии тройничного нерва
0003576.png	В 2006 году был посмертно награждён Орденом Почета.
0003577.png	Результаты
0003578.png	Взятие турками Силистрии. Поражение турок при Ровине от господаря Мирчи Старого.
0003579.png	8-й Эстонский стрелковый корпус (второго формирования)
0003580.png	Речь Посполитая
0003581.png	Прекращение существования
0003582.png	Спортивный комплекс «УСК Ухта»;
0003583.png	Археологические исследования
0003584.png	Ссылки
0003585.png	Отрицание и критика догмата о Троице
0003586.png	Участники Первой мировой войны (Россия)
0003587.png	На территории области расположен ряд охраняемых природных территорий:
0003588.png	погиб Педро Родригес (р. 1940), мексиканский автогонщик.
0003589.png	гарнитура;
0003590.png	Катастрофа Ан-2 в Тернее (Приморский край). Погибли 10 человек.
0003591.png	Литература
0003592.png	Мышцы
0003593.png	Корреляционный анализ
0003594.png	В православной церкви
0003595.png	Память
0003596.png	100 врачей,
0003597.png	Примечания
0003598.png	Персоналии:Смутное время
0003599.png	«Абаза».
0003600.png	См. также: :Категория:Умершие в 1039 году
0003601.png	Биография
0003602.png	ООО «Тамбовский бекон» (разное)
0003603.png	Специальные виды определителей
0003604.png	Населённые пункты и территориальные единицы
0003605.png	Литература
0003606.png	Американская психиатрическая ассоциация
0003607.png	«Автопортрет» (1640, Музей изящных искусств, Валенсия)
0003608.png	Орден Святого Фердинанда и заслуг, большой крест (Королевство обеих Сицилий)
0003609.png	Командировочка
0003610.png	Протекторат
0003611.png	Ссылки
0003612.png	5-я часть (за Земляным городом, Пресня и Сущёво)
0003613.png	Мемуаристы России
0003614.png	События
0003615.png	Роль Пушкина во МХАТе
0003616.png	Числа Фибоначчи в природе
0003617.png	Примечания
0003618.png	Литература
0003619.png	Примечания
0003620.png	Институты развития
0003621.png	Устройство, управление, современное состояние
0003622.png	Официальный сайт провинции Буэнос-Айрес
0003623.png	«Сятко» («Искра»);
0003624.png	К северу от города
0003625.png	Лучшие бомбардиры
0003626.png	Построение через классы вычетов
0003627.png	Литература
0003628.png	Поэзия
0003629.png	Поражения (2)
0003630.png	Примечания
0003631.png	Лучший оригинальный сценарий
0003632.png	Умершие в Риме
0003633.png	Характеристика
0003634.png	Педагогики и психологии детства
0003635.png	Словари
0003636.png	Энергетика
0003637.png	Кавалерийские полки русской армии.
0003638.png	Происходящие реакции
0003639.png	Примечания
0003640.png	Вид на Дворцовую площадь с высоты птичьего полёта на сервисе Яндекс.Панорамы.
0003641.png	Военные почести в России
0003642.png	Да здравствует Россия, свободная страна!
0003643.png	Второй срок в качестве премьера
0003644.png	Расшифровщик номеров вагонов
0003645.png	Пищевые технологии: 3 место .
0003646.png	Труды
0003647.png	потеря гумуса;
0003648.png	Энергетика
0003649.png	Каноники виленские
0003650.png	Чёрное и Азовское моря
0003651.png	Примечания
0003652.png	Международные
0003653.png	Награды и звания
0003654.png	В Латвии описано 1304 собственных видов растений и 633 вида ввезённых.
0003655.png	Биография
0003656.png	Сторонники Рона Хабарда
0003657.png	на других языках
0003658.png	Использование второй экваториальной системы координат
0003659.png	Литература
0003660.png	Бывшие еврейские местечки Белоруссии
0003661.png	Кто что делает? (1918).
0003662.png	Хриплин
0003663.png	«Крымтелеком»;
0003664.png	Г. И. Косагов (1680)
0003665.png	Почвы
0003666.png	Литература
0003667.png	индивидуальная психотерапия гипносугестивная,
0003668.png	Для такого события необходимо совпадение следующих условий:
0003669.png	Скончались
0003670.png	Блоги
0003671.png	Примечания
0003672.png	Сооружения инфраструктуры
0003673.png	Мадона, Латвия
0003674.png	Соединения кобальта
0003675.png	Церковь Востока
0003676.png	Список картин Ивана Константиновича Айвазовского
0003677.png	Художники Российской империи
0003678.png	См. также
0003679.png	Автономная компьютерная система
0003680.png	Дальнее воспоминанье!
0003681.png	Научные открытия и результаты работы
0003682.png	мачете.
0003683.png	Электромобили
0003684.png	Ресурсы
0003685.png	Эрик Рассел, английский писатель-фантаст (ум. в 1978).
0003686.png	Клодия и Цицерон
0003687.png	Источники
0003688.png	Этимология
0003689.png	О свободе христианина
0003690.png	Религиозные
0003691.png	Примечания
0003692.png	Милен Фармер,
0003693.png	Примечания
0003694.png	Продолжительность полёта составила 26 часов 47 минут 52 секунды.
0003695.png	прекратить введение
0003696.png	Переименованные населённые пункты России
0003697.png	Разведён. Есть сын Александр, живёт в Израиле.
0003698.png	2 января
0003699.png	См. также
0003700.png	Латинские философы
0003701.png	Версии
0003702.png	КАУР, КаУР, Каур:
0003703.png	100 легенд Футбольной лиги
0003704.png	См. также
0003705.png	Похоронен на Сулажгорском кладбище Петрозаводска.
0003706.png	воспроизводимость
0003707.png	Преподаватели Литовской академии музыки и театра
0003708.png	Премия Майкла Фарадея (Лондонское королевское общество)
0003709.png	Примечания
0003710.png	два ордена Трудового Красного Знамени (29.8.1955; 28.8.1964)
0003711.png	Примечания
0003712.png	Дайвинг
0003713.png	Биография и фрагмент «Записок о Друскениках»
0003714.png	Князь Андрей Васильевич Трубецкой
0003715.png	Спорт
0003716.png	Городские маршруты
0003717.png	317 км: Куендат (80 км)
0003718.png	Родившиеся в 890-е годы
0003719.png	Типы цифровых фотоаппаратов
0003720.png	«Опыты»
0003721.png	Биография
0003722.png	31 июля
0003723.png	Биография
0003724.png	Возвращение в Рим послов из Дельф.
0003725.png	«Майя» (оккультный роман)
0003726.png	Ипотечные фонды
0003727.png	Порнограф
0003728.png	Примечания
0003729.png	В 7 луне, в день синь-ю умер тэнский князь Юй-му (Инь-гун), похоронен в 11 луне.
0003730.png	Примечания
0003731.png	1 ноября
0003732.png	Киконы
0003733.png	Преподаватели медицинского факультета Московского университета
0003734.png	Заливы Финского залива
0003735.png	«Кап-кап»
0003736.png	В его честь назван астероид (3656) Хемингуэй.
0003737.png	Сюжет
0003738.png	Импрессионизм в живописи
0003739.png	Линейная алгебра и геометрия
0003740.png	Влияние Выготского
0003741.png	Фестивали
0003742.png	Инженеры-строители
0003743.png	См. также: :Категория:Родившиеся в 1921 году
0003744.png	Происшествия
0003745.png	Ссылки
0003746.png	История
0003747.png	Римское царство
0003748.png	Профилактика
0003749.png	Курганский государственный университет
0003750.png	Средние века
0003751.png	Персоналии:Рыбинск
0003752.png	Описание
0003753.png	Зимнее дизельное топливо:
0003754.png	Бронзовый призёр «Кубка губернатора Челябинской области» (Челябинск): 2019.
0003755.png	Языковой состав
0003756.png	Шальчининкский район
0003757.png	Петропавловская церковь
0003758.png	Скульптура «Дама с собачкой» (на поляне молодожёнов, за Молодёжным центром);
0003759.png	Орден Святой Анны 1 ст. (11.08.1904)
0003760.png	Биография
0003761.png	Рекорды игроков
0003762.png	История Индии
0003763.png	как сырьё для получения борной кислоты и различных соединений бора;
0003764.png	Аэропорт расположен в 65 километрах от центра Торонто.
0003765.png	тип радиочастотного соединителя или присоединительные размеры
0003766.png	Герменевтический круг
0003767.png	Большой театр после реставрации. Сферическая панорама.
0003768.png	Предвосхищенье смертных мук.
0003769.png	Другие
0003770.png	Мемуаристы СССР
0003771.png	Новое время
0003772.png	Команда
0003773.png	Примечания
0003774.png	Почта
0003775.png	Запись информации
0003776.png	Андрей Вознесенский
0003777.png	Иммуномодуляторы: альфетин, кордицепс.
0003778.png	Источники
0003779.png	География германо-скандинавской мифологии
0003780.png	Экономика
0003781.png	Ссылки
0003782.png	Награждённые медалью имени Макса Планка
0003783.png	Дворец Чарторыйских
0003784.png	Памятник Фазу Алиевой (сквер им. Фазу Алиевой).
0003785.png	Умершие от рака лёгкого
0003786.png	Достопримечательности
0003787.png	Глава города, Председатель городского Совета
0003788.png	Титаник столкнулся с айсбергом.
0003789.png	Рузвельт (округ, Монтана)
0003790.png	Энн Хэтэуэй, американская актриса и певица.
0003791.png	Администрация города Белово
0003792.png	Притоки Невы
0003793.png	Известные носители
0003794.png	Королевский дом на Шахене
0003795.png	Фармакокинетика
0003796.png	Брейд-вымпелы цесаревичей и цесаревен
0003797.png	Население
0003798.png	Сексуальная физиология пениса
0003799.png	Писатели-фантасты США
0003800.png	Флавия Алессандра, известная бразильская актриса театра, кино и телевидения.
0003801.png	Появились в 1973 году в России
0003802.png	Системные требования
0003803.png	Компании Нижнего Новгорода
0003804.png	Сентябрь
0003805.png	Один из героев романа Роджера Желязны «Создания света, Создания тьмы».
0003806.png	Примечания
0003807.png	Примечания
0003808.png	Хетумиды
0003809.png	Преподаватели ВГИК
0003810.png	Похороненные в Иерусалиме
0003811.png	Богословы Нидерландов
0003812.png	См. также: :Категория:Умершие 1 сентября
0003813.png	Общие сведения
0003814.png	Серверы
0003815.png	Тяжёлая промышленность и машиностроение
0003816.png	Орден Людвига, большой крест
0003817.png	В зависимости от отношения к просвету полого органа:
0003818.png	Церковь Николая Чудотворца на Киёвке (1977) (не сохр.)
0003819.png	Олимпийские чемпионы от России
0003820.png	Термин «кегль» также используется и в монотипной системе измерения.
0003821.png	15 декабря 1952 года
0003822.png	Вычисление календарной даты по известной юлианской дате
0003823.png	Методы интегрирования
0003824.png	Майборода, Виталий Викторович (01.06.2013)
0003825.png	Дополнительный красного цвета.
0003826.png	Предыстория
0003827.png	Режим нагрузки
0003828.png	Математическая формула
0003829.png	Персоналии:Этика
0003830.png	Название
0003831.png	Попытки оспорить роспуск СССР в судебном порядке
0003832.png	Автоматическая генерация документации
0003833.png	Лавры России
0003834.png	Фенилэтиламины
0003835.png	Планер.
0003836.png	Персоналии:Антисемитизм в Российской империи
0003837.png	Создана искусственная протоклетка
0003838.png	Совершившие побег из мест заключения
0003839.png	Теремис (лв)
0003840.png	Изгнание иезуитов из Франции (1764), Испании и её колоний (1767).
0003841.png	Биография
0003842.png	Медаль «В память 800-летия Москвы» (1947)
0003843.png	Биография
0003844.png	Персоналии:Томская губерния
0003845.png	См. также
0003846.png	Примечания
0003847.png	Отношение к религии и взаимодействие со структурами Московской патриархии
0003848.png	Комплекс операторской техники
0003849.png	батальон тылового обеспечения.
0003850.png	Библиография
0003851.png	Телеканал «Твой город» (кабельное ТВ УГМК-Телеком)
0003852.png	Умершие в 2009 году
0003853.png	Смерть
0003854.png	Излишек кислоты от второго этапа можно использовать для первого.
0003855.png	хирургические операции грудной клетки и брюшной полости;
0003856.png	Эллинистические философы
0003857.png	Исследование неоднородностей
0003858.png	Свобода совести и свобода вероисповедания гарантированы германской конституцией.
0003859.png	Медаль и премия Гутри (1960)
0003860.png	Оливейра-ди-Аземейш
0003861.png	История партии
0003862.png	Магдебургские центурии
0003863.png	Религиозные титулы
0003864.png	Электронный каталог РНБ
0003865.png	Молодость
0003866.png	Одиозное число
0003867.png	МиГ-15, И-310, 1948.
0003868.png	Ветвь Гогенцоллерн-Зигмаринген
0003869.png	Перечень ЖНВЛП
0003870.png	События
0003871.png	Ссылки
0003872.png	Литература
0003873.png	Завоевание Крыма Российской империей
0003874.png	Давид Гликман (р. 1874), российский журналист, фельетонист, поэт, драматург.
0003875.png	Научный совет по выставкам
0003876.png	Делегаты первого всемирного сионистского конгресса
0003877.png	См. также
0003878.png	«Четвертая книга Варуха»
0003879.png	Литература
0003880.png	Хазарская, болгарская и моравская миссии Кирилла и Мефодия.
0003881.png	См. также
0003882.png	Транспорт
0003883.png	Положение на рынке и сравнение с конкурентами
0003884.png	Объекты, названные в честь Иисуса Христа
0003885.png	Сквер имени 40-летия ВЛКСМ.
0003886.png	883 км: Кривля (лв)
0003887.png	Ссылки
0003888.png	Единицы и размерности
0003889.png	троллейбус
0003890.png	Бургунды при франках
0003891.png	Цели и действия
0003892.png	Растительность
0003893.png	Общий вес маршальского знака отличия 36,8 г.
0003894.png	Версия об армянском происхождении
0003895.png	Память
0003896.png	Пак, или Плутишка Робин, маленький эльф
0003897.png	Действительные государственные советники Российской Федерации 1-го класса
0003898.png	Основные философские направления махаяны или школы трактатов:
0003899.png	Муниципальные образования Санкт-Петербурга
0003900.png	тезаурусы многоязычные информационно-поисковые.
0003901.png	Насилие над животными
0003902.png	Ссылки
0003903.png	Прусский Орден Красного орла 1-й степени (1813)
0003904.png	Мощность котла
0003905.png	Игроки ФК «Валенсия»
0003906.png	Литература
0003907.png	сильная мучительная жажда;
0003908.png	Финалист (8): 1915, 1967, 1994, 2002, 2017, 2020, 2021, 2022
0003909.png	Обобщения производных
0003910.png	Энергетика
0003911.png	Центральная улица
0003912.png	Национальные праздники
0003913.png	28 сентября
0003914.png	А сердце всё надеется (стихи И. Гофф)
0003915.png	Именины
0003916.png	Отношения с Мамлюками
0003917.png	Водоизмещение: 2133,779 тонн при осадке 6,1 м
0003918.png	Ориген. Против Цельса.
0003919.png	Скончались
0003920.png	Критика платоновского учения
0003921.png	Любава
0003922.png	Либреттисты Российской империи
0003923.png	Упрочение королевской власти
0003924.png	Введение
0003925.png	Демография
0003926.png	Список дворянских родов России, утративших княжеский титул.
0003927.png	Межпарламентская ассамблея СНГ
0003928.png	2000-е годы
0003929.png	Контрольная сумма
0003930.png	События
0003931.png	Электромеханика
0003932.png	Гибнут стада,
0003933.png	Отношения с другими государствами
0003934.png	Кавказские наместники
0003935.png	Дерсу Узала
0003936.png	Примечания
0003937.png	Музей «Молодая гвардия» (г. Краснодон)
0003938.png	Название
0003939.png	Примечания
0003940.png	Кулоновская калибровка
0003941.png	Образование
0003942.png	Бубен Нижнего Мира
0003943.png	Ссылки
0003944.png	СССР и Российская Федерация
0003945.png	Девиация частоты:
0003946.png	Союзный договор Вальдемара Великого и Генриха Льва.
0003947.png	Медицинские определения
0003948.png	В моей душе как будто шла борьба,
0003949.png	Государства и территории, основанные в 1821 году
0003950.png	Абстрактные рациональные функции
0003951.png	преподобный Иоанн Рыльский;
0003952.png	Руаль, родился 16 июля 1872 года.
0003953.png	Политики Германии
0003954.png	Издания
0003955.png	Иконопись
0003956.png	Институт горного дела ДВО РАН
0003957.png	Родословное древо дома Кинских
0003958.png	В фильме 2023 года «Сенека» в заглавной роли снялся Джон Малкович.
0003959.png	Городские округа Ямало-Ненецкого автономного округа
0003960.png	Вторжение эфиопов в Йемен и подчинение царства химьяритов.
0003961.png	Примечания
0003962.png	Промышленность
0003963.png	Статья в справочнике «Прикладная математика».
0003964.png	Дом культуры ОАО «Славтяжмаш» (ул. Дарвина)
0003965.png	Индоевропейцы
0003966.png	Достижения
0003967.png	Синглы
0003968.png	Похороненные в Шлезвиг-Гольштейне
0003969.png	Нидерланды во время Второй мировой войны
0003970.png	Первая Архипелагская экспедиция
0003971.png	Президенты Казахстана
0003972.png	Родились
0003973.png	Материальный баланс 2
0003974.png	Смеси предельных углеводородов преимущественно линейного строения:
0003975.png	Примечания
0003976.png	История
0003977.png	Боги по алфавиту
0003978.png	Большой словарь русского жаргона
0003979.png	Награды
0003980.png	Другое
0003981.png	Скульпторы Франции
0003982.png	Способы добычи полезных ископаемых
0003983.png	Университет Масарика
0003984.png	Ссылки
0003985.png	Боровская школа искусств
0003986.png	Единицы измерения в химии
0003987.png	Зимбабве
0003988.png	История
0003989.png	Получение
0003990.png	Мирзаян
0003991.png	Секты
0003992.png	Музей истории Новочебоксарска
0003993.png	в удобный момент совершить быструю «хирургическую» операцию на верхах власти.
0003994.png	Рубин
0003995.png	Национал-коммунизм
0003996.png	6 апреля:
0003997.png	Хатынь
0003998.png	Ссылки
0003999.png	«Зона 51»
0004000.png	Библиография
0004001.png	Кочетков Н. А. Общая органическая химия. Том 11. С. 572.
0004002.png	Герой Социалистического Труда НРБ.
0004003.png	Фарерские острова;
0004004.png	Полезные ископаемые
0004005.png	В недавнее время были открыты новые памятники императрице:
0004006.png	Один из старейших русскоязычных моддинг-сайтов
0004007.png	Примечания
0004008.png	Лауреаты премии принцессы Астурийской
0004009.png	Социальные философы
0004010.png	Плотность
0004011.png	26 марта
0004012.png	Этиологическая классификация
0004013.png	Завод после революции 1917 года
0004014.png	Примечания
0004015.png	Сонливость
0004016.png	Сентябрь
0004017.png	Вокальная группа
0004018.png	Детектор лжи по голосу. Широко распространён, но критикуется специалистами.
0004019.png	Железнодорожные станции по характеру работы делятся на:
0004020.png	предел, граница, крайняя точка чего-либо;
0004021.png	Маркерные интерфейсы
0004022.png	Дальнейшая карьера
0004023.png	Хетты
0004024.png	Вакцинация
0004025.png	Военно-морская база
0004026.png	Ранние годы
0004027.png	Примечания
0004028.png	Монакский орден Святого Карла, большой крест ()
0004029.png	Примечания
0004030.png	Аргентина (статья в энциклопедии "Кругосвет")
0004031.png	Культура
0004032.png	Городовой
0004033.png	Основан город Ирбит.
0004034.png	Известные сотрудники
0004035.png	Похороны
0004036.png	Архитектура
0004037.png	Тренеры ФК «Валенсия»
0004038.png	Хронология
0004039.png	Мухаджиры
0004040.png	Использование термина в русскоязычных странах
0004041.png	филолог Эузебиуш Словацкий
0004042.png	Эрика Марожан, венгерская актриса.
0004043.png	Орден Белого орла (20 апреля 1869 года)
0004044.png	Арумынский язык
0004045.png	Тримаран
0004046.png	Тюменское время
0004047.png	Примечания
0004048.png	Один из симптомов меняется на противоположный (см. Смешанное состояние):
0004049.png	Ссылки
0004050.png	См. также
0004051.png	Многоаспектное индексирование по естественным наукам
0004052.png	Былинные сюжеты, главным героем которых является Илья Муромец
0004053.png	ОАО «Троицкий электромеханический завод»;
0004054.png	«Эвридика», стихи Арсения Тарковского (1961)
0004055.png	Алексей Леонтьев
0004056.png	Примечания
0004057.png	Памятник археологии
0004058.png	Наиболее примечательными мостами являются:
0004059.png	Кругосветные плавания
0004060.png	Международное сотрудничество
0004061.png	Маккензи
0004062.png	Зимой луский князь воевал с Чжу.
0004063.png	Уильямс, Роуэн Дуглас
0004064.png	Альфа-2
0004065.png	Отбор кандидатов
0004066.png	Диэлектрическая проницаемость воды
0004067.png	Современные рыбы имеют размеры от  () до  (китовая акула).
0004068.png	Няръяна вындер
0004069.png	22 июня
0004070.png	Парусно-винтовые   Пример: ранние винтовые пароходы и парусно-моторные яхты
0004071.png	Промышленность
0004072.png	Православие
0004073.png	Климат
0004074.png	Левоцентристы
0004075.png	Процедуры с необязательными параметрами должны иметь явный интерфейс.
0004076.png	Сайт района
0004077.png	Метафизика и положительная наука (1875)
0004078.png	Консулы Флавий Лампадий и Флавий Руфий Геннадий Проб Орест.
0004079.png	Литература
0004080.png	Парки и сады
0004081.png	Скульптурные памятники
0004082.png	77 км: канал Северо-Двинский (лв)
0004083.png	Литература
0004084.png	Парашютный спорт практикуется на аэродромах Киржача, Александрова и Семязино.
0004085.png	Улица Героев Севастополя (Севастополь)
0004086.png	Бывшие тюрьмы России
0004087.png	Перат. От Калхинии.
0004088.png	Пожизненные сенаторы Италии
0004089.png	Примечания
0004090.png	Банкиры Франции
0004091.png	Ссылки
0004092.png	Награды и премии
0004093.png	Родились
0004094.png	Аналогичные произведения:
0004095.png	См. также: :Категория:Родившиеся в 1552 году
0004096.png	Рассеянные скопления
0004097.png	Дэвидсон Б. Чёрная мать. Африка: годы испытаний. Пер. с англ. М.: «Наука», 1964.
0004098.png	Свойства
0004099.png	Умершие от рака поджелудочной железы
0004100.png	Ранняя жизнь
0004101.png	Сергей Мамчур
0004102.png	Города Краснодарского края
0004103.png	Основные концепции звёздных (космических) кораблей в научной фантастике:
0004104.png	Зинаида Гиппиус;
0004105.png	Дело ЮКОСа
0004106.png	Индологи Великобритании
0004107.png	Ссылки
0004108.png	Связь агрессии и доминирования с тестостероном
0004109.png	Литература
0004110.png	Суворов.
0004111.png	Станнин
0004112.png	по вычислительной системе и среде;
0004113.png	Председатели СПС
0004114.png	Армянский театр музыкальной комедии
0004115.png	Файловые типы в Паскале делятся на типизированные, текстовые и файлы без типов.
0004116.png	Россия
0004117.png	Механическая часть
0004118.png	Сплав
0004119.png	На русском языке
0004120.png	Преподаватели Императорской Академии художеств
0004121.png	подробность, точность, конкретность, т. е. формальная определённость.
0004122.png	4, 8, 17, 27 июля
0004123.png	Значительные улучшения оптимизатора
0004124.png	История
0004125.png	Автомобильное сообщение
0004126.png	Последние годы жизни
0004127.png	Деловые новости
0004128.png	игрок в момент броска наступил или заступил за линию кона (полукона);
0004129.png	почётный член Московского технического училища (1880).
0004130.png	Наименование
0004131.png	Люди, связанные с районом
0004132.png	Артемии
0004133.png	Никольский А. А. О происхождении фамилии Срезневский
0004134.png	Рост, развитие, размножение
0004135.png	Джон Суайгерт
0004136.png	Орден Труда (КНДР)
0004137.png	Ламормен, Вильгельм Жермен
0004138.png	Специальные представители Президента Российской Федерации
0004139.png	Генерал от инфантерии
0004140.png	Одри Тоту, французская актриса театра и кино.
0004141.png	Булева функция
0004142.png	Обонятельная система
0004143.png	Пасхалия
0004144.png	Множество рациональных чисел  плотно в пространстве вещественных чисел .
0004145.png	Командные оболочки
0004146.png	Производство готовых лекарственных форм:
0004147.png	Основные теории истины
0004148.png	Награждённые Национальной медалью науки США
0004149.png	Съёмочная группа работала практически круглосуточно.
0004150.png	218 км: Миасс (длина 658 км) (правый)
0004151.png	Семантическая вики
0004152.png	водороды потеряв,
0004153.png	Дипломаты Германии
0004154.png	Видео лучших голов Зинедина Зидана
0004155.png	Ссылки
0004156.png	Гибралтар,
0004157.png	Божественная пропорция
0004158.png	Внешняя торговля
0004159.png	Феофан Грек.
0004160.png	«Сатурн» (Александров)
0004161.png	ЗАО «Онегалеспром»
0004162.png	Члены Клуба Григория Федотова
0004163.png	Сварочный прижим (прижим)
0004164.png	Личная жизнь
0004165.png	Культура Византии
0004166.png	Латеранский собор и его последствия
0004167.png	Почётные доктора Чикагского университета
0004168.png	Литература
0004169.png	Детальная статистика
0004170.png	См. также
0004171.png	Книга захватов
0004172.png	Сейсмические волны и их измерение
0004173.png	и др. микроорганизмы:
0004174.png	Гонки квадриг и скачки
0004175.png	Вурнарский район Чувашской Республики
0004176.png	Применение
0004177.png	Дядя Ваня
0004178.png	См. также
0004179.png	Спитцер:
0004180.png	Примечания
0004181.png	Маршрутное такси
0004182.png	ДВК-3М
0004183.png	Со стороны репродуктивной системы: азооспермия, аменорея.
0004184.png	Основные допущения
0004185.png	Почётные доктора Кёнигсбергского университета
0004186.png	Персонажи мультсериала «Трансформеры: Первое поколение»
0004187.png	Родились
0004188.png	Кратер на Марсе.
0004189.png	Учебная программа
0004190.png	Примечания
0004191.png	Установлены дипломатические отношения между Узбекистаном и Афганистаном.
0004192.png	Большемалинский льнозавод в с. Большое Малинское (производство льноволокна)
0004193.png	События
0004194.png	Густав Ведер, швейцарский бобслеист, двукратный олимпийский чемпион.
0004195.png	Вперёд, вперёд, вперёд, вперёд, вперёд! Гимн свободной России
0004196.png	Либерально-демократические партии
0004197.png	См. также: :Категория:Родившиеся в 1673 году
0004198.png	Ишболдин Б. Очерки из истории татар
0004199.png	Принятие закона
0004200.png	Сражения во Франции
0004201.png	Среднегодовая температура составляет примерно
0004202.png	Литература
0004203.png	Книги
0004204.png	Этапы развития мирового хозяйства
0004205.png	История
0004206.png	Культура
0004207.png	7-я гвардейская ракетная Режицкая Краснознаменная дивизия;
0004208.png	5 октября
0004209.png	Упоминается в книге А. Прозорова «Ведун. Креститель»
0004210.png	Ачинский ДРСу;
0004211.png	«Пожар»
0004212.png	Орден Святого Иоанна Иерусалимского, командор (1799)
0004213.png	Промышленность
0004214.png	Идёт весёлый бог, цветов и жатв отец!
0004215.png	В 1971 году награждена орденом «Знак Почёта».
0004216.png	История названия
0004217.png	Литература
0004218.png	Память
0004219.png	движение за демократию в США;
0004220.png	Сентябрь
0004221.png	км от устья
0004222.png	Географическое положение
0004223.png	Габриэль Гарсиа Маркес в библиотеке журнала «Скепсис»
0004224.png	Применение
0004225.png	Основные задачи маркетинга:
0004226.png	История
0004227.png	Меч Уоллеса
0004228.png	В культуре
0004229.png	Форумы
0004230.png	Пречистенская набережная
0004231.png	Нараян Притхви, король Непала с 1769.
0004232.png	предоставлению услуг в области шифрования информации;
0004233.png	Документы
0004234.png	Примечания
0004235.png	Сергей Балтача
0004236.png	пластик: бирки, оптические диски
0004237.png	В Иордании
0004238.png	Дерик Брассар, канадский хоккеист, чемпион мира (2016).
0004239.png	Валюты с названием «доллар»
0004240.png	Каторга и ссылка
0004241.png	Историческая справка
0004242.png	Историки Германии
0004243.png	В ряде стран мира 112 является номером экстренного телефонного вызова
0004244.png	Отношение к церкви
0004245.png	Достопримечательности Санкт-Петербурга
0004246.png	компания «Благовещенский железобетон»,
0004247.png	Нирвана в джайнизме
0004248.png	Итальянские поэты
0004249.png	волной к волне слагается молитва,
0004250.png	Сайт «Российская антропология» (физическая антропология)
0004251.png	В 1920 году была создана земля Тюрингия и Йена вошла в её состав.
0004252.png	Шаховская мост-плотина
0004253.png	Карвинг, во всех его разновидностях
0004254.png	Список аксумских царей
0004255.png	физико-математический лицей,
0004256.png	Селена
0004257.png	Оптика
0004258.png	Название
0004259.png	Центральная муниципальная детская библиотека им. М. Горького
0004260.png	Образование
0004261.png	Орден «Золотой Орёл» Героя Арцаха (НКР)
0004262.png	Климат
0004263.png	Популяризация биологии
0004264.png	Примечания
0004265.png	Известные представители
0004266.png	часть Великобритании
0004267.png	Театр
0004268.png	Стратегические ядерные силы Российской Федерации
0004269.png	Награды
0004270.png	Мизантропические формы жизни
0004271.png	Уровни организации жизни
0004272.png	Ледовый дворец «КАМАЗ»
0004273.png	Чемпионат России
0004274.png	Университеты Москвы
0004275.png	Лекции
0004276.png	Распалась Монгольская империя.
0004277.png	Полетаев Владимир Владимирович
0004278.png	Бесплатный инструментарий стоимостью в миллиард
0004279.png	Родригесский диалект
0004280.png	Районные центры Чехии
0004281.png	Искусство Древней Руси
0004282.png	В память о Павле Скоропадском в Киеве открыты две мемориальные доски.
0004283.png	Педагогическая деятельность
0004284.png	Виконты Беарна
0004285.png	См. также
0004286.png	Выпускники Медицинского колледжа больницы Святого Варфоломея
0004287.png	Наречие
0004288.png	Хирохико Араки, японский мангака.
0004289.png	Форменная фурнитура (основная часть предметов).
0004290.png	Августинцы-каноники
0004291.png	Административно-территориальное деление Чувашии
0004292.png	Ссылки
0004293.png	Иордания
0004294.png	Интересные факты
0004295.png	Основные понятия
0004296.png	Нова-Хута, Польша
0004297.png	Сочинения
0004298.png	Герб Коломниных внесен в
0004299.png	Услуги стационарной связи и передачи данных
0004300.png	Справочник почтовых индексов Луганской области
0004301.png	дурнишник
0004302.png	Распятые святые
0004303.png	Северная война
0004304.png	Хроники Дюны
0004305.png	В городе Смоленске установлен памятник Владимиру Мономаху
0004306.png	Городские поселения, упразднённые в 2017 году
0004307.png	Военно-врачебная экспертиза
0004308.png	В историографии
0004309.png	Миссисипи:
0004310.png	французского орден Почётного легиона, большой крест (20.12.1896);
0004311.png	Дипломатические отношения Палестинской национальной администрации
0004312.png	Алгоритмическая сложность
0004313.png	Население
0004314.png	Автомобильные дороги связывают район с Белебеем, Приютово, Туймазами, Уфой.
0004315.png	Похороненные на Введенском кладбище
0004316.png	Институт им. Гельмгольца
0004317.png	Библиография
0004318.png	Псевдокривые и гистограммы
0004319.png	Слезотечение;
0004320.png	Основные понятия
0004321.png	Городовиковский район
0004322.png	Поморцев, Михаил Михайлович
0004323.png	Пение
0004324.png	Национальный состав
0004325.png	Музей изобразительных искусств (Здание Дворянского собрания)
0004326.png	где ,
0004327.png	Модульность
0004328.png	Полнометражные фильмы
0004329.png	(СИ):
0004330.png	Нарушение сегментации
0004331.png	Коррозия и защита от коррозии
0004332.png	Премия «Оскар»
0004333.png	Ниже приведены выдержки из переписки заинтересованных сторон.
0004334.png	Листки Ундольского
0004335.png	Спасение озера
0004336.png	Комментарии
0004337.png	Избрание хана в независимом Казахском ханстве
0004338.png	Примечания
0004339.png	Дважды Герои Советского Союза
0004340.png	Белфаст в культуре
0004341.png	плотность тока:
0004342.png	Еврорегион «Ярославна»
0004343.png	Литература
0004344.png	Литература
0004345.png	Историки права
0004346.png	После ходов:
0004347.png	Оригиналы
0004348.png	1 детскую художественную школу;
0004349.png	Биография
0004350.png	Хохлов, Алексей Ремович
0004351.png	Средства массовой информации
0004352.png	На практике для измерения температуры также используют
0004353.png	Токсичность
0004354.png	Денали, Северная Америка (6194 м)
0004355.png	Поздние годы
0004356.png	Лунное общество
0004357.png	См. также: Правила измерения артериального давления
0004358.png	Характеристики
0004359.png	Сигиллий
0004360.png	Псевдонимы философов
0004361.png	5 июля
0004362.png	Награды и звания
0004363.png	Мифологическое сознание
0004364.png	«Смысл и красота рукописей (Речь на книжной выставке в Лондоне)»
0004365.png	Военное дело включает в себя следующие компоненты:
0004366.png	История
0004367.png	Карагандинский экономический университет Казпотребсоюза
0004368.png	См. также
0004369.png	События
0004370.png	В1 и липоат
0004371.png	Покровская церковь (1780 г.) на левом берегу Мологи;
0004372.png	Психоанализ
0004373.png	Всего создано семь МКС в соответствии с количеством федеральных округов.
0004374.png	По объёму
0004375.png	Литература
0004376.png	15 декабря
0004377.png	Достопримечательности
0004378.png	Йювяскюля, Финляндия
0004379.png	По числу распределительных валов:
0004380.png	Нижегородского института менеджмента и бизнеса,
0004381.png	Награждённые Королевской медалью
0004382.png	Аланы
0004383.png	Результаты выступления в КХЛ
0004384.png	Установление монархии в Португалии
0004385.png	Анксиолитики
0004386.png	Флора Евразии
0004387.png	Оптические устройства
0004388.png	«Плешивый» или «Лысый»
0004389.png	Сторонник конституционной монархии и теории общественного договора.
0004390.png	См. также: :Категория:Родившиеся в 1764 году
0004391.png	Кафедра русского языка
0004392.png	См. также
0004393.png	Вузовское образование
0004394.png	Национальный день Кувейта
0004395.png	Лодзинский университет (2002)
0004396.png	Пространство, каждая точка которого является изолированной, является дискретным
0004397.png	Необходимые элементы
0004398.png	Примечания
0004399.png	Завьяловский заказник
0004400.png	Часовня (с. Ставд- Дурта);
0004401.png	Библиография
0004402.png	Машиностроительные САПР механических устройств;
0004403.png	Открытие неопубликованных произведений о Шерлоке Холмсе и докторе Ватсоне
0004404.png	«Маленькие эмигранты, или переписка детей» (М., 1811)
0004405.png	Почётные граждане Будённовска
0004406.png	Сельская усадьба
0004407.png	Два ордена Трудового Красного Знамени (1950 и 1954)
0004408.png	, Новый Сонч
0004409.png	Сёрланн (Южная Норвегия):
0004410.png	: Дело о станционном смотрителе (12-я серия)
0004411.png	Аллювиальные речных долин, маршей и мангров
0004412.png	Обработка стали
0004413.png	Районные центры Пермского края
0004414.png	20 августа
0004415.png	Ссылки
0004416.png	Авиация
0004417.png	Младший сын оставался у родителей и впоследствии обязывался помогать всей семье.
0004418.png	Квартира-музей Астрид Линдгрен
0004419.png	более высокое качество сигнала;
0004420.png	Пенометалл
0004421.png	Цымановский, Виталий Витальевич (15.09.2003, 796)
0004422.png	Кабельное телевидение:
0004423.png	Социальная сфера
0004424.png	Ссылки
0004425.png	Анод:
0004426.png	Церковные награды
0004427.png	Русские царевичи из династии Романовых
0004428.png	Правовой департамент
0004429.png	Физический облик
0004430.png	Графен
0004431.png	Выпускники Санкт-Петербургского института культуры
0004432.png	Литература
0004433.png	См. также
0004434.png	Признание и память
0004435.png	Биография
0004436.png	См. также: :Категория:Родившиеся в 1559 году
0004437.png	Города, награждённые орденом Трудового Красного Знамени
0004438.png	Артём Леонтьев (24-й общий)
0004439.png	Мемуаристы Венгрии
0004440.png	Сэйю: Эцуко Кодзакура
0004441.png	«История карлика Якоба и принцессы Мими» Цеслюкевич
0004442.png	Франсуа де Колиньи, сеньор де Шатильон (сын адмирала)
0004443.png	Племена
0004444.png	В Гербовник внесены две фамилии Ждановых:
0004445.png	Крепостные сооружения в Древней Руси
0004446.png	Ссылки
0004447.png	Футфистинг
0004448.png	Медаль «10 лет Афганской революции» (1988);
0004449.png	Акромегалия
0004450.png	О человеческой природе
0004451.png	«Подвиг» (совм. с В. Тодоровским; 2002).
0004452.png	Ноябрь
0004453.png	Сэки-хан ()
0004454.png	Андер Эррера, испанский футболист баскского происхождения.
0004455.png	Родившиеся в Липецкой области
0004456.png	Статистика пассажирских перевозок в России
0004457.png	14 сентября
0004458.png	История
0004459.png	Философы Польши
0004460.png	Близнята
0004461.png	Природа
0004462.png	Государственные награды
0004463.png	Мировой рынок кофе
0004464.png	И в трагедии рыдает.
0004465.png	История
0004466.png	Писатели Швейцарии
0004467.png	Гейр (Копье)
0004468.png	Кондратенко, Николай Игнатович
0004469.png	Посмертная слава
0004470.png	Саксонская горная и низкогорная зона,
0004471.png	Моряки Первой мировой войны (Австро-Венгрия)
0004472.png	Японские мечи
0004473.png	Крутящий момент : 520 Нм
0004474.png	Персоналии:Плёс
0004475.png	Маркировка цветными полосками
0004476.png	Магистральная сеть связи
0004477.png	Анастигмат
0004478.png	фильм 1, Тост маршала Гречко
0004479.png	Мень, Александр «Мировая духовная культура»
0004480.png	Театры, основанные в 1931 году
0004481.png	Симуляция
0004482.png	Самоуправляемые церкви
0004483.png	Орден Святого Станислава 1-й степени с мечами (1877)
0004484.png	Сергеев, Геннадий Николаевич (07.10.1993, 039)
0004485.png	Философия жизни
0004486.png	Дворянство
0004487.png	роман-хроника «Обыкновенная мама», 1968
0004488.png	Залуских
0004489.png	Биография
0004490.png	В. Вернадскому (1981)
0004491.png	Климат
0004492.png	Широко развита лесная инфраструктура.
0004493.png	Культура
0004494.png	«Портрет императрицы Анны Иоанновны», 1730
0004495.png	Реки Ровненской области
0004496.png	Орнитоптер на мускульной тяге
0004497.png	возможность отказа в обслуживании в связи с отсутствием свободных машин;
0004498.png	Животноводство
0004499.png	Марш советской милиции (1977)
0004500.png	Георгий Вьюн
0004501.png	Флюссер В. За философию фотографии. СПб.: Издательство СПбГУ, 2006
0004502.png	География
0004503.png	Примечания
0004504.png	В искусстве
0004505.png	Криста Айн, американская модель и актриса.
0004506.png	Даргинский драматический театр
0004507.png	Органы чувств
0004508.png	Безопасность дорожного движения
0004509.png	Лингвистическая характеристика
0004510.png	Чётность:
0004511.png	События
0004512.png	География
0004513.png	Ссылки
0004514.png	Александрова
0004515.png	Моретрясение
0004516.png	Литература
0004517.png	Видеография
0004518.png	Системы Аманта и Пурниманта
0004519.png	Ортоптерологи
0004520.png	См. также
0004521.png	Предпосылки
0004522.png	Международные отношения
0004523.png	См. также
0004524.png	Социально-экономическая ситуация на Украине в конце 2004 года
0004525.png	С помощью внешнего микрофона удалось сделать запись звука ветра на Титане.
0004526.png	Свойства бозона Хиггса
0004527.png	Способ применения и дозы
0004528.png	Готфрид Вильгельм Лейбниц
0004529.png	См. также
0004530.png	Архипова М. М. Ф. ГНЕСИН И ЕГО ТЕОРИЯ «МУЗЫКАЛЬНОГО ЧТЕНИЯ»
0004531.png	87 год до н. э.
0004532.png	Организации по разработке ракетного оружия СССР и России
0004533.png	Литература
0004534.png	квартал «Текстильщики»
0004535.png	Телеведущие Первого канала
0004536.png	Примечания
0004537.png	Уменьшение и исправление
0004538.png	Персоналии:Рязанская губерния
0004539.png	Примечания
0004540.png	Сайт города
0004541.png	Гидросфера
0004542.png	Иранский Курдистан
0004543.png	Петров, Олег Михайлович (07.10.1993, 051)
0004544.png	Манатуту
0004545.png	Примечания
0004546.png	Союз писателей Азербайджана
0004547.png	Общие факторы почвообразования
0004548.png	Примеры дольника
0004549.png	Литература
0004550.png	По форме начала движения лавины.
0004551.png	Первоначальные реформы
0004552.png	См. также
0004553.png	Агентство национальной безопасности США
0004554.png	Акции
0004555.png	Биография
0004556.png	Радио
0004557.png	Партия «Великая Румыния»
0004558.png	Связь
0004559.png	Домашняя страница
0004560.png	Служба Ивану Грозному
0004561.png	Институт биологической кибернетики
0004562.png	грязью: грязелечение;
0004563.png	Родились
0004564.png	Даунхилл
0004565.png	Виды паломничества (ихрама)
0004566.png	Спускаемые аппараты
0004567.png	Католическая церковь
0004568.png	Климат
0004569.png	гравер (дремель) (прямошлифовальная машинка)
0004570.png	В литературе
0004571.png	Опухоль головного мозга, Неоплазии (раковые заболевания)
0004572.png	Известные носители
0004573.png	«Вести»
0004574.png	Телекомпания «Ивье»
0004575.png	И в небе тёмном
0004576.png	Лауреаты международной премии им. Карла Великого
0004577.png	Патрульные катера: св. 50 ед.
0004578.png	Литература
0004579.png	Наследие позднего буддизма Махаяны
0004580.png	Секретное завещание генерала Квашнина
0004581.png	Президент: Виктор Рашников
0004582.png	Трудовой договор в Российской Федерации
0004583.png	Научно-популярные ресурсы
0004584.png	Примечания
0004585.png	Зеленка (приток Левтутутвеема).
0004586.png	С праведными странами всего мира
0004587.png	дочь Лидия, работает на Первом канале
0004588.png	Литература
0004589.png	Дальневосточный морской заповедник
0004590.png	8-е тетраэдральное число.
0004591.png	Донжон Выборгского замка (башня св. Олафа).
0004592.png	Фреголи
0004593.png	Северодвинский мост («Старый мост»),
0004594.png	История
0004595.png	Члены Зала славы научной фантастики и фэнтези
0004596.png	б) представлен как альтернатива иного ряда;
0004597.png	Валентин Николаев
0004598.png	3-я Рыбацкая улица
0004599.png	«Поднять кошку»
0004600.png	Для целых положительных , где , должно выполняться равенство
0004601.png	Административное устройство
0004602.png	Базовая морфология
0004603.png	Великая Отечественная война
0004604.png	энергоносители (2,8 млрд).
0004605.png	нормативность
0004606.png	Сония Брага, бразильская и американская актриса.
0004607.png	17 июля 2020 года принято новое деление области на 7 районов:
0004608.png	Иностранные члены Французской академии наук
0004609.png	В Стерлитамакском районе 111 населённых пунктов.
0004610.png	Графы Невера
0004611.png	Гидрография
0004612.png	Интервью и лекции
0004613.png	Подготовка к экспедиции
0004614.png	Чемпионаты страны
0004615.png	География
0004616.png	См. также: :Категория:События 20 июля
0004617.png	В Библии
0004618.png	Техническая компетентность ()
0004619.png	Профиль спектральной линии
0004620.png	Катеноид (получается вращением цепной линии).
0004621.png	Литература
0004622.png	Объекты, названные в честь фильма
0004623.png	Композиторы Российской империи
0004624.png	Безопасность жизнедеятельности в техносфере
0004625.png	Появление технологий, нашедших применение в персональных компьютерах
0004626.png	Сравнительная таблица волн
0004627.png	Источники
0004628.png	Бобслей
0004629.png	Нейролептики
0004630.png	Академическая карьера
0004631.png	Впоследствии состав Государственного комитета обороны неоднократно менялся:
0004632.png	Награды по алфавиту
0004633.png	Шёнфлис, Артур Мориц
0004634.png	Пример
0004635.png	Научная деятельность
0004636.png	генерал ВВС (с 25.10.2000);
0004637.png	Более подробно:
0004638.png	Добрый бык,
0004639.png	Послы Российской империи в Пруссии
0004640.png	Методы исследования
0004641.png	промежуточная клиновидная кость () (2 кости);
0004642.png	Математическое обоснование
0004643.png	26 июля
0004644.png	Скит Никона (1658)
0004645.png	Официальный сайт
0004646.png	Достопримечательности Санкт-Петербурга
0004647.png	Балашовская станция скорой медицинской помощи
0004648.png	Лыжные гонки
0004649.png	См. также: :Категория:Родившиеся в 1025 году
0004650.png	Ссылки
0004651.png	Лучший футболист стран СНГ и Балтии (Приз «Звезда»):
0004652.png	Компьютеры Германии
0004653.png	кафедра вычислительной физики
0004654.png	Кавалеры «Ордена рыцарей фантастики»
0004655.png	Амурская область (с 1858 года)
0004656.png	Происхождение и история рода
0004657.png	лучший рассказ (до 7500 слов).
0004658.png	Общественные деятели Российской империи
0004659.png	Выпускники Кембриджского университета
0004660.png	Центр развития творчества детей и юношества
0004661.png	Для работ «научных креационистов» типичны следующие положения:
0004662.png	Гонорий (римский император)
0004663.png	Судебные процессы
0004664.png	Консультативные органы
0004665.png	Сочи, Россия
0004666.png	В искусстве
0004667.png	Строительное училище
0004668.png	Начало первой войны между Ахейским княжеством и Византией.
0004669.png	Писатели фэнтези России
0004670.png	Дома-музеи Циолковского и Чижевского в Калуге.
0004671.png	возникают ли у пациента эпизоды свистящих хрипов, в том числе и повторяющиеся;
0004672.png	«Рейд Дулиттла»
0004673.png	: Санкт-Петербург (6 октября 1991)
0004674.png	См. также .
0004675.png	Почётные доктора университета Витовта Великого
0004676.png	стационарная (крепостная);
0004677.png	Римско-католическая церковь
0004678.png	Ценные бумаги
0004679.png	Гидравлические движители широко применяются на судах водоизмещающего типа.
0004680.png	Члены Матицы сербо-лужицкой
0004681.png	Литература
0004682.png	См. также: :Категория:Умершие в 1872 году
0004683.png	Новгородцев, Павел Иванович
0004684.png	Начало территориальной экспансии
0004685.png	Импрессионизм в литературе
0004686.png	История
0004687.png	При передозировке пипотиазина возможны острый паркинсонический синдром и кома.
0004688.png	Гагарина, улица
0004689.png	память преподобномученицы Марфы Ковровой и мученика Михаила Строева (1938);
0004690.png	Алехандро Домингес
0004691.png	Президенты, вступившие в должность в 1986 году
0004692.png	потребление определённых аминокислот (аргинин, орнитин, лизин, глутамин)
0004693.png	В другом интервью Филип ту же ситуацию описал следующим образом:
0004694.png	Звуки, издаваемые этими животными, напоминают кашель или пронзительный визг.
0004695.png	57 сельских поселений.
0004696.png	Наска (археологическая культура)
0004697.png	См. также
0004698.png	Университетская клиника Кёнигсберга
0004699.png	США отправили 3000 военнослужащих в Гондурас.
0004700.png	Гребенщиков на Западе
0004701.png	Ссылки
0004702.png	Примечания
0004703.png	Другие
0004704.png	89 год.
0004705.png	Снаряжение
0004706.png	История
0004707.png	В ядерной энергетике цирконий является основным материалом оболочек твэлов.
0004708.png	Примечания
0004709.png	Лишение церкви податного иммунитета.
0004710.png	Произведения для оркестра
0004711.png	Сообщество
0004712.png	Кухня
0004713.png	Сам Ньютон оценивал свои достижения более скромно:
0004714.png	Тайные советники
0004715.png	восстание Булавина;
0004716.png	Умершие от астмы
0004717.png	Портал «ТАСС-Бизнес»
0004718.png	Дивизионный генерал (23 мая 1800 года, утверждён 22 августа 1800 года).
0004719.png	История создания
0004720.png	хранилище данных;
0004721.png	медицинский колледж;
0004722.png	Легализация наркотиков
0004723.png	На межрегиональном уровне:
0004724.png	Притоки Волги
0004725.png	Орден Святого Владимира 4-й степени (1866 год)
0004726.png	Публицисты Российской империи
0004727.png	Жанры фантастики
0004728.png	Ссылки
0004729.png	Взгляды
0004730.png	Ссылки
0004731.png	Католические святые
0004732.png	Официальный сайт администрации г. Байконур. Почётные граждане города.
0004733.png	14 июня
0004734.png	Элементы винта
0004735.png	Годы обучения
0004736.png	Тимофеев, Николай Дмитриевич (актёр) (с 1950 года)
0004737.png	Королевства Содружества
0004738.png	Победитель Спартакиады народов СССР: 1956
0004739.png	Биография
0004740.png	По сравнению с двигателями внешнего сгорания ДВС:
0004741.png	Орден Карла Маркса (ГДР)
0004742.png	Аффинное и проективное пространство
0004743.png	Русские мужские имена
0004744.png	Примечания
0004745.png	Дикастерия по делам институтов посвящённой жизни и обществ апостольской жизни;
0004746.png	Орден «За заслуги» (Ингушетия, 2012 год)
0004747.png	Транспорт
0004748.png	География Запорожья
0004749.png	Нур-Норге (Северная Норвегия):
0004750.png	Документы Российской империи
0004751.png	Казахстан и Австралия установили дипломатические отношение.
0004752.png	Литература
0004753.png	Со струн летели
0004754.png	Нитрозирование
0004755.png	Законодательное собрание Пуэрто-Рико
0004756.png	Географическое положение
0004757.png	В Москве
0004758.png	См. также
0004759.png	Марианна Мур (р. 1887), американская поэтесса-модернистка.
0004760.png	Количество элементов в орбите
0004761.png	Кафедра медицинской биологии и генетики
0004762.png	Две пешки, как правило, выигрывают. Так, например:
0004763.png	Двойные звёзды
0004764.png	Здравоохранение
0004765.png	Зимние праздники в космосе
0004766.png	Жизненный цикл
0004767.png	«Добрый Лука, или вот мой день», опера Монвеля (СПб., 1814).
0004768.png	Медаль «За оборону Сталинграда»
0004769.png	Король в Речи Посполитой
0004770.png	Инженер-полковники
0004771.png	Ворота
0004772.png	Ссылки
0004773.png	Верхняя улица
0004774.png	Применение
0004775.png	Список самых высоких мостов (от верхушки до нижней части опоры)
0004776.png	нейтральный элемент обозначается «» или  и называется единицей;
0004777.png	«Английские мистерии» (1877),
0004778.png	Назначают внутривенно и внутрь.
0004779.png	Литература
0004780.png	Родной город учёного назван в его честь Беруни в 1957 году.
0004781.png	ОПХ «Россия»,
0004782.png	Люди, связанные с Набережными Челнами
0004783.png	Ссылки
0004784.png	Проблемы
0004785.png	Личный состав
0004786.png	Кинофильмы
0004787.png	Ссылки
0004788.png	Лариса Брохман, российская актриса озвучивания, певица.
0004789.png	Административное устройство
0004790.png	Народная артистка СССР (6 марта 1950)
0004791.png	Образование, наука и культура
0004792.png	(в пер.)
0004793.png	Эвгемер
0004794.png	Марксисты
0004795.png	Петра Кронбергер, австрийская горнолыжница, двукратная олимпийская чемпионка.
0004796.png	Сильные стороны
0004797.png	Тициан Табидзе
0004798.png	См. также
0004799.png	Награды и признание
0004800.png	Хлои Кардашьян, американская телевизионная персона, бизнесвумен.
0004801.png	См. также: :Категория:События 27 декабря
0004802.png	См. также: :Категория:Умершие в 1879 году
0004803.png	Основные высшие учебные заведения Запорожской области:
0004804.png	Подросток в современном мире
0004805.png	Шпитцер
0004806.png	Осенью цзюйцы напали на восточные границы Лу.
0004807.png	Аристотель «Метафизика»
0004808.png	См. также
0004809.png	Сава Чалий
0004810.png	Датский Орден Слона (10.09.1881);
0004811.png	Воронежская областная универсальная научная библиотека им. И. С. Никитина,
0004812.png	Театральная студия «Улица лиц»
0004813.png	Какие могут быть другие взгляды на ситуацию?
0004814.png	Сеньоры Монпелье
0004815.png	Анахронизмы Книги Мормона
0004816.png	Сенаторы от штата Юта
0004817.png	группы аварийного ввода бора;
0004818.png	Биография
0004819.png	Аль-Ашраф Халил стал мамлюкским султаном Египта
0004820.png	Лауреаты прайм-тайм премии «Эмми»
0004821.png	8 января
0004822.png	Копье
0004823.png	В Казахстане по состоянию на 2019 год имелось 48 посёлков городского типа ().
0004824.png	сосудистый делирий (при сосудистых заболеваниях головного мозга)
0004825.png	Майнди Крист, американская актриса и кинопродюсер.
0004826.png	Синцитий стеклянных губок
0004827.png	Джон Дос Пассос (ум. 1970), американский писатель португальского происхождения.
0004828.png	Физика внутренних волн
0004829.png	Ссылки
0004830.png	Литература
0004831.png	Целостность восприятия
0004832.png	защита от безработицы и содействие в трудоустройстве;
0004833.png	Гюльденштедт восклицал:
0004834.png	Дм. Ефремов, Новая геометрия треугольника. (1902)
0004835.png	Побочные эффекты
0004836.png	Гибралтарский залив на южной оконечности Пиренейского полуострова
0004837.png	Тунгуска (ЗРПК)
0004838.png	Литературная и издательская деятельность
0004839.png	Вритра
0004840.png	Высокопланы
0004841.png	Манга 2002 года
0004842.png	Примечания
0004843.png	Список действий 2
0004844.png	Члены КПСС
0004845.png	Мечеть «Гуфран» (Мусульманское кладбище)
0004846.png	Музей «Пурна Бхакти Пертиви» (подарок президенту, 1993)
0004847.png	деление результата на 8 блоков длиной по 6 бит каждый:
0004848.png	Святой Трифон, пострадавший в 248 году;
0004849.png	Храм преп. Серафима Саровского (с. Федино)
0004850.png	Апломбов).
0004851.png	Ресурсы
0004852.png	«Апельсины для коня»
0004853.png	Национализм и сепаратизм
0004854.png	Другое
0004855.png	Ссылки
0004856.png	Ссылки
0004857.png	Конструкторское бюро транспортного машиностроения
0004858.png	Хранение
0004859.png	История
0004860.png	Директива (программирование)
0004861.png	Физико-географическая характеристика
0004862.png	«День Ряполовского» (1912)
0004863.png	В Махачкале во дворе линейного УВД произошёл взрыв бомбы. Жертв нет.
0004864.png	Со стороны эндокринной системы
0004865.png	20 мая
0004866.png	Организация боевых групп
0004867.png	82 - количество гексагексов.
0004868.png	Национальные
0004869.png	Родились
0004870.png	Академик Международной академии аграрного образования (Москва).
0004871.png	Примечания
0004872.png	Ботаническое описание
0004873.png	Политики Египта
0004874.png	Орден Святой Анны 2-й степени (6 декабря 1910)
0004875.png	События
0004876.png	Отношения с творческой интеллигенцией
0004877.png	Примечания
0004878.png	Стероидные гормоны
0004879.png	Члены «Единой России»
0004880.png	Ограничения оборота и употребления алкоголя
0004881.png	Симфонические оркестры
0004882.png	Писатели барокко
0004883.png	Водные ресурсы
0004884.png	Кубок Английской футбольной лиги
0004885.png	Примечания
0004886.png	События
0004887.png	См. также
0004888.png	О названии
0004889.png	Музеи
0004890.png	Географическое положение
0004891.png	Скончались
0004892.png	Религиозные деятели Эстонии
0004893.png	Труды
0004894.png	Дописьменный период
0004895.png	или (в терминологии «Картезианских размышлений»):
0004896.png	Ладислав Фридрих (умер в раннем детстве)
0004897.png	Рудольфинцы
0004898.png	Оценки
0004899.png	Примитивные типы данных
0004900.png	Мухаммад аль-Фазари, астронома и математика.
0004901.png	Детективы
0004902.png	См. также
0004903.png	Появились в 1994 году в России
0004904.png	Независимые приложения
0004905.png	Свойства:
0004906.png	Возможные последствия
0004907.png	Смерть
0004908.png	Спортивная снегоходная трасса
0004909.png	Расположение
0004910.png	Женщины-философы
0004911.png	Библиография
0004912.png	Ссылки
0004913.png	сухопутные
0004914.png	Источники вдохновения
0004915.png	Соединения германия
0004916.png	Фармакологические свойства
0004917.png	Применение
0004918.png	История
0004919.png	Загрязнение среды
0004920.png	Центральная Азия (Казахстан, Киргизия, Таджикистан, Туркменистан, Узбекистан).
0004921.png	Вторжение датчан в Англию.
0004922.png	Послабления в легальном обороте длинноствольного оружия.
0004923.png	Наукограды
0004924.png	Достопримечательности
0004925.png	Организация уничтожения армян
0004926.png	Гравитация
0004927.png	Системы единиц измерения
0004928.png	Скончались
0004929.png	Из истории вопроса
0004930.png	среднее кольцо (),
0004931.png	1910-е годы
0004932.png	Персоналии
0004933.png	Примечания
0004934.png	Ранние годы
0004935.png	Биофизика сложных систем:
0004936.png	Примечания
0004937.png	Резолюции Совета Безопасности ООН по Карабахскому конфликту
0004938.png	Румынский язык
0004939.png	Чины и звания
0004940.png	Соавторы
0004941.png	В геральдике
0004942.png	Центр (, Чентру);
0004943.png	Ссылки
0004944.png	Мужские:
0004945.png	История
0004946.png	История
0004947.png	Колодостроительство
0004948.png	Декабристоведы
0004949.png	(официальная информация; список населённых пунктов)
0004950.png	Православие
0004951.png	408 км: Семёновка (пр)
0004952.png	Центральная служба разведки СССР (ЦСР СССР)
0004953.png	География
0004954.png	орден Дружбы народов (2 июня 1988)
0004955.png	Кэтрин Ланаса, американская актриса, хореограф и бывшая балерина.
0004956.png	развитие финансового рынка России;
0004957.png	Дайан Китон, американская актриса.
0004958.png	Приметы
0004959.png	Кировский
0004960.png	История
0004961.png	Ссылки
0004962.png	Единицы измерения длины в физике
0004963.png	МКФ в Москве (Золотой приз, фильм «Доживем до понедельника», 1969)
0004964.png	Преподаватели Академии Витти
0004965.png	См. также
0004966.png	ООО «Мстинское молоко»
0004967.png	ЦК Итальянской коммунистической партии учредил медаль «Гарибальди».
0004968.png	Санкт-Петербургская математическая олимпиада
0004969.png	Макриан Старший, Римский узурпатор
0004970.png	Механика и физика
0004971.png	Экология Белоруссии
0004972.png	Награды
0004973.png	Члены Союза писателей Москвы
0004974.png	Примечания
0004975.png	Экономика
0004976.png	Главы города
0004977.png	Тверская область
0004978.png	Нейрофизиология
0004979.png	Стандарты на решение изобретательских задач
0004980.png	Оптический прицел
0004981.png	Ибн Абд ал-Хакама, первый историк Египта.
0004982.png	Цель игры и продолжительность партии
0004983.png	Гласные:
0004984.png	Между двумя революциями
0004985.png	Мальчик и Червяк
0004986.png	Примечания
0004987.png	Наиболее распространены опционы двух видов: американский и европейский.
0004988.png	Премьер-министр Японии
0004989.png	Ссылки
0004990.png	Китайская традиционная медицина
0004991.png	См. также
0004992.png	Связь и коммуникации
0004993.png	Соли Туттона
0004994.png	Примечания
0004995.png	Отбит набег сяньби.
0004996.png	История благотворительности в России
0004997.png	Электрическая
0004998.png	Трое с площади Карронад. Повесть (1979)
0004999.png	Литература
0005000.png	Аутентификация и защита идентификационной информации узлов
0005001.png	Территория Смоленской области обслуживается Московской железной дорогой.
0005002.png	Литература
0005003.png	перемещение материалов между складами и цехами.
0005004.png	«Айсберен» (Берлин, Германия)
0005005.png	См. также
0005006.png	Боевое применение во время Великой Отечественной войны
0005007.png	Ветеринарной медицины и зоотехнии
0005008.png	ОАО Коростенский завод химического машиностроения;
0005009.png	«Таппара» (Тампере, Финляндия)
0005010.png	См. также
0005011.png	Алан Дорвард, шотландский граф.
0005012.png	Центры автономных округов России
0005013.png	Эндаумент-фонд МГИМО
0005014.png	Соленоидальное векторное поле
0005015.png	Санинструктор
0005016.png	Примечания
0005017.png	Ссылки
0005018.png	См. также
0005019.png	Ссылки
0005020.png	Бенджамин Дизраэли, роман «Алрой», часть 1, часть 2, перевод: Дан Берг
0005021.png	Исследования
0005022.png	Дома Культуры «Кучмазоково» и «Хутор»
0005023.png	Рудаков Г. А., «Химия и технология камфоры», 2 изд., М., 1976
0005024.png	Примечания
0005025.png	Описание
0005026.png	средство общения (коммуникации).
0005027.png	Спондей
0005028.png	Дом культуры Сухоложского посёлка;
0005029.png	Круизные суда
0005030.png	Политическая лингвистика
0005031.png	Национальные
0005032.png	и 1 кинотеатр на 250 мест.
0005033.png	Раизов, Жумабай Нурбаевич (20.11.2022)
0005034.png	В трёхмерном пространстве
0005035.png	Собрание сочинений Борхеса
0005036.png	Площадь
0005037.png	Знаки различия мичманов, СССР
0005038.png	2010 год:
0005039.png	Этимология
0005040.png	Простые предложения
0005041.png	Население
0005042.png	Почётные доктора Гарвардского университета
0005043.png	Русско-турецкие войны. Присоединение Крыма и Новороссии
0005044.png	Одомашнивание овцы, козы и свиньи на Ближнем Востоке.
0005045.png	Преподаватели
0005046.png	Камышлинский водопад.
0005047.png	Адсорбенты
0005048.png	Антихристианская литература
0005049.png	Круш-де-Пау
0005050.png	Примечания
0005051.png	Оксана Баюл, украинская фигуристка, олимпийская чемпионка (1994).
0005052.png	В память о Павле Скоропадском в Киеве открыты две мемориальные доски.
0005053.png	Литература
0005054.png	Первый срок
0005055.png	Вопрос: Даже его военное крыло?
0005056.png	Образование и наука
0005057.png	Более 4000 евреев выселены из Италии за распространение иудейской религии.
0005058.png	Серебряные призёры летних Олимпийских игр 2016 года
0005059.png	Февраль
0005060.png	Хитровка на границе с Басманным районом
0005061.png	Внутренняя политика
0005062.png	Архивный сайт Сергея Рогожина
0005063.png	Достопримечательности
0005064.png	Города-побратимы
0005065.png	Ссылки
0005066.png	Биография
0005067.png	Андский парламент;
0005068.png	Березно
0005069.png	Спортивная карьера
0005070.png	Металлизация отверстий
0005071.png	События
0005072.png	Конфликт в Индийском Кашмире
0005073.png	См. также
0005074.png	Новобранець
0005075.png	Болотный газ
0005076.png	Основные компоненты
0005077.png	Декартова система координат
0005078.png	Словарно-энциклопедические издания
0005079.png	ликийцы под предводительством Сарпедона и Главка
0005080.png	Личная жизнь
0005081.png	Метафоры
0005082.png	Население, язык, вероисповедание
0005083.png	ДПК «Моспроектовец»
0005084.png	Примечания
0005085.png	Физико-математическая школа НГУ
0005086.png	Депутат Верховного Совета СССР (1988).
0005087.png	Античность и Средневековье
0005088.png	Стокгольм делится на 12 районов.
0005089.png	Доброта.
0005090.png	История
0005091.png	Латинский собор (Львов, Украина)
0005092.png	Звания «Почётный гражданин Калевальского района» удостоены:
0005093.png	Аэропорт Сары-Арка (официальный сайт).
0005094.png	29 января
0005095.png	память преподобного Серапиона Кожеезерского (1611);
0005096.png	с постфиксами -де, -ка, -тка (получи-ка, вот-де, )
0005097.png	См. также
0005098.png	В Гербовник внесены две фамилии:
0005099.png	Литература
0005100.png	Потомки
0005101.png	Тольтеки
0005102.png	Примечания
0005103.png	Водородный транспорт
0005104.png	Биография
0005105.png	Исчезающие виды
0005106.png	Павеза
0005107.png	См. также
0005108.png	Лечение препаратом проводят до тех пор, пока сохраняется эффект.
0005109.png	Присоединение к Дели деканских княжеств.
0005110.png	Консулы имп. Галерий и имп. Максимин.
0005111.png	Производители трамваев
0005112.png	Концепции, существующие в рамках урбанистики
0005113.png	Примечания
0005114.png	Реформация в Англии
0005115.png	Хоккейные клубы России
0005116.png	Примечательные объекты
0005117.png	233 км: река Панзелка (лв)
0005118.png	Примечания
0005119.png	По мнению ряда исследователей, этнонимы не относят к собственным именам.
0005120.png	Естественное заземление
0005121.png	Вывод ракет средней и малой дальности из Европы
0005122.png	Наиболее яркие звёзды созвездия:
0005123.png	Вернадский. ЖЗЛ. Вып. 11 (325). М.: Мол. гвардия, 1961.
0005124.png	Контексты
0005125.png	Воронежская кондитерская фабрика, Комбинат мясной «Воронежский»;
0005126.png	Награды университета
0005127.png	Муниципальные округа Нижегородской области
0005128.png	Веткина улица
0005129.png	Делирианты
0005130.png	Полидор
0005131.png	Аквапарк
0005132.png	Мцхетско-Иверская архиепископия получила статус патриархата
0005133.png	История основания
0005134.png	Экономика
0005135.png	222 км: Илевна (лв)
0005136.png	Первое упоминание Литвы в летописях.
0005137.png	Министерство науки, технологии и высшего образования
0005138.png	Примечания
0005139.png	Ставропольский район
0005140.png	Славянские вампиры
0005141.png	чуть (было) не (чуть ногу не сломал);
0005142.png	Внутренние воды
0005143.png	Комментарии
0005144.png	В скобках указан год присвоения звания:
0005145.png	Стеновой
0005146.png	Персоналии:Мумбаи
0005147.png	Дворянские роды, на гербах которых изображены орлы
0005148.png	Курсы повышения квалификации и переподготовки по направлению «Строительство»
0005149.png	Водолазный колокол
0005150.png	Академические музыканты Германии
0005151.png	Мятеж в Брешии против папы. Изгнание Арнольда Брешианского во Францию.
0005152.png	227 км: Захаркова
0005153.png	Половцы и Хорезм
0005154.png	Категория вида глагольных форм
0005155.png	Прямой код
0005156.png	Сарны
0005157.png	Выпускники ВРШ КГБ
0005158.png	Мечеть Айтбая, 1878 год.
0005159.png	В Ярославле именем Ушакова названы флотилия юных моряков и проезд.
0005160.png	Вневписанная окружность
0005161.png	Примечания
0005162.png	Технические особенности
0005163.png	Экранизации
0005164.png	Пиктограмма
0005165.png	Комбинированные препараты на основе кодеина
0005166.png	Радиоведущие России
0005167.png	Чтения
0005168.png	История системы управления высшем образованием
0005169.png	Новый театр
0005170.png	Память мученика Емилиана Доростольского (363);
0005171.png	См. также
0005172.png	Ссылки
0005173.png	Шуша, бразильская поп-певица и телеведущая.
0005174.png	Буддизм в Монголии
0005175.png	Генеральные секретари ЦК КПСС
0005176.png	Скончались
0005177.png	Поэты России
0005178.png	Статистика в качестве главного тренера
0005179.png	Легенда карты:
0005180.png	Забайкальская (сл. С. Алымова)
0005181.png	Философы России
0005182.png	Примечания
0005183.png	Этимология
0005184.png	импульсный.
0005185.png	Кокошкин, Фёдор Фёдорович
0005186.png	Максимилиан Волошин
0005187.png	Очки с пластиковыми линзами
0005188.png	Берлинским Университетом имени А. Гумбольдта
0005189.png	Длина: 43 440 мм
0005190.png	Ссылки
0005191.png	Производитель
0005192.png	Фумиганты
0005193.png	Министерство почт США ввело почтовые индексы.
0005194.png	Экономика
0005195.png	События
0005196.png	ГОВОРУН Николай Николаевич
0005197.png	Зачистка трибуната и Законодательного корпуса от враждебных Бонапарту элементов.
0005198.png	Персоналии по алфавиту
0005199.png	Всеволод Чермный во второй раз занял киевский княжеский престол.
0005200.png	Литература
0005201.png	Терминология лёгкой атлетики
0005202.png	Сретенский тупик
0005203.png	Директора Пулковской обсерватории
0005204.png	Практики, основанные на доказательствах
0005205.png	Умершие от менингита
0005206.png	риф Трутаева
0005207.png	Перезахороненные
0005208.png	Орден Достык (Дружбы) двух степеней
0005209.png	Аполлон, убивающий ящерицу
0005210.png	В Белоруссии, России и на Украине есть , производных от этого имени.
0005211.png	Историки по алфавиту
0005212.png	Дебальцевский завод строительных материалов
0005213.png	Биосинтез
0005214.png	В честь города Тольятти были названы несколько судов:
0005215.png	Зависть
0005216.png	Культура
0005217.png	Чемпионы Москвы по шахматам
0005218.png	Парфянские руины
0005219.png	Дмитрий Лоськов (125)
0005220.png	Ссылки
0005221.png	Универсальный растворитель
0005222.png	Орель
0005223.png	Унифицированные для подводных лодок и надводных кораблей;
0005224.png	Су-35
0005225.png	Челси Нобл, американская актриса.
0005226.png	См. также
0005227.png	Образовательная программа
0005228.png	Историческая справка
0005229.png	Шахматы на круглых досках
0005230.png	Промышленность
0005231.png	Национальный эпос
0005232.png	Исторический вывод распределения Максвелла
0005233.png	Сухогрузы
0005234.png	В поздние годы фон Киттлиц предался философским занятиям и опубликовал
0005235.png	в ампулах по 30 мл в упаковке по 10 штук.
0005236.png	Выпускники Уральского государственного университета
0005237.png	Смеси и комбинации пряностей
0005238.png	Журналы СССР по алфавиту
0005239.png	Награды
0005240.png	Медаль «За освоение целинных земель» (20 октября 1956)
0005241.png	Чайтанья-бхагавата
0005242.png	Информационные агентства
0005243.png	Гормоны
0005244.png	Поэтому , что и требовалось доказать.
0005245.png	Детский цветник стихов
0005246.png	Клеветнический туризм
0005247.png	Комментарии
0005248.png	Примечания
0005249.png	1135 км: Большой Апшак (лв)
0005250.png	Страница Клиффорда Саймака на сайте Лаборатория фантастики
0005251.png	Труды
0005252.png	Народный календарь восточных славян
0005253.png	Отвесная линия и связанные с ней понятия
0005254.png	К отъезду музыканта-друга (1880-е).
0005255.png	Князь хунну Усы грабит Бинчжоу.
0005256.png	Учредил «Ассоциацию мёртвых людей».
0005257.png	Луна-парк
0005258.png	Топоним
0005259.png	Ниигата, префектура Ниигата, Япония (с 1965)
0005260.png	Посёлок Жёлтая Река
0005261.png	Святые Единой Церкви
0005262.png	Енотовидная собака в культуре
0005263.png	низинные, грунтового питания, с эвтрофной растительностью,
0005264.png	1034 км: Ишимка
0005265.png	Ссылки
0005266.png	Лекарственное взаимодействие
0005267.png	После объединения
0005268.png	Владимирский химико-механический колледж
0005269.png	Иахе (Яхе). Спутница игр Персефоны.
0005270.png	Синхронизация Эйнштейна
0005271.png	Примечания
0005272.png	Города на Дону
0005273.png	Гага Ковенчук (ум. 2015), советский и российский художник и писатель.
0005274.png	часть Швеции (наряду с шведским)
0005275.png	Древнегреческие философы
0005276.png	История Бразилии
0005277.png	Царствование Саула
0005278.png	Кожуховская 5-я улица
0005279.png	Берлюк
0005280.png	обеспеченная серебром
0005281.png	Эволюционисты
0005282.png	Распространённость имени
0005283.png	История
0005284.png	Спектральная плотность (распределение по интервалу частот)
0005285.png	См. также
0005286.png	Банановые
0005287.png	Елена Душечкина писала:
0005288.png	Космонавт 2-го класса (1995)
0005289.png	Состав
0005290.png	Ссылки
0005291.png	Региональные:
0005292.png	Страница в интернете (тексты, книги, диски, рисунки)
0005293.png	Пение во фламенко характеризуется следующими особенностями:
0005294.png	Январь: 2 января, 11 января, 20 января, 28 января, 30 января
0005295.png	Ссылки
0005296.png	Примечания
0005297.png	Иллюстрации
0005298.png	Пенджаб
0005299.png	Облачный офис
0005300.png	в градусах, минутах, секундах;
0005301.png	Оперные премьеры Мариинского театра
0005302.png	Экономика
0005303.png	Фармакологические методы
0005304.png	Рельефная плата
0005305.png	С 2006 года являлся президентом кинофестиваля «Мир знаний».
0005306.png	Историки по алфавиту
0005307.png	Литература
0005308.png	Описание
0005309.png	7 июля
0005310.png	Почётные граждане Байконура
0005311.png	Философия Древней Греции
0005312.png	История
0005313.png	Примечания
0005314.png	7 ноября Давид Бен-Гурион объявил Иерусалим столицей Израиля.
0005315.png	Ссылки
0005316.png	Обзорная литература
0005317.png	См. также
0005318.png	сокращение поперечнополосатой мускулатуры брюшного пресса во время потуг, и
0005319.png	Свирель
0005320.png	Громит любит есть кукурузные хлопья и читать книги, в том числе:
0005321.png	Художники-карикатуристы Франции
0005322.png	Китнос, Греция
0005323.png	Лауреаты премии Кледо Брунетти
0005324.png	залежи минеральных солей современных соляных бассейнов
0005325.png	Побочное действие
0005326.png	История
0005327.png	См. также: :Категория:Умершие в 1426 году
0005328.png	Анатолий Распусков
0005329.png	Зелёный театр
0005330.png	Сводные данные по ООПТ России на 2006 и 2019 годы
0005331.png	декстрин
0005332.png	Примечания
0005333.png	«Иван, уходи домой!»
0005334.png	Звёздный ветер
0005335.png	Персоналии:Украинская повстанческая армия
0005336.png	Лашук А. Наполеон. Походы и битвы. М., 2004
0005337.png	День города отмечается 12 июня.
0005338.png	Большое яблоко
0005339.png	Сборники и антологии
0005340.png	системы связи, оповещения, управления и информационного обеспечения.
0005341.png	Ранние годы
0005342.png	Первое упоминание Моргауши, Хырова.
0005343.png	Пи узнать число, ужъ знаетъ.
0005344.png	Бесклассовая адресация
0005345.png	Достопримечательности
0005346.png	Несвижская государственная белорусская гимназия
0005347.png	См. также
0005348.png	Ссылки
0005349.png	Гуанчжоу Эвергранд
0005350.png	Философы по алфавиту
0005351.png	Петрозаводск
0005352.png	Власть
0005353.png	Подземное царство в древнегреческой мифологии
0005354.png	Маздак (роман)
0005355.png	премудраго Иосифа, Российскую звезду,
0005356.png	Бурые лесные типичные почвы
0005357.png	Святые Шотландии
0005358.png	23 октября:
0005359.png	педагогические институты
0005360.png	Парковый
0005361.png	Нередко ель становится темой детских песен:
0005362.png	Награды последних лет
0005363.png	Электропитание
0005364.png	«Русское единство» (Украина, после февраля 2014 Крым) (2014)
0005365.png	Неаполитанский язык
0005366.png	Лхабаб Дуйсэн (нисхождение Будды с неба Тушита);
0005367.png	Основан Юрьев-Польский.
0005368.png	Спортивные и молодёжные клубы
0005369.png	С 2000 по 2005 год в Дедовске строилась церковь Георгия Победоносца.
0005370.png	Персоналии, чья дата рождения не установлена
0005371.png	В январе 2015 года был арестован за пьяную драку в баре.
0005372.png	Этимология
0005373.png	Персонажи славянской кабинетной мифологии
0005374.png	Экранизации
0005375.png	Может использоваться для получения синильной кислоты:
0005376.png	Часовой пояс
0005377.png	Двоюродные
0005378.png	голевых пасов среди защитников:  Дмитрий Красоткин, 152
0005379.png	Похороненные в Ростове
0005380.png	Слобода
0005381.png	Анализ диагностики отказов
0005382.png	Военное дело
0005383.png	Экономика
0005384.png	Города Древней Руси
0005385.png	2070-е годы
0005386.png	Обернулся щукой снова.
0005387.png	Полиграфы по способу фиксации данных подразделяются на:
0005388.png	Умер циский сановник и мудрец Янь Ин.
0005389.png	Орден Трудового Красного Знамени (1967).
0005390.png	Ур-Нинмарки
0005391.png	Камерленго Коллегии кардиналов
0005392.png	Орден Верности, большой крест
0005393.png	Авторство
0005394.png	Литература
0005395.png	Иоанн (Иван):
0005396.png	Флаги с изображением колонн
0005397.png	(в пер., суперобл.)
0005398.png	меньшее число зубов, чем у примитивных млекопитающих;
0005399.png	В фильме Тинто Брасса «Калигула» образ Друзиллы воплотила Тереза Энн Савой.
0005400.png	Победители Открытого чемпионата Франции по теннису в женском одиночном разряде
0005401.png	Кубок УЕФА
0005402.png	Тюменский Дом кино
0005403.png	Первая миграция племён банту из Западной Африки.
0005404.png	Шайтанат.
0005405.png	Животноводство
0005406.png	В мифологии
0005407.png	Примечания
0005408.png	Основные положения
0005409.png	Апраксинский переулок
0005410.png	таблетки по 0,0001 г (0,1 мг), 0,000125 г (0,125 мг) и 0,00025 г (0,25 мг).
0005411.png	Разгуляй, площадь
0005412.png	Наиболее частые причины флейма:
0005413.png	Другие экранизации повести Н. В. Гоголя:
0005414.png	123 км: Мирюнник (пр.)
0005415.png	Литература
0005416.png	Клеточная теория
0005417.png	Ликуй и веселися, царю Алексею,
0005418.png	Столицы стран мира, , 1967
0005419.png	Пограничное урегулирование
0005420.png	Римляне
0005421.png	Сона (правые), с Ду (левые)
0005422.png	Ботаники Российской империи
0005423.png	Злоупотребления и врачебные ошибки в психиатрии
0005424.png	Источник В
0005425.png	Космонавтика
0005426.png	Зелёная столица Европы
0005427.png	Биоциды
0005428.png	Пират Генри Эвери захватил корабль Ганг-и-Савай (1695).
0005429.png	Апрель
0005430.png	В поздний период Деррида сосредоточился на этико-политической проблематике.
0005431.png	Исламские пророки
0005432.png	1 биосферная территория ( га).
0005433.png	Консул (единственный) Флавий Олибрий Юниор.
0005434.png	Примечания
0005435.png	Лихачёвский 1-й переулок
0005436.png	Галерея
0005437.png	Должности в России
0005438.png	Народы Тюменской области
0005439.png	3 июня
0005440.png	Транспорт
0005441.png	В 2019 году на Витебском вокзале снимался фильм «Серебряные коньки».
0005442.png	Литература
0005443.png	Фамилия
0005444.png	Примечания
0005445.png	Поморская торговля
0005446.png	История
0005447.png	Журналисты США
0005448.png	«Полтавская баталия», 1718, Эрмитаж
0005449.png	См. также
0005450.png	Ставропольский коммерческий социальный институт
0005451.png	История
0005452.png	Антималярийные препараты
0005453.png	На русском
0005454.png	Наука
0005455.png	Деканы Санкт-Петербургского государственного университета
0005456.png	См. также
0005457.png	Ссылки
0005458.png	История иудаизма
0005459.png	Ремизова, улица
0005460.png	Мемориальный комплекс Марины Цветаевой в Елабуге.
0005461.png	Трепел раньше применялся как материал для изготовления динамита.
0005462.png	Дома культуры
0005463.png	Про Бориса Викторовича снято несколько фильмов, последние из них:
0005464.png	Литераторы, известные под псевдонимами
0005465.png	См. также: :Категория:Родившиеся в 1175 году
0005466.png	Единобожие
0005467.png	Асимметрический атом
0005468.png	Невозможность удаления данных из хранилища
0005469.png	Замечания
0005470.png	Латинское влияние
0005471.png	Физиологические эффекты
0005472.png	Писатели Португалии
0005473.png	Контроль за соблюдением
0005474.png	Оформление драматического произведения
0005475.png	Цена успеха Леонида Филатова (2006)
0005476.png	Примечания
0005477.png	Население:  чел. ().
0005478.png	7. Тахтамукайский район,
0005479.png	Звания
0005480.png	Антинатализм
0005481.png	Добавление элементов в конец индексированного массива:
0005482.png	Буденновская
0005483.png	количество уровней в структуре технического обеспечения
0005484.png	Внешняя политика
0005485.png	Об отце фельдмаршала см. Дибич, Иван Иванович (1738)
0005486.png	Рекомендации ВОЗ по личной защите от птичьего гриппа:
0005487.png	Факультеты, институты и высшие школы
0005488.png	Историки России
0005489.png	Структура Содружества
0005490.png	Посёлки городского типа Луганской области
0005491.png	Закрытые дебюты
0005492.png	Композиторы-песенники
0005493.png	Механика твёрдого деформируемого тела
0005494.png	Женский волейбольный клуб «Протон»
0005495.png	Ссылки
0005496.png	История Синодального перевода Библии.
0005497.png	18 место
0005498.png	Работы
0005499.png	является республикой в составе РФ.
0005500.png	Спорт
0005501.png	Уж как шли ребята колядовщики,
0005502.png	Салдус, Латвия (1993)
0005503.png	Вторая картина.
0005504.png	обеспечение работой каждого трудоспособного;
0005505.png	Мисси Эллиотт, американская певица.
0005506.png	Арабский мир
0005507.png	Туризм
0005508.png	Сходства неореализма и политического реализма:
0005509.png	Международные соревнования
0005510.png	Борсука
0005511.png	Фауна
0005512.png	Иконописцы Древней Руси
0005513.png	Гуманизм и его устремления (2003).
0005514.png	Согдийцы
0005515.png	Фотоальбомы
0005516.png	Основание нового города
0005517.png	Классификация
0005518.png	Сайт о Карачае и карачаевцах
0005519.png	Заместители начальника
0005520.png	Дворцы, построенные в 1866 году
0005521.png	Члены Национал-либеральной партии Германии
0005522.png	Краевой врачебно-физкультурный диспансер
0005523.png	Почётные доктора Университета Сантьяго
0005524.png	История искусства
0005525.png	Анализ творчества
0005526.png	Сан-Хосе, Коста-Рика
0005527.png	Пропан применяется:
0005528.png	Победа христианства в Дании.
0005529.png	Остров Беринга
0005530.png	Аддитивная запись
0005531.png	Предприятия Роскосмоса
0005532.png	Смерть
0005533.png	См. также
0005534.png	Аларипу
0005535.png	Храм Пяти пагод
0005536.png	Геопереходная орбита
0005537.png	Литература
0005538.png	Бывшие пригороды Санкт-Петербурга
0005539.png	В книге
0005540.png	Аудиокнига
0005541.png	Ссылки
0005542.png	Народный художник РСФСР (1943)
0005543.png	Производители программного обеспечения Германии
0005544.png	Признание Испанией независимости Португалии.
0005545.png	Метеоритное железо
0005546.png	В Приморском крае расположены шесть заповедников:
0005547.png	Буданова, Екатерина Васильевна (01.10.1993, 049)
0005548.png	Праздники
0005549.png	Софи Гиймен, французская актриса и режиссёр.
0005550.png	Спорт
0005551.png	Орнаменты и паркеты
0005552.png	Основные направления
0005553.png	Казнённые писатели
0005554.png	Самые значимые альбомы и песни
0005555.png	Корабельный гардемарин:
0005556.png	12 декабря
0005557.png	Карта: мыло в языках Европы.
0005558.png	Исполнительский состав
0005559.png	Изобилие
0005560.png	Свойства минимальной из высот
0005561.png	Юденраты и еврейская полиция
0005562.png	Общее описание
0005563.png	«Старые знакомые» (1956)
0005564.png	Примечания
0005565.png	События
0005566.png	Другие страны
0005567.png	Могилёвские губернаторы
0005568.png	Другие коррозионно-стойкие сплавы
0005569.png	Литература
0005570.png	Инструменты валютного рынка
0005571.png	Отношения
0005572.png	Литература
0005573.png	Журналы, появившиеся в 1908 году
0005574.png	В медицине
0005575.png	Дисквалификации
0005576.png	Государственные деятели
0005577.png	Центральные Афины
0005578.png	Кабанова Тамара Николаевна
0005579.png	Хуайань ()), Китай (июнь 1997)
0005580.png	Шахматные журналисты
0005581.png	Памятник неизвестному лётчику в Жуковском парке (установлен в июне 2016)
0005582.png	История
0005583.png	ресторан на первом уровне Эйфелевой башни в Париже;
0005584.png	Экономика
0005585.png	Большой толковый словарь Владимира Чернышёва
0005586.png	Графическая метафора
0005587.png	Западный поход
0005588.png	Книги
0005589.png	Литература
0005590.png	Кафедра высокопроизводительных компьютерных технологий
0005591.png	Синдром психической зависимости
0005592.png	КП «Белоцерковхлебопродукт»
0005593.png	Белгородская агломерация
0005594.png	География
0005595.png	Развит хорошо на электропоездах и автобусах до Дзержинска и Мулино, Новосмолино.
0005596.png	Балки, озера, скалы и прилегающие острова Хортицы
0005597.png	А. Соловьёв. Ишкушштвенный интеллект
0005598.png	Гарантированным является разнообразие терапевтических методов.
0005599.png	Стратегии синтеза
0005600.png	Каменная индустрия
0005601.png	Министерство юстиции
0005602.png	Минский округ (11 районов);
0005603.png	История стадиона
0005604.png	Основание партии
0005605.png	Оформление публикаций
0005606.png	Ковчег Завета
0005607.png	Ковариация
0005608.png	Много обладателей
0005609.png	Фазис
0005610.png	Ссылки
0005611.png	Функциональное программирование
0005612.png	Описание герба
0005613.png	многоленточная и недетерминированная машины Тьюринга;
0005614.png	Ссылки
0005615.png	Крещение
0005616.png	душевная признательность Его Императорского Величества (1909);
0005617.png	Ссылки
0005618.png	Носители имени
0005619.png	На острове Халки
0005620.png	Начиная с 1962 года, Джеки Чан снялся в 114 фильмах.
0005621.png	Люди, связанные с городом
0005622.png	Примечания
0005623.png	События
0005624.png	Ссылки
0005625.png	Самоубийства в Южной Корее
0005626.png	Нерей (спокойное море), версия;
0005627.png	Известные носители
0005628.png	Скульптура «Пассажир». Расположена на железнодорожной станции
0005629.png	См. также
0005630.png	Европа
0005631.png	Компьютерные технологии в горном деле
0005632.png	Мой Красноярск. Энциклопедия
0005633.png	Игроки ФК МСФК
0005634.png	На полпути с обрыва
0005635.png	Епископы Русской православной церкви
0005636.png	Уральский барс
0005637.png	Региональные разновидности
0005638.png	«Математические досуги», М., 1972 Главы 1-7
0005639.png	Похороненные на кладбище Монмартр
0005640.png	Радиочастотный обогрев
0005641.png	Аквамарин
0005642.png	Путешественники в Индию
0005643.png	Экзистенциалисты
0005644.png	Морфология
0005645.png	Форум
0005646.png	Примечания
0005647.png	Дом культуры "Знамя труда"
0005648.png	Учёные в области науки о системах
0005649.png	Родившиеся в 1828 году
0005650.png	Клуб любителей творчества Владимира Высоцкого «Вертикаль»
0005651.png	Википедия:Биографии современников
0005652.png	Серденчеги
0005653.png	Высшая школа цифровой культуры
0005654.png	историческая публикация 1879 года с объяснением проблемы
0005655.png	Писатели Франции
0005656.png	Перечень индивидуальных прав по Спенсеру:
0005657.png	Ссылки
0005658.png	Рассмотрим два определения, использующихся в данном пункте:
0005659.png	История Бреста
0005660.png	См. также
0005661.png	Поэты по алфавиту
0005662.png	Акушерство (Родовспоможение)
0005663.png	Индуизм и отличительные черты вишнуизма
0005664.png	Акустика
0005665.png	Христианство
0005666.png	Изображена на картине Полигнота в Дельфах вместе с сыном Астианактом.
0005667.png	Король также имел внебрачных детей от своей давней любовницы Инес Перес Эстевес:
0005668.png	История города
0005669.png	Появление диалектического мышления учащихся.
0005670.png	Зоологи Германии
0005671.png	Ссылки
0005672.png	Литература
0005673.png	Командование полка
0005674.png	К основным задачам Комиссии относятся:
0005675.png	Физические свойства
0005676.png	Афины и Локрида (под предводительством Аякса Великого),
0005677.png	Реактор на быстрых нейтронах
0005678.png	Фильмы о железной дороге
0005679.png	Родословие Иисуса
0005680.png	Семейный цыганский ансамбль «Амэ рома»
0005681.png	Размещение экипажа
0005682.png	Валентин Митрофанович Сидоров
0005683.png	Умершие в Португалии
0005684.png	12-й год по эре правления луского князя Хуань-гуна.
0005685.png	Наместники Почаевской лавры
0005686.png	Львов ПК-01
0005687.png	Источники
0005688.png	и в витрину Елисеевского гастронома и в компьютер «Макинтош»
0005689.png	Взятие мусульманами Дамаска.
0005690.png	Скончались
0005691.png	Театр-студия «Хоббитон»
0005692.png	Новоапостольская церковь.
0005693.png	Примечания
0005694.png	Окружной противотуберкулезный диспансер
0005695.png	Писатели Нидерландов
0005696.png	Население:  чел. ().
0005697.png	Творческая жизнь
0005698.png	Наука
0005699.png	Орден Знамени с алмазами (ВНР)
0005700.png	Монастыри Великого Новгорода
0005701.png	прочие медали
0005702.png	Герб, флаг и другие атрибуты
0005703.png	Документальный фильм «Народы России: Абаза. По обе стороны Кавказа»
0005704.png	Свойства
0005705.png	Изменение численности населения:
0005706.png	квадратной мили
0005707.png	Музеи под открытым небом
0005708.png	События
0005709.png	Галерея
0005710.png	Воеводы Серпухова
0005711.png	Склонение указательных местоимений:
0005712.png	Орден Башни и Меча, большой крест
0005713.png	Консулы Имп. Тит Ц.Веспасиан А. и Ц.Домициан.
0005714.png	Город Лион возвращён Королевству Франции.
0005715.png	См. также
0005716.png	Река Бзыбь.
0005717.png	Иезуиты Франции
0005718.png	Режиссёр телеспектаклей
0005719.png	1970-е
0005720.png	Переводчики по алфавиту
0005721.png	Каякинг
0005722.png	Монеты
0005723.png	С 2000 года его выпускает казанский завод «Татхимфармпрепараты»
0005724.png	Таблица от названия к значению
0005725.png	Другие значения
0005726.png	Авангард (футбольный клуб, Жидачов)
0005727.png	13 природных парков ( га);
0005728.png	«Наша христианская жизнь и служение». Обычно проводится вечером среди недели.
0005729.png	Уважаемые посетители сайта ифкуиля,
0005730.png	Литература
0005731.png	16 сентября, 19 сентября, 23 сентября
0005732.png	Копии
0005733.png	Апологетика
0005734.png	Спорт
0005735.png	Персоны года
0005736.png	Основные мастера
0005737.png	Технология получения рения
0005738.png	Кинотеатр «Надира» (имени поэтессы М. Нодиры).
0005739.png	Северный пенсильванский диалект (Скрэнтон, Пенсильвания)
0005740.png	Похороненные на Пулковском кладбище
0005741.png	Оценка решения Гитлера
0005742.png	Корабли прибрежной зоны
0005743.png	Награды
0005744.png	лаборатория фотоники и квантовых технологий, апрель 2022 года;
0005745.png	ООО «Кабельное телевидение Луганщины» (КТЛ)
0005746.png	Хоккейные клубы СССР
0005747.png	См. также
0005748.png	Происхождение
0005749.png	Генрих Плантагенет становится герцогом Нормандии.
0005750.png	Список судей чемпионата России по футболу
0005751.png	привлечение во вклады и размещение драгоценных металлов;
0005752.png	«Певица Жозефина и мышиный народ» (Украина, 1994)
0005753.png	Норма осадков:580 мм
0005754.png	В математике
0005755.png	Название города
0005756.png	Ссылки
0005757.png	Вступили на престол
0005758.png	Крестовые походы в Европе
0005759.png	Утраченная башня Зимнего дворца
0005760.png	См. также
0005761.png	Браганса
0005762.png	Информационная программа «ТОН»
0005763.png	Препараты платины
0005764.png	Аналоги
0005765.png	География
0005766.png	Еженедельник «Репортёр»
0005767.png	Мозаики и фрески собора святой Софии в Киеве
0005768.png	Пожарная часть
0005769.png	фенилаланин
0005770.png	Связанные понятия
0005771.png	Метафизические теории
0005772.png	Члены партии «Демократический выбор России»
0005773.png	Живописные техники
0005774.png	Иноязычные эквиваленты
0005775.png	Биография
0005776.png	Литература
0005777.png	См. также
0005778.png	11 городских округов,
0005779.png	Светланова, улица
0005780.png	Русские поэты
0005781.png	установить драйверы устройства;
0005782.png	История
0005783.png	Арманьяк
0005784.png	Примечания
0005785.png	Дренаж болотистой почвы
0005786.png	Треугольник Халаиба
0005787.png	Нахождение в природе
0005788.png	формирование современных механизмов политической конкуренции
0005789.png	Автоматика и электрооборудование
0005790.png	Грузовой
0005791.png	Институт педагогики
0005792.png	Литература
0005793.png	Примечания
0005794.png	Кавказская Албания и Великая Армения
0005795.png	архиепископ Кёльна, как «имперский великий канцлер» Италии (, );
0005796.png	Международные организации
0005797.png	Нейтральный элемент  является единственным, что вытекает из групповых свойств.
0005798.png	Якорь Холла
0005799.png	См. также
0005800.png	списковое включение;
0005801.png	Планирование и начало строительства
0005802.png	Ссылки
0005803.png	Футбольный клуб Динамо ГТС
0005804.png	Физико-географическая характеристика
0005805.png	Ссылки
0005806.png	«Ловцы книг» (2023)
0005807.png	КХЛ: Ак Барс
0005808.png	Чарлз Протеус Штейнмец (ум. 1923), американский инженер, электротехник.
0005809.png	Административно-территориальное деление Московской области
0005810.png	Существует футбольный клуб «Добрянка», раньше существовал ФК «Фортуна».
0005811.png	Реальность и человек
0005812.png	Афинские архонты
0005813.png	Стабилизаторы
0005814.png	Рекс Стаут,
0005815.png	русско-турецкие войны;
0005816.png	Консулы имп. Маркиан и Валерий Фалтоний Адельфий.
0005817.png	Память
0005818.png	Хоккей с мячом
0005819.png	Также различают несколько типов месторождений бора:
0005820.png	Префектура Миядзаки
0005821.png	Семья
0005822.png	Примечания
0005823.png	Примечания
0005824.png	Литература
0005825.png	Дворянские роды, на гербах которых изображены три страусовых пера
0005826.png	Спортивный некрополь
0005827.png	Главными научными учреждениями города являются:
0005828.png	Крестовоздвиженский храм.
0005829.png	Примечания
0005830.png	См. также
0005831.png	Стратегические планы сторон
0005832.png	Биография
0005833.png	Составляющие экономики
0005834.png	Активатор вулканизации некоторых типов каучуков.
0005835.png	лимфатические стволы и протоки.
0005836.png	Транспорт
0005837.png	Багамцы
0005838.png	Суворин Алексей Сергеевич
0005839.png	Испарение и конденсация
0005840.png	Высшая филологическая школа;
0005841.png	Финалист: 1966
0005842.png	Ссылки
0005843.png	Кираат
0005844.png	Культ личности
0005845.png	Карта, автор Роберт Хьюсен
0005846.png	4. Свердловский
0005847.png	См. :Категория:Лейб-гусары
0005848.png	На отбитых у хунну землях образована область Вувэй.
0005849.png	Ледник Менделеева (Киргизия), на северном склоне пика Менделеевец.
0005850.png	Окольничие
0005851.png	Коммуникативная функция
0005852.png	Литература
0005853.png	Строительство
0005854.png	Юго-Восточная Азия
0005855.png	Детство и юность
0005856.png	Языки программирования
0005857.png	На территории Андорры есть месторождения железной руды и свинца.
0005858.png	Внутренняя политика
0005859.png	Коста-Рики
0005860.png	См. также: :Категория:Родившиеся в 1577 году
0005861.png	Немецкие поэты
0005862.png	Польский сейм утвердил раздел Польши.
0005863.png	Все противоположные стороны попарно параллельны: .
0005864.png	Персоналии:Атеизм
0005865.png	Ноябрь
0005866.png	Казань
0005867.png	Сейчас узнала я,
0005868.png	Сфера в трёхмерном пространстве
0005869.png	Книги художников
0005870.png	См. также
0005871.png	Расположение и рельеф
0005872.png	Примечания
0005873.png	См. также
0005874.png	«Гоп-стоп» группы «Сектор газовой атаки»;
0005875.png	Англиканские святые
0005876.png	«Ров» (1986)
0005877.png	Чемпионат России по бейсболу
0005878.png	Описанная окружность
0005879.png	Литература
0005880.png	Органы власти
0005881.png	Ссылки
0005882.png	Характеристика
0005883.png	Житие святителя Иоанна, епископа Суздальского.
0005884.png	Дорожный затор
0005885.png	Статистика наград
0005886.png	Камерленго Коллегии кардиналов
0005887.png	Кригер Н. И. Лёсс, его свойства и связь с географической средой. М., 1965.
0005888.png	Ссылки
0005889.png	Ялтинский парк
0005890.png	«Образцы древней русской словесности» (, 1879);
0005891.png	Скончались
0005892.png	Родились
0005893.png	Административно Хабаровск разделён на пять внутригородских районов:
0005894.png	Американская цивилизация
0005895.png	Нерешённая проблема датировки
0005896.png	14 мая
0005897.png	Память
0005898.png	Капитан (Ротмистр, Есаул);
0005899.png	Лисса (Бешенство, Безумие).
0005900.png	С осторожностью
0005901.png	Осадки
0005902.png	Война
0005903.png	Бассейн Трауна
0005904.png	Примечания
0005905.png	Октябрьский электровагоноремонтный завод
0005906.png	Список Героев Социалистического Труда (Магнитогорск)
0005907.png	События
0005908.png	Сима (на востоке)
0005909.png	В Термезе с октября 2018 года функционирует генеральное консульство Афганистана.
0005910.png	Конституция Нигерии
0005911.png	Философы Германии
0005912.png	крепость Толедский алькасар
0005913.png	Анатомическая терминология
0005914.png	Иеромонахи Русской православной церкви
0005915.png	Кривая имеет 2 максимума и 2 минимума. Их координаты:
0005916.png	Св. Григорий Просветитель, просветитель Армении.
0005917.png	Да будем развивать любимую Монголию.
0005918.png	Флиссинген, Нидерланды
0005919.png	Ссылки
0005920.png	Печатные: «Ишимская правда», «Ишимский купец», «Ишимский плацдарм», «Интерес».
0005921.png	Со стороны системы кроветворения
0005922.png	Айс-фифи
0005923.png	колит;
0005924.png	Персоналии:МГУ
0005925.png	Примечания
0005926.png	Финалист (4): 1998, 1999, 2004, 2005
0005927.png	Карабахский конфликт
0005928.png	Оксазафосфорины
0005929.png	Губернаторы
0005930.png	Почётные доктора Афинского университета
0005931.png	Японские женские имена
0005932.png	Иттербий реагирует с водой, образуя гидроксид:
0005933.png	Дом-музей Волконского (Иркутск)
0005934.png	скафандр мягкого типа
0005935.png	Аудиостатьи
0005936.png	Коагуляционные (органические) вяжущие материалы.
0005937.png	Лу совершает падение специально для Руби
0005938.png	Союз писателей
0005939.png	Похороненные в Архангельском соборе (Московский Кремль)
0005940.png	В Кишинёве одна из муниципальных библиотек носит имя Адама Мицкевича.
0005941.png	в микрорайоне Северный, перед зданием дома офицеров гарнизона.
0005942.png	Удоне
0005943.png	Трактаты и собрания сочинений
0005944.png	«Интересные времена» () (2002)
0005945.png	Из достопримечательностей выделяются:
0005946.png	2003 год в Канаде
0005947.png	Другие формализации
0005948.png	память священномученика Павла Добромыслова, пресвитера (1940)
0005949.png	Палеоантропология Европы
0005950.png	Архитектура
0005951.png	Ссылки
0005952.png	Члены Союза кинематографистов СССР
0005953.png	Автоматический синтез речи.
0005954.png	В Тулузе (Франция) прошёл первый испытательный полёт самолёта «Конкорд».
0005955.png	Дроби
0005956.png	Модельный ряд
0005957.png	См. также
0005958.png	Культура, достопримечательности
0005959.png	Понятие в психологии
0005960.png	Основные направления в анархизме
0005961.png	Соседи (, 1847)
0005962.png	Устойчивость пептидогликана
0005963.png	Йозеф Томко, бывший префект Конгрегации евангелизации народов, Римская курия;
0005964.png	Литература
0005965.png	Этика
0005966.png	генерал (Япония, 1922);
0005967.png	5-й студийный альбом «Атака»
0005968.png	Промежуточный шах
0005969.png	Представители
0005970.png	Персоналии:Христианство
0005971.png	Холодное лето пятьдесят третьего... (1988)  (1357)
0005972.png	Схема путевого развития Самарского метрополитена
0005973.png	Городской музей Эвора
0005974.png	Пемза
0005975.png	Литература
0005976.png	Вооружённые силы
0005977.png	В мюзикле
0005978.png	14 место
0005979.png	Оператор городского транспорта Гааги
0005980.png	На других языках
0005981.png	Гран-Чако (Аргентина, Боливия, Парагвай)
0005982.png	«Ложный след» (1896),
0005983.png	Пенза
0005984.png	Заветный праздник
0005985.png	Примечания
0005986.png	Статическая проницаемость некоторых диэлектриков
0005987.png	Промышленность
0005988.png	Версия 2.6 от 17 декабря 2003:
0005989.png	Европейские голуби
0005990.png	Музыка
0005991.png	Выпускники Школы гвардейских подпрапорщиков и кавалерийских юнкеров
0005992.png	Документальные фильмы нацистской Германии
0005993.png	Источники
0005994.png	Труды
0005995.png	специального назначения:
0005996.png	Ласточкино гнездо
0005997.png	Свято-Покровская старообрядческая церковь.
0005998.png	Императорской Медико-хирургической академии;
0005999.png	Карбоновые кислоты
0006000.png	Памятник К.Т.Тогузову - г.Ардон,
0006001.png	Гравитационная постоянная
0006002.png	система шарикоочистки конденсаторов турбоагрегата;
0006003.png	Литература
0006004.png	значок (иконка, )
0006005.png	Персоналии, чья дата рождения не установлена
0006006.png	Ранние годы
0006007.png	Апрель
0006008.png	Опера в Египте
0006009.png	Португалия
0006010.png	Ссылки
0006011.png	Шевригин Леонтий (Истома)
0006012.png	Квартал К;
0006013.png	Молодёжная улица
0006014.png	Богодуховский медицинский колледж
0006015.png	Общие работы
0006016.png	Монеты Германии
0006017.png	Надсемейство
0006018.png	См. также
0006019.png	Посмертно реабилитированные в СССР
0006020.png	Айзсарги
0006021.png	Мягкий контейнер
0006022.png	Поговорки
0006023.png	Умершие в 1791 году
0006024.png	Биография
0006025.png	члены Шведской королевской академии наук;
0006026.png	Эпоха викингов
0006027.png	обретение мощей преподобного Амвросия Оптинского (1998);
0006028.png	Допустимые отрезки для построения с помощью циркуля и линейки
0006029.png	Художники русского авангарда
0006030.png	Награды и звания
0006031.png	множество улучшений безопасности
0006032.png	Лауреаты международной премии им. Карла Великого
0006033.png	Официальный сайт Администрации города Екатеринбурга
0006034.png	Однако цилиндры могут быть описаны далеко не только уравнениями такого рода.
0006035.png	Отели Еревана
0006036.png	См. также
0006037.png	Наследие
0006038.png	Литература
0006039.png	Кеннет Ноланд
0006040.png	См. также
0006041.png	Степной фронт
0006042.png	В Евангелии
0006043.png	Бёрн А. Битва при Креси. М.: Центрполиграф, 2004.
0006044.png	Экономика
0006045.png	Дампьер, в департаменте Кальвадос
0006046.png	Города Карелии
0006047.png	Книги
0006048.png	1991 год в Татарстане
0006049.png	Явлинский и «Норд-Ост»
0006050.png	Научная деятельность
0006051.png	Штутгарт
0006052.png	Примечания
0006053.png	Пример
0006054.png	Геометриа славенски землемерие в Национальной электронной библиотеке
0006055.png	Первоисточники
0006056.png	История
0006057.png	Климат
0006058.png	В сентябре 1827 года Чарышский округ переименован в Бийский.
0006059.png	См. также: :Категория:Умершие в 1054 году
0006060.png	Комментарии
0006061.png	Списки муз по другим вариантам
0006062.png	Ссылки
0006063.png	1005: упоминание в уставной грамоте о поставлении Туровской епископии;
0006064.png	Марфино
0006065.png	Некоторые труды
0006066.png	Бразилия: «Золотой мяч» лучшему футболисту года; присуждается журналом .
0006067.png	Официальный правительственный сайт ПА
0006068.png	монгольские
0006069.png	Географическое положение
0006070.png	Исчезнувшие народы
0006071.png	Подводный спорт
0006072.png	Сельское хозяйство
0006073.png	Внешняя политика
0006074.png	Народный артист СССР (1954)
0006075.png	«Доктор Живаго»
0006076.png	См. также
0006077.png	Функционирует филиал Златоустовской швейной фабрики. Налажена добыча щебня.
0006078.png	Игроки ФК «Стаханов»
0006079.png	Литература
0006080.png	Топоним
0006081.png	Тренеры сборной ОАЭ по футболу
0006082.png	Александр Скобликов. Альбом (1979).
0006083.png	Преображенська церковь (1600), Четвертня, Луцкий район
0006084.png	Электрическая часть
0006085.png	запрет дискриминации
0006086.png	Прочее
0006087.png	10 декабря
0006088.png	Оцифрованные исторические книги
0006089.png	Военные Польши
0006090.png	Строительство
0006091.png	Флиант. От Арефиреи, или Хтонофилы, или Ариадны.
0006092.png	Вооружённые силы
0006093.png	Начало карьеры
0006094.png	Золотое сечение
0006095.png	Нил Сорский, преподобный. 20 (7) мая
0006096.png	Генерал-полковник (29 июля 1944)
0006097.png	Выпускники Военной академии имени М. В. Фрунзе
0006098.png	Полярный день
0006099.png	Примечания
0006100.png	Вращение головки выдержек
0006101.png	Святые Украины
0006102.png	На президентских выборах в США победил демократ Гарри Трумэн.
0006103.png	Галерея
0006104.png	обучение ораторскому искусству;
0006105.png	Преобразования Лоренца
0006106.png	См. также: :Категория:Умершие в 1477 году
0006107.png	Ссылки
0006108.png	Первые женщины в профессии
0006109.png	Книги
0006110.png	79 является нечётным двузначным числом.
0006111.png	Парижские мирные договоры 1814 года и 1815 года
0006112.png	Музей истории рыбной промышленности Дагестана
0006113.png	Парк имени Ивана Кожедуба
0006114.png	Окаянная Дженет (1881)
0006115.png	Ссылки
0006116.png	Выкуп Атауальпы
0006117.png	См. также
0006118.png	Прямые и непрямые переходы
0006119.png	Ссылки
0006120.png	Книги на английском языке
0006121.png	Социология в СССР
0006122.png	Культура
0006123.png	НАД похитит водород
0006124.png	Промышленность
0006125.png	Мазер в двадцать первом веке
0006126.png	Глагол
0006127.png	Персоналии, чья дата смерти не установлена
0006128.png	Ж.-П. Сартр
0006129.png	19. Объявление недействительным крещения от Павла Самосатского.
0006130.png	«Моя Родина» (1950)
0006131.png	Литература
0006132.png	Дозы излучения и единицы измерения (раздел 5)
0006133.png	Система классификаций холодного оружия
0006134.png	Порра, Лаури
0006135.png	Транспортная терминология
0006136.png	Список людей, называемых различными источниками авторами календаря
0006137.png	Представления о существе
0006138.png	Глобальное и общественное здравоохранение
0006139.png	Эстафета олимпийского огня
0006140.png	Ссылки
0006141.png	История
0006142.png	Население
0006143.png	Население
0006144.png	Международная актуарная ассоциация
0006145.png	Ссылки
0006146.png	«Человечка нарисовал я» (1960)
0006147.png	Охраняемые природные территории Смоленской области
0006148.png	Советский период
0006149.png	Шмелёв Георгий
0006150.png	Максимилиан Робеспьер
0006151.png	Описание герба
0006152.png	Музыка и песни Гражданской войны
0006153.png	Литература
0006154.png	Политика
0006155.png	Загоскин, Михаил Николаевич
0006156.png	Населённые пункты
0006157.png	Примечания
0006158.png	История
0006159.png	Население
0006160.png	память Софрония Иерусалимского;
0006161.png	Пьюрекс-процесс
0006162.png	Министры просвещения Российской империи
0006163.png	Список трудов в каталоге РГБ.
0006164.png	Клетка
0006165.png	Принял присягу, вступил на действительную службу (Выс. пр. )
0006166.png	Прошлое и настоящее населения Водлозерья и Поилексья;
0006167.png	Голуэй (Ирландия)
0006168.png	Современная история
0006169.png	Калининская АЭС мощностью  ( в 2006 году)
0006170.png	Звенигородская детская библиотека;
0006171.png	разъём для установки микросхемы ПЗУ (ёмкостью 8 КБ) с пользовательскими данными.
0006172.png	Наушники с уравновешенным якорем
0006173.png	Лучевое оружие
0006174.png	Творчество
0006175.png	Биография
0006176.png	Фармакокинетика
0006177.png	Бреда
0006178.png	Железнодорожный транспорт
0006179.png	В Бостоне детским хором впервые исполнен патриотический гимн «Америка».
0006180.png	город Кумертау;
0006181.png	Примечания
0006182.png	Литература
0006183.png	Болотная площадь
0006184.png	Фосфоресценция
0006185.png	Конструкция
0006186.png	Получил пачку печенья.
0006187.png	Нитротолуолы
0006188.png	Смерть
0006189.png	Национальный состав
0006190.png	Память о событии
0006191.png	2 июля
0006192.png	Центр интернет-образования.
0006193.png	Жорж Мустаки
0006194.png	В 1851 году окончил Институт Корпуса горных инженеров.
0006195.png	Системная инженерия
0006196.png	Франсиско Гойя
0006197.png	См. также
0006198.png	В этот день на Руси крестьянки пекли овсянички (пирожки из овсяной муки).
0006199.png	Саундтрек
0006200.png	В Будапеште открылась сессия Временного национального собрания Венгрии.
0006201.png	Орден Достык (Дружбы) двух степеней
0006202.png	безлопастные (эжекторного типа).
0006203.png	Производство и потребность
0006204.png	Лактоны
0006205.png	Задача коммивояжёра,
0006206.png	Роли в театре
0006207.png	Примечания
0006208.png	Музыка
0006209.png	Русские поэты
0006210.png	Каббала и еврейский мистицизм
0006211.png	Примечания
0006212.png	Юлиуш Словацкий, польский поэт.
0006213.png	В Триполи есть зоопарк, расположенный в зелёной зоне.
0006214.png	150 ур;
0006215.png	Примеры использования
0006216.png	Разработка экономических реформ (1990). Программа 500 дней
0006217.png	Теория государства и права
0006218.png	В 1577 году из цистерцианцев выделился орден фельянов.
0006219.png	Политика
0006220.png	Юбер Робер, «Пейзаж с женщиной, сброшенной её мулом у подножия статуи Венеры».
0006221.png	Съёмочная группа
0006222.png	Музеи
0006223.png	Хоккейные клубы Санкт-Петербурга
0006224.png	Население по переписи 1897 года
0006225.png	Имперский камеральный суд
0006226.png	Впоследствии вышли версии:
0006227.png	Лорды Островов
0006228.png	Должностные лица ООН
0006229.png	1 сентября
0006230.png	Братский завод мобильных конструкций;
0006231.png	Медаль «В память 1000-летия Казани» (2005 год)
0006232.png	Ссылки
0006233.png	Олег Гарин
0006234.png	Официальный сайт о туризме в Реймсе
0006235.png	Гиперкалиемии (высокому уровню калия)
0006236.png	Многочлены
0006237.png	Варшавский процесс.
0006238.png	(одномерный случай),
0006239.png	Юридический статус
0006240.png	Герасима Курина, улица
0006241.png	8. снизу вверх
0006242.png	Достопримечательности
0006243.png	Рэп-группа Крёстная семья.
0006244.png	Лазерная запись
0006245.png	Экранизации
0006246.png	Динамический микрофон (электромагнитный)
0006247.png	Ленцбург
0006248.png	Парки, скверы и зоны отдыха
0006249.png	Прогноз погоды
0006250.png	Примечания
0006251.png	Переводчики с санскрита
0006252.png	Перечисление,
0006253.png	Доксорубицин повышает гепатотоксичность меркаптопурина.
0006254.png	Педагогический факультет Белорусской государственной академии музыки;
0006255.png	Плотность сплава: .
0006256.png	Регий
0006257.png	Транспорт
0006258.png	Ссылки
0006259.png	Классификация
0006260.png	Геофизика
0006261.png	Крымскотатарский язык
0006262.png	б) платой за риск потерять возможность потребления.
0006263.png	Ссылки
0006264.png	3 декабря
0006265.png	Коммунистическая партия Кубы
0006266.png	Транслитерация болгарского алфавита латинским
0006267.png	См. также
0006268.png	«Ну, погоди! (выпуск 9)» (1976)
0006269.png	Виды вакцинации
0006270.png	Проведение военных парадов определяется строевыми Уставами.
0006271.png	Грецкая Марина Валерьевна (выдвинута партией «Яблоко»);
0006272.png	Игры на бумаге
0006273.png	4 магазина «Магнит»,
0006274.png	Изомерия положения
0006275.png	4-й микрорайон
0006276.png	Заселение людьми, древнейший период (до начала нашей эры)
0006277.png	(ранее: Сибирский политехнический колледж)
0006278.png	Завод по производству жидкого кислорода.
0006279.png	См. также
0006280.png	Торцовая, тоновая, или «поперечная», гравюра
0006281.png	Ульрих, Василий Васильевич
0006282.png	Делийский султанат возглавил Кутб-уд-дин Мубарак (до 1320).
0006283.png	Машиностроители
0006284.png	Крымский институт бизнеса
0006285.png	Новатор в осадном искусстве
0006286.png	налог на имущество организаций
0006287.png	Лихоборы
0006288.png	Калужское шоссе
0006289.png	Медаль На вступление в Москву в 1812 году (французская).
0006290.png	Чернушка, она же чернуха, чёрный тмин, мацок, нигелла, римский кориандр
0006291.png	Поэты на иврите
0006292.png	Литературные труды
0006293.png	Охотничье сердце, 1962
0006294.png	Арье Шефтель (1951)
0006295.png	Токелау
0006296.png	История и принципы работы
0006297.png	Прочее
0006298.png	Семантика
0006299.png	линейные электромагнитные двигатели,
0006300.png	Примечания
0006301.png	Школьный
0006302.png	Джованни ди Лоренцо Медичи
0006303.png	Полные Кавалеры ордена Славы:
0006304.png	Неоконченная пьеса для механического пианино (1977)  (3483)
0006305.png	Зависимость светимости сверхновой от химического состава звезды-предшественницы.
0006306.png	Память
0006307.png	В искусстве палеолита
0006308.png	Предпосылки
0006309.png	Оболочники нередко рассматривались в качестве отдельного типа.
0006310.png	Конгрегационалисты
0006311.png	В башкирской мифологии
0006312.png	Камергеры (Российская империя)
0006313.png	Гербарий МГУ
0006314.png	За условными именами стоит безусловное единство («глыба») бытия.
0006315.png	Свято-Вознесенский собор. Основан в 1851 году
0006316.png	(мотханын сарами)
0006317.png	позднейшим правилом отменяется изданное раньше;
0006318.png	Объяснение различного сленга
0006319.png	Международная премия «Древо жизни» (Межпарламентская ассамблея СНГ, 2014).
0006320.png	В честь Влада также назван астероид (4004) Листьев.
0006321.png	Бродский: А почему вы говорите про стихи «так называемые»?
0006322.png	Настенные мозаики
0006323.png	Ссылки
0006324.png	Сентябрь
0006325.png	Неодекадентство
0006326.png	Великая Отечественная война: немецкие войска заняли Курск.
0006327.png	Образ мужчины в искусстве
0006328.png	Литература
0006329.png	Группа журналистов «Гласность»: 51 депутат
0006330.png	Наказания
0006331.png	кольцо
0006332.png	Мушлан, Зангилан, Ордекли, Бабайлы, Солтанлы, Хаджилы.
0006333.png	Ранний нуар
0006334.png	Уполномоченные по правам человека в Российской Федерации
0006335.png	Публицисты России
0006336.png	Примечания
0006337.png	Чёрный кобель Жук (2008)
0006338.png	Известные носители имени
0006339.png	Май 1866 года
0006340.png	Премия «Ника» в номинации «Честь и достоинство» (2000)
0006341.png	Компьютерные игры
0006342.png	Звезда Рождества: Ивано-Франковская епархия: В борьбе за веру Православную.
0006343.png	Примечания
0006344.png	Демонология
0006345.png	Источники: ,
0006346.png	Мастера ведуты
0006347.png	Пулинский район
0006348.png	Официальный сайт Братиславы-Петржалки
0006349.png	Родились
0006350.png	Железнодорожная улица (Толстопальцево)
0006351.png	Исторические художники Германии
0006352.png	Внешний вид
0006353.png	Науки чистые или априорные:
0006354.png	Интервенция (Геннадий Полока, 1968)
0006355.png	Антиквары США
0006356.png	Киевское шоссе
0006357.png	Ефрейтор (Выс. пр. 1916)
0006358.png	Овощи
0006359.png	1923 год в СССР
0006360.png	Млекопитающие Африки
0006361.png	Романтический национализм
0006362.png	Транспорт
0006363.png	Нагрудный знак «За ранение» (1918) в серебре
0006364.png	Коли лёд не ушёл, рыба будет ловиться плохо.
0006365.png	память святого Флориана Лорхского;
0006366.png	область интерактивных приложений и инфраструктуры ();
0006367.png	Ссылки
0006368.png	В православии
0006369.png	Регина.
0006370.png	Авеева Зоя Эрдниевна
0006371.png	Население
0006372.png	Описание технологии
0006373.png	На 1 января 2023 года численность населения Турова составляет 2 766 человек.
0006374.png	Прочие божества
0006375.png	Марцелл одержал несколько побед в Испании.
0006376.png	Доклады «Свобода прессы»
0006377.png	Научная деятельность
0006378.png	Литература
0006379.png	Лучшие бомбардиры по сезонам
0006380.png	Октябрь
0006381.png	5-й Самоцветный переулок
0006382.png	Список автомобильных дорог ФРГ
0006383.png	Примечания
0006384.png	Евклидово пространство
0006385.png	Литература
0006386.png	родительный;
0006387.png	Главы Директории УНР
0006388.png	Коренные народы и их права в последние десятилетия
0006389.png	Примечания
0006390.png	Вуди Аллен
0006391.png	Последовавшие события в других союзных республиках
0006392.png	Исследования космического аппарата Стардаст
0006393.png	Музей Мартина Лютера Кинга
0006394.png	Примечания
0006395.png	Британский Парламент отменил Рождество.
0006396.png	Расстрельная стена, у которой колчаковцы расстреливали красноармейцев.
0006397.png	Волшебницы
0006398.png	Интернет
0006399.png	Памятник Владимиру Великому
0006400.png	Таким образом, уравнения двух асимптот имеют вид:
0006401.png	Выпускники Военного колледжа Армии США
0006402.png	Ключевые публикации
0006403.png	Серова, улица
0006404.png	Группа «Фэн-о-мэн»
0006405.png	Примечания
0006406.png	Примечания
0006407.png	Необходимость самовластья
0006408.png	От  «царапаю, черчу, пишу»:
0006409.png	Примеры поверхностей Ферми различных металлов
0006410.png	АООТ «КазНИИуголь»
0006411.png	См. также: :Категория:Праздники 21 декабря
0006412.png	В России
0006413.png	См. также
0006414.png	После войны он вернулся в Осло, и умер там в возрасте 59 лет.
0006415.png	Индукционная печь
0006416.png	См. также
0006417.png	Янтарные сказы Людмилы Сахаровой. Каталог выставки, Калининград, 2008.
0006418.png	Введение плюрализма выборов и отмена однопартийной системы.
0006419.png	День швейной машинки (1790)
0006420.png	Обозначение углов
0006421.png	История
0006422.png	медаль «За вклад в укрепление правопорядка»;
0006423.png	память священномученика Александра Поливанова, пресвитера (1919 год);
0006424.png	Пэт Мэтэни, американский джаз-роковый гитарист.
0006425.png	Герой Советского Союза
0006426.png	Лена ван Бладерен-Хартох
0006427.png	Воркута (Россия)
0006428.png	Ботаники Чехии
0006429.png	Социалисты Франции
0006430.png	В России
0006431.png	Курфюрсты Саксонии
0006432.png	Гражданская война в России
0006433.png	Биография и труды
0006434.png	Транспорт
0006435.png	Демографический кризис в Венгрии
0006436.png	Премия Ленинского комсомола (1977).
0006437.png	Перезахороненные с Никольского кладбища Александро-Невской лавры
0006438.png	Внутреннее содержание (1967)
0006439.png	Официальный сайт администрации городского поселения Наро-Фоминск
0006440.png	Регионы, награждённые орденом Октябрьской Революции
0006441.png	Родились
0006442.png	Поиск простых чисел Мерсенна
0006443.png	Тонкий клиент
0006444.png	Преподаватели Боннского университета
0006445.png	См. также
0006446.png	Литература
0006447.png	Смерть
0006448.png	Родились
0006449.png	Скончались
0006450.png	Брошюровочные работы
0006451.png	Композиторы эпохи барокко
0006452.png	Административный статус
0006453.png	Бухарское ханство
0006454.png	Коэффициенты Ламе:
0006455.png	Вытеснение григорианским календарём
0006456.png	Учебные заведения:
0006457.png	Полиглоты
0006458.png	Естественное движение
0006459.png	Образование и наука
0006460.png	Этимология названия
0006461.png	Средняя глубина: 3711 м;
0006462.png	Лауреаты Нобелевской премии из США
0006463.png	Словацкий медицинский университет
0006464.png	Храм всех Святых
0006465.png	10 самых прибыльных банков
0006466.png	Наука
0006467.png	Современное состояние
0006468.png	Женщины
0006469.png	Латинским названием города, используемым, например, в его гимне, является .
0006470.png	Продолжающиеся события
0006471.png	Литература
0006472.png	Примечания
0006473.png	В геральдике
0006474.png	Имя Якова Павлова увековечено на мемориальной стене Дома Павлова в Волгограде.
0006475.png	Лютеинизирующий гормон
0006476.png	Схема орбитальной станции «Мир»
0006477.png	Список улиц Батайска
0006478.png	Микрорайон Оболдино
0006479.png	Исторические поселения России
0006480.png	Федерализм как маскировка
0006481.png	Экранизации
0006482.png	Выпускники Вильнюсского университета
0006483.png	Купцы Российской империи
0006484.png	Четырнадцать представителей рода владели населёнными имениями (1699).
0006485.png	Компьютерные шины
0006486.png	Примечания
0006487.png	Экономический кризис и импичмент президента
0006488.png	Победоносцев над Россией
0006489.png	Лазерный диод
0006490.png	Тумэн «Чингисхан» (Китай, 1998); «Чингисхан» (Монголия, 2000);
0006491.png	Кант И. Основы метафизики нравственности
0006492.png	Земля Королевы Мод
0006493.png	Апостолы от семидесяти
0006494.png	См. также
0006495.png	Наука в СССР
0006496.png	Илья Шакунов, российский актёр театра и кино.
0006497.png	Генерала Белобородова, улица
0006498.png	Дипольный момент молекулы составляет 9,1 Дебая.
0006499.png	Операционные системы реального времени
0006500.png	15 февраля
0006501.png	Рэй Брэдбери (р.1920), американский писатель-фантаст.
0006502.png	Сайт, посвященный Матери Терезе
0006503.png	История почты и почтовых марок Гернси
0006504.png	В астрономии
0006505.png	Скончались
0006506.png	Периодизация
0006507.png	Российское царство
0006508.png	Молзавод
0006509.png	Сеть Джордана;
0006510.png	Учреждён пост «римского епископа», которым стал Пётр. Начало папства.
0006511.png	Трансурановые элементы
0006512.png	Влияние сочинений Спинозы выходит далеко за пределы философии.
0006513.png	Детерминативы также использовались для расширения значения символов.
0006514.png	Критика
0006515.png	Линейное отображение
0006516.png	Промышленность
0006517.png	Леонтий Леонтьевич
0006518.png	Русско-абхазский словарь. Сухуми, 1964.
0006519.png	Эстляндский егерский корпус
0006520.png	Доходность к погашению
0006521.png	Транспорт
0006522.png	Позиция на выборах патриарха в 2009 году
0006523.png	Китай
0006524.png	Все документальные фильмы про Юрия Александровича Гарнаева.
0006525.png	19 декабря
0006526.png	Регенерация
0006527.png	Примечания
0006528.png	Радиовещание
0006529.png	Грузооборот
0006530.png	Источники
0006531.png	Журналы Российской империи
0006532.png	Призёры
0006533.png	Вальденберг В. Э. Закон и право в философии Гоббеса. М., 1900.
0006534.png	Статуя Георгия-Победоносца, особо почитаемого в Северной Осетии святого.
0006535.png	«Реал Мадрид»
0006536.png	Литература
0006537.png	Апрель
0006538.png	Экономика
0006539.png	Альбом для детей. 24 легкие пьесы,
0006540.png	Литература
0006541.png	Биосинтез
0006542.png	Воинские звания
0006543.png	Примечания
0006544.png	Для многочлена , , его дискриминант есть произведение
0006545.png	Стена Реформации,
0006546.png	В девятисерийной киносаге было пять основных войн:
0006547.png	Роль игры в жизни человека
0006548.png	Дуэль не состоялась или перенесена,
0006549.png	Сезар
0006550.png	Киноактёры США
0006551.png	Основные единицы СИ
0006552.png	Примечания
0006553.png	Философы-метафизики
0006554.png	Рекордсмены «Зенита» в чемпионатах и первенствах России
0006555.png	Описание семейства
0006556.png	Кубок обладателей кубков УЕФА
0006557.png	Боги мщения
0006558.png	«Бюллетень В»
0006559.png	ХХ век
0006560.png	Асы признали Мьёллнир лучшим творением и Локи проиграл пари.
0006561.png	Фильмы-драмы Франции
0006562.png	Мобилизация денежных средств
0006563.png	Среднеазиатское бюро ЦК ВКП(б)
0006564.png	Тогда для оценки погрешности можно использовать эмпирическую формулу:
0006565.png	Героини древнегреческих мифов
0006566.png	Дресс-код
0006567.png	История города
0006568.png	См. также
0006569.png	Органические вещества жёлтого цвета
0006570.png	Реакции сухим путём
0006571.png	Прегольская озёрно-ледниковая равнина
0006572.png	Скончались
0006573.png	Европейский парламент самостоятельно избирает Председателя сроком на 2,5 года.
0006574.png	Тюменская область
0006575.png	Пограничные реки
0006576.png	Палимпсест Архимеда
0006577.png	Актёры США
0006578.png	Описание сэтто
0006579.png	Примечания
0006580.png	Литература
0006581.png	Средства массовой информации
0006582.png	Великие озёра
0006583.png	Открывается фестиваль Дискотека 80-х.
0006584.png	Советское время
0006585.png	негодные отходы
0006586.png	Завершение завоевания вандалами Алжира и Северного Марокко.
0006587.png	Бывшие города Киргизии
0006588.png	Отдельно изданы:
0006589.png	В основе древнегрузинского языка лежит картлийская речь.
0006590.png	«Ну что с ним делать?» (ВИА «Весёлые ребята»);
0006591.png	Литература
0006592.png	Ниже сведены в таблицу символы основного арабского блока.
0006593.png	Через несобственный интеграл:
0006594.png	Простая форма
0006595.png	Распределительная хроматография
0006596.png	Умершие в 1831 году
0006597.png	Часовня архангела Михаила
0006598.png	Фильмография
0006599.png	Геометрические фигуры
0006600.png	ликвидация нищеты и голода;
0006601.png	Амхиро или Ампхиро
0006602.png	Применение
0006603.png	безразличное равновесие.
0006604.png	Джордж Росс
0006605.png	Национальный состав
0006606.png	Почётный гражданин Екатеринбурга (1911)
0006607.png	Сонаты для альта и фортепиано Николая Рославца
0006608.png	Латвии (проспект Чорновила, 57)
0006609.png	Примечания
0006610.png	Персонажи фильмов
0006611.png	Атласово
0006612.png	Вышло ходульно и ревплаксиво. Что-то вроде:
0006613.png	Выпускники Московского авиационного института
0006614.png	Рельеф
0006615.png	Литература
0006616.png	Трофей столетия Футбольной лиги
0006617.png	Мария Звонарёва, российская актриса театра и кино.
0006618.png	Ссылки
0006619.png	Городской бюджет
0006620.png	Адреса в Санкт-Петербурге
0006621.png	повышенная чувствительность к любому компоненту данного препарата.
0006622.png	Литература
0006623.png	Детский эколого-биологический центр.
0006624.png	836 год до н. э.
0006625.png	Существует много рецептур этого распространённого лабораторного препарата.
0006626.png	Памятник 1967 года
0006627.png	Высшие учебные заведения, центры повышения квалификации
0006628.png	Нидерландский Орден Нидерландского льва (30.08.1849);
0006629.png	Том 2 Геометрия. Теория аналитических функций. 1981.
0006630.png	Примечания
0006631.png	Символы веры в христианстве
0006632.png	Представим искомую функцию в виде произведения
0006633.png	Сложение с противоположным элементом даёт :
0006634.png	948 км: Лопасня (лв)
0006635.png	Графики Российской империи
0006636.png	Градоустройство
0006637.png	Сочинения
0006638.png	Классификация пластмасс
0006639.png	Исторические телесериалы о 1910-х годах
0006640.png	Гера, Германия
0006641.png	Деканы физического факультета МГУ
0006642.png	Примечания
0006643.png	улица Святого Владимира в Сокале
0006644.png	американский агроном Джордж Горфилд Макдауэлл (7 июля 1931 года);
0006645.png	Высшее должностное лицо Новгородской области
0006646.png	ОАО «Саратовстройстекло»
0006647.png	Барышня с зонтиком
0006648.png	2005  «Авангард» Омск
0006649.png	Государственное устройство
0006650.png	Трауберг Л. Жак Оффенбах и другие. М.: Искусство, 1987.
0006651.png	Деятели культуры Орловской области
0006652.png	Пальейру-ду-Мар
0006653.png	Яссы (Румыния), с 15 января 2023
0006654.png	Символ Лежандра
0006655.png	Стереотаксис
0006656.png	Народного Ополчения, улица
0006657.png	В городе работает 92 образовательных учреждения:
0006658.png	Фамилия (для просмотра нажмите «показать»)
0006659.png	Гражданство Израиля
0006660.png	Примечания
0006661.png	Литература
0006662.png	Семья
0006663.png	История
0006664.png	В кино и других видах деятельности человека
0006665.png	Пролёт
0006666.png	Состав штата
0006667.png	16 муниципальных районов
0006668.png	Хрупкость
0006669.png	Приливные силы в небесной механике
0006670.png	Действительные статские советники
0006671.png	Перечень исторических событий внутри собора
0006672.png	Примечания
0006673.png	История создания
0006674.png	бронзовый призёр: 1962
0006675.png	Литература
0006676.png	Геодинамические обстановки гранитного магматизма
0006677.png	Машиностроители
0006678.png	Не всё стриги, что растёт.
0006679.png	Путишная
0006680.png	Грузовой транспорт
0006681.png	Ома закон
0006682.png	Ссылки
0006683.png	В 2004 году объём выплавки стали в мире впервые превысил 1 млрд тонн.
0006684.png	В культуре
0006685.png	«Малая проза». Александр Решовский за подборку рассказов.
0006686.png	Пусть , .
0006687.png	Литература
0006688.png	Режим частичного измерения
0006689.png	Наташи Ковшовой, улица
0006690.png	Народный Шевчук России. О людях на краю и сражениях за них
0006691.png	Его поместье находится в архиве библиотеки Фрайбургского университета.
0006692.png	Композиторы по алфавиту
0006693.png	Синайска роза Поэма
0006694.png	«Янус»,
0006695.png	Влад Цепеш убит боярами. Валахия подчиняется туркам, сохранив свою автономию.
0006696.png	См. также
0006697.png	то данный ряд абсолютно сходится; если же, начиная с некоторого номера
0006698.png	Легитимность власти:
0006699.png	Примечания
0006700.png	Восточнее Дарсана находится микрорайон «Овощной рынок» или «Центральный рынок».
0006701.png	Депутаты Верховного Совета Армянской ССР 11-го созыва
0006702.png	Гомофония
0006703.png	Нашатырь
0006704.png	Активное финансирование НИОКР.
0006705.png	Экранизации комиксов
0006706.png	Современность
0006707.png	История
0006708.png	Чебаркульский профессиональный техникум,
0006709.png	Магнитный усилитель
0006710.png	Члены КПСС
0006711.png	Карельская АССР переименована в Республику Карелия.
0006712.png	Политическая деятельность
0006713.png	Сам проинсулин практически не обладает инсулиновой активностью.
0006714.png	Старейшее изображение Аака относится к 1530 году.
0006715.png	Памятник Батырхану Шукенову.
0006716.png	Горные вершины Кабардино-Балкарии
0006717.png	Сербосек
0006718.png	Скавронская, Аделина-Виктория Генриховна
0006719.png	Дмитриевский собор (Владимир, Россия)
0006720.png	Скончались
0006721.png	Лауреаты Царскосельской художественной премии
0006722.png	Древнетюркский словарь
0006723.png	Мезолит
0006724.png	Корней Чуковский. «О Власе Дорошевиче»
0006725.png	Лекарственное взаимодействие
0006726.png	Биография
0006727.png	Горбатый мост
0006728.png	Творчество
0006729.png	Осморегуляция
0006730.png	Зачатьевский 1-й переулок
0006731.png	Сочинения Аристотеля
0006732.png	Олимпийские чемпионы по плаванию
0006733.png	Рацетамы
0006734.png	Юмор в фэнтези и пародии
0006735.png	серебряный призёр чемпионата РСФСР: 1977
0006736.png	Мифы Аркадии
0006737.png	Слеза (1880)
0006738.png	Причины и следствия различий систем
0006739.png	Города из Списка русских городов дальних и ближних
0006740.png	Современное состояние
0006741.png	Примечания
0006742.png	Энергетика Италии
0006743.png	Другие издания
0006744.png	Ссылки
0006745.png	См. также
0006746.png	Планы путешествия и вопрос о начальнике экспедиции
0006747.png	Художники-педагоги
0006748.png	Домены 2 уровня
0006749.png	Реки Канзаса
0006750.png	Отменно воспитали родители его,
0006751.png	Юристы Германии
0006752.png	Домены 1 уровня
0006753.png	Полёты космических кораблей «Союз»
0006754.png	Выпускники Колумбийской высшей школы искусств и наук
0006755.png	Большой крест ордена Почётного легиона (14 февраля 1815 года)
0006756.png	Александр Ковалевский («Ленин в Октябре», 1937)
0006757.png	Литература
0006758.png	Ссылки
0006759.png	Спасо-Яковлевский Димитриев монастырь
0006760.png	56 организаций дошкольного образования
0006761.png	Ледники Танзании
0006762.png	Статьи с эдитнотисом об осторожности при редактировании
0006763.png	Биография
0006764.png	Астанинский цирк.
0006765.png	Фонетика и фонология
0006766.png	Население
0006767.png	Источники
0006768.png	размещение на хранение (укладка товаров в стеллажи, штабели)
0006769.png	Константин
0006770.png	Диоды (Сергей Шнуров, Светлана Шестерикова)
0006771.png	Торговый центр и сад в Баку
0006772.png	Знак ранения;
0006773.png	Единицы измерения давления
0006774.png	Коммунизм в Италии
0006775.png	Серия о Корморане Страйке
0006776.png	Скончались
0006777.png	: Кутаиси
0006778.png	5 серия («Последний штурм», 1971) киноэпопеи «Освобождение» Ю. Озерова (СССР)
0006779.png	Возвращение в Париж
0006780.png	Институт коммуникаций и медиабизнеса
0006781.png	Генри Мур (р. 1898), британский художник и скульптор.
0006782.png	Руководство Республикой Коми
0006783.png	Стенографы
0006784.png	Физиологическая и психологическая акустика
0006785.png	Цари Иудеи
0006786.png	Биография
0006787.png	Столицы африканских государств
0006788.png	В других областях
0006789.png	Ссылки
0006790.png	Другие
0006791.png	Футболисты Франции
0006792.png	См. также
0006793.png	Преподаватели Гёттингенского университета
0006794.png	Проблемы внутренней безопасности
0006795.png	Ссылки
0006796.png	празднование в честь икон Божией Матери:
0006797.png	Ссылки
0006798.png	Тексты
0006799.png	Военно-воздушные силы ().
0006800.png	Памятники истории
0006801.png	Инженерные войска: История, штаты, техника, боеприпасы.
0006802.png	В современной культуре
0006803.png	Научная карьера
0006804.png	См. также
0006805.png	Кавалеристы Первой мировой войны (Россия)
0006806.png	Финляндская православная церковь полностью перешла на григорианский календарь.
0006807.png	Население
0006808.png	Южнодунайские языки
0006809.png	Со стороны пищеварительной системы
0006810.png	Мифология майя. Энциклопедия мифологии с иллюстрациями
0006811.png	Ремонт автомобильной камеры
0006812.png	План Дону
0006813.png	В агропромышленном комплексе сельское хозяйство играет подчинённую роль.
0006814.png	Критика
0006815.png	См. также
0006816.png	Примечания
0006817.png	Благовещенское подворье
0006818.png	книги и моей.
0006819.png	Населённые пункты общины
0006820.png	Периодический закон и строение атома
0006821.png	Анарауд ап Грифид
0006822.png	Геологическое строение
0006823.png	Выборы 2006 года
0006824.png	книгами, музыкой: книготерапия, музыкотерапия;
0006825.png	Оно называется общим законом интерференции стационарных оптических полей.
0006826.png	медаль К. Д. Ушинского (1963)
0006827.png	Отношения с Россией
0006828.png	Космос
0006829.png	Джордж Мартин: продюсер, фортепьяно, фисгармония.
0006830.png	Примечания
0006831.png	Теория
0006832.png	Макроэкономисты
0006833.png	Структура занятости населения:
0006834.png	установочные винты (для взаимной фиксации деталей).
0006835.png	Этимология
0006836.png	Русское Радио (104.90)
0006837.png	Смирнов, Сергей Олегович (07.10.1993, 044)
0006838.png	См. также
0006839.png	Изображали Нерея в виде старца с волосами, бородой и ресницами из водорослей.
0006840.png	Лебединая песня Андрея Шевченко
0006841.png	История
0006842.png	Основан город Нальчик.
0006843.png	этнографические;
0006844.png	Аэд мак Длутайг, правитель малого брегского королевства Фир Хул Брег.
0006845.png	Стрелковый корпус (ск)
0006846.png	пакеты.
0006847.png	Литература
0006848.png	Лауреаты премии Сесиля Б. Де Милля
0006849.png	Филиал Тихоокеанского государственного университета (ТОГУ)
0006850.png	История
0006851.png	Накопительный вклад
0006852.png	Музей природы (располагается в Гимназии им. Подольских курсантов)
0006853.png	Имена от эпиклес
0006854.png	Почётные доктора Опольского университета
0006855.png	Левые: Висеул, Иза, Сомеш, Кёрёш, Муреш, Бега, Батар, Красна, Москва, Белый.
0006856.png	и исходная плотность лагранжиана записывается как
0006857.png	системные интерфейсы и заголовочные файлы;
0006858.png	См. также
0006859.png	Утиная типизация
0006860.png	Неприкасаемые
0006861.png	Награды
0006862.png	Примечания
0006863.png	Кафедра русского языка как иностранного
0006864.png	Стригой
0006865.png	Присоединение Западной Белоруссии к БССР
0006866.png	Показания
0006867.png	Персонажи «Божественной комедии»
0006868.png	Сельджукиды захватили эмират Малатья.
0006869.png	Свирепый пламень брани?
0006870.png	прямое возвращение нескольких значений из функций;
0006871.png	В литературе
0006872.png	После ликвидации Сечи
0006873.png	Эллипсограф
0006874.png	Плишкаринское сельское поселение
0006875.png	В СССР выпущен первый бытовой стереофонический магнитофон «Яуза-10».
0006876.png	Беременность и лактация
0006877.png	Риядус-Салихин
0006878.png	По типу исходящего канала различают:
0006879.png	Праздник Преображения
0006880.png	Ссылки
0006881.png	984 км: Захариха (лв)
0006882.png	Правда ТуТ Белая Церковь 12 ТВК
0006883.png	Украина (суббота, воскресенье, понедельник)
0006884.png	Примечания
0006885.png	Дзержинский педагогический колледж (ДПК);
0006886.png	Литература
0006887.png	Примечания
0006888.png	Привокзальный район
0006889.png	Предвоенные годы
0006890.png	«Москва»
0006891.png	Некоторые свойства
0006892.png	Оборотни
0006893.png	История
0006894.png	Мьянма
0006895.png	География
0006896.png	Мультиинструменталисты США
0006897.png	Личности
0006898.png	«Хан-Тенгри-2003», автор А. Казаков, 2003.
0006899.png	Танака-хан ()
0006900.png	См. также
0006901.png	Заболевания лёгких, связанные с курением
0006902.png	Саппоро имеет следующие города-побратимы:
0006903.png	Остальные персонажи
0006904.png	Главные отрасли промышленности
0006905.png	Эрнст Вильгельм Най (ум. ), немецкий живописец и график.
0006906.png	Такая группа включает режим  и выключает режимы  и .
0006907.png	Устойчивость суспензии
0006908.png	Книги
0006909.png	Лауреаты Демидовской премии
0006910.png	Международный Красный Крест,
0006911.png	Открытие законов
0006912.png	Поэты Грузии
0006913.png	трибьют-альбом Борис Гребенщиков поёт песни Булата Окуджавы, 1999
0006914.png	См. также
0006915.png	Солнечные календари
0006916.png	Дружба с Римом
0006917.png	Склонение числительных «два», «три», «четыре»:
0006918.png	Награды
0006919.png	По переписи 2001 года:
0006920.png	открытие и ведение банковских счетов физических и юридических лиц;
0006921.png	События
0006922.png	Вадим (р. 2006)
0006923.png	Семейное древо Чингисхана
0006924.png	Тренеры ФК «Рома»
0006925.png	Премии и награды
0006926.png	История
0006927.png	Лётчики морской авиации Великой Отечественной войны
0006928.png	Женщины:  Мартина Хингис 16 лет и 3 месяца (1997)
0006929.png	Получение
0006930.png	Космические телескопы «Гершель» и «Планк», (запущены в 2009 году).
0006931.png	Опционы
0006932.png	Современность
0006933.png	Увековечение памяти
0006934.png	Родились
0006935.png	Редакционный совет
0006936.png	Ссылки
0006937.png	Жители СССР
0006938.png	Редакторы СССР
0006939.png	Неравенства
0006940.png	Во 2 луне луская княгиня Цзян поехала в Цзюй.
0006941.png	Примечания
0006942.png	Московская область,
0006943.png	Список фортификационных терминов
0006944.png	Надежда Стасова;
0006945.png	Ссылки
0006946.png	Изменения рейтинга
0006947.png	Ивик О., Ключников В. Хазары. М., 2013.
0006948.png	Биография
0006949.png	«Электроника 043 стерео»
0006950.png	Газовый аккумулятор
0006951.png	Источники
0006952.png	Православные церкви, признавшие автокефалию ПЦУ:
0006953.png	Персоналии:Валаамский монастырь
0006954.png	История украинских банкнот: от денежной реформы 1996 года до наших дней
0006955.png	Известные преподаватели
0006956.png	Акрисий
0006957.png	Провиантская башня
0006958.png	Прусский Орден Красного орла 1-й степени (1851)
0006959.png	Редакторы России
0006960.png	Относится к открытым началам.
0006961.png	Предпосылки и первые попытки
0006962.png	Происхождение термина
0006963.png	История
0006964.png	Представитель аятоллы Хаменеи при КСИР: Можтаба Зольнур
0006965.png	Бояре
0006966.png	Режим дозирования
0006967.png	Музеи Томска
0006968.png	конструкционный принцип («оружие новой системы»);
0006969.png	Политическая карьера
0006970.png	случайные графы;
0006971.png	Поведенческая психотерапия
0006972.png	Ладино использует разные системы письма, в том числе еврейский алфавит.
0006973.png	Лактамы
0006974.png	Папиниан
0006975.png	Покровительство евреям
0006976.png	См. также
0006977.png	желудочковая.
0006978.png	Слэшдот-эффект
0006979.png	История
0006980.png	Богословы по алфавиту
0006981.png	Дети индиго
0006982.png	Международного университета «МИТСО» Витебский филиал
0006983.png	Лемма Архимеда играет важную роль при построении изоциркулярного преобразования.
0006984.png	Новгородский театр драмы
0006985.png	Ташкентская медицинская академия
0006986.png	Кубок метелей. Четвертая симфония (1908)
0006987.png	2003: «Гендерное равенство и ЦРТ»;
0006988.png	В 2013 году была снята программа «Орёл и Решка», посвящённая Камчатке.
0006989.png	Тигры-людоеды
0006990.png	Универсал
0006991.png	Лауреат Пушкинской премии в области поэзии (12 июня 2004 года).
0006992.png	Музейный комплекс ТГПУ включает 10 музеев:
0006993.png	Зубовская улица
0006994.png	Звукозаписывающие студии
0006995.png	Языки
0006996.png	Заболевания печени
0006997.png	Миний. От Еврианассы.
0006998.png	Скуодасский район
0006999.png	Публицисты Российской империи
0007000.png	Кассетные магнитофоны
0007001.png	Примечания
0007002.png	Биография
0007003.png	Литература
0007004.png	огузы: йумурта, йылан, йагмур, йорт, йез (тур., азерб., тат.)
0007005.png	Ссылки
0007006.png	Рыбы Атлантического океана
0007007.png	Библиография
0007008.png	В Новокузнецке расположено четыре вуза:
0007009.png	Население
0007010.png	Характер
0007011.png	Чудо-замок
0007012.png	Государственная символика
0007013.png	Каштеляны трокские
0007014.png	Память
0007015.png	Азиаты в Америке
0007016.png	Биология
0007017.png	Мария («Мария, или Три эпохи из жизни женщины» (Ансело, 1837),
0007018.png	2010-е
0007019.png	Теория
0007020.png	В юрисдикции Московского патриархата (после 2011 года)
0007021.png	См. также
0007022.png	Примечания
0007023.png	Задонка;
0007024.png	Зима в России
0007025.png	Первый полёт межконтинентального турбовинтового пассажирского самолёта Ту-114.
0007026.png	Черноморские проливы
0007027.png	Древние языки Ближнего Востока
0007028.png	Фуникулёр
0007029.png	Медведковское шоссе
0007030.png	Трёхмачтовые
0007031.png	1939 год
0007032.png	Марк Кропивницкий на сайте КиноПоиск
0007033.png	Биография
0007034.png	Пражский лингвистический кружок
0007035.png	Музей мозаики в Зевгме (Турция)
0007036.png	Егорьевский курьер
0007037.png	город Жезказган
0007038.png	Гельфанд, Израиль Моисеевич
0007039.png	География
0007040.png	Исчезли в 567 году
0007041.png	Примечания
0007042.png	Моя тень (из Р. Стивенсона) (перевод с англ с Н. Кончаловской)
0007043.png	Галерея
0007044.png	Авианосец «Теодор Рузвельт»
0007045.png	Театр-кабаре, открывшийся в Киеве в 1912 году на улице Круглоуниверситетской.
0007046.png	Геральдика
0007047.png	Прокл-плакальщик.
0007048.png	Почётные доктора Ратгерского университета
0007049.png	Русские эмигранты третьей волны в Израиле
0007050.png	Автотранспорт
0007051.png	Международный прокат
0007052.png	Ссылки
0007053.png	Фамилии: Трофимов, Трофимцев, Трофимин, Трошин, Трофим.
0007054.png	Время на железной дороге
0007055.png	(АПФ-Ангиотензинпревращающий фермент)
0007056.png	Институт ракетно-космической техники
0007057.png	Покой Земли мы бережём!
0007058.png	Примечания
0007059.png	Почётные доктора Бирмингемского университета
0007060.png	Молодёжный авангардный театр «Жуй»,
0007061.png	Историческая справка
0007062.png	Тогда верно, что двойственным образом коники также является коника.
0007063.png	Примечания
0007064.png	Ссылки
0007065.png	Заземление
0007066.png	Общие системы взаимодействия с пользователями для виртуального моделирования
0007067.png	Групповая работа;
0007068.png	Признание и критика
0007069.png	Святые по алфавиту
0007070.png	Философы Германии
0007071.png	Европа
0007072.png	буквоотливного машинного;
0007073.png	Примечания
0007074.png	Другие не индоевропейские
0007075.png	Звёздное время  равняется сумме часового угла светила  и прямого восхождения :
0007076.png	Новейшее время.
0007077.png	Армянские поэты
0007078.png	минимальная мощность,
0007079.png	Краткий обзор
0007080.png	Атоммаш
0007081.png	Само разбил франков, вторгнувшихся в земли западных славян.
0007082.png	Преимущества
0007083.png	Российско-украинская война
0007084.png	Польская кириллица
0007085.png	глюкокортикоиды и минералокортикоиды.
0007086.png	Пляжи (1928)
0007087.png	Технический персонал
0007088.png	Кевин Глендалохский
0007089.png	Профессиональные
0007090.png	Футболисты Польши
0007091.png	Власть и социальные нормы в первобытном обществе
0007092.png	Политика Швеции
0007093.png	Примечания
0007094.png	Синтаксисты
0007095.png	На этой странице указаны 11 династий, правивших в древнем Вавилоне.
0007096.png	Научный метод
0007097.png	Революции во Франции
0007098.png	Павловский дворец (музей)
0007099.png	«Старобурятская живопись»
0007100.png	См. также: :Категория:События 17 сентября
0007101.png	Возводить в степень можно только квадратные матрицы.
0007102.png	Бог, Мир, Человек
0007103.png	Примечания
0007104.png	ОАО НПО «ПЗС»,
0007105.png	Литература
0007106.png	Описание герба Ростроповичей
0007107.png	МУЗ «Родильный дом» г. Волгодонска
0007108.png	Население
0007109.png	Галерея
0007110.png	Ссылки
0007111.png	Этнографы России
0007112.png	Прижизненные издания
0007113.png	Предки
0007114.png	Примечания
0007115.png	В 2010 году оригинальный гроб Освальда был продан с аукциона за 87 000 долларов.
0007116.png	Примечания
0007117.png	Энергетика
0007118.png	Наиболее частое проявление активности
0007119.png	Родниковая улица
0007120.png	Дай во старушеньки в тапочках,
0007121.png	Также Колчак писал о попытке определиться на английскую службу:
0007122.png	Медали
0007123.png	Примечания
0007124.png	Литература
0007125.png	Органы власти
0007126.png	Прилагательное
0007127.png	Литература
0007128.png	Режиссёры фильмов нуар
0007129.png	Неоязычество
0007130.png	Выпускники Средней школы Университета Небраски
0007131.png	Умер .
0007132.png	Магда Шнайдер (ум.1996), немецкая актриса, мать Роми Шнайдер.
0007133.png	Умершие 13 марта
0007134.png	Муниципальные образования Калязинского района
0007135.png	Выпускники королевской академии Або
0007136.png	Аналоговая звукозапись
0007137.png	Джеймс Гордон «Конструкции, или почему не ломаются вещи
0007138.png	Октавиан Маху (и.о): 2011
0007139.png	Биография
0007140.png	Тафсир
0007141.png	Использование
0007142.png	Литература
0007143.png	В художественной литературе
0007144.png	Похороненные на Новодевичьем кладбище
0007145.png	Международные десятилетия, отмечаемые ЮНЕСКО:
0007146.png	Лариса Наумкина
0007147.png	Реки Ревды
0007148.png	Архитектура
0007149.png	Образование
0007150.png	Наложение волн
0007151.png	14 км: Итатка (64 км)
0007152.png	Токмаков переулок
0007153.png	память преподобномученицы Феодосии девы (730)
0007154.png	См. также: :Категория:Умершие в 1347 году
0007155.png	Строганина на готовим.ру
0007156.png	Скачет красная конница
0007157.png	Врождённые пороки сердца
0007158.png	Примечания
0007159.png	Иркутская область
0007160.png	Государственное устройство
0007161.png	Философия
0007162.png	Орден Октябрьской Революции (21 февраля 1985).
0007163.png	буквы, обозначающие гласные звуки: я, е, ё, ю.
0007164.png	История
0007165.png	Промышленная архитектура
0007166.png	Провинциальная политика
0007167.png	Нетребовательная и простая культура в возделывании.
0007168.png	Южноосетинский «КВН».
0007169.png	Детство
0007170.png	Крушение пассажирского парохода «Адмирал Нахимов». Погибло 423 человека.
0007171.png	Рейтинги
0007172.png	Теудис отразил нападение франков на вестготские земли.
0007173.png	Ссылки
0007174.png	Биографии
0007175.png	Вознесенский храм
0007176.png	Государственные награды
0007177.png	Монако
0007178.png	Литература
0007179.png	Вакуумные газойли
0007180.png	Научная деятельность
0007181.png	Население
0007182.png	Разновидности даймё
0007183.png	1988 год
0007184.png	Результаты выступлений в первенствах России
0007185.png	Матрица (фото)
0007186.png	Беременность и лактация
0007187.png	улица Героев УПА во Львове
0007188.png	Алексей Михайлов в сериале «Красная площадь», 2004 год.
0007189.png	В изометрии
0007190.png	Поволжский филиал ОАО «МегаФон»,
0007191.png	Скончались
0007192.png	Преподаватели Московской консерватории
0007193.png	«Старые» рубрики
0007194.png	Транспортно-грузовые самолёты
0007195.png	«Ну, погоди! (выпуск 18)» (1993)
0007196.png	Сражение при Гуттштадте
0007197.png	Литература
0007198.png	Деятельность
0007199.png	Валерий Катынсус
0007200.png	Бурь порыв мятежный (1984)
0007201.png	Район на сайте органов государственной власти
0007202.png	Старошведское
0007203.png	Астрономия:
0007204.png	Чумаковская ЦОФ (город Донецк)
0007205.png	Примечания
0007206.png	Умершие от рака печени
0007207.png	Клетки животных
0007208.png	Примечания
0007209.png	Критика
0007210.png	После смерти Егора Летова
0007211.png	(КП «Горловкое ТТУ»):
0007212.png	1-я Вольская улица
0007213.png	Друцкие-Соколинские-Гурко-Ромейко
0007214.png	Лестница Мёбиуса
0007215.png	Лаури Шварц (профессор математики, Парижский университет);
0007216.png	«О совершенствовании в искусствах»
0007217.png	Ссылки
0007218.png	Учёные получили формулу
0007219.png	См. также
0007220.png	Литература
0007221.png	Батумская синагога (1904 год).
0007222.png	Алушта,
0007223.png	Сражения 1608 года
0007224.png	Литература
0007225.png	Первое упоминание в китайских источниках о Линьи (Чампе).
0007226.png	Женат, имеет двоих детей, семерых внуков.
0007227.png	Динамическое время
0007228.png	МР-перфузия
0007229.png	Доктора медицины
0007230.png	Чемпионы Европейского боксёрского союза
0007231.png	опытные образцы вновь созданных или модифицированных воздушных судов;
0007232.png	События
0007233.png	Винклер П. П. .
0007234.png	Санаторий «Голубые ели»
0007235.png	глубинно-психологическая (психоаналитическая, психодинамическая) терапия;
0007236.png	Медаль «40 лет Вооружённых Сил СССР».
0007237.png	Жизнь и творчество Жоржа-Пьера Сёра на сайте Картины Импрессионистов
0007238.png	Интервью с Александром Морозевичем
0007239.png	Банковская система
0007240.png	Именины
0007241.png	«Дитя Марии» (), 1869;
0007242.png	Разведывательное сообщество США
0007243.png	Озеро Осунден.
0007244.png	Римская республика
0007245.png	География
0007246.png	Память преподобного Феодора Трихины.
0007247.png	Выпускники Литературного института имени А. М. Горького
0007248.png	Ватник
0007249.png	Примечания
0007250.png	Члены Зала славы ИИХФ
0007251.png	Русские народные верования
0007252.png	Массимо Пополицио («», 2017).
0007253.png	События
0007254.png	Первое упоминание в летописи поселка Старая Ушица.
0007255.png	Записи звуковых сигналов
0007256.png	Доха, Катар (с 8 декабря 2014);
0007257.png	Музей вооружённых сил «Ксатрия Мандала» (1972)
0007258.png	См. также: :Категория:Родившиеся 20 января
0007259.png	Малая Сердоба 117 () ЮВ.
0007260.png	Предприятие «Вибротрон»
0007261.png	Образование дождевых облаков
0007262.png	Начало творческой деятельности
0007263.png	Ритмы ЭЭГ
0007264.png	Служба Государственной Охраны (СГО)
0007265.png	Игроки ФК «Монако»
0007266.png	Литература
0007267.png	Сайт, посвященный писательнице
0007268.png	События
0007269.png	Измерения ускорений
0007270.png	Восклицательным знаком обозначается факториал:
0007271.png	Генерал-лейтенанты (Российская империя)
0007272.png	Турнир на призы главы администрации города и района (1): 2005
0007273.png	Медаль «Пограничника»
0007274.png	Аффинная геометрия
0007275.png	Населённые пункты
0007276.png	Общая информация
0007277.png	История
0007278.png	Внутренний свод (интрадос)
0007279.png	Площадь им. 30-летия Победы
0007280.png	Владимир Муравлёв.
0007281.png	Участники Корейской войны
0007282.png	Ниими-хан ()
0007283.png	Арифметическая прогрессия
0007284.png	орден Св. Владимира 2-й ст. (1888)
0007285.png	Заговевши догавливай.
0007286.png	Александр Бейдеман (р. 1826), русский живописец, график и мемуарист.
0007287.png	Это есть наш последний
0007288.png	Едкий барит
0007289.png	агрегатная мощность,
0007290.png	Сомнамбулизм (снохождение)
0007291.png	Вечерняя (сменная) общеобразовательная школа.
0007292.png	БРЭМ-2
0007293.png	Венгрия
0007294.png	Примечания
0007295.png	Описание герба
0007296.png	Распространение
0007297.png	Принцы Франции (Бонапарты)
0007298.png	см. Бакинское градоначальство
0007299.png	Антинародная (2011)
0007300.png	Пленение пророка Иеремии.
0007301.png	Февраль
0007302.png	Эмбрион человека
0007303.png	Хемилюминесценция
0007304.png	Разведывательные организации СССР и России
0007305.png	Историография
0007306.png	«Средство Макропулоса» Л. Яначек
0007307.png	Даниил Дондурей на сайте радиостанции «Эхо Москвы»
0007308.png	Символы
0007309.png	Инфракрасный метод основан на различии теплоёмкости руды и пустой породы.
0007310.png	Кампучийско-вьетнамский конфликт
0007311.png	История
0007312.png	Коллекционные жетоны
0007313.png	Фонд Муга
0007314.png	Рымникская духовная семинария
0007315.png	Существуют следующие версии всемирного времени:
0007316.png	Участники Войны за независимость США
0007317.png	Виртуальный секс
0007318.png	Современная формулировка
0007319.png	Ранняя болезнь Альцгеймера
0007320.png	Небесные тела, посещённые спускаемыми аппаратами
0007321.png	Библиография
0007322.png	Жак Деми (р. 1931), французский кинорежиссёр.
0007323.png	Республика Ирак, с 1975
0007324.png	Профсоюзы
0007325.png	Литература
0007326.png	Мужские имена
0007327.png	Культура
0007328.png	Гоноцит
0007329.png	Кельтское возрождение
0007330.png	Хор, Глеб Яковлевич
0007331.png	История кальвинизма
0007332.png	Религиозные деятели времён Реформации
0007333.png	Военная карьера
0007334.png	Для неотрицательных целых  и  также справедливы формулы:
0007335.png	Особенности действия
0007336.png	Летняя аллея
0007337.png	Транспорт
0007338.png	Ледовый дворец «Мороз-Арена»
0007339.png	Ламповые компьютеры
0007340.png	Палеолит Евразии
0007341.png	Габсбурги
0007342.png	Населённые пункты Новоалександровского района
0007343.png	Документальный фильм о жизни и творчестве поэта «Георгий Иванов. Распад атома»
0007344.png	Биография
0007345.png	Современное пиратство
0007346.png	Китай
0007347.png	Плач (поэзия трубадуров).
0007348.png	Функция имеет угловую точку в , например, функция  недифференцируема в нуле.
0007349.png	История
0007350.png	Музыка
0007351.png	Члены Российского Пагуошского комитета
0007352.png	Целевое назначение
0007353.png	Памятник «Брестская библия»
0007354.png	Избирательная система
0007355.png	Издания произведений
0007356.png	Требования к квалификации ректора
0007357.png	Интернет-мемы России
0007358.png	Учёба в Московском университете
0007359.png	История терроризма
0007360.png	Верховные боги
0007361.png	Примечания
0007362.png	Выпускники Тобольской гимназии
0007363.png	Характеристики
0007364.png	Художественные переводы
0007365.png	Воинские звания Украины
0007366.png	«Русский треугольник»
0007367.png	Ссылки
0007368.png	большой крест (29.07.1814)
0007369.png	Рок-музыканты СССР
0007370.png	«Гусевские вести»
0007371.png	События
0007372.png	ОАЭ расширили применение законов шариата в повседневной жизни.
0007373.png	Гражданская война в Бирме
0007374.png	Президентство Клинтона
0007375.png	Примечания
0007376.png	История понятия
0007377.png	Источники
0007378.png	Джорджисты
0007379.png	ЭЭГ-исследования
0007380.png	Учение Мэнсона
0007381.png	Непрерывная дробь
0007382.png	Обладатели Кубка конфедераций
0007383.png	Академия регби со стадионом. Первая в России, была открыта в сентябре 2008 года
0007384.png	Театры, награждённые орденом Трудового Красного Знамени
0007385.png	Примечания
0007386.png	Платонизм
0007387.png	Ссылки
0007388.png	Международная музыкальная премия «Примавера» (Италия, 1996)
0007389.png	Качает виденья былого,
0007390.png	Гражданская 3-я улица
0007391.png	Скончались
0007392.png	Персоналии:Карфаген
0007393.png	Муниципальные образования Санкт-Петербурга
0007394.png	Русская православная церковь
0007395.png	Начало территориальной экспансии
0007396.png	Доброслободская улица
0007397.png	В обществе также существует множество субкультур различных социальных групп.
0007398.png	Национальный состав
0007399.png	Свободное графическое программное обеспечение
0007400.png	Нежность (1955)
0007401.png	Политическая и дипломатическая карьера
0007402.png	Реакционная способность
0007403.png	Места обитания
0007404.png	Лейк-энд-Пенинсула
0007405.png	Каширский проезд
0007406.png	Биография
0007407.png	Выпускники Еврейского университета в Иерусалиме
0007408.png	Выпускники Рязанской духовной семинарии
0007409.png	Марина Бурцева
0007410.png	Молодечненский бой
0007411.png	Руководство
0007412.png	Бывшие участники
0007413.png	Часовой пояс
0007414.png	Оксиды
0007415.png	Государственное устройство Российской Федерации
0007416.png	Исинская глина
0007417.png	Фармакология
0007418.png	называется канторовым множеством.
0007419.png	межмуниципальное Невзоровское кладбище
0007420.png	Деланж, Рене: Из книги «Жизнь Сент-Экзюпери»
0007421.png	позволяющая пользователям нескольких компьютеров
0007422.png	19 сентября
0007423.png	Скончались
0007424.png	Национальный состав
0007425.png	До 2020 года Одесская область состояла из 26 районов:
0007426.png	ТОО «Екибастузский гуманитарно-технический колледж» (ЕГТК, 8 специальностей)
0007427.png	Ни Цзань, китайский художник, каллиграф и поэт эпохи Юань.
0007428.png	Аристобул и его семья отправлены в Рим. Гиркан сделан первосвященником.
0007429.png	Спенсер, Г. Личность и государство (1884 г.)
0007430.png	Народный фронт освобождения Эритреи
0007431.png	Православие в Израиле
0007432.png	Научно-исследовательский институт геологии и геофизики
0007433.png	Морские флаги
0007434.png	Доведический субстрат
0007435.png	«Радиофармпрепараты в онкологии». Владимир Чернов (НИИ онкологии)
0007436.png	Острова
0007437.png	Биография и творчество
0007438.png	Двенадцатый царь иудейский Ахаз.
0007439.png	История
0007440.png	От Коя и Фебы:
0007441.png	Прокофий Акинфиевич Демидов
0007442.png	Баклуши
0007443.png	102 дошкольных общеобразовательных учреждения,
0007444.png	Похоронен на кладбище Уэверли в восточном Сиднее.
0007445.png	См. также
0007446.png	Прочие биографические сочинения
0007447.png	Риторические трактаты
0007448.png	Погибшие космонавты
0007449.png	Эрл Стэнли Гарднер;
0007450.png	Энциклопедия вымышленных существ
0007451.png	Маршал авиации (СССР)
0007452.png	Скончались
0007453.png	Выпускники Ярославской гимназии
0007454.png	Колледж Смоленского гуманитарного университета
0007455.png	Катастрофы во Флориде
0007456.png	Почётные граждане Белгорода
0007457.png	Ультразвуковая сварка
0007458.png	«Ниармедик ФАРМА» (Россия);
0007459.png	Определение
0007460.png	Смерть
0007461.png	Марин, «Прокл, или О счастье»
0007462.png	Гидрология
0007463.png	Региональное кодирование оптических дисков
0007464.png	В то же время в Си отсутствуют:
0007465.png	Памятник обезьянам
0007466.png	Список рыцарей габсбургского ордена Золотого руна
0007467.png	См. также
0007468.png	Древнегреческие историки
0007469.png	Церковь евангельских христиан баптистов «Добрая Весть»
0007470.png	Литература
0007471.png	Сельвина Клара Есиновна
0007472.png	Ссылки
0007473.png	Литература
0007474.png	Пряности
0007475.png	В районе перед войной было 47 колхозов и две животноводческие фермы.
0007476.png	Борьба за власть
0007477.png	Дворянские роды, на гербах которых изображены львы
0007478.png	Спорная между Россией и Украиной территория, де-факто в составе России.
0007479.png	«ДУК»
0007480.png	Период Второй мировой войны
0007481.png	Энергетика
0007482.png	Спасская
0007483.png	Экономика
0007484.png	Большемуртинский район Красноярского края: церковь Святого Луки.
0007485.png	Общественный транспорт
0007486.png	Определения
0007487.png	1918 год в Чечне
0007488.png	Костромская область
0007489.png	улица Владимира Великого в Дрогобыче
0007490.png	Домра
0007491.png	В вакуумных и газонаполненных электронных лампах (в том числе люминесцентных).
0007492.png	См. также
0007493.png	Медицинский компонент войск
0007494.png	Португальский язык в Восточном Тиморе
0007495.png	Алфатар
0007496.png	Синхронизация (информатика)
0007497.png	Догматически Лабади придерживался учения Реформатской Церкви, за исключением:
0007498.png	Центр детского технического творчества
0007499.png	Учёные, в честь которых названы физические единицы измерения
0007500.png	Архангельская старина
0007501.png	Памятник Евфросинии Полоцкой (2000; скульптор И. Голубев).
0007502.png	Мария Покровская;
0007503.png	Летописец на это отвечал так:
0007504.png	Твёрдость:
0007505.png	Закавказье
0007506.png	Соединения натрия
0007507.png	Литература
0007508.png	Вип (2015)
0007509.png	Коронационный альбом Михаила Фёдоровича
0007510.png	Русские эмигранты первой волны в США
0007511.png	Примеры
0007512.png	Персоналии
0007513.png	Регистры пишутся, начиная с 0;
0007514.png	Культура
0007515.png	См. также
0007516.png	Лекарственные психотропные препараты
0007517.png	Ссылки
0007518.png	История
0007519.png	Современная клеточная теория
0007520.png	Война Чёрного Ястреба
0007521.png	Примечания
0007522.png	Технологический техникум (ул. Красноармейская, 86)
0007523.png	2) Диспропорционирование:
0007524.png	Военная история Польши
0007525.png	Отдел исследования компьютерных систем (ИКС);
0007526.png	Литература
0007527.png	Международный день шахмат
0007528.png	Экономика
0007529.png	Производства строительных материалов:
0007530.png	Дельфин может означать:
0007531.png	Число смертей:
0007532.png	Доменико Кришито, итальянский футболист.
0007533.png	Семейство
0007534.png	180-е годы
0007535.png	улица Героев УПА в Трускавце
0007536.png	Ферросплавы
0007537.png	Температурный коэффициент сопротивления.
0007538.png	15 сентября
0007539.png	Землепользование
0007540.png	См. также: :Категория:Праздники 1 февраля
0007541.png	Викрам Самват
0007542.png	Зачатьевский 3-й переулок
0007543.png	Переводчики Библии
0007544.png	Вегетарианство
0007545.png	Память
0007546.png	орден Отечественной войны 2 степени
0007547.png	Лучшие бомбардиры чемпионата Украины
0007548.png	Сравнительно размеры классов подсетей выглядят так:
0007549.png	Суботица
0007550.png	Космические аппараты, разработанные НПО ПМ имени академика М. Ф. Решетнёва
0007551.png	Охота
0007552.png	История
0007553.png	1 Первый канал (Останкино)
0007554.png	22 декабря
0007555.png	Медики Российской империи
0007556.png	Изобразительное искусство
0007557.png	Маслов, Иван Владимирович (09.01.2012, 984)
0007558.png	В кино
0007559.png	«Электроника МС 7001»
0007560.png	Графен
0007561.png	450 кандидатов наук и доцентов;
0007562.png	Маршалы
0007563.png	Ссылки
0007564.png	Иные государственные учреждения
0007565.png	Директора «Уралмашзавода»
0007566.png	Костромская область
0007567.png	Пропп В. Я. Русские аграрные праздники
0007568.png	Переименованные населённые пункты Греции
0007569.png	66 км: Черкасская (ерик Подпольный) (лв)
0007570.png	ООО «Ромашка»
0007571.png	! Значение
0007572.png	МГТС (ПАО)
0007573.png	Космонавты России
0007574.png	Аудиозапись
0007575.png	«Золотой волос» (1979, кукольный)
0007576.png	Сомбреро (1957)
0007577.png	В Смутное время Волочёк захватили и разрушили польские войска.
0007578.png	Нелинейное программирование
0007579.png	Происхождение по версии самих Караханидов
0007580.png	Выпускники Московского хореографического училища
0007581.png	генерал-майор
0007582.png	локомотив
0007583.png	Поставки оружия в Грузию
0007584.png	Память и наследие
0007585.png	Ссылки
0007586.png	Но этот проект не был осуществлён. Коней заменили медные львы и порфировые вазы.
0007587.png	Сентябрь
0007588.png	Жанровая скульптура «Фонарщик»
0007589.png	Продюсер: Владимир Досталь
0007590.png	См. также
0007591.png	Послевоенные годы
0007592.png	килоновая
0007593.png	Библиография
0007594.png	Обладатель: 2004
0007595.png	Интерфейсы пользователя
0007596.png	История
0007597.png	См. также
0007598.png	Выпускники Тбилисского театрального университета
0007599.png	Галилея
0007600.png	В 1 луне войска Лу (под командованием сановника Ни) и Ци воевали с Вэй.
0007601.png	Руководители института
0007602.png	Бывшая Югославия
0007603.png	Русские писатели первой волны эмиграции
0007604.png	Вымышленные самоубийцы
0007605.png	Салихабади
0007606.png	Ауэ, Германия (1990)
0007607.png	Транспорт
0007608.png	Своё название оливин получил в описаниях Ю. Валлериуса 1747 года.
0007609.png	ММВБ. Методика расчета НКД и доходности
0007610.png	Леонид Кизим
0007611.png	Климат
0007612.png	Кино и музыка
0007613.png	Учредителем почти всех центральных газет является президент Туркменистана.
0007614.png	Кевин Клайн, американский актёр, обладатель «Оскара» и трёх премий «Тони».
0007615.png	Самарский
0007616.png	См. также
0007617.png	С какого числа в октябре пойдёт година, с такого числа весна откроется в апреле.
0007618.png	ООО «Меридиан» Рынок «Торговый двор»
0007619.png	Ссылки
0007620.png	Печатные органы
0007621.png	Благословляй-ко ты нас, хозяин со хозяюшкою,
0007622.png	Пищевая промышленность
0007623.png	Композиторы по алфавиту
0007624.png	:Категория:Музыкальные фильмы по жанрам
0007625.png	Литература
0007626.png	Ссылки
0007627.png	Публикации трудов в русском переводе
0007628.png	Определение
0007629.png	Технологии кино и видео
0007630.png	Некоторые другие действующие партии
0007631.png	По смыслу. Применяется в каждодневной живой речи.
0007632.png	Разгром ереси. Собор 1504 года
0007633.png	Взаимоотношения с человеком
0007634.png	Прапорщик (Выс. пр. 11.08.1870);
0007635.png	Физико-географическая характеристика
0007636.png	Борьба за звание чемпиона мира
0007637.png	Пространственные отношения в суахили выражаются при помощи локативных классов.
0007638.png	Роса, выпадающая при ночном остывании воздуха; туманы.
0007639.png	В иконописи
0007640.png	Память святых Фелицитаты и Перпетуи (203);
0007641.png	Сюжет в искусстве
0007642.png	См. также
0007643.png	ГУШОСДОР
0007644.png	Лапина, улица
0007645.png	Члены Академии деи Линчеи
0007646.png	Достоинства
0007647.png	Стимуляторы дыхания
0007648.png	Профессора Императорского Дерптского университета
0007649.png	Русские поэты
0007650.png	с сельским поселением Ивановское (на северо-западе).
0007651.png	Религиозная политика
0007652.png	Церковь (крестильная) при Преображенском храме;
0007653.png	Биография и библиография З.
0007654.png	Планирование
0007655.png	румынский (до 1860-х)
0007656.png	Примечания
0007657.png	Литература
0007658.png	Муниципальное устройство
0007659.png	Брат художника Транквилло Кремона.
0007660.png	Международная деятельность
0007661.png	Медаль «В память 300-летия царствования дома Романовых»
0007662.png	Германо-скандинавская мифология
0007663.png	Разделение спина и заряда
0007664.png	Лауреаты Нобелевской премии по литературе
0007665.png	Центральная металлургическая база
0007666.png	Ранние годы
0007667.png	Биографии героев
0007668.png	Лора Смет, французская актриса.
0007669.png	2021: фильм «Спенсер». В роли королевы Стелла Гоне.
0007670.png	Уревка
0007671.png	Философы немецкой философской школы
0007672.png	Растения в мифологии
0007673.png	Ион (есть гипотеза, отождествляющая эту пьесу с «Креусой»)
0007674.png	Преподаватели Императорского Санкт-Петербургского университета
0007675.png	Бессознательное состояние
0007676.png	Свободное программное обеспечение
0007677.png	Цветопередача. Чёрно-белый либо синий.
0007678.png	Станислав Микульский (р. 1929), польский актёр театра и кино.
0007679.png	Литература Киевской Руси
0007680.png	Общее среднее образование
0007681.png	Предприятие «Тросифоль»
0007682.png	Люгерный парус
0007683.png	В ответ сервер генерирует новую веб-страницу и отправляет её браузеру;
0007684.png	Мехико
0007685.png	Зима 1775 года. Рим
0007686.png	2-й год по эре правления луского князя Инь-гуна.
0007687.png	Физико-географическая характеристика
0007688.png	Лауреаты Нобелевской премии по литературе
0007689.png	Игроки в аренде
0007690.png	Скончались
0007691.png	Был женат на Анне Степановне Колосовой. От этого брака родились:
0007692.png	Муниципально-территориальное устройство
0007693.png	Заболевания
0007694.png	Материалы по онкологии от РАН
0007695.png	Входит в семейство кодов Голомба.
0007696.png	Король является главой государства.
0007697.png	Петя (1970)
0007698.png	Латинский кубок
0007699.png	Примечания
0007700.png	Фильм «Франсуа Вийон», реж. Серджиу Николаеску, 1987
0007701.png	Если одно из чисел  или  бесконечно, то
0007702.png	Автомобильный
0007703.png	Зал Имён
0007704.png	Астрономия
0007705.png	История
0007706.png	См. также
0007707.png	Приметы
0007708.png	Детские поэты
0007709.png	Рефакторинг
0007710.png	В норме
0007711.png	Гормоны гипоталамуса
0007712.png	Память мученика Крискента Мирликийского;
0007713.png	Локализация программного обеспечения
0007714.png	Список орбитальных станций
0007715.png	Фамилия
0007716.png	Литература
0007717.png	Население
0007718.png	Гиомара Диаш де Новаиш, дочь, дважды выходила замуж, но осталась бездетной.
0007719.png	См. также
0007720.png	и другие.
0007721.png	Оценка деятельности
0007722.png	Клэр Холл (), 1966
0007723.png	эпизоды телесериала «Дни в Долине Смерти»
0007724.png	В кино
0007725.png	Историческая концепция
0007726.png	Эрехтейон
0007727.png	Поиск информации на русском языке
0007728.png	Литература
0007729.png	заслуженный деятель искусств РСФСР (1954)
0007730.png	Мужья:
0007731.png	Орден Республики Тыва (Республика Тыва, Россия, 8 июля 2020)
0007732.png	Матрицы в теории групп
0007733.png	Кончанское,
0007734.png	См. также
0007735.png	«В нашем маленьком ковчеге», стихи для детей, 2001
0007736.png	Павлу посвящён балет Бориса Эйфмана «Русский Гамлет» (1999)
0007737.png	Контр-гард
0007738.png	Родился в 1773 году в семье священника Олонецкого края.
0007739.png	Комментарии
0007740.png	Ссылки
0007741.png	Исправление прикуса
0007742.png	Система живых организмов А. Шипунова
0007743.png	Ольга Ломоносова, российская актриса театра и кино.
0007744.png	Новатор в осадном искусстве
0007745.png	Хлорамбуцил (противоопухолевое средство, алкилирующее соединение)
0007746.png	Средние века
0007747.png	См. также
0007748.png	История
0007749.png	Почтовые марки
0007750.png	Нина Николаевна
0007751.png	Близнечные мифы
0007752.png	Пусть идут Твои дети
0007753.png	Поэты России
0007754.png	Характеристика населения
0007755.png	Эволюция волосяного покрытия у человека
0007756.png	Девиатор и шаровая часть
0007757.png	Травоядные
0007758.png	Ссылки
0007759.png	Текущий состав
0007760.png	Животные, питаемые автотрофными эндосимбионтами
0007761.png	Элементы ритмики
0007762.png	Омыватели передних фар
0007763.png	Гагарин и прообраз «Бурана». Фотография 1966 года
0007764.png	Между войнами
0007765.png	концерт для валторны с оркестром (1963)
0007766.png	Примечания
0007767.png	Примечания
0007768.png	Граница между Азией и Европой
0007769.png	В 1858 году Мстиславль сильно пострадал от пожара, сгорело около 500 строений.
0007770.png	Герасим Якушко
0007771.png	Септуагинта и другие греческие переводы
0007772.png	Победы (6)
0007773.png	Однако, по информации ЦИК, в избирательном списке Ваха Евлоев всё же остался.
0007774.png	Комментарии
0007775.png	Дежа вю (1989)
0007776.png	Комбинаторика
0007777.png	История
0007778.png	Общий обзор кельтских языков
0007779.png	Общая длина дистанции: 300,6 миль
0007780.png	Соревнования по скалолазанию
0007781.png	Ссылки
0007782.png	Грузовые рейсы
0007783.png	Интернет
0007784.png	История
0007785.png	Модуль сдвига
0007786.png	Мальчик верхом на палке; подпись такая же.
0007787.png	Советы функционального назначения
0007788.png	Таджикистан
0007789.png	Другие компоненты и принадлежности
0007790.png	Персоналии:БДТ им. Товстоногова
0007791.png	На российской части реки расположены:
0007792.png	Литература
0007793.png	Критика и публицистика
0007794.png	кристобалит
0007795.png	Орден «За военные заслуги» 4-го класса с мечами (Королевство Бавария)
0007796.png	Торонто провозглашён столицей канадской провинции Онтарио.
0007797.png	Творчество
0007798.png	События
0007799.png	Военная ситуация накануне революции
0007800.png	Литература
0007801.png	Умершие в 1859 году
0007802.png	Немецкие писатели
0007803.png	Лучший игрок Евро-1984
0007804.png	Дочери
0007805.png	История языка
0007806.png	География
0007807.png	Золотой треугольник (наркоторговля)
0007808.png	«Один день Ивана Денисовича». Читинский драматический театр (1989 год)
0007809.png	Биография
0007810.png	Председатели Правительства РФ
0007811.png	Внутренние воды
0007812.png	Заказник «Берёзовые острова»
0007813.png	дата поставки
0007814.png	орден Трудового Красного Знамени (05.03.1939)
0007815.png	Фотографии, переданные аппаратами «Венера»
0007816.png	Сплавы
0007817.png	Распад мюона
0007818.png	обладать базой примеров с возможностью её пополнения
0007819.png	Ранние годы
0007820.png	Кривые лучевых скоростей
0007821.png	: консульство Республики Казахстан в Астрахани (1-я Аршанская ул., д. 17);
0007822.png	Нобелевские премии
0007823.png	Личные
0007824.png	См. также
0007825.png	Эквивалентность другим единицам измерения времени
0007826.png	Ссылки
0007827.png	Литература
0007828.png	2018 Комета Брно
0007829.png	Собственные векторы, значения и пространства
0007830.png	Лауреат премии-стипендии Фонда Иосифа Бродского 2019 года.
0007831.png	Гравитонный лазер
0007832.png	Кердик сын Элесы стал королём Уэссекса .
0007833.png	«Джип-триал» на пересечённой местности;
0007834.png	Биография
0007835.png	Фракийцы
0007836.png	Достопримечательности
0007837.png	Ссылки
0007838.png	Галицкие русофилы
0007839.png	Сирджан
0007840.png	Участники Кавказской войны
0007841.png	Отставка гроссмейстера Тевтонского ордена Людольфа фон Кёнига.
0007842.png	История космонавтики
0007843.png	Одежда
0007844.png	Международные отношения
0007845.png	Знаки различия;
0007846.png	Лауреаты премии «Давид ди Донателло»
0007847.png	Примечания
0007848.png	«Египетская» дилогия
0007849.png	Реки Сербии
0007850.png	Источники
0007851.png	Сочинения первого периода творчества Достоевского принадлежали различным жанрам:
0007852.png	Выпускники Вестфальского университета имени Вильгельма
0007853.png	Герб города
0007854.png	Существуют несколько версий происхождения названия города:
0007855.png	Нуклеофильное замещение
0007856.png	Этимология
0007857.png	министр обороны,
0007858.png	Казнённые религиозные деятели
0007859.png	Анатомический музей.
0007860.png	Шейка матки
0007861.png	Орджоникидзевский.
0007862.png	Женщины
0007863.png	Ссылки
0007864.png	1070-е годы
0007865.png	Контроль рекламы
0007866.png	Вупперталь (), Германия
0007867.png	Османский период
0007868.png	Принцип работы
0007869.png	Географическое положение
0007870.png	Литература
0007871.png	15 июля
0007872.png	Библиография
0007873.png	Дописьменный период
0007874.png	Недостатки:
0007875.png	Лихое устроили братство.
0007876.png	Бюджет
0007877.png	Главные тренеры ХК «Амур»
0007878.png	медаль «За турецкую войну»
0007879.png	Детство и юность
0007880.png	Часовня Царственных Страстотерпцев.
0007881.png	Жилищное строительство
0007882.png	Официальный сайт Цюриха
0007883.png	Примечания
0007884.png	Кафедра регионоведения России и стран СНГ
0007885.png	В СССР издательством «ИЗОГИЗ» была выпущена открытка с изображением Н. Щорса.
0007886.png	Александр Хабаров (2001)
0007887.png	Выпускники Йельского университета
0007888.png	Киев, Украина (26 октября 2000)
0007889.png	при возникновении информации о противоправных действиях.
0007890.png	используется трёхуровневый интерливинг
0007891.png	Приготовление шликера осуществляется в три фазы:
0007892.png	Забайкальская (сл. С. Алымова)
0007893.png	Механизмы возникновения воспаления
0007894.png	См. также: :Категория:Родившиеся в 1007 году
0007895.png	Религиозные деятели времён Реформации
0007896.png	Фикс-фокус
0007897.png	Железнодорожные вокзалы по алфавиту
0007898.png	Премия в области средств массовой информации
0007899.png	От реставрации Византийской империи до захвата османами
0007900.png	15 апреля
0007901.png	ООО «Кузнецкий хлебокомбинат»;
0007902.png	Выпускники военных вузов
0007903.png	коронный разряд
0007904.png	История Древнего Рима
0007905.png	Волгоград-24 (Волгоград)
0007906.png	Примечания
0007907.png	Основная статья:
0007908.png	Трамваи в разных частях света
0007909.png	Выпускники Московской консерватории
0007910.png	История тюрем России
0007911.png	Проект «ТЕТРАРУС»
0007912.png	Спорт
0007913.png	Гибель Иуды
0007914.png	Примечания
0007915.png	Именины
0007916.png	Галерея изображений
0007917.png	Мини-сериал «» (Великобритания, 1968). В роли Тиберия Андре Морелл.
0007918.png	Районная детская библиотека
0007919.png	Власть ключей. Берлин, Скифы, 1923
0007920.png	Растительный мир
0007921.png	Динамическая метеорология
0007922.png	Сельское хозяйство
0007923.png	ООО «Павлово-Посадский хлебзавод».
0007924.png	память преподобного Михаила исповедника, епископа Синадского (Фригийского) (821)
0007925.png	Использование в военных целях
0007926.png	Сара Маклахлан
0007927.png	Театр кукол Альбатрос
0007928.png	Количество переходных антикв невелико, но применение они имеют самое широкое.
0007929.png	Парусный спорт за рубежом
0007930.png	глюкокортикоиды
0007931.png	Футболисты Испании
0007932.png	Генрих фон Клейст: «Разбитый кувшин»
0007933.png	Ссылки
0007934.png	Поставщики:
0007935.png	Фалек. Тиран, его убила львица, посланная Артемидой.
0007936.png	Научно-педагогический работник.
0007937.png	Вариации и обобщения
0007938.png	См. также
0007939.png	Советское влияние на личность Цзян Цзэминя
0007940.png	Об укреплении Жёлтой реки, в одной книжке;
0007941.png	Броды
0007942.png	Нижегородский
0007943.png	Тулпаров, Александр Иванович (1919)
0007944.png	Воинские звания Украины
0007945.png	Ноябрь
0007946.png	Острова Галф
0007947.png	Монархи, отрёкшиеся от престола
0007948.png	Примечания
0007949.png	Критика
0007950.png	Журналы
0007951.png	Тюменский Дом кино
0007952.png	Литература
0007953.png	Институт телекоммуникаций и информатики Туркменистана
0007954.png	Зоны растительности
0007955.png	В его честь названо несколько улиц во французских городах.
0007956.png	«Калужский»;
0007957.png	Правители
0007958.png	Сглаживающий сплайн
0007959.png	Андрей Ещенко
0007960.png	Немецкая вина
0007961.png	Принцип работы
0007962.png	См. также
0007963.png	Янссон как художница
0007964.png	В кинематографе
0007965.png	Орография
0007966.png	«Купли Калиты»
0007967.png	Городская железная дорога
0007968.png	См. также
0007969.png	Родился  в Петрограде (ныне Санкт-Петербург).
0007970.png	Железнодорожный транспорт
0007971.png	октябрь (31 день),
0007972.png	Музей связи
0007973.png	Смолин, Олег Николаевич
0007974.png	Выпускники Ульяновской государственной сельскохозяйственной академии
0007975.png	Конка
0007976.png	Повешение
0007977.png	Фильмы студии «Мосфильм»
0007978.png	память Сацердоса Лиможского;
0007979.png	Финалист: 1923
0007980.png	«3 пьесы на армянские темы» для струнного квартета (1934).
0007981.png	Афразийские языки (устарело)
0007982.png	Консулы Цензорий Датиан и Нераций Цереалис.
0007983.png	Ссылки
0007984.png	Джоди Гордон, австралийская актриса и фотомодель.
0007985.png	Ссылки
0007986.png	Спорт
0007987.png	Литература
0007988.png	Асторга, Испания
0007989.png	Похороненные в Кисловодске
0007990.png	МТУ-90
0007991.png	Состав
0007992.png	Ники Минаж, американская певица, рэпер, автор-исполнитель и актриса.
0007993.png	Фильмы-ремейки США
0007994.png	Бывшие столицы
0007995.png	Борьба с джиттером
0007996.png	Гавриловка Вторая (Тамбовская область) 44 () З.
0007997.png	278 км: Сноведь (пр)
0007998.png	Фантастическое отрезвление
0007999.png	Современная формулировка
0008000.png	Орден Спасителя, большой крест (Греция, 1863)
0008001.png	Межуев, Денис Валериевич (25.04.2022)
0008002.png	Хазарские источники
0008003.png	Транспорт
0008004.png	Президенты Австрийской академии наук
0008005.png	Полянка, улица
0008006.png	Договор о запрещении ядерных испытаний
0008007.png	Ссылки
0008008.png	Олег Кузьмин
0008009.png	На пружину (пластиковую или металлическую)
0008010.png	Владимирский собор
0008011.png	Литейно-механический комбинат
0008012.png	Культурный центр
0008013.png	Космонавт-испытатель 1-го класса (28 апреля 1979).
0008014.png	Почётные доктора Мичиганского университета
0008015.png	В Вашингтон-Колледже
0008016.png	Родились
0008017.png	Городское поселение Чехов
0008018.png	Препараты второй линии для лечения рассеянного склероза
0008019.png	База отдыха «Сириус» (п.Седова Заимка);
0008020.png	Скопье поддерживает побратимские отношения с 20 городами мира:
0008021.png	Части речи
0008022.png	Дворянские роды России шотландского происхождения
0008023.png	Смещение центра тяжести бутерброда к той стороне, на которой лежит масло.
0008024.png	Скажу вам даже ночью.
0008025.png	Классических европейских мифов о созвездии нет.
0008026.png	Джош Гробан
0008027.png	Гравёры Франции
0008028.png	Результаты выступления в КХЛ
0008029.png	Ссылки
0008030.png	Теория Галуа
0008031.png	Депутаты Сейма Польши
0008032.png	Переносные значения
0008033.png	Снятие ограничений на длину строк при интерпретации скриптов.
0008034.png	Международный институт менеджмента «ЛИНК»
0008035.png	Ссылки
0008036.png	Белорусские писатели
0008037.png	Сложность конфигурирования и настройки;
0008038.png	«Жизнь за царя» («Иван Сусанин») (1836)
0008039.png	Леопольд Сонди
0008040.png	Гостиница «Комфорт»
0008041.png	Фильмография (актёр)
0008042.png	Рижский мирный договор 1921 года о советско-польских границах;
0008043.png	Пространство линейных функционалов
0008044.png	Композитор: Кохэй Танака
0008045.png	Напечатал:
0008046.png	Политическая борьба времён НЭПа
0008047.png	Портал «Азербайджан»
0008048.png	научно-техническая библиотека (с фондом более 700 тыс. единиц хранения);
0008049.png	Водные ресурсы
0008050.png	Рубцов, Иван Фёдорович (11.09.1998, 465)
0008051.png	Персоналии по алфавиту
0008052.png	Умершие 15 марта
0008053.png	Силы правопорядка
0008054.png	В науке
0008055.png	Первый штурм
0008056.png	Ссылки
0008057.png	В Пруссии создан ландвер и отменены телесные наказания в армии.
0008058.png	Орден Святого Владимира 4-й степени (6 декабря 1903)
0008059.png	Регуляторы кислотности
0008060.png	Цедлиц умер 18 марта 1793 года в своем имении Капсдорф.
0008061.png	780 км: без названия
0008062.png	Биография
0008063.png	См. также
0008064.png	современный.
0008065.png	Экономика
0008066.png	Населённые пункты
0008067.png	и по строкам:
0008068.png	В ролях
0008069.png	Расширенная
0008070.png	Православные посты
0008071.png	Национальный состав
0008072.png	Водные пути
0008073.png	Композиторы по алфавиту
0008074.png	Города Франции
0008075.png	История строительства
0008076.png	Известные люди
0008077.png	География и климат
0008078.png	Двусогласные знаки
0008079.png	459 км: река Киржач
0008080.png	В настоящее время самый популярный и массовый вид спорта в мире.
0008081.png	Генеалогия
0008082.png	Административное деление
0008083.png	Пироговский гидроузел в посёлке Пироговском;
0008084.png	БПОУ ВО «Череповецкий химико-технологический колледж»
0008085.png	Юридические науки
0008086.png	Вэйвлетная компрессия
0008087.png	Сельхозтехникум (бывшая мыза Рябово),
0008088.png	Гора Югамаш.
0008089.png	Европа
0008090.png	Обозначения
0008091.png	Перезахороненные с Волковского лютеранского кладбища
0008092.png	См. также
0008093.png	См. также
0008094.png	Еврейская литургия
0008095.png	Именины
0008096.png	И в толщах бытия куда мы денем
0008097.png	Старооскольский техникум технологий и дизайна
0008098.png	Как один народ,
0008099.png	См. также
0008100.png	МУЗ «Станция скорой медицинской помощи» (рассчитана на 25 тыс. выездов в год).
0008101.png	Отказ союзников от штурма Берлина
0008102.png	Щёлково, Россия
0008103.png	Королевский венгерский орден Святого Стефана, большой крест (1864)
0008104.png	Очерки жизни и творчества
0008105.png	Отзывы
0008106.png	В исламе
0008107.png	Главные (обеспечивают проход в порт с моря или плавание между портами в шхерах)
0008108.png	Примечания
0008109.png	Свойства транзакций
0008110.png	В городе действует 5 городских и пригородных маршрутов.
0008111.png	совершенствование управления и руководства;
0008112.png	15 квартал (население 11,1 тыс. чел., 2016);
0008113.png	Развитие
0008114.png	Примечания
0008115.png	Традиционная система обучения тала (ритму) подразумевает:
0008116.png	бета-распада и электронного захвата;
0008117.png	кластеры поглощающих стержней системы управления и защиты (СУЗ);
0008118.png	Образование
0008119.png	Скончались
0008120.png	Числовая функция вещественного переменного  равномерно непрерывна, если:
0008121.png	Похороненные в Киево-Печерской лавре
0008122.png	355 км: Малая Урма
0008123.png	Снотворные средства
0008124.png	Тетраграмматон
0008125.png	Примечания
0008126.png	Таннеровка
0008127.png	Библиография
0008128.png	Литература
0008129.png	Юлиярви
0008130.png	Из других сочинений Евклида сохранились:
0008131.png	Этиология
0008132.png	Под гръма на победите Поэзия
0008133.png	Товарные деньги
0008134.png	Смирнов Е. «История христианской церкви» (СПб., 1901);
0008135.png	Примечания
0008136.png	Соответствующие женские персонажи носят имена: .
0008137.png	Литература
0008138.png	Личная жизнь
0008139.png	Тбилиси
0008140.png	Политические взгляды
0008141.png	Однообъективные зеркальные фотоаппараты «Зенит»
0008142.png	См. также: :Категория:Умершие в 1700 году
0008143.png	Каменный век
0008144.png	Югославия
0008145.png	См. также
0008146.png	Из записок
0008147.png	Саитов, Олег Элекпаевич
0008148.png	Действительные члены Петербургской академии наук
0008149.png	ООО «Тивиком»
0008150.png	Коротнев Михаил Елизарович - стольник (1686-1690).
0008151.png	Государственные деятели Средневековья
0008152.png	Родившиеся в Полазне
0008153.png	Драматурги Древнего Рима
0008154.png	Образ в кино
0008155.png	Жизнь после смерти
0008156.png	Филодем
0008157.png	Члены Национальной академии наук США
0008158.png	Города-побратимы
0008159.png	Примечания
0008160.png	Академика Курчатова, улица
0008161.png	Период Вакансии
0008162.png	музей истории пивоварения юга России (на территории завода «Балтика-Юг»),
0008163.png	История
0008164.png	Примечания
0008165.png	В 1968 году подписал «Письмо 99».
0008166.png	ОАО «Апатит-Электромашсервис»
0008167.png	Аптекарские и тройские (для драгоценных металлов и камней) меры
0008168.png	Население
0008169.png	Хроника
0008170.png	Ассирийская церковь Востока (несторианство)
0008171.png	Острова Кука
0008172.png	Президенты Союза артистов польских сцен
0008173.png	Концентрация напряжений
0008174.png	Каргопольский уезд
0008175.png	Биография
0008176.png	то есть постоянен, и от угла поворота ротора не зависит.
0008177.png	Консулы: Луций Юний Брут и Луций Тарквиний Коллатин.
0008178.png	Сингапур (наряду с малайским, тамильским и китайским)
0008179.png	Мемориальная доска В. С. Короткевичу
0008180.png	Царь и его чиновники
0008181.png	Иркутская ТЭЦ-9,
0008182.png	Норик
0008183.png	Гексацианоферраты
0008184.png	Упразднение норвежского риксрода.
0008185.png	История
0008186.png	Саундтрек
0008187.png	Зимой чуский посол Цзяо прибыл в Лу с визитом.
0008188.png	Облегчённые языки разметки
0008189.png	Примечания
0008190.png	ресурсо-ориентированная экономика;
0008191.png	Игроки ФК «Реал Мадрид»
0008192.png	Деньги Вьетнама
0008193.png	Алатырь в энциклопедии «Мой город»
0008194.png	Умершие от инфаркта миокарда
0008195.png	Умирающие и воскресающие боги
0008196.png	Литература
0008197.png	Джаз-мануш
0008198.png	Промышленность
0008199.png	Философы-метафизики
0008200.png	Национальная телерадиокомпания Чувашии;
0008201.png	Уральская металлургическая база
0008202.png	Родились
0008203.png	Литература
0008204.png	Скончались
0008205.png	Наука и образование
0008206.png	В науке
0008207.png	Другие интересы
0008208.png	История Белоруссии
0008209.png	Вымирающие языки
0008210.png	Лигатуры
0008211.png	Нормотимики
0008212.png	Сети будущего
0008213.png	Измерительные приборы
0008214.png	Персонажи Энеиды
0008215.png	В 2023 году Слуцк избран Культурной столицей Республики Беларусь.
0008216.png	Запоём, братцы, песню
0008217.png	районный дом культуры,
0008218.png	Ссылки
0008219.png	Примечания
0008220.png	Родоначальник
0008221.png	Шахматисты Франции
0008222.png	в таблице выделены Герои, удостоенные звания дважды и более раз.
0008223.png	Луи Муалье,
0008224.png	Генерал парашютных войск ()
0008225.png	Лидия Сычёва. Путь к Босфору.
0008226.png	Черкассы
0008227.png	Марии
0008228.png	См. также
0008229.png	В 2018 году вышла киноверсия мюзикла. Режиссёр Еджи Шин.
0008230.png	Логический позитивизм
0008231.png	В США началась Великая депрессия (1929).
0008232.png	Реки Башкортостана
0008233.png	Химические лазеры
0008234.png	Население
0008235.png	МегаФон
0008236.png	Примечания
0008237.png	Конструкция
0008238.png	В Румынии состоялся первый тур президентских выборов.
0008239.png	«Три бомбардира»
0008240.png	Дикастерия по евангелизации:
0008241.png	Премии и награды
0008242.png	Ключевые задачи социальной политики:
0008243.png	Онейда
0008244.png	Культурное влияние
0008245.png	Цикловой индекс
0008246.png	Увековечение памяти
0008247.png	Литература
0008248.png	Республика Кипр разделяется на 6 районов ( или рус. епархий; ).
0008249.png	Физические свойства
0008250.png	Кругосветные плавания
0008251.png	Побочные действия глюкокортикоидов
0008252.png	Алабама-авеню (линия Джамейка, Би-эм-ти)
0008253.png	Документальные фильмы
0008254.png	Одномерной решётке соответствует зона Бриллюэна в -пространстве с границами:
0008255.png	Цзиньшаньлин
0008256.png	Микроорганизм
0008257.png	Биологическое значение
0008258.png	Семья
0008259.png	Арбитражный процессуальный кодекс Российской Федерации
0008260.png	Поведение
0008261.png	Интегрирование и взаимоуважение между местным населением и переселенцами
0008262.png	Препаративная хроматография
0008263.png	пророческие
0008264.png	Население
0008265.png	События
0008266.png	Военачальники Священной Римской империи
0008267.png	Писатели России по алфавиту
0008268.png	Литература
0008269.png	Премьер-министры Российской империи
0008270.png	Выпускники Николаевской военной академии
0008271.png	Инородные тела ЖКТ
0008272.png	См. также: :Категория:Родившиеся в 1210 году
0008273.png	Форма выпуска
0008274.png	Специалисты по римскому праву
0008275.png	Международный день шахмат.
0008276.png	Биография
0008277.png	Примечания
0008278.png	Прессование
0008279.png	Примечания
0008280.png	Умершие в Кракове
0008281.png	Народный артист СССР (1983)
0008282.png	См. также
0008283.png	Персоналии по алфавиту
0008284.png	События
0008285.png	Исследование Арктики Баренцем
0008286.png	«Эльфы»
0008287.png	Мурса
0008288.png	Музей НЛМК
0008289.png	Спорт
0008290.png	Немецкие войска заняли Амьен.
0008291.png	Родились
0008292.png	Эквивалент антенны
0008293.png	Валентина Карева
0008294.png	Памятник в Иркутске
0008295.png	Члены Национальной инженерной академии США
0008296.png	Медаль Фрица Геккерта
0008297.png	Ссылки
0008298.png	Этническая принадлежность
0008299.png	Притоки Невы
0008300.png	Коломак (л),
0008301.png	Как закалялась сталь (Марк Донской, 1942)
0008302.png	Операции
0008303.png	(1969, Индия).
0008304.png	См. также: :Категория:Родившиеся в 1893 году
0008305.png	Реставрация лавры
0008306.png	Содержание в неволе
0008307.png	Дополнительное образование
0008308.png	Воспламенение
0008309.png	Музыкальные субкультуры
0008310.png	Архитектура Японии
0008311.png	Памятник Д. И. Менделееву в Тобольске.
0008312.png	Варзуга:
0008313.png	Наибольшее количество участия в финалах
0008314.png	В фильме «Чудеса в Решетове» (2004) в роли Анатолий Киселёв.
0008315.png	Архитектурный ансамбль замка
0008316.png	всего-навсего (Времени всего-навсего час);
0008317.png	Музей истории города Набережные Челны
0008318.png	Памятники
0008319.png	класс Нитраты
0008320.png	Джинни Берлин, американская актриса.
0008321.png	Завод автоклавного газобетона (ГК «Стройкомплекс»).
0008322.png	Эрнестинская линия Веттинов
0008323.png	Примечания
0008324.png	ИООО «Унисон групп»
0008325.png	Тромбоциты
0008326.png	Сопутствующие термины
0008327.png	Критические значения
0008328.png	Районы
0008329.png	Преподаватели училища
0008330.png	Боги Земли склоняются в страхе перед ним,
0008331.png	Очередной олигархический переворот в Сиракузах (неточно)
0008332.png	7 июня
0008333.png	Преподаватели Университета Талсы
0008334.png	Консульство
0008335.png	Центральный статистический комитет (ЦСК)
0008336.png	Квазичастицы
0008337.png	Сапоги для верховой езды
0008338.png	Литература
0008339.png	Кызылтас (горы)
0008340.png	Лауреаты премии Киото
0008341.png	Рейтинги
0008342.png	Бизнес-Класс (журнал);
0008343.png	Литература
0008344.png	Запор
0008345.png	Цеховые партийные организации
0008346.png	Урбанизация
0008347.png	Самуил Маршак стихи для детей
0008348.png	Один из сильнейших сторонников Драйзера при его жизни, Генри Луис Менкен заявил:
0008349.png	Андрей Григорьев (заслуженный артист РФ)
0008350.png	См. также
0008351.png	Миронов, Олег Орестович
0008352.png	Ссылки
0008353.png	Президенты Олимпийского комитета Польши
0008354.png	Гильом Конхезий.
0008355.png	В своих записках Саблуков так говорит о внешности Аракчеева:
0008356.png	Послушай, человек (Круиз)
0008357.png	Чувашская мифология
0008358.png	Библиография (выборочно)
0008359.png	Здравоохранение
0008360.png	В России
0008361.png	Терра сигиллата
0008362.png	Преподаватели Пятой Санкт-Петербургской гимназии
0008363.png	Бывшие посёлки городского типа Карелии
0008364.png	См. также: :Категория:Умершие 21 апреля
0008365.png	Белгородская агломерация
0008366.png	Карьера
0008367.png	Хронология гербов России
0008368.png	Образ жизни и поведение
0008369.png	Официальный сайт Администрации города Бийска
0008370.png	Инославие
0008371.png	Участники битвы за Ленинград
0008372.png	«Бог Господь и явися нам,..» со своими стихами
0008373.png	Взаимоотношения с нацистским режимом
0008374.png	Теоретическая фармакология
0008375.png	организационно-технические,
0008376.png	Детский подростковый клуб при пожарной части, где занимается 16 детей.
0008377.png	Инвариантная производная по времени
0008378.png	Образы, герои и символы мифа о короле Артуре. Небольшая энциклопедия
0008379.png	См. также: :Категория:Родившиеся в 1076 году
0008380.png	Первое сферическое видео Московского Кремля
0008381.png	Примечания
0008382.png	Кропоткинский комитет
0008383.png	В изгнании
0008384.png	Геологи Германии
0008385.png	орден Трудового Красного Знамени (1958)
0008386.png	Семья
0008387.png	Биография
0008388.png	вагоны-рельсошлифовальщики;
0008389.png	Игрок года ФИБА Европа (2007, 2012).
0008390.png	Прокламации
0008391.png	Футболисты СССР
0008392.png	Гласные
0008393.png	Число
0008394.png	Стиль и теория
0008395.png	бирманское письмо
0008396.png	Начало «Великого восстания сатрапов».
0008397.png	Париж
0008398.png	Поэты Италии
0008399.png	Священные города христианства
0008400.png	Примечания
0008401.png	См. также
0008402.png	Климат
0008403.png	Викинг-метал-группы Норвегии
0008404.png	В 8 луне был похоронен сюйский князь Му-гун.
0008405.png	Народные артисты Румынии
0008406.png	Глагол
0008407.png	Разделение обкомов (1963).
0008408.png	Стадион
0008409.png	композитор: Окадзаки Рицуко
0008410.png	Драматические театры Москвы
0008411.png	Сестрорецкая 2-я, улица;
0008412.png	Февральская революция
0008413.png	Гарин И. Пророки и поэты. В 7 т. М.: Терра, 1994. Т. 6.
0008414.png	Министры топлива и энергетики Российской Федерации
0008415.png	Литература
0008416.png	Элементы иконы и техники иконописи
0008417.png	Футбольные хулиганы
0008418.png	Почётные звания и награды
0008419.png	Преподаватели Лондонского университета
0008420.png	по виду доступа:
0008421.png	Кульчин, Юрий Николаевич (глава ДВО РАН)
0008422.png	есть вогнутая функция от .
0008423.png	Библиотеки
0008424.png	Чучина, Нина Константиновна (1998)
0008425.png	Лесные ресурсы
0008426.png	Постройка перекрытий с нарушением технологии, приводит к нарушению монолитности;
0008427.png	На Реймском соборе решено пытать еретиков раскалённым железом.
0008428.png	Дипломаты по алфавиту
0008429.png	Примечания
0008430.png	Технологический процесс делится на 3 группы:
0008431.png	Список Программ Общества Интернета
0008432.png	Неврологи Великобритании
0008433.png	Холопий приказ ведал регистрацией холопов;
0008434.png	Показания
0008435.png	и  при
0008436.png	Иностранные:
0008437.png	Районные центры Бурятии
0008438.png	Харьковский турбогенераторный завод,
0008439.png	Богословы Российской империи
0008440.png	Академический ансамбль песни и танца Удмуртской Республики «Италмас»
0008441.png	Максимальная мощность
0008442.png	Топонимы
0008443.png	постановлением ВЦИК и Совнаркома РСФСР образована Ленинградская область.
0008444.png	Методы
0008445.png	Ядерная физика
0008446.png	Ректоры Грайфсвальдского университета
0008447.png	Ввод в эксплуатацию
0008448.png	Орден Изабеллы Католички с цепью (Испания, 2005)
0008449.png	См. также: :Категория:Умершие в 1957 году
0008450.png	Бабочка на штанге. Повесть (2009)
0008451.png	Поддерживаемые технологии
0008452.png	Примечания
0008453.png	Участники испытания РДС-1
0008454.png	«Бойцы-невидимки» (1942)
0008455.png	События
0008456.png	Архитекторы Барселоны
0008457.png	Устав партии
0008458.png	Университетские города Германии
0008459.png	азербайджанцы (часть)
0008460.png	Правление
0008461.png	Фильм «Колония Дигнидад».
0008462.png	Киножурнал «Фитиль»
0008463.png	Царёв-Борисов
0008464.png	Понятие «фонон» введено в теорию твёрдого тела советским учёным И. Е. Таммом.
0008465.png	Литература
0008466.png	Часовой пояс
0008467.png	Литература
0008468.png	(в пер.)
0008469.png	Бережливое правительство
0008470.png	См. также
0008471.png	Биография
0008472.png	Комментарии
0008473.png	Смешанный парный разряд (2)
0008474.png	Английский термин
0008475.png	Первая апология
0008476.png	Юристы по алфавиту
0008477.png	Примечания
0008478.png	Индонезийские музыкальные инструменты
0008479.png	Схема выдачи мощности
0008480.png	Недостатки дальномерных фотоаппаратов
0008481.png	Молдавский язык был в употреблении в двуязычном Молдавском княжестве.
0008482.png	Литература
0008483.png	Правила:
0008484.png	, Ставангер
0008485.png	Биография
0008486.png	Московский ТЮЗ
0008487.png	дистрибутивность: ;
0008488.png	Награды и премии
0008489.png	В культуре
0008490.png	Командиры полков в Великой Отечественной войне
0008491.png	См. также
0008492.png	О Дж. Беркли
0008493.png	Примечания
0008494.png	Депортации азербайджанцев
0008495.png	Действительные члены Петербургской академии наук
0008496.png	Последний бой
0008497.png	Приказ Петра Первого
0008498.png	Конклавы
0008499.png	Сатирики России
0008500.png	Биография
0008501.png	Ссылки
0008502.png	Общая проводимость будет равна , то есть общее сопротивление .
0008503.png	Механизм развития
0008504.png	Свенцицкая И., Трофимова М. Апокрифы древних христиан.
0008505.png	Шизофреноформное расстройство как «другой тип шизофрении»
0008506.png	Физические свойства
0008507.png	Литература
0008508.png	Эрих Фромм. Комментарий к роману Дж. Оруэлла «1984»
0008509.png	Шиндахлан
0008510.png	Студенческие годы и научная деятельность
0008511.png	«Я знаю, что мне осталось недолго
0008512.png	Серебряная медаль «За покорение Чечни и Дагестана»;
0008513.png	Теннисисты Белоруссии
0008514.png	Гимн Маврикия
0008515.png	Упразднение Арзамасской области
0008516.png	Врачебно-физкультурный диспансер
0008517.png	Античность
0008518.png	В культуре
0008519.png	учреждает государственные награды Литовской Республики;
0008520.png	Электрические сигнальные коннекторы
0008521.png	Органы власти
0008522.png	Авраамические религии
0008523.png	Личная жизнь
0008524.png	Почётные члены РАХ
0008525.png	Выделение
0008526.png	Кинематограф
0008527.png	массовые
0008528.png	Спикеры эдускунты
0008529.png	Операция «Пересмешник»
0008530.png	Существует два самых известных способа держания смычка:
0008531.png	Список городов Британской Колумбии
0008532.png	Части огнестрельного оружия
0008533.png	Художники-пейзажисты Венгрии
0008534.png	Присоединение к России Западной Башкирии.
0008535.png	Миллиарды
0008536.png	5. Абиратташ
0008537.png	Активы «Газпрома» в СМИ
0008538.png	Декабрь
0008539.png	Библиография
0008540.png	Биосинтез
0008541.png	Новое Средневековье
0008542.png	Литература
0008543.png	В линейной алгебре им разработана теория элементарных делителей.
0008544.png	Внешние прокси
0008545.png	Феодосийский музей денег
0008546.png	Из опушённых видов распространены в культуре следующие:
0008547.png	Соотношение сил
0008548.png	Лесли Ч.-Р. Жизнь Джона Констебля, эсквайра. М., 1964
0008549.png	Парадоксы в искусстве
0008550.png	Необходимые навыки и оборудование
0008551.png	Примечания
0008552.png	Выпускники Калифорнийского университета в Беркли
0008553.png	Эксплуатация
0008554.png	Крайние точки
0008555.png	Члены Зала славы ИИХФ
0008556.png	24. Калба (Хелбес) (563)1
0008557.png	Здания на берегу Яузы
0008558.png	1494 км: Очка (пр)
0008559.png	Трансурановые элементы
0008560.png	Примеры
0008561.png	Анна Пэкуин, новозеландская кино- и театральная актриса.
0008562.png	Литература
0008563.png	медаль «В память 300-летия Санкт-Петербурга» (2003 год);
0008564.png	Фотогалерея
0008565.png	Существование
0008566.png	Ссылки
0008567.png	Малюта Скуратов и Волоколамская икона Божией Матери
0008568.png	Ольштын, Польша
0008569.png	Планиметрия
0008570.png	Население
0008571.png	Социология культуры
0008572.png	Ссылки
0008573.png	Вооружённые силы
0008574.png	В политике
0008575.png	Древние Греция, Этрурия, Рим
0008576.png	Духовые трубки, в которых метание снаряда производится силой легких стрелка;
0008577.png	Католическая энциклопедия. Изд. францисканцев. М., 2002.
0008578.png	Примечания
0008579.png	Если  не является степенью двойки, тогда существует вложение  в
0008580.png	Семья и личная жизнь
0008581.png	Инфанты Испании (женщины)
0008582.png	Бронзовый бюст установлен на улице Комарова в подмосковном Щёлкове.
0008583.png	Государственный переворот в Турции (1980).
0008584.png	См. также
0008585.png	Кладбище
0008586.png	Примечания
0008587.png	сульфодиимиды
0008588.png	Ссылки
0008589.png	Сплавы
0008590.png	Первый канал
0008591.png	При нарушении функции почек дозу уменьшают в соответствии со значениями КК.
0008592.png	Математика
0008593.png	Скончались
0008594.png	Миграция населения
0008595.png	Рестораны, бары, кафе
0008596.png	См. также
0008597.png	Ицхак Альфаси
0008598.png	сигма-дельта-модуляция
0008599.png	События
0008600.png	Члены Прусской академии наук
0008601.png	311 км: Безымянка
0008602.png	Влияние на военную тактику и стратегию
0008603.png	Сила Кориолиса и закон сохранения момента импульса
0008604.png	Ссылки
0008605.png	В играх «Форт Боярд» 2004 года играл роль звездочёта Фура.
0008606.png	Субстратные явления
0008607.png	Кастильцы разбивают мавров. Гибель Абд аль-Малика Абд аль-Вахида.
0008608.png	Биография
0008609.png	Заслуженный мастер спорта СССР (1971, посмертно)
0008610.png	Гравёры Германии
0008611.png	Физические параметры
0008612.png	Применение в производстве
0008613.png	город Сталино (ныне Донецк) освобождён от немецко-фашистских захватчиков.
0008614.png	Хлорохин («Делагил»)
0008615.png	Синти
0008616.png	Военные годы
0008617.png	Сайт Романа Бессмертного
0008618.png	Члены Научного общества имени Шевченко
0008619.png	Лехитская подгруппа
0008620.png	Экономика
0008621.png	Бходжпури
0008622.png	Библиография
0008623.png	Пролетарская площадь
0008624.png	Медиаведение
0008625.png	Почётные граждане Ганновера
0008626.png	Международный день спортивной борьбы.
0008627.png	Литература
0008628.png	Ухань, Китайская Народная Республика
0008629.png	Позвоночные
0008630.png	Примечания
0008631.png	Преступность
0008632.png	Алексей Губарев
0008633.png	Сражения по алфавиту
0008634.png	Драбкин Александр Леонидович
0008635.png	Музеи Ульяновска в филателии
0008636.png	Штутгартская высшая техническая школа
0008637.png	с 2010 состоит из 9 институтов.
0008638.png	Житие апостола повествует о нескольких случаях воскрешения им усопших:
0008639.png	Андрей Коваленко: 2003.
0008640.png	Болел за московский футбольный клуб «Спартак».
0008641.png	См. также
0008642.png	Об упадке средневекового миросозерцания (1891)
0008643.png	Ссылки
0008644.png	Доменико Кришито, итальянский футболист.
0008645.png	Скончались
0008646.png	Отзывы критиков
0008647.png	Примечания
0008648.png	Эволюция
0008649.png	2014 : Каменск-Уральский, Россия
0008650.png	Советские и российские разработки
0008651.png	Население
0008652.png	17 марта, 25 марта
0008653.png	общая система местоименных суффиксов;
0008654.png	Шестикратные кавалеры
0008655.png	Дом Юзов
0008656.png	Кишечный амёбиаз
0008657.png	Пензятка
0008658.png	Молдавские обычаи
0008659.png	Интерьер и убранство
0008660.png	Ссылки
0008661.png	Город воинской славы
0008662.png	Укрепления
0008663.png	Мифология
0008664.png	Православный канон
0008665.png	Религия
0008666.png	Русские эмигранты четвёртой волны в США
0008667.png	См. также
0008668.png	Внеземные цивилизации
0008669.png	Ньерийская и Кенийских Гор епархия.
0008670.png	Историки по алфавиту
0008671.png	В Новом Уренгое имеются автобусные маршруты:
0008672.png	Ранние годы. Учёный и преподаватель
0008673.png	Экосистема
0008674.png	Марк Випсаний Агриппа разводится с Клавдией Марцеллой и женится на Юлии Старшей.
0008675.png	Ссылки
0008676.png	Казацкая старшина
0008677.png	Шестидневная война: СССР разорвал дипломатические отношения с Израилем.
0008678.png	6 декабря 1850 года был награждён орденом Св. Андрея Первозванного.
0008679.png	В зависимости от целей деятельности:
0008680.png	Если в кисть твою влиянна
0008681.png	Родился в 1926 году в Алексеево-Дружковке. Украинец.
0008682.png	Литература
0008683.png	Музыка
0008684.png	Персоналии:Хабаровск
0008685.png	Культура
0008686.png	Пример водородно-кислородного топливного элемента
0008687.png	Контр-адмиралы Свиты
0008688.png	Вторжение табгачей в империю Сун.
0008689.png	Рубежный проезд
0008690.png	Мечеть
0008691.png	Советский период
0008692.png	Смешать все ингредиенты и тщательно замесить.
0008693.png	Классификация
0008694.png	Кемеровский областной художественный колледж
0008695.png	Фантастический реализм
0008696.png	Источники
0008697.png	Общие сведения
0008698.png	Награды
0008699.png	Магахи
0008700.png	Международная деятельность
0008701.png	Традиции, обычаи
0008702.png	избегать самолечения препаратами с побочными эффектами.
0008703.png	Умер в 1548 году в Кракове. Похоронен в кафедральном соборе на Вавеле.
0008704.png	Некоторые из них:
0008705.png	Эшли Скотт, американская киноактриса и фотомодель.
0008706.png	Умершие от сепсиса
0008707.png	Виды абстракции
0008708.png	Генри Морган на сайте «Веселый Роджер»
0008709.png	Мой воспитатель,
0008710.png	Золотая медаль Моцарта (ЮНЕСКО, 2007)
0008711.png	Происхождение названия
0008712.png	Фильмография
0008713.png	Семья
0008714.png	Для разработчиков
0008715.png	Ткачёв Д. А., Минченко В. Н. Словарь гистологических терминов.
0008716.png	Антиклея
0008717.png	Память
0008718.png	Гендерный разрыв в оплате труда
0008719.png	Княжны Древней Руси
0008720.png	Виктор Уральский (ум. 2009), советский и российский актёр театра и кино.
0008721.png	Литераторы, известные под псевдонимами
0008722.png	Происхождение даты
0008723.png	После «Убить пересмешника»
0008724.png	Европа
0008725.png	Гарсия, король Галисии.
0008726.png	Каламбур типизации
0008727.png	Примечания
0008728.png	Уголовно-процессуальное право.
0008729.png	Лечебные учреждения
0008730.png	Катя Кандалина
0008731.png	Учёный
0008732.png	Казачьи чины
0008733.png	Литературоведы Германии
0008734.png	Тип элемента документа
0008735.png	Литература
0008736.png	Глубоководные беспоплавковые аппараты
0008737.png	Города Саратовской области
0008738.png	Состав 5 (по ГОСТ 4517-87):
0008739.png	30 мая
0008740.png	Астана (), Казахстан
0008741.png	«Центр Восстановительной Медицины»
0008742.png	арочная
0008743.png	Метр ():
0008744.png	Через 8 лет после потопа справил игры.
0008745.png	Муниципальное устройство
0008746.png	По содержанию
0008747.png	Литература
0008748.png	Идеологии
0008749.png	баварских государственных министров
0008750.png	Комментарии
0008751.png	Авиценна. Программа «Эха Москвы» из цикла «Всё так»
0008752.png	Скульптурная композиция «Флора Чувашии» (при входе в ботанический сад)
0008753.png	Родившиеся в Золочеве (Харьковская область)
0008754.png	Примечания
0008755.png	«Стихи», Новосибирск, 1959
0008756.png	Муниципальный статус
0008757.png	Происхождение и история рода
0008758.png	Монголо-ойратские законы, 1640, СПб, 1880.
0008759.png	Биография
0008760.png	Озёра кантона Швиц
0008761.png	Определения маркетинга
0008762.png	Татьяна Толстая вела блог в Живом Журнале и активно пользуется «Фейсбуком».
0008763.png	Захаров Иван Дементьевич - московский дворянин (1677-1692).
0008764.png	Литературная деятельность
0008765.png	Кандидаты в члены, страны-наблюдатели и партнёры по диалогу
0008766.png	Живших в Ормении храбрых мужей, у ключа Гипереи,
0008767.png	Реки Нижнесергинского района
0008768.png	Персоналии по алфавиту
0008769.png	Графическое представление
0008770.png	См. также
0008771.png	УФ-спектроскопия
0008772.png	ГУ «Областной музей истории Степного края»
0008773.png	Лазарев Дементий Голочелов - московский дворянин (1627-1640).
0008774.png	История вопроса
0008775.png	Культура австралийских аборигенов
0008776.png	Лорка в культуре
0008777.png	«Канут» (1872)
0008778.png	Аминь.
0008779.png	Религиозные деятели США
0008780.png	Олег Медведев,
0008781.png	Нидерланды
0008782.png	Куриатные комиции
0008783.png	20 июля
0008784.png	Награждённые медалью Маттеуччи
0008785.png	Примечания
0008786.png	Города-побратимы
0008787.png	воплощает частные права;
0008788.png	Финансовая экономика
0008789.png	Феодосия,
0008790.png	Русский культурный центр (Львов)
0008791.png	Либералы Российской империи
0008792.png	Транспорт
0008793.png	Механическая звукозапись
0008794.png	Религия инков
0008795.png	Консулы Марк Клавдий Марцелл Эзернин и Луций Аррунций.
0008796.png	См. также
0008797.png	Статистика по странам
0008798.png	Топонимика
0008799.png	Ссылки
0008800.png	Галерея
0008801.png	Украина и Европейский союз
0008802.png	Статьи и обзоры
0008803.png	Родственники
0008804.png	Алексей Павлович
0008805.png	Пищевая
0008806.png	Горные системы Азии
0008807.png	Теория Фаулера
0008808.png	См. также: :Категория:Родившиеся в 1083 году
0008809.png	Экономика
0008810.png	Происхождение
0008811.png	Одилбек Шоназарович Сапаев,
0008812.png	Лисичанский горный техникум
0008813.png	Метод самосогласованного поля
0008814.png	Донецкий индустриальный институт
0008815.png	Исчезнувшие учебные заведения Вильнюса
0008816.png	Примечания
0008817.png	Императрицы Франции
0008818.png	Прочие этимологии
0008819.png	Государственное устройство
0008820.png	Наиболее известные виадуки
0008821.png	утверждение принципов разделения властей, открытости и ответственности власти;
0008822.png	встроенную вспышку;
0008823.png	Примечания
0008824.png	Примечания
0008825.png	Орден святого благоверного князя Даниила Московского (РПЦ)
0008826.png	Миротворческие миссии и операции ООН
0008827.png	Призёры
0008828.png	Джильсон
0008829.png	Фауна
0008830.png	Состав основных пород лунного реголита
0008831.png	Датчики пожара (задымления).
0008832.png	Шарангская централизованная библиотечная система
0008833.png	Николай Крымов (р.1884), русский советский художник-пейзажист.
0008834.png	порог световой чувствительности
0008835.png	Космогонические мифы
0008836.png	Книги и научные работы
0008837.png	Википедия:Биографии современников
0008838.png	Местоимения
0008839.png	Вооружённые силы Джибути
0008840.png	История
0008841.png	Химики Нидерландов
0008842.png	Морфологический
0008843.png	Медаль «В память 800-летия Москвы» (1948)
0008844.png	Засядко:
0008845.png	Этимология
0008846.png	Юмаизм (Юма Самъё)
0008847.png	Бурятский
0008848.png	«О солях меди в медицинском отношении» (, 1863; докторская диссертация)
0008849.png	Еремеева О. Мифопоэтика творчества Джима Моррисона
0008850.png	Примечания
0008851.png	Лактанций, поэма «Птица Феникс».
0008852.png	Семья
0008853.png	Сафронов Андрей Николаевич - генеральный директор ХК «Динамо» (Москва)
0008854.png	Другие азиатские страны
0008855.png	Пиминова Любовь Вячеславовна.
0008856.png	Швейцария
0008857.png	День авиастроителя
0008858.png	Декабрь
0008859.png	Антонин Ставьяна, чешский хоккеист и тренер, двукратный чемпион мира.
0008860.png	Чемпионат Исландии по футболу 1917;
0008861.png	Вредители и заболевания
0008862.png	Австралия
0008863.png	Достопримечательности
0008864.png	Полонизмы
0008865.png	Поэты Палатинской антологии
0008866.png	Белорусский язык объявлен государственным в БССР.
0008867.png	Таджикская литература
0008868.png	Антони Марсьяль, французский футболист.
0008869.png	Примечания
0008870.png	Ссылки
0008871.png	Мел-палеогеновое вымирание
0008872.png	Новая Земля
0008873.png	Официальный сайт администрации города
0008874.png	См. также
0008875.png	Детали поверхности
0008876.png	Санталы
0008877.png	ниспадающее меню ()
0008878.png	Падение Каррье
0008879.png	Альпинистские.
0008880.png	Чёрный январь
0008881.png	Варварские королевства
0008882.png	Владимир Дашкевич, советский и российский композитор и теоретик музыки.
0008883.png	Кооперация (глава 11 из 1-го тома книги К. Маркса «Капитал»)
0008884.png	Электронная карта
0008885.png	Горы Германии
0008886.png	«Пожарная и промышленная безопасность»
0008887.png	Цитата (наиболее примечательные слова знаменитых музыкантов)
0008888.png	68-е негипотенузное число
0008889.png	История
0008890.png	Когурё падает под натиском объединённых сил Тан и Силла.
0008891.png	Замечания
0008892.png	Канон «мукхья»
0008893.png	Себестоимость жетона в 2015 году составляла 13,27 рубля.
0008894.png	Скончались
0008895.png	Окаяма-хан ()
0008896.png	Онкологический диспансер
0008897.png	Книга Еноха (апокриф).
0008898.png	Елагин дворец
0008899.png	Понятия буддизма
0008900.png	22 сентября
0008901.png	Карта Антарктических экспедиций Лазарева
0008902.png	Население
0008903.png	Номинальное напряжение
0008904.png	Мать (1969)
0008905.png	Примеры
0008906.png	Погибшие в транспортных происшествиях
0008907.png	Полковник (28.01.1816)
0008908.png	Римское царство
0008909.png	Литература
0008910.png	Двумерный электронный газ
0008911.png	Личность
0008912.png	Литература
0008913.png	Кайтсёрфинг
0008914.png	Зосим. Новая история.
0008915.png	Звукозапись
0008916.png	Эвакуация трофеев и военного имущества
0008917.png	Город областного подчинения, образует Кемеровский городской округ.
0008918.png	На территории штата расположено три национальных парка.
0008919.png	Члены партии «Новый союз (социал-либералы)»
0008920.png	См. также
0008921.png	Душети,
0008922.png	Примеры записи
0008923.png	Деятели феминизма Германии
0008924.png	Турция, обл. Сиврихисар, с. Хорту.
0008925.png	Ухтинский горно-нефтяной колледж
0008926.png	«Флер»
0008927.png	Выпускники Литературного института имени А. М. Горького
0008928.png	орден Святого апостола Андрея Первозванного (1 апреля 1866);
0008929.png	Образование
0008930.png	Рунический алфавит
0008931.png	Турниры
0008932.png	завоевание Крыма Красной армией.
0008933.png	Города Галилеи
0008934.png	См. также
0008935.png	Документальный фильм-интервью «Цель жизни» об Александре Яковлеве
0008936.png	Правительство
0008937.png	Литература
0008938.png	Побочное действие
0008939.png	Части Дуная (Подунавья)
0008940.png	Примечания
0008941.png	названия оттенков (жёлто-зелёный, ярко-красный, блекло-жёлтый)
0008942.png	Традиционное жилище
0008943.png	Спорт
0008944.png	Анатомия животных
0008945.png	Леонтий Войтович. Княжеские династии восточной Европы.
0008946.png	Языковеды мира
0008947.png	Волгограде
0008948.png	Примечания
0008949.png	Философы Индии
0008950.png	Награды и номинации
0008951.png	лабораторные испытания грунтов;
0008952.png	Литература
0008953.png	Памятники
0008954.png	См. также
0008955.png	Политика
0008956.png	Управление цифрового развития
0008957.png	Остзейское дворянство
0008958.png	Семья
0008959.png	Кувандыкский район,
0008960.png	Мифологический словарь
0008961.png	Профессиональные
0008962.png	Геракл
0008963.png	Зоны растительности
0008964.png	Фольклорный и этнологический музей Македонии и Фракии
0008965.png	Известные обер-гофмаршалы
0008966.png	Фортификационные сооружения
0008967.png	орден «Знак Почёта» (30.10.1954)
0008968.png	Способ применения
0008969.png	Работникам мехзавода, погибшим в годы Великой Отечественной войны (ул. Ленина)
0008970.png	См. также: :Категория:События 16 июля
0008971.png	Портал государственных и муниципальных услуг Курской области
0008972.png	Память
0008973.png	Борьба, как физическая, так и политическая.
0008974.png	Использование стенографии учёными и писателями
0008975.png	Официальный сайт администрации города
0008976.png	Дзюдо, самбо
0008977.png	Пугачёвская 1-я улица
0008978.png	Примечания
0008979.png	Бедуш Е., Кюрегян Т. Ренессансная песня. Москва: Композитор, 2007.
0008980.png	5 сентября
0008981.png	Спорт
0008982.png	Музей Бурятского научного центра СО РАН,
0008983.png	11 ноября
0008984.png	Системы нагрева плазмы
0008985.png	Письменность всех трёх литературных норм основана на кириллическом алфавите.
0008986.png	Районные
0008987.png	Религиозные
0008988.png	Измаильский центр профтех образования
0008989.png	Квантохимическая теория химического строения
0008990.png	Невиим подразделяются, в свою очередь, на три раздела.
0008991.png	Малыгинский проезд
0008992.png	Личная жизнь
0008993.png	Знаменитые уроженцы
0008994.png	«Солнышко» на Тверской площади
0008995.png	Владимировка;
0008996.png	Применение
0008997.png	Здравоохранение
0008998.png	Земные чувства, их остаток скудный
0008999.png	Достопримечательности
0009000.png	В технике
0009001.png	Ссылки
0009002.png	Административно-территориальные единицы
0009003.png	Персоналии:Театр Комедии
0009004.png	Умершие в 690-е годы
0009005.png	Пассажирские самолёты
0009006.png	Иоанн (844)
0009007.png	Некоторые исследователи выделяют также Архипелаговое море.
0009008.png	Институт экспериментальной истории
0009009.png	Комментарии
0009010.png	Исторические епархии
0009011.png	Озон реагирует с водородом с образованием воды и кислорода:
0009012.png	Ссылки
0009013.png	Обер-ефрейтор
0009014.png	Экологическая проблема
0009015.png	Экономика
0009016.png	Казнённые в 1941 году
0009017.png	Биография
0009018.png	Свойства
0009019.png	Правительство
0009020.png	Официальный сайт Совета городского округа «Город Нарьян-Мар»
0009021.png	Военно-Морской Флот (Указ от 25.09.1944);
0009022.png	Токарный патрон
0009023.png	Трифонов Е. Палачи и жертвы «грязной войны»
0009024.png	Музей декоративно-прикладного искусства (ул. Летописная, 2);
0009025.png	Последние годы жизни
0009026.png	Современное положение ордена
0009027.png	Единицы массы: список единиц, их описание, конвертер числовых значений.
0009028.png	Подробнее см. .
0009029.png	Триалектика
0009030.png	События
0009031.png	Лица, подвергнутые санкциям со стороны ЕС в связи с конфликтом на Украине
0009032.png	Примечания
0009033.png	Пиратские города и порты
0009034.png	Механико-математический факультет Саратовского университета
0009035.png	Возвращение в Британию
0009036.png	Сокращение «горизонтального выравнивания» земельных бюджетов;
0009037.png	Источники исламского права
0009038.png	Пищевая промышленность
0009039.png	«Ферзь против лёгкой фигуры»;
0009040.png	Скончались
0009041.png	Рига (), Латвия
0009042.png	Американисты СССР
0009043.png	Зло существует.
0009044.png	Паневник Владимир Дмитриевич
0009045.png	Комиссар
0009046.png	Похороненные в Плоцке
0009047.png	Ндебеле южный
0009048.png	Применение
0009049.png	См. также
0009050.png	Иркутская область
0009051.png	: Москва (13 октября 1994), Саратов (30 ноября 1999)
0009052.png	Попытки клонирования
0009053.png	Казнённые религиозные деятели
0009054.png	См. также: :Категория:Умершие в 1703 году
0009055.png	На стыке лингвистики и математики, см.: математическая лингвистика.
0009056.png	Турист
0009057.png	Металлы платиновой группы
0009058.png	Анабасис, Ксенофонт
0009059.png	Сивиллины книги
0009060.png	Высшие учебные заведения:
0009061.png	Ссылки
0009062.png	Программа развития ООН
0009063.png	Сент-Люсия
0009064.png	15 декабря
0009065.png	Теленовелла
0009066.png	Химические свойства
0009067.png	Был автором или способствовал принятию законов
0009068.png	Расовый состав населения:
0009069.png	Другие названия
0009070.png	байырку (предполагается, что состояли из 9 частей)
0009071.png	Беломорская ГЭС
0009072.png	Галлиен, ставший позже римским императором
0009073.png	Брестская 1-я улица
0009074.png	Ранние работы
0009075.png	Примечания
0009076.png	Военачальники Пруссии
0009077.png	Брунетье Ф. После процесса, 1898.
0009078.png	Призы российского хоккея с шайбой
0009079.png	Внутригородской транспорт
0009080.png	Родившиеся в 1953 году
0009081.png	Административное деление
0009082.png	Музыкальные оформители
0009083.png	Литература
0009084.png	Библейские места
0009085.png	См. также
0009086.png	Откосного типа, сооружаемые наброской из камня или бетонных массивов
0009087.png	Алмазные знаки к Ордену Святого Андрея Первозванного (06.12.1852)
0009088.png	Детские музыкальные школы
0009089.png	Дистрибутивность:
0009090.png	Население
0009091.png	См. также
0009092.png	Казахстан
0009093.png	Большие простые числа
0009094.png	Скончались
0009095.png	Начало восстаний маратхов против Моголов.
0009096.png	Достопримечательности
0009097.png	Ссылки
0009098.png	Почётные доктора Падуанского университета
0009099.png	Дворянские роды, на гербах которых изображены олени
0009100.png	Разговаривал Рахманинов густым низким басом, негромко и неторопливо.
0009101.png	Амурский городской краеведческий музей, основанный в 1972 году.
0009102.png	Мемориальный комплекс советским воинам (1950-е)
0009103.png	По численности:
0009104.png	Сплавы иттрия
0009105.png	Литература
0009106.png	Персоналии:Первая Республика Армения
0009107.png	5: Бело-синий
0009108.png	Ботаники по алфавиту
0009109.png	29 апреля
0009110.png	Хоккейные клубы России
0009111.png	Список опер Луи Клаписсона
0009112.png	Трансчеловек
0009113.png	Бинаризм
0009114.png	Генералы от артиллерии (Российская империя)
0009115.png	Экономика
0009116.png	Железнодорожные станции
0009117.png	ОАО «Болховский завод полупроводниковых приборов»
0009118.png	Транспортная инфраструктура
0009119.png	Элементарный учебник особенной части русского уголовного права. СПб., 1903
0009120.png	Органы местного самоуправления
0009121.png	орден Красной Звезды;
0009122.png	Ссылки
0009123.png	Примечания
0009124.png	Трейси Голд, американская актриса
0009125.png	См. также
0009126.png	Примечания
0009127.png	Примечания
0009128.png	Марьиной Рощи, 13-й проезд
0009129.png	Токамаки
0009130.png	Высший институт религиозных наук св. Фомы Аквинского
0009131.png	Оригами
0009132.png	Установлены дипломатические отношения между Казахстаном и Шри-Ланкой.
0009133.png	Тональности
0009134.png	Лечебные учреждения
0009135.png	Сквер имени Черняховского (Центральный район)
0009136.png	Радиальная и угловая компонента уравнений становятся, соответственно:
0009137.png	Международный совет ономастических наук
0009138.png	Пришли
0009139.png	История
0009140.png	Троллейбус в популярной культуре
0009141.png	Красный костный мозг
0009142.png	Послевоенная история Фарерских островов
0009143.png	Лидер Кубы Фидель Кастро объявил о своём уходе из большой политики.
0009144.png	Термин «элементарные частицы» может означать:
0009145.png	Группа «Разнотравие»
0009146.png	Фонтаны
0009147.png	Для наклонного цилиндра существуют две формулы:
0009148.png	Участники Кавказской войны
0009149.png	Полковник (04.04.1879)
0009150.png	Либералы России
0009151.png	Белла Ахмадулина
0009152.png	Правила приготовления и введения раствора
0009153.png	Аминокислоты
0009154.png	Корабли и суда
0009155.png	514 км: река Плотня
0009156.png	Одно Кольцо, чтоб править всеми,
0009157.png	Эксплуатация
0009158.png	Прочее
0009159.png	Юрта в топонимике и этнонимике
0009160.png	Морис Женевуа: из книги «Кроткий зверинец» (Дом; Ёж; Кролик; Жираф)
0009161.png	батальон Кальмарского полка
0009162.png	Персонажи
0009163.png	Религиозные деятели Польши
0009164.png	Урбанизация
0009165.png	Литература
0009166.png	Фильмография
0009167.png	Биография
0009168.png	Применить закрытый ключ для расшифрования сообщения:
0009169.png	Тайные общества
0009170.png	Фенотиазины
0009171.png	Ректоры
0009172.png	Интеграция с другим ПО и языками программирования
0009173.png	Футуристический трип-хоп
0009174.png	Дмитрий Нагишкин (ум. 1961), русский советский писатель и книжный иллюстратор.
0009175.png	Другие варианты
0009176.png	Принцип гуманизма
0009177.png	Ссылки
0009178.png	Шахматисты Словении
0009179.png	Классическая механика
0009180.png	Лётчики-космонавты Казахстана
0009181.png	Седьмой канал
0009182.png	Кадаинская
0009183.png	Политические партии
0009184.png	Родившиеся в 1891 году
0009185.png	Эгалитаризм
0009186.png	Неотения
0009187.png	Версии
0009188.png	Глава о Сергее Курёхине из книги Сергея Соловьёва «Слово за слово»
0009189.png	Безоткатное орудие
0009190.png	Память
0009191.png	Аффинная геометрия
0009192.png	Награды Министерства юстиции Российской Федерации
0009193.png	Автоматические межпланетные станции
0009194.png	Орджоникидзевский
0009195.png	Месторождения
0009196.png	Правила приготовления и введения раствора
0009197.png	Хрущёв, Никита Сергеевич (трижды Герой Социалистического Труда).
0009198.png	Начало распространения в магнитиздате:
0009199.png	Чемпион России: 1992, 1993, 1994
0009200.png	Христианство в королевстве лангобардов
0009201.png	Елгава, Латвия
0009202.png	Литература
0009203.png	окклюзионные заболевания сосудов (в том числе в анамнезе)
0009204.png	Храм Николая Чудотворца (на стадии строительства, действующая)
0009205.png	Адриано
0009206.png	Примечания
0009207.png	Галерея
0009208.png	Парк культуры и отдыха имени Омара Хайяма
0009209.png	Казань. Духовная семинария. Монашество
0009210.png	События
0009211.png	Народные суеверия 18 января
0009212.png	Кейт Бланшетт в фильмах «Елизавета» (1998) и «Золотой век» (2007)
0009213.png	Симуляторы строительства и управления
0009214.png	иностранные ордена:
0009215.png	История
0009216.png	Список индийских письменностей, представленных в Юникоде
0009217.png	В 1996 году был избран в Сенат штата Иллинойс.
0009218.png	Медицина и биология
0009219.png	Том Бомбадил, хозяин Старого Леса
0009220.png	Биография
0009221.png	Иконописцы России
0009222.png	Органы государственного управления:
0009223.png	подъёма затонувшего в море имущества (в том числе судов);
0009224.png	Левханян Виктор Леонидович
0009225.png	Митрополиты Русской православной церкви
0009226.png	Оверлендская кампания
0009227.png	Почётный член Международной академии «Астронавтика» (1966)
0009228.png	Мясные блюда
0009229.png	Личная жизнь
0009230.png	Обсерватория Галльского университета
0009231.png	Обнаружено:
0009232.png	Кашаяпрабхита
0009233.png	Ранние попытки
0009234.png	Планшайба
0009235.png	Примечания
0009236.png	Депутаты Верховного Совета СССР 8-го созыва
0009237.png	Некролог
0009238.png	Радиовещание
0009239.png	Доисторический и древний периоды
0009240.png	См. также: :Категория:Родившиеся в 1517 году
0009241.png	См. также: :Категория:Умершие 19 августа
0009242.png	Алгоритмический язык Алгол-60. Пересмотренное сообщение. Москва: Мир, 1965.
0009243.png	Литература
0009244.png	Классический идеальный газ
0009245.png	Музей фресок Дионисия
0009246.png	Кукша
0009247.png	Ссылки
0009248.png	15 апреля
0009249.png	Статус
0009250.png	Футболисты на летних Олимпийских играх 1996 года
0009251.png	Кэнди Далфер, нидерландская певица и саксофонистка.
0009252.png	Персоналии:Спецслужбы Ирана
0009253.png	Китайский двурогий якорь
0009254.png	Кинорежиссёры русского авангарда
0009255.png	Нахождение в природе
0009256.png	Галерея
0009257.png	См. также
0009258.png	Книги
0009259.png	Ссылки
0009260.png	Ссылки
0009261.png	28 августа
0009262.png	Обычно граф представляют диаграммой, которую часто и называют графом.
0009263.png	«сухих» игр на «0» среди вратарей:  Егор Подомацкий, 62
0009264.png	Столицы штатов и территорий Индии
0009265.png	Национальный музей авиации и космонавтики
0009266.png	Сын Аполлон (р. 2000, назван в честь поэта Аполлона Григорьева).
0009267.png	Выпускники Московского государственного института электроники и математики
0009268.png	Дивизион «Автобусы»
0009269.png	методов, зависимых от технической среды обмена информацией.
0009270.png	«Аристотелев корпус»
0009271.png	В чемпионате СССР:
0009272.png	См. также
0009273.png	Пелтаст с пелтой
0009274.png	Населённые пункты
0009275.png	Чапаев.ру: биографический сайт
0009276.png	Народные приметы
0009277.png	Брак и дети
0009278.png	Образ в искусстве
0009279.png	Состав группы
0009280.png	Матео Ковачич
0009281.png	Похороненные на кладбище Фернклифф
0009282.png	Протагору принадлежит знаменитый тезис «Человек есть мера всех вещей».
0009283.png	Некоммерческие организации
0009284.png	Связь
0009285.png	Геологическое строение и рельеф
0009286.png	Петербургский текст Владимира Топорова
0009287.png	Персоналии по алфавиту
0009288.png	Классификация машиностроения по направлениям
0009289.png	Примечания
0009290.png	Почётные граждане Пловдива
0009291.png	КВ радиостанция Р-865ГЕ
0009292.png	В культурах
0009293.png	Идишисты
0009294.png	Примечания
0009295.png	Храм Рождества Христова
0009296.png	Ссылки
0009297.png	Известные химические элементы
0009298.png	Список пород голубей
0009299.png	Личная жизнь
0009300.png	Анатолий Рыбаков
0009301.png	Награды
0009302.png	Личная жизнь
0009303.png	Катастеризмы
0009304.png	различные виды нарушения сна, например бессонница;
0009305.png	Почётные доктора Каирского университета
0009306.png	Сражения 1618 года
0009307.png	трояне, жившие у подножия Иды, под предводительством Пандара
0009308.png	Аберрация ретроспективная
0009309.png	Литература
0009310.png	Типы голосовой биометрии
0009311.png	004.3 Аппаратные средства. Техническое обеспечение
0009312.png	Родились
0009313.png	Механизм реакций подобного типа в общем виде:
0009314.png	Вена, Австрия (2001)
0009315.png	Культура Гавайев
0009316.png	28 хоккейных коробок
0009317.png	Энергетика
0009318.png	Пищевая промышленность
0009319.png	Компьютерные журналы
0009320.png	Симптомы
0009321.png	По представительству в Парламенте наиболее влиятельными партиями являются:
0009322.png	Внешняя политика
0009323.png	Самари
0009324.png	Ссылки
0009325.png	События
0009326.png	Цвета флага в различных форматах
0009327.png	Наука
0009328.png	Литература
0009329.png	Память
0009330.png	Международная Ассамблея столиц и крупных городов СНГ;
0009331.png	Словарь терминов петанка
0009332.png	Церковь иконы Божией Матери «Умиление» в селе Артыбаш.
0009333.png	Богословы Германии
0009334.png	24 июня
0009335.png	Гораздо смертоноснее мужчинНе столько мужчина, сколько мертвец
0009336.png	У позвоночных
0009337.png	Сергей Пичахчи. 2007.
0009338.png	Скончались
0009339.png	Эль-Фарвания
0009340.png	См. также
0009341.png	Города из Списка русских городов дальних и ближних
0009342.png	Святые Малой Азии
0009343.png	Участники Бородинского сражения
0009344.png	Пептидные гормоны
0009345.png	Примечания
0009346.png	Местное телевидение
0009347.png	Изоморфизм
0009348.png	Реки Мазовецкого воеводства
0009349.png	Типы животных
0009350.png	Атырауский нефтеперерабатывающий завод.
0009351.png	Спортивные функционеры СССР
0009352.png	«Греческая литература» с коллоквиумом по «Аяксу» Софокла (профессор Э. Эггер);
0009353.png	Аграрный вопрос
0009354.png	Примечания
0009355.png	монитор
0009356.png	Галерея
0009357.png	Реформы в Российской империи
0009358.png	Литературные критики Российской империи
0009359.png	Примечания
0009360.png	Масоны России
0009361.png	Населённые пункты Сургутского района
0009362.png	Точку отделяют от следующих знаков пробелом.
0009363.png	Киноактёры Франции
0009364.png	Пригородные автобусы
0009365.png	герб князей Голицыных с гербом князей Долгоруковых.
0009366.png	Иудея
0009367.png	См. также
0009368.png	Медиалогия
0009369.png	Полевая улица (село Красная Пахра)
0009370.png	О синтезе элемента на сайте ОИЯИ
0009371.png	Восстановление империи
0009372.png	Галопирующая инфляция
0009373.png	В геометрии
0009374.png	Формы правления, политические режимы и системы
0009375.png	В 2016 году Лучевой проезд, был переименован в улицу Синёва.
0009376.png	водяной пар и облака в небе;
0009377.png	Конечное поле («поле Галуа»)
0009378.png	Православные миссионеры
0009379.png	Парк Кенша,
0009380.png	Термоядерная реакция также используется в термоядерном оружии.
0009381.png	Шэинь
0009382.png	Первая русская революция и довоенные годы
0009383.png	Теория субъективности: тело без органов. Шизофрения и шизоанализ
0009384.png	ГБПОУ РО Волгодонский медицинский колледж
0009385.png	Здание аграрно-технологического института.
0009386.png	По городу курсируют 5 городских автобусов.
0009387.png	Окленд, Новая Зеландия (февраль 1989)
0009388.png	Переименованные населённые пункты России
0009389.png	См. также
0009390.png	Выпускники Гарвардского университета
0009391.png	Историки по алфавиту
0009392.png	Питер Устинов
0009393.png	Примечания
0009394.png	Плавное перетекание одной песни в другую
0009395.png	Сопряжённое фокусное расстояние
0009396.png	Память
0009397.png	1 января
0009398.png	Политические партии России
0009399.png	«Бен Франклин» (США)
0009400.png	Проблемы идеи суперсимметрии
0009401.png	Ноябрьская революция (1918)
0009402.png	Европейская экономическая зона
0009403.png	Члены Таврического общества истории, археологии и этнографии
0009404.png	Прикладная математика тесно связана с другими математическими науками.
0009405.png	Дом Бенуа (значения)
0009406.png	Фэндом
0009407.png	События
0009408.png	Соединения германия
0009409.png	Поэзия Карамзина
0009410.png	Балаж Джуджак, венгерский футболист.
0009411.png	Образование отчеств
0009412.png	Зенон отправляет Теодориха для завоевания Италии
0009413.png	Театральные педагоги России
0009414.png	Приметы (2011)
0009415.png	Кавалер (24 мая 1868 года)
0009416.png	Академики Польской академии наук
0009417.png	Консулы: Тит Нумиций Приск и Авл Вергиний Трикост Целиомонтан.
0009418.png	Поэзия
0009419.png	42-летний Михаил Касьянов утверждён председателем Правительства РФ.
0009420.png	Форматы
0009421.png	Ижевская соборная мечеть
0009422.png	Сельсоветы, выделявшиеся как единицы статистического подсчёта
0009423.png	Коннор Макдэвид, канадский хоккеист, чемпион мира (2016).
0009424.png	5 городов (областного значения);
0009425.png	Ссылки
0009426.png	Получение
0009427.png	См. также
0009428.png	Свита СС
0009429.png	Вестник Томского государственного университета. Культурология и искусствоведение
0009430.png	Природные достопримечательности
0009431.png	История
0009432.png	Примечания
0009433.png	Фильмы Новой волны
0009434.png	Нарком обороны
0009435.png	Экономика
0009436.png	По конструкции двери бывают:
0009437.png	Сигналы примирения
0009438.png	Анимационный сериал
0009439.png	Примечания
0009440.png	Литература
0009441.png	Лифт-патерностер
0009442.png	Окисление
0009443.png	Португалия
0009444.png	Шенкурский проезд
0009445.png	Качество перевода
0009446.png	Меган Трейнор, американская певица, автор-исполнитель и продюсер.
0009447.png	Космические пуски и события в СССР и России. 1990 год.
0009448.png	Германские королевские войска вторгаются в польские владения.
0009449.png	(сериал, 2013)
0009450.png	Примечания
0009451.png	Сражение при Рымнике
0009452.png	На первой стадии идёт образование дибромалкена:
0009453.png	Другие здания в Санкт-Петербурге
0009454.png	Пангеометрия.
0009455.png	Литература
0009456.png	Применение
0009457.png	Кировская область,
0009458.png	Генуэзская колония
0009459.png	Тарас Шевченко
0009460.png	Публикации сочинений
0009461.png	Видогост
0009462.png	Похороненные в Медвежьегорском районе
0009463.png	Примечания
0009464.png	День святого Варфоломея.
0009465.png	Этимология
0009466.png	Яранская швейная фабрика (ул. Ленина, 9);
0009467.png	Морфология
0009468.png	Примечания
0009469.png	1948: «Цирцея», опера Вернера Эгка, по Кальдерону
0009470.png	Живопись
0009471.png	Свойства
0009472.png	КПД трансформатора находится по следующей формуле:
0009473.png	Бухарестское землетрясение (1977).
0009474.png	Газовый детектор
0009475.png	Дворянские роды, на гербах которых изображены львы
0009476.png	Почетный гражданин Красноармейского района Чувашской Республики (2012)
0009477.png	«Восстание 2 мая 1808 года в Мадриде»;
0009478.png	Орден Святой Анны 1-й ст. (14.11.1810)
0009479.png	Перитон, летающий олень
0009480.png	Иностранные члены Французской академии наук
0009481.png	Промышленное связывание атмосферного азота
0009482.png	Корженевский
0009483.png	кардинал Луи-Назер Бежен, архиепископ Квебека (Канада).
0009484.png	«Донец»
0009485.png	Украинский
0009486.png	Фиксация положения аппарата с помощью различных приспособлений:
0009487.png	Библиография
0009488.png	Реформа самодержавия
0009489.png	Наблюдение и анализ
0009490.png	для любого натурального , не являющегося точным квадратом
0009491.png	Примечания
0009492.png	Корчемство и Бутлегерство
0009493.png	События
0009494.png	Культура
0009495.png	штурмовик-бомбардировщик ШБ
0009496.png	Еврокубки
0009497.png	Общество продолжает свою работу, выходят публикации его членов.
0009498.png	Битва на Туговой горе под Ярославлем.
0009499.png	Концепция рая подразумевает два понятия:
0009500.png	Мессианские пророчества Ветхого Завета в христианстве
0009501.png	Епархия Новой Англии
0009502.png	Сценарий
0009503.png	Ассемблер:
0009504.png	Эволюция спортивных шпаг
0009505.png	Лексикографы Российской империи
0009506.png	Поэты Великобритании
0009507.png	См. также
0009508.png	11 гимназий
0009509.png	«Драматургия». Злата Демина за пьесу «Бог любит».
0009510.png	Сербский алфавит
0009511.png	1970-е годы: взлёты и падения
0009512.png	Городские поселения Татарстана
0009513.png	Международные договоры Дании
0009514.png	См. также
0009515.png	ООО «Прожектор»
0009516.png	Киновоплощения
0009517.png	Орден Святого Георгия 2 ст. (08.10.1813)
0009518.png	Литература
0009519.png	Чагоян
0009520.png	На заграницу вещали радиостанции:
0009521.png	Столицы республик России
0009522.png	Олимпийские чемпионы от Германии
0009523.png	См. также
0009524.png	Примечания
0009525.png	Литература
0009526.png	Задачи
0009527.png	В Белове находится эксплуатационное локомотивное депо ТЧЭ-14.
0009528.png	См. также
0009529.png	«Поэзия». Алла Горбунова за подборку стихотворений
0009530.png	Армейские партизанские отряды
0009531.png	Подписавшие «письмо трёхсот»
0009532.png	Писатели России по алфавиту
0009533.png	Примечания
0009534.png	Лауреаты премии Гумбольдта
0009535.png	Уктам Исмоилович Тураев (с 2022)
0009536.png	Измайловского Зверинца 1-й переулок
0009537.png	ЗАО «Счётмаш»
0009538.png	Биография
0009539.png	Спор об историческом праве на Палестину
0009540.png	Криптография
0009541.png	Эксгумация Ивана Грозного
0009542.png	19 января
0009543.png	Преподаватели 4-й Московской гимназии
0009544.png	ДВИГАТЕЛИ СТИРЛИНГА И МНОГОЕ ДРУГОЕ
0009545.png	Нейтральность нуля относительно сложения:
0009546.png	Министерство обороны:
0009547.png	Февраль
0009548.png	Космология
0009549.png	Творчество
0009550.png	Примечания
0009551.png	Третье поколение
0009552.png	Литература
0009553.png	Древний и раннесредневековый Ташкент
0009554.png	История герба Димитровграда
0009555.png	Умершие в Берлине
0009556.png	Воздушный транспорт
0009557.png	Участники советско-японской войны (СССР)
0009558.png	Примечания
0009559.png	Вьетнам
0009560.png	Психотические расстройства
0009561.png	Климат
0009562.png	Рекорды клуба
0009563.png	Женитьба и начало карьеры
0009564.png	Экономика строительства
0009565.png	с обычным экраном
0009566.png	Кереметь и советский атеизм
0009567.png	Бронницкая улица
0009568.png	Автомобильный транспорт
0009569.png	обезболивания (наркоза),
0009570.png	Девабхути, последний царь из династии Шунга, свергнут советником Васудевой.
0009571.png	и другие.
0009572.png	Орёл и Крот
0009573.png	Пигменты
0009574.png	Михаил Синёв
0009575.png	Второй кабинет Герхарда Шрёдера
0009576.png	Система воздушных сигналов
0009577.png	Лептоны также объединены в неприводимое представление
0009578.png	Литературные жанры
0009579.png	Притоки
0009580.png	Родились
0009581.png	Структура
0009582.png	Стоики
0009583.png	Китай
0009584.png	66.74 Канал Культура
0009585.png	Ссылки
0009586.png	М. Драгомиров. «Война и мир» графа Толстого с военной точки зрения
0009587.png	Народные комиссары путей сообщения РСФСР
0009588.png	Санатории
0009589.png	Библиография
0009590.png	Происхождение
0009591.png	районный организационно-методический центр,
0009592.png	4. С азотной кислотой не реагируют стекло, фторопласт-4.
0009593.png	Поведение и образ жизни
0009594.png	Изабелла (1529)
0009595.png	Речные порты:
0009596.png	Официальный сайт администрации города Пятигорска
0009597.png	Квартирмейстерская часть
0009598.png	Премии мира
0009599.png	капитан-лейтенант Витор Мануэл Крешпу,
0009600.png	Префекты претория Галлии
0009601.png	Нововолынский информационный портал
0009602.png	Медицинские награды
0009603.png	Далее следует круг торгов.
0009604.png	Сигнал для инсулина
0009605.png	События
0009606.png	Градус в альтернативных единицах измерения:
0009607.png	Альфредо Хименес Буэса
0009608.png	Праздники
0009609.png	Технологии кино и видео
0009610.png	Йеспер Братт (119-й общий)
0009611.png	Двойное дно
0009612.png	Древние жители Ангкор-Вата
0009613.png	Экономический портал
0009614.png	В итоге на территориях ТАССР, БухССР и ХССР были вновь созданы:
0009615.png	Русское общество любителей мироведения
0009616.png	4 хоккейные коробки в с. Мраково,Юмагузино, д. Тляумбетово и Таваканово
0009617.png	Черёмушки
0009618.png	Члены-корреспонденты Французской академии наук
0009619.png	Примечание. Буквенно-цифровые индексы имеют следующие значения:
0009620.png	Сети гостеприимства
0009621.png	Художественное
0009622.png	Метафизические теории
0009623.png	Каталог ресурсов в Интернете
0009624.png	Космонавтика
0009625.png	Общие сведения
0009626.png	Награды
0009627.png	Религиозные
0009628.png	Ссылки
0009629.png	Владислав Стржельчик (ум. 1995), актёр театра и кино, народный артист СССР.
0009630.png	Поддержка многоязыкового интерфейса.
0009631.png	«Цвет времени». Режиссёр: Константин Касатов (документальный, 2007).
0009632.png	Ряд обратных квадратных чисел сходится:
0009633.png	Транспорт
0009634.png	Рак поджелудочной железы
0009635.png	Структура населения
0009636.png	Крупнейшие партии:
0009637.png	Телекинез (психокинез)
0009638.png	Малая Урания (2000)
0009639.png	Так начиналась война
0009640.png	Описание
0009641.png	Чума в Константинополе. Началась в Египте, потом в Палестине.
0009642.png	Военачальники Македонии
0009643.png	Виргинцы (Виргинские острова)
0009644.png	382 км: Ретча (лв)
0009645.png	химическая и нефтеперерабатывающая промышленность
0009646.png	Концепция мифа
0009647.png	Дамян Велчев
0009648.png	свободное воспроизведение произведения в личных целях (ст. 1273 ГК);
0009649.png	Источники
0009650.png	Значение
0009651.png	Национальные
0009652.png	История
0009653.png	Брать шашку, находящуюся под боем, обязательно. Исключение: «Сибирские шашки».
0009654.png	Проституция в современном праве
0009655.png	История СКБ РПД
0009656.png	Низовцев, Аркадий Александрович (2003)
0009657.png	поселение Рязановское
0009658.png	Названия
0009659.png	Результаты выступлений
0009660.png	подтверждено право верхушки купечества не платить подушной подати.
0009661.png	и др..
0009662.png	Юристы Италии
0009663.png	Физически реализуемые цвета
0009664.png	Скульптура
0009665.png	Города-побратимы
0009666.png	Версия и критические замечания
0009667.png	Спорт
0009668.png	Примечания
0009669.png	Вектор (завод)
0009670.png	Национальный состав
0009671.png	Ссылки
0009672.png	Ограничен доступ ко всей информации, собранной путем шпионажа;
0009673.png	Красное и Белое
0009674.png	Средние платоники
0009675.png	Комментарии
0009676.png	Критика
0009677.png	Персоналии по алфавиту
0009678.png	Ссылки
0009679.png	Зоофилия
0009680.png	Актуальное состояние
0009681.png	Национальный состав
0009682.png	Примечания
0009683.png	Право и экономика
0009684.png	Прочее
0009685.png	Примечания
0009686.png	Чемпионат Европы по борьбе 2010;
0009687.png	дуалистическая:
0009688.png	Трине Дюрхольм, датская актриса и певица.
0009689.png	Литература
0009690.png	Римские короли
0009691.png	Исполнители средневекового метала
0009692.png	Кровь пьют руками
0009693.png	Военные врачи СССР
0009694.png	(дисмутация хлора в разбавленном растворе при комнатной температуре);
0009695.png	Имеется один фельдшерско-акушерский пункт.
0009696.png	Известные ротмистры:
0009697.png	См. также
0009698.png	В спорте:
0009699.png	Изотопы алюминия
0009700.png	Центроид треугольника
0009701.png	Лариса Богораз-Даниэль, Павел Литвинов «К мировой общественности» (1968)
0009702.png	Историки Франции
0009703.png	Римская империя
0009704.png	Литература
0009705.png	Преподаватели Императорского Казанского университета
0009706.png	51. Козани
0009707.png	Природа человека
0009708.png	Четвёртое поколение
0009709.png	Ишимский винно-водочный завод
0009710.png	События
0009711.png	См. также
0009712.png	Заболевания щитовидной железы
0009713.png	Овальный: лист овальный, яйцевидный, с заострённым концом в основании
0009714.png	Российские командиры с портретами в Военной галерее
0009715.png	Ссылки
0009716.png	Центральная Детская Школа Искусств
0009717.png	Мосты
0009718.png	Члены-корреспонденты АН СССР
0009719.png	Официальный сайт законодательства Гибралтара
0009720.png	Государственное устройство
0009721.png	Российский период (с 1992)
0009722.png	Актёры и актрисы Театра на Таганке
0009723.png	Ссылки
0009724.png	самосвальный кузов;
0009725.png	Организации айкидо
0009726.png	ещё один орден и медали
0009727.png	См. также
0009728.png	Религия
0009729.png	Наместник Сирии Публий Сульпиций Квириний (?).
0009730.png	Руководитель инженерных работ
0009731.png	Итапетининга
0009732.png	Решение собора и информирование антиохийских братьев ()
0009733.png	Закон о самоуправлении банту (1951)
0009734.png	Почётный доктор СПбГУ (2001)
0009735.png	Финансовые услуги
0009736.png	Биография
0009737.png	Скончались
0009738.png	Еврейские богословы
0009739.png	Аникерит
0009740.png	Оборот биомассы
0009741.png	Ссылки
0009742.png	См. также
0009743.png	Борис Александров (ум. 1994), композитор, хоровой дирижёр, народный артист СССР.
0009744.png	События
0009745.png	Исторические сведения о квадратных уравнениях
0009746.png	Выпускники Страсбургского университета
0009747.png	Использование электрического тока в медицине
0009748.png	411 км: Лып
0009749.png	События
0009750.png	Развитие политической карьеры
0009751.png	Музыка
0009752.png	Другие сборники
0009753.png	Ино Анастасия, византийская императрица.
0009754.png	Условия отпуска из аптек
0009755.png	Фильмы
0009756.png	Похороненные на Раковицком кладбище
0009757.png	Атомный номер родия
0009758.png	Награждённые медалью Грефе
0009759.png	На иностранных языках
0009760.png	См. также
0009761.png	Искусственный мёд
0009762.png	Малая улица
0009763.png	Столетние долгожители России
0009764.png	См. также: :Категория:Умершие 15 июня
0009765.png	Ссылки
0009766.png	Готская Испания
0009767.png	Биографический словарь
0009768.png	Экономика
0009769.png	Приписываемые тексты
0009770.png	Баран-непомнящий (1885)
0009771.png	Объём инвестиций превысил 50млрд р
0009772.png	Игроки с наибольшим количеством голов
0009773.png	Список музеев Ульяновска
0009774.png	История
0009775.png	«Армазская церковь»,
0009776.png	Анне прочили успешную карьеру на Западе:
0009777.png	целенаправленная травля, клевета, угрозы, унижения;
0009778.png	Принимается Закон эфора Эпидатея.
0009779.png	Следует круг торгов
0009780.png	Достоинства
0009781.png	Период Третьего рейха
0009782.png	Литература
0009783.png	Действует около 30 аптек различных форм собственности, три ветеринарные клиники.
0009784.png	Итахана-хан ()
0009785.png	Планетоход
0009786.png	Зороастризм
0009787.png	Офицеры Российской империи
0009788.png	Победители шахматных олимпиад
0009789.png	Скифий (конь).
0009790.png	Статья о Ж. Раппе у Р. Мура
0009791.png	Родившиеся в 1822 году
0009792.png	Память святого ;
0009793.png	Диабетология
0009794.png	Пограничные войска
0009795.png	Отраслью знания, изучающей творчество, является эвристика.
0009796.png	Армия Русского государства
0009797.png	Графы Аракчеевы
0009798.png	Культура и образование
0009799.png	Механическая обработка
0009800.png	Фотогалерея
0009801.png	Примечания
0009802.png	стоящий Аполлон со стрелой в правой руке;
0009803.png	Воинская медаль
0009804.png	Ссылки
0009805.png	140 км: Икса
0009806.png	События и мероприятия
0009807.png	Сыры из козьего молока
0009808.png	См. Городские округа
0009809.png	Мемориальный музей М.А.Шолохова в Западном Казахстане
0009810.png	Радиостанции
0009811.png	См. также
0009812.png	Детство и юность
0009813.png	Руины в России
0009814.png	См. также
0009815.png	Позднейшее восприятие
0009816.png	Форвардные сделки
0009817.png	премьера оперы Джорджа Гершвина «Порги и Бесс» на Бродвее.
0009818.png	Президент
0009819.png	Топонимы, названные в честь города Петрозаводска
0009820.png	Родившиеся в 1660-е годы
0009821.png	графы и герцоги Ланкастер
0009822.png	Тонан-хан ()
0009823.png	Упразднённые населённые пункты
0009824.png	спутанность сознания,
0009825.png	Культура
0009826.png	Военный губернатор Ферганской области
0009827.png	См. также
0009828.png	Джеймс Голдман. Пьеса «Лев зимой».
0009829.png	Почётные члены Императорской Академии художеств
0009830.png	Верховные боги
0009831.png	Вывод: класс вычетов  является решением исходного сравнения.
0009832.png	Конгломерат (порода)
0009833.png	Экономика
0009834.png	(населённые пункты)
0009835.png	Примечания
0009836.png	Военачальники Османской империи
0009837.png	Крушевац, Сербия
0009838.png	Иван Новиков «Пушкин в Михайловском» (1936)
0009839.png	Сборник посвящений «Александру Башлачеву. Ставшему ветром» в Живом Журнале
0009840.png	Космологическое красное смещение
0009841.png	1929 «Моя система на практике» ()
0009842.png	Планирование экспедиции
0009843.png	Персоналии по алфавиту
0009844.png	Сумма первых  членов арифметической прогрессии  может быть найдена по формулам
0009845.png	Нефтеперерабатывающая промышленность в индустриальных районах на юге.
0009846.png	Типы синтеза
0009847.png	«Аум синрикё». С 2000 года новое название «Алеф».
0009848.png	Концертные видео
0009849.png	Религия
0009850.png	Октябрь
0009851.png	Латвийский университет бионаук и технологий;
0009852.png	Олег Кузнецов
0009853.png	Союз южноамериканских наций
0009854.png	Теорема о движении центра масс системы
0009855.png	Общественно-политическая газета «Ленинградская правда»
0009856.png	Примечания
0009857.png	Кубок УЕФА выиграл голландский «Фейеноорд».
0009858.png	Новая Мельница (значения)
0009859.png	Боги по алфавиту
0009860.png	Упорный переулок
0009861.png	География
0009862.png	См. также
0009863.png	Лидеры и активисты ХАМАС
0009864.png	США и Европа
0009865.png	Список деталей поверхности Титана
0009866.png	, Ханчжоу, с 2017.
0009867.png	Премьер-министры Великобритании от Консервативной партии
0009868.png	Экономика
0009869.png	Каталог Британской библиотеки
0009870.png	Григор Вачков (р. 1932), болгарский актёр театра, кино и телевидения.
0009871.png	Властелин Колец (1937-49)
0009872.png	Члены ЦИК:
0009873.png	При электролизе используется хлорид лития. Его получают из карбоната по схеме:
0009874.png	постуральные;
0009875.png	Силы Большой Орды разбиты молдавской армией в битве под Липницей (1470).
0009876.png	Примечания
0009877.png	Биография
0009878.png	Родители
0009879.png	Ложбан отличается от других плановых языков набором следующих характеристик:
0009880.png	Птичий грипп в Башкирии
0009881.png	Наречие
0009882.png	Памятник А. С. Пушкину
0009883.png	Сборная Италии
0009884.png	Редакторы Германии
0009885.png	Участие в ЛЕФе
0009886.png	Ореховая улица (деревня Сосенки)
0009887.png	Протоевангелие Иакова
0009888.png	Фильмы СССР 1961 года
0009889.png	Города Южной Австралии
0009890.png	12 июля
0009891.png	Милленаризм
0009892.png	Руководство
0009893.png	Национальные
0009894.png	по одной медали МНР и ЧССР
0009895.png	Богини индуизма
0009896.png	Исторические личности в литературе
0009897.png	Самозванцы
0009898.png	Управленческий учёт
0009899.png	См. также
0009900.png	Том 3. «Похождения Тома Соуэра», «Том Соуэр за границей»;
0009901.png	Матчи и турниры за звание чемпионки мира по шахматам
0009902.png	См. также
0009903.png	Карта как основа географических исследований
0009904.png	В Риме проходят первые публичные лектистернии.
0009905.png	Умершие 9 ноября
0009906.png	огонь
0009907.png	Почётный член Императорского православного палестинского общества (2012 год).
0009908.png	Станция контроля воздуха Мосэкомониторинга.
0009909.png	Антиковеды СССР
0009910.png	См. также: :Категория:Родившиеся в 1347 году
0009911.png	Фердинанд Юлиус Фагерлин (р. 1825), шведский художник.
0009912.png	Примечания
0009913.png	Ссылки
0009914.png	События
0009915.png	Примечания
0009916.png	Персонажи «Божественной комедии»
0009917.png	Ломоносовская (линия 3)
0009918.png	Троллинг (значения)
0009919.png	Еженедельник «Аргументы и факты. Тамбов».
0009920.png	Философы Древней Греции
0009921.png	Европа
0009922.png	Щелевая фотография
0009923.png	Последние годы жизни и смерть
0009924.png	Страны и организации, имеющие статус наблюдателя:
0009925.png	Участники Отечественной войны 1812 года
0009926.png	Примечания
0009927.png	Известные игроки
0009928.png	Примечания
0009929.png	В свою очередь:
0009930.png	Повести
0009931.png	Взаимоотношение граффити и власти
0009932.png	Отечественная война и заграничные походы
0009933.png	Население
0009934.png	дед по матери Мартин Любанский, пинский скарбник
0009935.png	Борьба за отцовское наследство. Женитьба на Деотерии
0009936.png	Экспорт
0009937.png	События
0009938.png	Литературные жанры
0009939.png	События
0009940.png	Памятник-камень комсомольцам-партизанам И. Иванову и Г. Дулину
0009941.png	Ссылки
0009942.png	Учреждения высшего и среднего профессионального образования
0009943.png	Примечания
0009944.png	. Биография, картины, потомки
0009945.png	Необыкновенное происшествие в кино
0009946.png	Пайка металлов, учебный фильм (удалено)
0009947.png	История
0009948.png	Мистер робот.
0009949.png	Партия «Яблоко»
0009950.png	Азаметония бромид в гос. реестре лек. средств.
0009951.png	Выпуск 1991 года
0009952.png	Источники
0009953.png	Аргонавты
0009954.png	Древняя Греция
0009955.png	Интересные факты
0009956.png	Диярбакырская крепость или крепость Тиграна Великого
0009957.png	Россия
0009958.png	История Киева
0009959.png	Примечания
0009960.png	самый южный остров (не окруженный полностью вечными льдами) в мире: остров Росса
0009961.png	Александр Суме. Трагедия «Саул».
0009962.png	Награды
0009963.png	Литература
0009964.png	Ак-Мечетское каймаканство
0009965.png	Архив: История одного мэра и ТВ-2 (дело Макарова в сюжетах ТВ2)
0009966.png	Примечания
0009967.png	Тхатьтхат,
0009968.png	Киновоплощения
0009969.png	Крест-кенотаф на месте вторичного захоронения Павла и Елены Всеволожских
0009970.png	Получение базовых бензинов
0009971.png	Преобразования энергии и импульса
0009972.png	Кавалер Большого креста ордена Почётного легиона (Франция)
0009973.png	Достоинства
0009974.png	Парамнезия (ложная память)
0009975.png	Международный День птиц
0009976.png	Жлобинский историко-краеведческий музей
0009977.png	Организаторы народного хозяйства: 52 депутата
0009978.png	Методы активного обучения
0009979.png	Примечания
0009980.png	См. также
0009981.png	Бутирофеноны
0009982.png	Сюжет
0009983.png	Предел функции в точке. Теоретическая справка
0009984.png	Конго: 5 и 100 франков.
0009985.png	Конструкторы мультимедийных презентаций
0009986.png	Плавский проезд
0009987.png	Лукойл-Западная Сибирь
0009988.png	Кавказский пленник (по А. Пушкину) (1858; 1882, 1885)
0009989.png	Чугунолитейный завод признан банкротом и закрыт в 2012 году.
0009990.png	Критика
0009991.png	Во время второй мировой войны в состав вооружённых сил Венгрии входили:
0009992.png	генерал армии Герасимов Валерий Васильевич (с 9 ноября 2012).
0009993.png	Писатели Италии
0009994.png	«Лучший режиссёр» (Джордж Миллер)
0009995.png	«ПАРЛАМЕНТ. ПОКА НЕ НАЧАЛСЯ ДЖАЗ».
0009996.png	1-я бригада
0009997.png	Алиса шифрует информацию с использованием открытого ключа Боба .
0009998.png	Динамика роста численности населения выглядит следующим образом:
0009999.png	Структура