0000000.png	Словарь баскетбольных терминов
0000001.png	Политические взгляды
0000002.png	Вхождение в шахматную элиту
0000003.png	Побочное действие
0000004.png	Гостиница «Комфорт»
0000005.png	Дальше таким же образом получаем последовательность замкнутых множеств .
0000006.png	Рождение
0000007.png	Ссылки
0000008.png	Центр внешкольной работы
0000009.png	, где
0000010.png	Приз «Организатору атаки»
0000011.png	Отцы-основатели США
0000012.png	Источники
0000013.png	Ссылки
0000014.png	Хоккейные лиги
0000015.png	Кинорежиссёры России
0000016.png	Виды и подвиды животных, названные в честь Джеральда Даррелла
0000017.png	Примечания
0000018.png	Павшино:
0000019.png	Комплексообразователи
0000020.png	Версии разных авторов
0000021.png	Японские
0000022.png	Парламент
0000023.png	Понижают продукцию мелатонина:
0000024.png	Дмитриев, Михаил Александрович
0000025.png	В 1071 году город оккупировали сельджуки.
0000026.png	Новейшие стили
0000027.png	Ссылки
0000028.png	Тренировочная база
0000029.png	«Месть Бруно» (основное ядро романа «Сильвия и Бруно») (1867)
0000030.png	Геология
0000031.png	Новое платье короля
0000032.png	Эрлик в мифологии хакасов
0000033.png	Сайт, посвящённый исполнителю
0000034.png	Восстановление Ан-225
0000035.png	Именины
0000036.png	Гюмри, Армения
0000037.png	Александр Хряков (р.1903), советский архитектор.
0000038.png	Бывшие еврейские местечки Украины
0000039.png	Противоположные термины:
0000040.png	Новые или изменённые типы данных:
0000041.png	Должности
0000042.png	Экспоненциальные функции
0000043.png	Сентябрь
0000044.png	Парадигма
0000045.png	Почётные граждане Атланты
0000046.png	Подземный мир шумеро-аккадской мифологии
0000047.png	кандесартан
0000048.png	2001: «Нонино-2001» в Зальцбурге как лучшему иностранному писателю
0000049.png	Верования
0000050.png	Почётные доктора Мадридского университета Комплутенсе
0000051.png	Монастыри
0000052.png	Камфора однобромистая
0000053.png	В видеоиграх
0000054.png	Избирательная коррозия
0000055.png	Биография
0000056.png	Вторая экваториальная система координат является общепринятой в астрометрии.
0000057.png	Издания
0000058.png	Астрономы по алфавиту
0000059.png	Планы возобновления производства
0000060.png	Память святителя Софрония, патриарха Иерусалимского (639);
0000061.png	Алгоритм шифрования.
0000062.png	Восстание Кянов.
0000063.png	Маска подсети:  11111111 11111111 11111110 00000000 (255.255.254.0)
0000064.png	Национальный состав населения:
0000065.png	Дворцы и парки культуры, цирк
0000066.png	Последние годы. Кончина
0000067.png	Медаль Роберта Нойса
0000068.png	Осипенко, улица (район Южное Бутово)
0000069.png	Наука
0000070.png	Фрунзенский
0000071.png	Расположение
0000072.png	В 1828 году в газете «Московские ведомости» публикуется следующее объявление:
0000073.png	См. также
0000074.png	ускоренность мыслительного процесса
0000075.png	Историки по алфавиту
0000076.png	лерканидипин
0000077.png	Статистика
0000078.png	См. также
0000079.png	Персонажи «Шахнаме»
0000080.png	Связь и средства массовой информации
0000081.png	Начало строительства Бит-Шаррукина.
0000082.png	Примечания
0000083.png	Блоги Романа Бессмертного на сайте «Новое время»
0000084.png	Литература
0000085.png	Печатные издания, возникшие в 1902 году
0000086.png	Система классификации и именования процессоров
0000087.png	Отдел лёгкой и пищевой промышленности ЦК КПСС по РСФСР (1962)
0000088.png	Синтаксис
0000089.png	Название
0000090.png	Разновидности
0000091.png	Государственный музей
0000092.png	охранительная (следообразующая).
0000093.png	Образование
0000094.png	Литература
0000095.png	Похороненные на Старом кладбище (Уппсала)
0000096.png	Авдей-ротозей, 1929
0000097.png	Детали швейных изделий
0000098.png	Даргинское имя
0000099.png	Пещера Рождества
0000100.png	Брань архистратига Михаила со Сатаною о сем: легко быть благим (1783)
0000101.png	Таймураз Мамсуров. «Построй свою башню» (нравоучительная книга для молодёжи)
0000102.png	Первая мировая война: начало битвы при Камбре.
0000103.png	Игроки ФК «Ньюэллс Олд Бойз»
0000104.png	Ссылки
0000105.png	Фотографии на заднем дворе
0000106.png	Жена Вера Алексеевна
0000107.png	Комментарии
0000108.png	Климент Александрийский
0000109.png	Члены Леопольдины
0000110.png	См. также
0000111.png	См. также
0000112.png	Перед абортом проводятся:
0000113.png	Артур Кивни (р. 1951), ирландский и британский учёный-антиковед.
0000114.png	Отличия
0000115.png	Выступал против ускоренного вступления России во Всемирную торговую организацию.
0000116.png	Мониторы
0000117.png	Ссылки
0000118.png	История
0000119.png	поддержание нормального уровня холестерина;
0000120.png	Мы с приятелем
0000121.png	Проявления транса
0000122.png	См. также
0000123.png	Царь Македонии Кассандр основывает Салоники.
0000124.png	Владимир Мечьяр, словацкий политик, премьер-министр страны в 1990-е годы.
0000125.png	Ссылки
0000126.png	Формула 51
0000127.png	Фонд свободного программного обеспечения
0000128.png	9 мая
0000129.png	Транспорт
0000130.png	Игроки ФК «Крылья Советов»
0000131.png	Достижения
0000132.png	Жизнь во Вселенной
0000133.png	Статистика
0000134.png	Сочинения
0000135.png	Новые возможности в версии 3.0
0000136.png	Угольная промышленность
0000137.png	Православные праздники
0000138.png	Ульяна Цейтлина
0000139.png	Карьера
0000140.png	Силлепс
0000141.png	Предки
0000142.png	В Астраханской области функционирует несколько научных организаций:
0000143.png	В городе ведётся добыча природного газа и нефти.
0000144.png	Примечания
0000145.png	История
0000146.png	См. также
0000147.png	которое можно получить дифференцируя произведение .
0000148.png	Спорт
0000149.png	Удмуртская хлебная компания
0000150.png	Два трактата о правлении. 1689.
0000151.png	Игорь Акинфеев
0000152.png	Зарождение альтернативной музыкальной культуры
0000153.png	Марийский язык
0000154.png	Гражданская война
0000155.png	Панорама с Замковой Горы
0000156.png	Французские колониальные власти во Вьетнаме провозгласили Республику Кохинхину.
0000157.png	Документальный сериал «», Часть 1: «Битва браузеров»
0000158.png	Действительные статские советники
0000159.png	См. также
0000160.png	Городские округа Камчатского края
0000161.png	В Сыктывкаре действуют православные храмы:
0000162.png	Кинетические
0000163.png	Фактор рождаемости
0000164.png	Греция
0000165.png	Жена: Зузина (девичья фамилия не установлена) Марья Степановна
0000166.png	Родившиеся в 1889 году
0000167.png	Силикаты (минералы)
0000168.png	«Ночной зефир» (1838)
0000169.png	Расположение
0000170.png	Гостевая
0000171.png	Римская империя
0000172.png	Бранислав Иванович
0000173.png	Города-побратимы
0000174.png	Музей украинской марки им. Якова Балабана
0000175.png	Клейтон Стэнли, американский волейболист, олимпийский чемпион (2008).
0000176.png	«Пугачёв»,
0000177.png	Похороненные на Комаровском кладбище
0000178.png	Нововолынский информационный портал
0000179.png	Мариупольский гусарский полк
0000180.png	Член КПСС с 1960 года
0000181.png	Развод с Алиенорой
0000182.png	Украина
0000183.png	Семья
0000184.png	Вещиков Анатолий Иванович, заслуженный артист Российской Федерации
0000185.png	Литература
0000186.png	Литература
0000187.png	Дискретная математика
0000188.png	Русские переводы:
0000189.png	Декомпилятор
0000190.png	Писательницы-фантасты
0000191.png	Каменец-Подольская епархия
0000192.png	Рассуждающе-методичный.
0000193.png	энциклопедия «География России» (1998),
0000194.png	Памятники архитектуры
0000195.png	Краткая характеристика
0000196.png	Малая Литва
0000197.png	Поисковые системы
0000198.png	Идеи кокугаку
0000199.png	Трёхмерный случай
0000200.png	Цифровое эфирное телевидение
0000201.png	Княжна Тараканова
0000202.png	Родились
0000203.png	Именины
0000204.png	Из закона Санкт-Петербурга «О территориальном устройстве Санкт-Петербурга»
0000205.png	Семья
0000206.png	поведенческая, когнитивная и когнитивно-поведенческая терапия;
0000207.png	Востоковеды Великобритании
0000208.png	Осетровые
0000209.png	Программы РКК «Энергия»
0000210.png	См. также
0000211.png	Музей подносного промысла,
0000212.png	Тренёва, улица
0000213.png	Литература
0000214.png	Синий фонарь
0000215.png	Лесхозная улица
0000216.png	Я последовал этому совету и прочёл:
0000217.png	Окончательный уход римлян из Британии.
0000218.png	Союзы
0000219.png	Официальные символы Токио
0000220.png	Чемпион СССР (32-кратный)
0000221.png	Структура
0000222.png	Гибель Лулаха, пасынка Макбета.
0000223.png	Физико-географическая характеристика
0000224.png	См. также
0000225.png	События
0000226.png	, то есть
0000227.png	Воинские звания Вооружённых сил СССР
0000228.png	Населённые пункты Саратовской области
0000229.png	Московский регион
0000230.png	конец штурма Бухары, начало бухарской эмиграции.
0000231.png	Скончались
0000232.png	Выпускники лицея Людовика Великого
0000233.png	Технологии кино и видео
0000234.png	Симметрия
0000235.png	Продюсер
0000236.png	Историки Франции
0000237.png	и в частности, учитывая
0000238.png	США, Франция и Англия ответили отказом на предложение СССР войти в состав НАТО.
0000239.png	Секрет Щелкунчика (), 2007 год
0000240.png	Журнал «Вокруг света»
0000241.png	Знаки альтерации
0000242.png	Третья Пуническая война
0000243.png	Задача предложена Мартином Гарднером в 1959 году.
0000244.png	Восстание в Шотландии
0000245.png	Происходят изменения в консонантизме:
0000246.png	Альманах «Атлантида: Проблемы, Поиски, Гипотезы»
0000247.png	Хромплатина
0000248.png	Труды
0000249.png	Советские оккупационные войска в Германии: военно-политические аспекты
0000250.png	Запрашивать встречу с официальным представителем;
0000251.png	Нарушения окраски
0000252.png	Суть стратегии заключается в следующем:
0000253.png	Синглы
0000254.png	Поэты Испании
0000255.png	Монастыри Нагорно-Карабахской Республики
0000256.png	30 января:
0000257.png	См. также
0000258.png	Санкции
0000259.png	Спутники США
0000260.png	Экономика
0000261.png	Государственные деятели Российской империи
0000262.png	Достопримечательности
0000263.png	Классификация
0000264.png	Кодирование цветом
0000265.png	Именины
0000266.png	Роли озвучивали
0000267.png	К моменту гибели на счету аса воздушной разведки было свыше 250 боевых вылетов.
0000268.png	Германия
0000269.png	Генерала Белобородова, улица
0000270.png	Литература
0000271.png	Лауреаты Нобелевской премии по физике
0000272.png	эгида (щит), обтянутая козьей шкурой и украшенная головой Горгоны Медузы
0000273.png	Мифологическое
0000274.png	Конфигурация Клейна
0000275.png	Примечания
0000276.png	Ссылки
0000277.png	Вымышленные даты
0000278.png	Свинг (секс)
0000279.png	изучить закономерности развития личности людей с нарушением слуха
0000280.png	Научная деятельность
0000281.png	Ополе
0000282.png	Литература
0000283.png	Среднее профессиональное образование
0000284.png	Геральдические символы
0000285.png	Появились в 1932 году в СССР
0000286.png	Лучший игрок Евро-1984
0000287.png	Деревообрабатывающий станок
0000288.png	Награды
0000289.png	Ханойский медицинский университет
0000290.png	Скончались
0000291.png	Ссылки
0000292.png	Борис Андреев, (ум. 2021) советский инженер-космонавт.
0000293.png	МУП «Редакция газеты «Наше время Межгорье».
0000294.png	Члены ЦК КПСС
0000295.png	Примечания
0000296.png	История каббалы
0000297.png	«Молодь Черкащини»;
0000298.png	В науке
0000299.png	См. также список монорельсов
0000300.png	Энергетика
0000301.png	Юхмачинский, в состав которого вошли:
0000302.png	Рельеф
0000303.png	Так и знай: я уеду в Иваново,
0000304.png	Богословы Франции
0000305.png	Командор ордена Святых Маврикия и Лазаря (Италия, 1903)
0000306.png	Ракитин А. С. «Полехи»
0000307.png	Почётные члены Британского компьютерного общества
0000308.png	часть России
0000309.png	Города из Списка русских городов дальних и ближних
0000310.png	Примечания
0000311.png	Кир Великий;
0000312.png	Центральная городская больница
0000313.png	Елантовский, Карамалинский, Старошешминский сельсоветы Шереметьевского района.
0000314.png	Первые постановки в России:
0000315.png	уменьшение расстояния перигелия от 0,91 а. е. до 0,86 а. е.;
0000316.png	Шигонский район
0000317.png	Фотодиодно-матричный
0000318.png	Планарный фотонный кристалл
0000319.png	Як-6, Як-8
0000320.png	Члены Испанской фаланги
0000321.png	Праздники и памятные дни
0000322.png	Летят, летят года,
0000323.png	Орловская кондитерская фабрика
0000324.png	Создание ядерной боеголовки для Р-7
0000325.png	Цари Коринфа.
0000326.png	На других языках
0000327.png	Внешняя политика
0000328.png	Эмир Тимур (Тамерлан)
0000329.png	Пелит
0000330.png	Русское царство
0000331.png	Колледж при ;
0000332.png	Классификация по характеру настройки синапсов
0000333.png	Биография
0000334.png	Песня группы «Электрические партизаны» «Звезда и Автомат».
0000335.png	Рыночная экономика основана на принципах:
0000336.png	Нидерхаген-Вевельсбург (Германия)
0000337.png	Каннибализм
0000338.png	Национальная кухня
0000339.png	Песня о кино (стихи М. Танича)
0000340.png	Индукционные котлы
0000341.png	Запечатленный ангел (1872)
0000342.png	Шизоидное расстройство личности
0000343.png	См. также
0000344.png	Воробьиное озеро. М., Малыш, 1991
0000345.png	См. также
0000346.png	Водолазный колокол
0000347.png	филиал Современной гуманитарной академии
0000348.png	Строки неограниченной длины.
0000349.png	Литература
0000350.png	периодичностью;
0000351.png	Именины
0000352.png	Сайт района
0000353.png	Примечания
0000354.png	Тремор
0000355.png	Свободное кроссплатформенное программное обеспечение
0000356.png	Существуют три различные гипотезы происхождения князя Федора Ржевского:
0000357.png	Участники шахматных олимпиад
0000358.png	Примечания
0000359.png	Каталог и описание икон России
0000360.png	Разоружение Армии Крайовой
0000361.png	История
0000362.png	Призёры «Кинотавра»
0000363.png	Начала выходить общеинститутская многотиражная газета «Советский студент».
0000364.png	Ле Корбюзье
0000365.png	История
0000366.png	Предполётный карантин
0000367.png	Память
0000368.png	См. также
0000369.png	Зоопарк «Лимпопо»
0000370.png	Логаэд
0000371.png	Майкопский государственный технологический университет
0000372.png	Воинские памятники
0000373.png	Типичные абсансы
0000374.png	Физико-географическая граница
0000375.png	Главное военно-строительное управление «Центр» МО СССР
0000376.png	История
0000377.png	Бангладеш на Олимпийских играх
0000378.png	Хирургический метод
0000379.png	Память о битве
0000380.png	Участники Кавказской войны
0000381.png	Меры площади
0000382.png	Экономика
0000383.png	Религиозные
0000384.png	Международные
0000385.png	Гай Бруттий Презент, древнеримский консул предыдущего года;
0000386.png	В СССР разрешена продажа в кредит товаров «длительного пользования».
0000387.png	Чемпионат мира по футболу: 1970, 1994 (координатор), 1998 (серебро)
0000388.png	Межевка (пр)
0000389.png	Татарский эстрадный ансамбль «Ильхам»
0000390.png	Почётные доктора СПбГУ
0000391.png	Мнения медицинских ассоциаций
0000392.png	История
0000393.png	Саундтрек
0000394.png	Инфанты Испании
0000395.png	«Мир» в ТРЦ «Сити-Центр» (2 зала, 292 места);
0000396.png	Вила-де-Рей
0000397.png	Графские роды России
0000398.png	Тренеры
0000399.png	Литература
0000400.png	Тихоокеанский государственный университет (ТОГУ)
0000401.png	Насекомые и паукообразные: саранча, тарантулы, кузнечики и прочие.
0000402.png	Чинетинский заказник.
0000403.png	Экокапитализм
0000404.png	Литература
0000405.png	здравоохранение
0000406.png	Университет менял свои официальные названия:
0000407.png	Популярная анатомия. Строение и функции человеческого тела
0000408.png	Ссылки
0000409.png	Двоюродные братья и сёстры родителя:
0000410.png	Анархия в РФ (Первая история русского панка).
0000411.png	Ссылки
0000412.png	«Огниво» («Советский писатель», 1961)
0000413.png	Ссылки
0000414.png	Архитектора Леонидова, улица
0000415.png	Артикуляционный аспект:
0000416.png	Сексуальная ориентация
0000417.png	Теракт в 2011 году
0000418.png	Скончались
0000419.png	«Смэш» (2012, сериал, исполнительный продюсер)
0000420.png	Стоимость
0000421.png	Ботаники Германии
0000422.png	Члены Прусской академии наук
0000423.png	История
0000424.png	Награждённые Грамотой СНГ
0000425.png	Национальный парк Папагайо
0000426.png	1) Первая теорема Птолемея
0000427.png	Стрелецкий бунт 1682 года и приход к власти
0000428.png	Запуском первого спутника были установлены несколько рекордов.
0000429.png	Свойства
0000430.png	Ссылки
0000431.png	Исследование гелиосферы
0000432.png	Выпускники лицея Людовика Великого
0000433.png	Гавайский
0000434.png	Химическая промышленность
0000435.png	Персоналии:Военная разведка
0000436.png	государственная итоговая аттестация.
0000437.png	Итого: 3 трофея
0000438.png	Белоомут.рф
0000439.png	Международный пиратский день
0000440.png	Едет, едет Тимошенко на коне,
0000441.png	Маркграфы Лужицкие
0000442.png	Окостенение
0000443.png	Альтернативные места лечения
0000444.png	Национальная хоккейная лига
0000445.png	Хаченское княжество
0000446.png	Христианская частная школа «Ак Бата».
0000447.png	коэффициент направленного действия (КНД)
0000448.png	Дача Петрик. нач. 20 в.
0000449.png	На территории Удмуртии созданы и функционируют:
0000450.png	История Донецкой области
0000451.png	Ссылки
0000452.png	Фауна
0000453.png	3-я кавалерийская дивизия
0000454.png	Короли Венгрии
0000455.png	Улицы
0000456.png	Деятельность до первой русской революции
0000457.png	См. также: :Категория:Родившиеся в 1454 году
0000458.png	Культ
0000459.png	Спортивная улица (деревня Крекшино)
0000460.png	Все общественные здания принято разделять на следующие основные подгруппы:
0000461.png	МКБ-10
0000462.png	Почётные доктора Университета Кэйо
0000463.png	Порошковая рентгеновская дифракция
0000464.png	Герман Галынин, советский композитор (ум. в 1966)
0000465.png	Литература
0000466.png	День поминовения апостола Иакова.
0000467.png	Типы мегалитов
0000468.png	ООО «ПроектСервис« Производственное предприятие жестяных банок.
0000469.png	Лаша Талахадзе, грузинский тяжелоатлет, двукратный олимпийский чемпион.
0000470.png	Галерея денежных знаков на сайте Национального банка Республики Казахстан
0000471.png	значение отношения,
0000472.png	Библиография
0000473.png	Память
0000474.png	События
0000475.png	Окский,
0000476.png	Гватемала
0000477.png	Писатели-фантасты России
0000478.png	События
0000479.png	История
0000480.png	Количество былин
0000481.png	Саранский приборостроительный завод;
0000482.png	Обладатель (2): 2005, 2006
0000483.png	Тромбоциты выполняют две основных функции:
0000484.png	Кладбища
0000485.png	Публикации документов
0000486.png	Андрей Якубик
0000487.png	Личная страница на сайте НИУ ВШЭ
0000488.png	Конкуренция
0000489.png	в исполнении Надежды Чепраги
0000490.png	«Язык и мысль» (1994)
0000491.png	Ссылки
0000492.png	Череда опал и милостей
0000493.png	Литература
0000494.png	Групповое подкрепление
0000495.png	Примечания
0000496.png	Наброски: «Загадка», «Усмешка», «Сумерки», «На деревенском кладбище», «Танец»
0000497.png	Примечания
0000498.png	Документы Государственного комитета обороны
0000499.png	Ссылки
0000500.png	Население Земли
0000501.png	Конфликт с хакерами
0000502.png	Этруски потеряли Капую.
0000503.png	Прусский Орден Черного Орла (1857);
0000504.png	Постниковская ЦОФ (город Шахтёрск)
0000505.png	Топонимы
0000506.png	Память
0000507.png	Культивирование
0000508.png	Новые созвездия
0000509.png	Можно начинать сбор ягод черёмухи.
0000510.png	Тренер вратарей:  Жозеп Паскуаль
0000511.png	Авиньонское пленение пап
0000512.png	на немецком языке
0000513.png	Центры регионов Франции
0000514.png	Международные
0000515.png	Улица в Сызрани
0000516.png	Мадьяры (цыгане)
0000517.png	См. также
0000518.png	Энергетика
0000519.png	конфликт между Россией и Украиной в отношении цен на газ.
0000520.png	Примечания
0000521.png	Сборники песен
0000522.png	Фильмография
0000523.png	Реакция со стороны брит-попа
0000524.png	Сервер органов власти Курской области
0000525.png	Газета «Призыв» (выходит 2 раза в неделю)
0000526.png	Применение селена в медицине
0000527.png	Науки любишь красоту
0000528.png	Иван Мозер
0000529.png	Кокчетавский сельскохозяйственный институт
0000530.png	Обводное шоссе
0000531.png	4: Синий
0000532.png	Пасторы по алфавиту
0000533.png	Биография и библиография
0000534.png	Фото могилы
0000535.png	История обнаружения
0000536.png	Кенафоуборочный комбайн
0000537.png	Топоним
0000538.png	Этимология
0000539.png	1 марта
0000540.png	азербайджанцы,
0000541.png	Творчество
0000542.png	См. также
0000543.png	См. также: :Категория:Умершие в 1118 году
0000544.png	Родились
0000545.png	Примечания
0000546.png	Умершие от эмфиземы
0000547.png	Изобретения, открытия
0000548.png	Историки по алфавиту
0000549.png	Примечания
0000550.png	Герои Советского Союза Ростовской области
0000551.png	Другие достижения
0000552.png	Эсфирь («Эсфирь» Расина, 1819),
0000553.png	Примечания
0000554.png	Оксид магния получают обжигом минералов магнезита и доломита, а также брусита.
0000555.png	Культовые сооружения Ниццы
0000556.png	См. также
0000557.png	Фобии и объекты страха
0000558.png	Оптические телескопы
0000559.png	Ссылки
0000560.png	Главный конструктор реакторной установки: НИКИЭТ, академик Доллежаль Н. А.
0000561.png	Судебная власть
0000562.png	География
0000563.png	Бои в Ереване
0000564.png	делится на  (теорема Вильсона)
0000565.png	Отдых
0000566.png	Костромская областная стоматологическая поликлиника;
0000567.png	8 миллиметров
0000568.png	БН-600 и БН-800
0000569.png	Русско-казахский переводчик текстов
0000570.png	Электрофон (1925)
0000571.png	См. также
0000572.png	Залыгин С. О ненаписанных рассказах, в кн. того же назв., Новосиб., 1961.
0000573.png	Сигналы фонарём
0000574.png	Эра Э. Штойбера
0000575.png	Биография
0000576.png	кривые;
0000577.png	Сюжет
0000578.png	Связь с другими науками
0000579.png	Маслена, маслена белая нога, а хто не оженится, чирия губа.
0000580.png	Литература
0000581.png	Центр исследований
0000582.png	Типы гидротехнических сооружений
0000583.png	Лечение
0000584.png	Ангола
0000585.png	Комментарии
0000586.png	Лиссабонский инцидент
0000587.png	Количество и численность доменов 1-го уровня
0000588.png	Вурден
0000589.png	Популизм
0000590.png	Информация о городе
0000591.png	Взгляды и творчество
0000592.png	График чётной функции симметричен относительно оси ординат.
0000593.png	Хобби
0000594.png	Командор ордена Культурных заслуг (Монако)
0000595.png	Вдохновенный из Рума. Поэма о скрытом смысле. М., 1986
0000596.png	город Мурманск (с 1 января 2021 года город-герой Мурманск);
0000597.png	Спортивные комплексы
0000598.png	Луций Анней Флор. «Две книги римских войн».
0000599.png	три ордена Ленина (15.08.1942, 20.04.1945, 30.12.1956)
0000600.png	Литература
0000601.png	Хобби
0000602.png	Рейхспфенниги
0000603.png	Кельтские народы
0000604.png	См. также: :Категория:Родившиеся в 1664 году
0000605.png	Абхидхамма-питака
0000606.png	Сарапул, Россия
0000607.png	С серой:
0000608.png	Ссылки
0000609.png	История
0000610.png	Стандартные тождества
0000611.png	Относительность одновременности
0000612.png	Соответствующая признаку функция:
0000613.png	Медленная мода
0000614.png	Транснептуновые объекты
0000615.png	Кария-хан ()
0000616.png	Ссылки
0000617.png	Роль чумаков
0000618.png	Научный центр РАН в Черноголовке
0000619.png	Проблема идентичности Фирдоуси в СССР
0000620.png	Наибольшее количество игр на ЧМ: Лионель Месси, 26
0000621.png	Труды
0000622.png	Репрессированные по делу «Литературной группы»
0000623.png	Базовые понятия
0000624.png	Примечания
0000625.png	Радлов, Эрнест Леопольдович
0000626.png	Теория демографического перехода
0000627.png	Козлов, Олег Анатольевич (03.10.1994, 088)
0000628.png	Один из 7-ми сыновей Иосафата, царя израильского ()
0000629.png	Литература
0000630.png	См. также
0000631.png	название на .
0000632.png	Ложа Овидий
0000633.png	Почётные крымчане
0000634.png	См. также
0000635.png	Органы власти
0000636.png	Банскобистрицкий край,
0000637.png	Хане-Дарья
0000638.png	См. также
0000639.png	Заведующие отделами ЦК КПСС
0000640.png	Гарвардская архитектура
0000641.png	Дмитриева, Оксана Генриховна
0000642.png	Камфоры монобромат
0000643.png	Семья
0000644.png	Члены Союза кинематографистов СССР
0000645.png	Харьков, Украина (2011)
0000646.png	Библиография
0000647.png	Генерал-майор инженерно-технической службы (31.05.1954)
0000648.png	Память
0000649.png	Центр культуры БМР
0000650.png	Скончались
0000651.png	Владимирский заочный сельскохозяйственный техникум
0000652.png	Транспорт
0000653.png	Многие проблемы, касающиеся простых чисел, остаются открытыми.
0000654.png	Евреинова, Анна Михайловна
0000655.png	Вежливые формы
0000656.png	Литва
0000657.png	Список киноархивов
0000658.png	Рельеф
0000659.png	События
0000660.png	Последующие модификации
0000661.png	Таким образом, гликолиз включает в себя химические перестройки следующего типа:
0000662.png	Ледники Танзании
0000663.png	Среднее содержание тантала (по массе):
0000664.png	Литература
0000665.png	Конструкция и принцип действия
0000666.png	Наследие Нострадамуса
0000667.png	Примечания
0000668.png	Примечания
0000669.png	Съезд социал-демократов интернационалистов всех течений
0000670.png	Культура
0000671.png	Члены КПСС
0000672.png	«Пейзаж с красным домом», 1918, ГРМ;
0000673.png	Два ордена Ленина (1974, 1976)
0000674.png	Официальный сайт Агинского Бурятского автономного округа
0000675.png	Астеризмы
0000676.png	См. также
0000677.png	Текстовые редакторы
0000678.png	Железнодорожный транспорт соединяет Новый Уренгой с городами:
0000679.png	Скончались
0000680.png	Боги по алфавиту
0000681.png	Примечания
0000682.png	Поправки 2020 года
0000683.png	«Бог Господь и явися нам,..» со своими стихами
0000684.png	ФК «Кристалл»
0000685.png	См. также: :Категория:Умершие в 1053 году
0000686.png	топливные карты
0000687.png	Ранний период творчества
0000688.png	Примечания
0000689.png	Щербаков
0000690.png	История греческого алфавита
0000691.png	Память
0000692.png	Универсальный гомеоморфизм
0000693.png	Апостол Павел очень трепетно относится к пророческому дару:
0000694.png	«Лиловый шар» (следующий фильм П. Арсенова о приключениях Алисы)
0000695.png	Эксперименты над людьми
0000696.png	Поэтика и эстетика
0000697.png	Стела «Город воинской славы» (открыта 12 июня 2011 года)
0000698.png	География
0000699.png	Профессиональный спортивный клуб «Вершина».
0000700.png	Столетняя война: освобождение Парижа французскими войсками.
0000701.png	Сокольвяк, Наталья Леонидовна (ректор консерватории, с 2018).
0000702.png	См. также
0000703.png	Награды и звания
0000704.png	Анатомия животных
0000705.png	Литература
0000706.png	Синай, Яков Григорьевич
0000707.png	Русскоязычные издания
0000708.png	РАФ в культуре
0000709.png	См. также: :Категория:События 8 сентября
0000710.png	Лорд-Канцлер
0000711.png	Реакции нуклеофильного замещения алкинидов
0000712.png	Применение
0000713.png	Герб и флаг Мариинско-Посадского района
0000714.png	Субстратные влияния дороманского периода
0000715.png	Высшие учебные заведения
0000716.png	Похороненные в Исландии
0000717.png	Противники
0000718.png	Солёность по географическим объектам
0000719.png	События
0000720.png	Примечания
0000721.png	Реализация в языках программирования
0000722.png	Награды
0000723.png	Примечания
0000724.png	Формирование фракции и её состав
0000725.png	Архитектура фон Неймана
0000726.png	Население
0000727.png	Появилась функция перевода компьютера в спящий режим;
0000728.png	Государственными языками республик России, согласно их Конституциям, являются:
0000729.png	Телеведущие канала «Россия-Культура»
0000730.png	Показания
0000731.png	Картер, Концерт для гобоя с оркестром
0000732.png	156 км: Нюрса (Большая Нюрса)
0000733.png	память священномучеников Феликса и Киприана (482);
0000734.png	Хранение коллекции
0000735.png	Архиепископы Русской православной церкви
0000736.png	Космический мусор
0000737.png	Аксиоматическое определение
0000738.png	Графы Ростовцевы (РИ)
0000739.png	Прекращение огня
0000740.png	Биография
0000741.png	Мосты через Пскову
0000742.png	Хмыров, Всеволод Леонидович (28.01.1998, 437)
0000743.png	Альмайда ()
0000744.png	Преподаватели Гёттингенского университета
0000745.png	Консонанс и диссонанс
0000746.png	Образование
0000747.png	13 июня
0000748.png	Здание кренгольмской Георгиевской фабрики (1899)
0000749.png	Гравёры Нидерландов
0000750.png	Станции Санкт-Петербургского отделения Октябрьской железной дороги
0000751.png	Всемирное наследие в Израиле
0000752.png	Христианские авторы о мытарствах
0000753.png	Опубликовано при жизни:
0000754.png	Репрессии против семьи Тухачевского
0000755.png	Словообразование
0000756.png	Владимир Тирон (солист театра,мультиинструменталист)
0000757.png	Без точных дат
0000758.png	Литература
0000759.png	История
0000760.png	Долгота
0000761.png	Андижанский шёлковый завод (размотка коконов),
0000762.png	Левиафан
0000763.png	Матиас Альмейда, аргентинский футболист и тренер.
0000764.png	Примечания
0000765.png	Начало праздника «Надом»;
0000766.png	Канонизация
0000767.png	Александр
0000768.png	Усов В. Н. Евнухи в Китае. М., 2000.
0000769.png	Расцвет использования динамитов
0000770.png	Биография
0000771.png	Кутушский, Старокадеевский, Ульяновский сельсоветы Октябрьского района.
0000772.png	Контртеррористическая операция
0000773.png	Сценарий
0000774.png	236 км: река Мансев (лев.)
0000775.png	Административное деление Гайаны
0000776.png	Шляхетские роды герба Пржестржал
0000777.png	Покушение
0000778.png	Население
0000779.png	Активированный уголь
0000780.png	Польские командиры Наполеоновских и Революционных войн
0000781.png	См. также: :Категория:Родившиеся в 1170 году
0000782.png	Недостатки электромопеда по сравнению с бензиновым:
0000783.png	Этимология имени
0000784.png	См. также
0000785.png	История именования
0000786.png	олангский говор
0000787.png	553 км: Большой Пучкас (пр)
0000788.png	Клаудия Ким, южно-корейская актриса и фотомодель.
0000789.png	Московский академический театр имени Вл. Маяковского
0000790.png	полимерпесчаные;
0000791.png	История административно-территориального деления республики
0000792.png	Контакты ВУЗов
0000793.png	27 марта мэр Мариуполя сообщил, что в городе погибло более 5000 человек.
0000794.png	Литература
0000795.png	летним таянием снега и ледников в горах;
0000796.png	Виды метонимии
0000797.png	Преобразователи электрической энергии
0000798.png	Фильмы по степени документальности видеоматериала
0000799.png	Акарнан
0000800.png	Типы игры
0000801.png	остров Святой Елены (Южная Каролина, США)
0000802.png	Республика Хатай и современная Турция
0000803.png	Мореплаватели СССР
0000804.png	Преподаватели Высшей нормальной школы (Париж)
0000805.png	Красненькая
0000806.png	Примечания
0000807.png	оркестровых народных инструментов
0000808.png	Персоналии:Тобольск
0000809.png	2 февраля
0000810.png	«Фортеанство»: общие положения
0000811.png	Языковая личность
0000812.png	добыча и обогащение руд чёрных металлов (железная, хромовая и марганцевая руды);
0000813.png	Участие в съездах
0000814.png	Южно-Якутский (угольная промышленность Якутской АССР),
0000815.png	Был председателем Федерации шахмат Индии.
0000816.png	Фрагменты фильмов «Кино-Глаз» и «Кино-Правда»
0000817.png	История
0000818.png	Определение
0000819.png	Синтаксис
0000820.png	Классный художник 1-й степени (1861)
0000821.png	Азиатистика
0000822.png	Примечания
0000823.png	Национальные
0000824.png	Переводчики прозы и драматургии на испанский язык
0000825.png	Белоруссия
0000826.png	Иностранные:
0000827.png	Плечо
0000828.png	Выпускники Донецкого национального университета
0000829.png	Индуктивная логика.
0000830.png	Бронзовые призёры летних Олимпийских игр 1988 года
0000831.png	Административное устройство
0000832.png	Социально-реабилитационный центр для несовершеннолетних «Светлячок»
0000833.png	События
0000834.png	Клавдии Пульхры
0000835.png	Телевидение
0000836.png	Дэвид Кроненберг (1999),
0000837.png	Литературная деятельность
0000838.png	Населённые пункты Макеевского городского совета Донецкой области
0000839.png	Односторонний неконституционный выход из Унии
0000840.png	Ссылки
0000841.png	Примечания
0000842.png	Православные монастыри Волынской области
0000843.png	«Вильняус вингис» (электротехника),
0000844.png	Медвежьегорск (Карелия), Россия
0000845.png	Мустафа Джемилев. Крымские татары в Москве. 1987 год.
0000846.png	Музей-аптека
0000847.png	Орден Золотого льва Нассау (Люксембург, 2008 год).
0000848.png	Союз Т-2.
0000849.png	Питание
0000850.png	Ссылки
0000851.png	Большой Крестовский
0000852.png	Примечания
0000853.png	Кинотеатры
0000854.png	Примечания
0000855.png	Земельные ресурсы
0000856.png	Подход Егорова
0000857.png	Экономика
0000858.png	Мангышлакский
0000859.png	Ханчейское газоконденсатное месторождение
0000860.png	Основные причины
0000861.png	Награды
0000862.png	Критика
0000863.png	См. также
0000864.png	Почётные доктора Ягеллонского университета
0000865.png	Населённые пункты Ленкоранского района
0000866.png	Муниципальные районы, упразднённые в 2019 году
0000867.png	В честь Зальберга названы:
0000868.png	В культуре
0000869.png	Местное самоуправление
0000870.png	Справедливая Россия
0000871.png	Биография Аркадия Пластова
0000872.png	История языка
0000873.png	См. также
0000874.png	Пифагор
0000875.png	Метрополитен
0000876.png	Посмертные дети
0000877.png	Попечители Одесского учебного округа
0000878.png	Перечень ЖНВЛП
0000879.png	«Позитроника».
0000880.png	Примечания
0000881.png	Второе рождение
0000882.png	Правительство Невады
0000883.png	Болгария
0000884.png	Штат Делавэр (Соединённые Штаты Америки)
0000885.png	Аэропорт
0000886.png	Епископ в Новозаветное время
0000887.png	Космический лифт
0000888.png	Символика и облачение
0000889.png	Абхазия
0000890.png	Изборская крепость
0000891.png	Сочинения
0000892.png	Легенды Турова: растущие кресты на кладбище
0000893.png	Бывшие:
0000894.png	«Иосиф     Бродский: северный край», 2017
0000895.png	Кардиналы-протодьяконы
0000896.png	Новый Уренгой глазами жителя
0000897.png	Три ордена Ленина (11.10.1980, 22.05.1981, 27.08.1982);
0000898.png	также
0000899.png	Память
0000900.png	Туризм
0000901.png	Бластула;
0000902.png	История
0000903.png	(подъезд к дер. Варкалово)
0000904.png	Кеннет Брана
0000905.png	См. также
0000906.png	Родились
0000907.png	Биография на сайте энциклопедии «Кругосвет»
0000908.png	Хоккей на траве (2)
0000909.png	Достопримечательности, социальная сфера
0000910.png	Связь с редактированием РНК
0000911.png	например, для  :  ,  ,  ,  ,  ,  .
0000912.png	Метроэнциклопедия Роберта Швандля.
0000913.png	Телеграмма
0000914.png	Академические музыканты Чехии
0000915.png	Примечания
0000916.png	Примечания
0000917.png	Нравы
0000918.png	Церковь «Вифания» (Российская церковь христиан веры евангельской)
0000919.png	Всего награждён 30 иностранными государственными наградами.
0000920.png	См. также: :Категория:Умершие в 1324 году
0000921.png	Президенты и генеральные директора клуба
0000922.png	Министерство федерального планирования и государственных инвестиций Аргентины
0000923.png	Интерпретация знаков
0000924.png	Военная служба
0000925.png	Полиакрилаты
0000926.png	Труды Н. Я. Марра на сайте Тверской епархии
0000927.png	Министры образования Испании
0000928.png	Арктический мост
0000929.png	Литература
0000930.png	Памятник десантникам в парке Победы..
0000931.png	Византия и Первое Болгарское царство подписали мирный договор.
0000932.png	первое послевоенное испытание атомной бомбы на атолле Бикини.
0000933.png	Почётные доктора Чикагского университета
0000934.png	Майор (7 сентября 1978).
0000935.png	Выставка работ Александра Нея в ГЦСИ
0000936.png	либурна
0000937.png	История клуба
0000938.png	Бахазм
0000939.png	Награды
0000940.png	И полной славой тверди звездной
0000941.png	Административно-территориальное деление
0000942.png	Проблемы
0000943.png	Политическая карьера
0000944.png	См. также: :Категория:Умершие в 1930 году
0000945.png	Примечания
0000946.png	Естествоиспытатель
0000947.png	2-й разряд;
0000948.png	См. также
0000949.png	(Официальная информация, список населённых пунктов)
0000950.png	Синхронный гермафродитизм
0000951.png	Официальный сайт Агрызского района РТ
0000952.png	Свободное место на НЖМД: от 120 Мб до 295 Мб
0000953.png	«Тотемское барокко»
0000954.png	Профессиональные
0000955.png	В Польше зарегистрирован независимый профсоюз «Солидарность».
0000956.png	Количество проблем Гильберта.
0000957.png	См. также: :Категория:Родившиеся в 1090 году
0000958.png	Оперы
0000959.png	Первое столетие раздробленности
0000960.png	Экспорт из России
0000961.png	Храмы
0000962.png	Персонажи Цама
0000963.png	Дворянство Польши
0000964.png	Антананариву (), Мадагаскар
0000965.png	Орден Меджидие 1-го класса (Турция)
0000966.png	Театр Риволи
0000967.png	Примечания
0000968.png	Новая мечеть (Мечеть Йени Джами)
0000969.png	Биография на официальной странице Пушкинского дома.
0000970.png	Комментарии
0000971.png	Биография
0000972.png	Члены Национального зала славы изобретателей
0000973.png	Кандован
0000974.png	Ирландия
0000975.png	Умный дом
0000976.png	Генерал-губернаторы виленские (литовские)
0000977.png	В культуре
0000978.png	Литература
0000979.png	Т. П. Григорьева, «Японская художественная традиция»:
0000980.png	Заслуженные работники жилищно-коммунального хозяйства Российской Федерации
0000981.png	Является базой для текущего законодательства;
0000982.png	Литература
0000983.png	Литература
0000984.png	Общая характеристика
0000985.png	Российское государство в период перехода к абсолютизму
0000986.png	Литература
0000987.png	Олимпийские чемпионы от СССР
0000988.png	5 августа
0000989.png	Деятельность в области естественных и технических наук
0000990.png	29 декабря
0000991.png	Комментарии
0000992.png	«Выдержки из записок моего деда»
0000993.png	Лира да браччо
0000994.png	Творчество
0000995.png	Фильмы, спродюсированные Альфредом Хичкоком
0000996.png	Первенец Самары
0000997.png	Экономика
0000998.png	Темза и транспорт
0000999.png	Перспективы подъёма лодки
0001000.png	Обер-президенты Рейнской провинции
0001001.png	Чемпионат Италии (Серия А)
0001002.png	Неоплатоники
0001003.png	Неправославные храмы Санкт-Петербурга
0001004.png	Вольный пересказ В. П. Стародумова по мотивам бурятского фольклора.
0001005.png	В Кведлинбурге в 1834 году родился поэт и прозаик Юлиус Вольф.
0001006.png	Август
0001007.png	См. также
0001008.png	Лабиринты и их изображения
0001009.png	Дигидрофосфат и дидейтерофосфат калия в виде монокристаллов в лазерной технике.
0001010.png	На других языках
0001011.png	Антидот топотекана неизвестен.
0001012.png	Создан робот Ай-Да который сам рисует свои картины на холсте.
0001013.png	Официальный сайт компании
0001014.png	Современный период
0001015.png	и две повести (1827 и 1837).
0001016.png	Этимология и семантика названия
0001017.png	Кортунка (лв)
0001018.png	станция натуралистов и станция юных техников
0001019.png	Члены Саксонской академии наук
0001020.png	Берта
0001021.png	память мучеников Харитона и Стратора (Стратоника);
0001022.png	Стрельбищенский переулок
0001023.png	Население
0001024.png	Лингвисты России
0001025.png	Центр прикладного анализа отраслевых рынков
0001026.png	Военные базы;
0001027.png	Библейский канон
0001028.png	Внутренняя энергия в равновесной термодинамике
0001029.png	Овсень
0001030.png	Примечания
0001031.png	Члены Консервативной партии Великобритании
0001032.png	Крепости Ленинградской области
0001033.png	Система Координат 1995 (гибридная)
0001034.png	Логарифмы
0001035.png	Римская республика
0001036.png	бипланы
0001037.png	Китай
0001038.png	Похороненные на Ваганьковском кладбище
0001039.png	Основные представители системы высшего образования:
0001040.png	Синхронизация с внешними условиями
0001041.png	Высота: 3,8 м
0001042.png	Районные центры Камчатского края
0001043.png	Примечания
0001044.png	Министерство народного просвещения
0001045.png	Препарат был запатентован в США в 1973 году.
0001046.png	События
0001047.png	Белорусская ССР
0001048.png	Китайская армия генерала Лу Ханя вошла в Ханой.
0001049.png	Набросок доказательства
0001050.png	Крайний Север
0001051.png	Приволжский межрегиональный координационный совет (Нижний Новгород).
0001052.png	Раздел физики, в котором изучается свет, носит название оптика.
0001053.png	доходы, полученные от акционерных обществ или других организаций:
0001054.png	Окончательное завоевание Йемена сасанидским Ираном.
0001055.png	Научно-исследовательский институт химии
0001056.png	Рабство и иммиграция
0001057.png	Массовое убийство поляками евреев в белорусском местечке Едвабне (ныне Польша).
0001058.png	Вепсское имя
0001059.png	Средневековая баня
0001060.png	Слава Полунин (интервью «ОМ» Олега Меньшикова 29.10.2018)
0001061.png	Израиль и Палестина
0001062.png	См. также
0001063.png	Профессиональная подготовка и военное образование.
0001064.png	Общая карта
0001065.png	Примечания
0001066.png	Экономика
0001067.png	«Старые времена на Миссисипи» (1875)
0001068.png	1981 СК Риссерзе
0001069.png	Февраль
0001070.png	Федеральный закон «О мировых судьях в Российской Федерации».
0001071.png	В 1914 году издано трехтомное собрание сочинений Кремоны:
0001072.png	Первый полёт многоцелевого истребителя Су-35БМ.
0001073.png	Катин
0001074.png	Литературоведы Чехии
0001075.png	Внутрисхемный эмулятор:
0001076.png	Ульяновская область,
0001077.png	Российская Федерация
0001078.png	Владимир Шаинский является автором «Гимна КВН».
0001079.png	Литература
0001080.png	Спецификация
0001081.png	Институт ядерной энергетики и технической физики (ИЯЭиТФ)
0001082.png	Мемуаристы Российской империи
0001083.png	Примечания
0001084.png	Защита электрической сети
0001085.png	Казанский научный центр РАН
0001086.png	В тексте реализуется замысел говорящего, основная мысль;
0001087.png	На сентябрь 2018 года в семейство включают 3 подсемейства и 56 родов:
0001088.png	Государства и территории, основанные в 1971 году
0001089.png	Острый диссеминированный энцефалит
0001090.png	Числа Каталана можно выразить через биномиальные коэффициенты:
0001091.png	Участники сражения при Париже
0001092.png	Налоговый период
0001093.png	Географическое положение
0001094.png	Нижненемецкий кластер
0001095.png	Город Боровичи является городом-побратимом следующих городов:
0001096.png	Исполнительный продюсер: Владимир Бортко, Георгий Мауткин
0001097.png	Союз с красными против Врангеля
0001098.png	Международные
0001099.png	Лейтенант (2.02.1957).
0001100.png	Пресса
0001101.png	Ссылки
0001102.png	Часы (церковная служба)
0001103.png	Марксистская политическая экономия
0001104.png	Примечания
0001105.png	Кинорегистрация видео
0001106.png	См. также
0001107.png	Демографическая теория
0001108.png	Трансперсональная психология
0001109.png	Станислав Микульский (р. 1929), польский актёр театра и кино.
0001110.png	Музей института геологии алмаза и благородных металлов СО РАН
0001111.png	Ренклод
0001112.png	Артисты балета Мариинского театра
0001113.png	Том 2. Драмы, проза
0001114.png	Лауреаты премии «Аэлита»
0001115.png	Личные местоимения:
0001116.png	Киновоплощения
0001117.png	Биография
0001118.png	Правление
0001119.png	Члены Гёттингенской академии наук
0001120.png	География
0001121.png	Кейт Флэннери, американская актриса, стенд-ап комедиантка и телеведущая.
0001122.png	Троллейкар
0001123.png	Инженеры Российской империи
0001124.png	объём камер сгорания в двигателях внутреннего сгорания
0001125.png	Номенклатура мезонов
0001126.png	Ивангородский филиал ГУАП
0001127.png	Скончался 4 сентября 2022 года.
0001128.png	Получение
0001129.png	Художники-маринисты Франции
0001130.png	Порядок встреч:
0001131.png	Скончались
0001132.png	Семья
0001133.png	Лабораторная посуда
0001134.png	Ссылки
0001135.png	Коромо-хан ()
0001136.png	Институт биологических проблем севера (ИБПС) ДВО РАН
0001137.png	Устаревшие научные теории
0001138.png	Города на Амуре
0001139.png	Роли в театре
0001140.png	141230 (мкр. Звягино, мкр. Клязьма);
0001141.png	По форме клинка:
0001142.png	Преображение Господне.
0001143.png	Яд и ядовитый аппарат
0001144.png	Литература и нотные издания
0001145.png	Кеш, Кэш:
0001146.png	См. также
0001147.png	Золотое правило нравственности («этика взаимности»);
0001148.png	Похороненные в Киево-Печерской лавре
0001149.png	Биография
0001150.png	Окончание гражданской войны в Алжире.
0001151.png	Значения, не имеющие отношения к спорту
0001152.png	Борис Петрович был дважды женат и имел детей:
0001153.png	Литература
0001154.png	Метрологические организации
0001155.png	Агробизнес
0001156.png	Письмо сорока двух
0001157.png	Чертановская улица
0001158.png	Климашкина, улица
0001159.png	Американская хоккейная лига
0001160.png	Логопед, Фонолог
0001161.png	Авторы-исполнители России
0001162.png	Скелет
0001163.png	Похороненные на Новодевичьем кладбище
0001164.png	Электробусы
0001165.png	Вальсроде, Германия (2003)
0001166.png	14 июля
0001167.png	Пилоты-инструкторы
0001168.png	Площадь ортотреугольника равна:
0001169.png	В художественной литературе
0001170.png	Франконские вина
0001171.png	В Африке
0001172.png	Щорс Николай Александрович.
0001173.png	Области применения и способы использования
0001174.png	Минусы
0001175.png	Центральный стадион в Лужниках. Дата постройки: 1956 г.
0001176.png	Примечания
0001177.png	Литература и музыка
0001178.png	Примечания
0001179.png	Выпускники МГУ 1941 года
0001180.png	«Белый Петербург», (СПб., Петраэдр, 2014)
0001181.png	Биография
0001182.png	Скончались
0001183.png	Примечания
0001184.png	Хар-Сорт-Ай-Хетта
0001185.png	Другие
0001186.png	Ссылки
0001187.png	Джорджиньо Вейналдум, нидерландский футболист.
0001188.png	380 км: река без названия, у с. Алексеевки (лв)
0001189.png	Парад, посвящённый Дню города.
0001190.png	Обелиск погибшим в годы Великой Отечественной войны в селе Тряпино (1967).
0001191.png	История
0001192.png	Сопрано
0001193.png	От истока к устью:
0001194.png	Адреса в Москве
0001195.png	Сражения по алфавиту
0001196.png	Современная художественная проза
0001197.png	Литература
0001198.png	Примечания
0001199.png	На немецком языке:
0001200.png	Телеведущие НТВ
0001201.png	Отвергнутые или недостоверные гипотезы
0001202.png	Экология
0001203.png	Вооружение самолёта МиГ-3
0001204.png	Тезка города
0001205.png	Художественный стиль
0001206.png	Проекты оформления интерьера собора. Кленце и Монферран
0001207.png	«Краснодар»
0001208.png	Летом чуский князь напал на Сун, чтобы помочь Сяо, но потерпел неудачу.
0001209.png	лёгкая промышленность (кожевенно-обувная, пушно-меховая и др.)
0001210.png	Города Казахстана
0001211.png	Восстановление наград Русской армии
0001212.png	Два колеса спереди, одно сзади; грузовая платформа находится перед водителем.
0001213.png	Религиозные деятели России
0001214.png	Особняк князей Мещерских
0001215.png	Литература
0001216.png	Притоки Оби
0001217.png	Неприкосновенность сенаторов
0001218.png	Ссылки
0001219.png	Сотрудники МИАН
0001220.png	Рецензии
0001221.png	Судоходство
0001222.png	Расчёты
0001223.png	Примечания
0001224.png	Литература
0001225.png	Применение в эхолокации
0001226.png	Спорт
0001227.png	ВИЧ-инфекция
0001228.png	Депутаты Верховного Совета СССР 10-го созыва
0001229.png	кровь
0001230.png	атенолол
0001231.png	Административное деление
0001232.png	Дистимия
0001233.png	Примечания
0001234.png	День свободы
0001235.png	Генуэзские ворота
0001236.png	«ПЬЯНЫЙ КОРАБЛЬ»
0001237.png	Менеджмента
0001238.png	Был православным христианином.
0001239.png	Классификация
0001240.png	Этимология
0001241.png	История
0001242.png	Международный фестиваль воздухоплавания «Воздушное Братство»
0001243.png	Наёмное рабство
0001244.png	24 февраля новгородцы пошли на штурм крепости Орешек.
0001245.png	Ссылки
0001246.png	Примечания
0001247.png	Коэффициент ёмкости
0001248.png	В районе четыре творческих народных коллектива:
0001249.png	Теории обмена
0001250.png	Замковая площадь
0001251.png	Примечания
0001252.png	21 июня
0001253.png	Стратонович, Руслан Леонтьевич
0001254.png	компоненты обеспечения САПР, не вошедшие в ПМК и ПТК
0001255.png	Основные события
0001256.png	Биография
0001257.png	Шипенко, Клим Алексеевич ()
0001258.png	Орден Святой Анны 2-й степени (13 января 1883 года);
0001259.png	Начало шахматной карьеры, получение звания гроссмейстера
0001260.png	Майкл Джексон впервые выступил в Москве.
0001261.png	ультик.
0001262.png	Художественные и документальные фильмы о Ванге
0001263.png	Чемпионы мира по хоккею с шайбой
0001264.png	Монастырь Святого Симона.
0001265.png	Родились
0001266.png	Литература
0001267.png	Член Российского союза композиторов.
0001268.png	Ссылки
0001269.png	Испускают вой, свисты и крыльями бьют,
0001270.png	Красноярский государственный театр юного зрителя
0001271.png	Разгром англичанами испанского флота в гавани Кадиса.
0001272.png	Скульптура
0001273.png	Фармакология
0001274.png	для любых  и .
0001275.png	Биография
0001276.png	Альтернативные методы вычисления
0001277.png	Фамилия
0001278.png	Родившиеся в 1657 году
0001279.png	Обладатель Суперкубка Испании: 1984
0001280.png	Официальный статус
0001281.png	Медаль «В память 1500-летия Киева»
0001282.png	Примечания
0001283.png	Примечания
0001284.png	Пилоты Формулы-1 2000-х годов
0001285.png	Ссылки
0001286.png	Прочие достопримечательности
0001287.png	Кладистика
0001288.png	Профилирование (криминалистика)
0001289.png	Политические партии, основанные в 1993 году
0001290.png	31 мая
0001291.png	Памятник «Компьютерной клавиатуре».
0001292.png	См. также: :Категория:Умершие в 1682 году.
0001293.png	Национальная и конфессиональная политика
0001294.png	Сельское хозяйство
0001295.png	Распределённые вычисления ().
0001296.png	Добромирово Евангелие
0001297.png	Воскресшие персонажи
0001298.png	См. также
0001299.png	Помимо этого в Туле располагаются следующие парки:
0001300.png	не признают видимых икон и креста;
0001301.png	Клиторологий
0001302.png	Преподаватели Тбилисского государственного университета
0001303.png	Применение
0001304.png	Стратегические судебные иски, направленные против участия общественности
0001305.png	Синклер Льюис, «У нас это невозможно» (1935).
0001306.png	Персоналии:Холокост во Франции
0001307.png	Я со шкапа достаю,
0001308.png	Спектакли
0001309.png	Медики России
0001310.png	Примечания
0001311.png	История
0001312.png	Кудесник Золотого мяча: Мишель Платини
0001313.png	Суворов.
0001314.png	Литература
0001315.png	Награды
0001316.png	См. также
0001317.png	С. Курёхин «Давкот»
0001318.png	Теноры
0001319.png	Важнейшие события
0001320.png	Члены Совета Федерации России (с 2000)
0001321.png	Автомобильный транспорт
0001322.png	Герцогства Ангальт-Бернбург, Ангальт-Дессау, Ангальт-Кётен
0001323.png	Музей Мадам Тюссо
0001324.png	Избранная библиография
0001325.png	Личная жизнь
0001326.png	Происхождение
0001327.png	Клопы
0001328.png	Классический путь
0001329.png	Особенности «Римской истории». Исторический метод
0001330.png	История
0001331.png	Харель Скаат, израильский певец, автор песен.
0001332.png	работодатель,
0001333.png	Германские племена
0001334.png	Трёхгранный угол
0001335.png	Выпускники МГТУ
0001336.png	Спорт
0001337.png	Логика (). Издание: 1587.
0001338.png	Историография
0001339.png	Физико-химические свойства
0001340.png	Ссылки
0001341.png	Количество голов, забитых во всех матчах спорящих команд в групповом этапе.
0001342.png	Цитаты
0001343.png	Областная научная библиотека
0001344.png	Он работал последовательно в редакциях следующих периодических изданий:
0001345.png	Топоним
0001346.png	Адонис
0001347.png	Министерство труда и социального развития
0001348.png	Различия версий
0001349.png	Иудаизм
0001350.png	Прямоугольный треугольник
0001351.png	Морфологи
0001352.png	Синглы
0001353.png	Венская классическая школа
0001354.png	Иудаизм
0001355.png	В культуре
0001356.png	В литературе
0001357.png	Курманбек Бакиев владеет киргизским, русским, белорусским и узбекским языками.
0001358.png	Персоналии:Харьков
0001359.png	Скорость звука
0001360.png	Источники и литература
0001361.png	Похвистнево
0001362.png	Военные чины и свитские звания
0001363.png	в помойную яму летят вверх тормашками.
0001364.png	Маргарита де Бурбон (1556), умерла в младенчестве
0001365.png	Спектр оператора
0001366.png	Микрофоны одностороннего направления
0001367.png	Источник питания
0001368.png	Скончались
0001369.png	Таймыр
0001370.png	Закат
0001371.png	Примечания
0001372.png	Бескудниковский район
0001373.png	Математический анализ и геометрия
0001374.png	Типы ловушек
0001375.png	Олег Дивов,
0001376.png	теплоходе «Новодружеск» (1974)
0001377.png	Города-побратимы
0001378.png	Ссылки
0001379.png	Примерная партия
0001380.png	Близнечные мифы
0001381.png	204 км: Тёша (пр)
0001382.png	Сражения Франции
0001383.png	Статус и местное самоуправление
0001384.png	История
0001385.png	Физики России
0001386.png	Аллегретто для скрипки и фортепиано (1929)
0001387.png	Оперный,
0001388.png	Генералы от инфантерии (Российская империя)
0001389.png	Промышленная группа «Сибирский лес»
0001390.png	Игроки сборной Франции по футболу
0001391.png	Адреса в Санкт-Петербурге
0001392.png	Клавдия Октавия, дочь Клавдия, первая жена Нерона
0001393.png	Еврипид фигурирует в романе К. М. Виланда «История абдеритов» (1774).
0001394.png	опора на смысл, а не на слова, его выражающие;
0001395.png	0,51 а. е. от Земли 4 июля 1907 года;
0001396.png	Примечания
0001397.png	Физика низких температур
0001398.png	Добыча полезных ископаемых
0001399.png	Микросферы
0001400.png	Комментарии
0001401.png	память преподобного Авраамия Галичского, Чухломского, игумена (1375);
0001402.png	Восприятие в религиях
0001403.png	Интервью:
0001404.png	Специфичность
0001405.png	Зелёная улица (посёлок Внуково)
0001406.png	Персоналии по алфавиту
0001407.png	Списки:Венесуэла
0001408.png	Таланов, Виктор Львович
0001409.png	См. также: :Категория:Родившиеся 20 июня
0001410.png	Джек Глисон, ирландский актёр.
0001411.png	Литература
0001412.png	Театроведы СССР
0001413.png	Медаль «Братство по оружию» 1-й степени в золоте (ГДР, 14.05.1980);
0001414.png	Примечания
0001415.png	память мученика Киприана, епископа Карфагенского;
0001416.png	о. Крупинина
0001417.png	Адмирал Василий Степанович Завойко. 200-летний юбилей.
0001418.png	Социальная философия
0001419.png	Примечания
0001420.png	Примечания
0001421.png	Боблово,
0001422.png	Национальные
0001423.png	Отличия от других христианских вероучений
0001424.png	Деятельность
0001425.png	Литература
0001426.png	Великое княжество Литовское и Русское
0001427.png	Кармаскалинский
0001428.png	Старейшее из сохранившихся зданий на Невском проспекте.
0001429.png	Воспоминания во время отъезда в Париж в час революционных событий 1905 года:
0001430.png	Распространение и экология
0001431.png	Истребительная авиационная дивизия ПВО
0001432.png	Октябрьская революция и Гражданская война
0001433.png	Разрешение коллизий
0001434.png	Францо Гранде Стивенс
0001435.png	Постабстинентный период
0001436.png	Каталонское начало
0001437.png	Ссылки
0001438.png	По расчётам ООН, население Земли достигло 6 миллиардов человек.
0001439.png	Джонна Ли, американская актриса кино и телевидения, художница и скульптор.
0001440.png	1) "Врёшь, есть Бог..!, 1947
0001441.png	См. также
0001442.png	Андрей Фёдоров
0001443.png	Спиритические эксперименты
0001444.png	Фобические тревожные расстройства
0001445.png	Ссылки
0001446.png	Примечания
0001447.png	Памятник героям Октябрьской революции и гражданской войны.
0001448.png	Примечания
0001449.png	Основано Николаевское кавалерийское училище
0001450.png	Члены Гёттингенской академии наук
0001451.png	Биография
0001452.png	Ссылки
0001453.png	Графы Строгоновы (2 ветви) (РИ)
0001454.png	История
0001455.png	11-й год по эре правления луского князя Инь-гуна.
0001456.png	Дрэг-рейсинг
0001457.png	Большой рынок
0001458.png	Радхакришнан С. Индийская философия, том 1, М.. 1956.
0001459.png	Топонимы
0001460.png	Песни на греческом языке
0001461.png	Ссылки
0001462.png	Особое задание
0001463.png	Классификация лесов
0001464.png	Павловская (порода кур)
0001465.png	Окружение Гефеста
0001466.png	Ставропольский филиал Ростелекома
0001467.png	Поддерживаемые архитектуры и системы
0001468.png	Приводы автофокуса
0001469.png	Утилитаризм
0001470.png	См. также
0001471.png	Порт-оф-Спейн
0001472.png	классификация транспортных средств (по объёму, скорости, проходимости);
0001473.png	Религиозные
0001474.png	Мыс Желания, М., 1938
0001475.png	Большая цепь ордена Инфанта дона Энрике (Португалия, 20 ноября 1995 года);
0001476.png	География
0001477.png	Сейсмическая активность
0001478.png	Корелла
0001479.png	Государственный пенсионный фонд Норвегии
0001480.png	Промышленность
0001481.png	Судоходство на реке Нил осуществляется на протяжении 3,7 тыс. км.
0001482.png	Амфотерность
0001483.png	салоны сотовой связи «Евросеть»,
0001484.png	Коровка (приток Черёмухи)
0001485.png	Спорт
0001486.png	Война Теодориха и Хлотаря с вестготами.
0001487.png	Новощербаков
0001488.png	Участники государственных переворотов
0001489.png	Форма выпуска
0001490.png	Распространение
0001491.png	Космический корабль «Союз-38»
0001492.png	Ссылки
0001493.png	Экспонаты в музеях
0001494.png	Примечания
0001495.png	Анальная экзема, острое или хроническое раздражение кожи в области ануса
0001496.png	При этом автор отмечает
0001497.png	Русские женские имена
0001498.png	Заключение. Гибель
0001499.png	Примечания
0001500.png	Геология
0001501.png	Терминология Интернета
0001502.png	Производство хрусталя: Гусь-Хрустальный.
0001503.png	Центр статистики Дубая
0001504.png	Ссылки
0001505.png	Одежда и развлечения
0001506.png	Пакет цифровых телеканалов «РТРС-1»
0001507.png	пайка нагревом токами высокой частоты;
0001508.png	Генералы Ордена
0001509.png	Пусть даны два пифагоровых треугольника  и  с углами  и .
0001510.png	Литература
0001511.png	Седрик Клапиш представляет: Красотки
0001512.png	Пользователь нажимает клавишу (клавиши) вычисляемой функции.
0001513.png	Праздник города Фару проводится 7 сентября.
0001514.png	Примечания
0001515.png	Семья
0001516.png	Ссылки
0001517.png	Философы России
0001518.png	Психоанализ
0001519.png	ТРЦ «Рио»
0001520.png	память преподобномученика Иова Ущельского;
0001521.png	Почётные доктора Национальной спортивной академии (Болгария)
0001522.png	Регенерация
0001523.png	Михаил Жванецкий (ум. 2020), российский писатель-сатирик.
0001524.png	Экономика
0001525.png	Библиография
0001526.png	История
0001527.png	Литература
0001528.png	Пироскаф «Дед Мазай». Роман-сказка (2011)
0001529.png	Гражданская война в Эфиопии
0001530.png	Литература
0001531.png	Биологическая роль
0001532.png	На Силу рожь посеянная родится сильно, а ведьмы обмирают, опившись молока.
0001533.png	Галерея
0001534.png	в Малом энциклопедическом словаре Брокгауза и Ефрона
0001535.png	28 мая 1844 года был награждён орденом Св. Андрея Первозванного.
0001536.png	Прочее
0001537.png	Амундсена, улица
0001538.png	Директор: Прошунин Юрий Евгеньевич (д-р тех. наук, профессор)
0001539.png	память святителя Фомы Константинопольского, патриарха (610);
0001540.png	Источники
0001541.png	Музеи
0001542.png	Вещественная проективная плоскость.
0001543.png	В кинематографе
0001544.png	Чемпионы мира по футболу
0001545.png	Полевик (1909)
0001546.png	приходим к нестационарному уравнению Шрёдингера:
0001547.png	Участники сражения под Кульмом
0001548.png	Город является старинным промышленным центром Подмосковья. В нём расположены:
0001549.png	Статьи
0001550.png	Примечания
0001551.png	Достопримечательности
0001552.png	Скончались
0001553.png	Мишень (выставка)
0001554.png	Титулы
0001555.png	«Синие тетради»
0001556.png	Литература
0001557.png	Примечания
0001558.png	Оригинальная идея: Хироси Ямагути
0001559.png	Национальные
0001560.png	Явления Афины
0001561.png	Семья
0001562.png	Населённые пункты
0001563.png	Орден Вюртембергской короны, большой крест (Вюртемберг)
0001564.png	Фильмография
0001565.png	«Левкиппа и Клитофонт» Ахилла Татия
0001566.png	Войны Франции
0001567.png	Говор
0001568.png	Кинематограф
0001569.png	Свойства
0001570.png	Варианты написания
0001571.png	Сенкевича, бульвар
0001572.png	Вульва
0001573.png	Рамси
0001574.png	Специалисты по римскому праву
0001575.png	Союзники Древнего Рима
0001576.png	Особо охраняемые природные территории
0001577.png	Древности Чернигова (1949)
0001578.png	Сердце народное!
0001579.png	Экономика
0001580.png	Гай Семпроний Тудитан справляет триумф за победу над яподами.
0001581.png	медаль «За оборону Ленинграда» (06. 1943)
0001582.png	Литература
0001583.png	Литература
0001584.png	Связь с онкологическими заболеваниями
0001585.png	История христианства
0001586.png	самоубийство,
0001587.png	И он вытрудил мощный, отмеренный урок.
0001588.png	Модем
0001589.png	В Уставе Салезианцев Дона Боско сказано:
0001590.png	Александр Берзин. Материалы по тантре.
0001591.png	Фильмы США 1998 года
0001592.png	Глюкоза призналась, что новый альбом преподнесёт её с новой стороны:
0001593.png	В компьютерных играх
0001594.png	Примечания
0001595.png	Рыбинская центральная районная поликлиника.
0001596.png	литейно-механический завод,
0001597.png	По структурно-текстурным особенностям выделяют следующие разновидности:
0001598.png	«Маги на стадионе»
0001599.png	«Сибирь» У. Джордано
0001600.png	Академическая хоровая капелла
0001601.png	24 является гиперфакториалом
0001602.png	Символизм
0001603.png	Научная деятельность
0001604.png	Эргырон
0001605.png	Штурмовые воинские подразделения
0001606.png	Музей Победы;
0001607.png	Население
0001608.png	Литература
0001609.png	Структура
0001610.png	Ссылки
0001611.png	Ссылки
0001612.png	Русская православная церковь
0001613.png	Песнь о солнце (в издание включается не всегда)
0001614.png	Территориальные подразделения
0001615.png	Хунта
0001616.png	Ссылки
0001617.png	Флион (Флей). Имя Диониса.
0001618.png	Сорок лет водил пророк Моисей евреев по пустыне в Землю обетованную ().
0001619.png	Литература
0001620.png	Средняя домашняя посещаемость матчей чемпионата России по сезонам:
0001621.png	Пуэрто-Рико;
0001622.png	Сайт «Тула ушедшего века»
0001623.png	Население
0001624.png	На Руси (в России) по использованию лошади были:
0001625.png	Примечания
0001626.png	Ссылки
0001627.png	Провинциальная политика
0001628.png	Новое время
0001629.png	Пловец и Море
0001630.png	Урбанизация
0001631.png	Подполковник (25 июля 1791 года);
0001632.png	Скончались
0001633.png	«Путешествие на Северный полюс» (1900)
0001634.png	Вольный ганзейский город Любек
0001635.png	Европейское трудовое законодательство.
0001636.png	Вступление Финляндии в войну
0001637.png	Лечение аллергии
0001638.png	Космогонические и эсхатологические мифы
0001639.png	Органеллы
0001640.png	Погибшие в боях Великой Отечественной войны
0001641.png	недостаточным (, хасера), когда месяц кислев, обычно имеющий , состоит из .
0001642.png	Персоналии:Петрич
0001643.png	Список терактов НФОП
0001644.png	Прорицатели
0001645.png	С 1955 года в районе работает авиация.
0001646.png	Транспорт
0001647.png	Устройство телевизора
0001648.png	Выпускники Высшего военно-морского училища имени М. В. Фрунзе
0001649.png	Владимир Тирон (солист театра,мультиинструменталист)
0001650.png	Белоглазова С. Б. Исторические памятники Приморья
0001651.png	Языки Румынии
0001652.png	Сиримаво Бандаранаике вступила на пост премьер-министра Цейлона.
0001653.png	Попечители Одесского учебного округа
0001654.png	Литература
0001655.png	Послевузовское профессиональное образование
0001656.png	Депутаты Совета Союза от округов Латвийской ССР
0001657.png	Родились
0001658.png	сын (июнь 1500);
0001659.png	Регина Валиева
0001660.png	Послы Русского государства
0001661.png	Литература
0001662.png	2023 год
0001663.png	Археология
0001664.png	В Борисполе родились писатель и этнограф Пётр Раевский, поэт Емельян Качайло.
0001665.png	орден Трудового Красного Знамени (2.6.1937)
0001666.png	Стандартные размеры пневмокамер:
0001667.png	Жан-Мари Ле Пен, французский политик-националист, депутат Европарламента.
0001668.png	Серебряный призёр Олимпийских игр 2012 года в одиночном разряде.
0001669.png	Петрозаводск, Россия
0001670.png	Этимология
0001671.png	Архив нот для кларнета, перешедших в общественное достояние
0001672.png	Города Золотой Орды
0001673.png	Персонажи «Божественной комедии»
0001674.png	Вестник «Орифламма»
0001675.png	Термодинамика
0001676.png	Флигель у нижних ванн (1901, архитектор Н. Дмитриев).
0001677.png	Литература
0001678.png	Липиды (жиры)
0001679.png	Фонетика
0001680.png	Понятия диафрагмы, диафрагменных чисел, относительного отверстия, светосилы
0001681.png	Сухое
0001682.png	История
0001683.png	Критика
0001684.png	Флора и фауна
0001685.png	Ссылки
0001686.png	БА-291
0001687.png	Одесская улица
0001688.png	белорусского языка (белорусский алфавит),
0001689.png	Объекты всемирного наследия, внесённые в список ЮНЕСКО
0001690.png	Христианская мифология
0001691.png	Хирохито провозглашается императором Сёва (Просвещённые мирные времена).
0001692.png	Эквиритмический перевод всех песен альбома
0001693.png	Революционеры США
0001694.png	Выпускники Императорского Санкт-Петербургского университета
0001695.png	нации и народы, борющиеся за независимость
0001696.png	Юбилеи
0001697.png	Описание герба
0001698.png	Медаль «В память о войнах за независимость»
0001699.png	Поваренная соль
0001700.png	Литература
0001701.png	Калаши
0001702.png	См. также: :Категория:Умершие 3 апреля
0001703.png	Антивоенные активисты
0001704.png	Наследие
0001705.png	Военачальники Русского государства
0001706.png	Илитало Нина Фёдоровна
0001707.png	Борис Николаевич
0001708.png	Андрей Островский
0001709.png	введение новых фигур;
0001710.png	Примечания
0001711.png	Первое упоминание в летописях немецкого города Плауэн.
0001712.png	Всероссийская выставка в Нижнем Новгороде (1896)
0001713.png	Псевдо-Евклид
0001714.png	К этому времени нет в живых 67 астронавтов.
0001715.png	Портрет Дориана Грея
0001716.png	Григорианский календарь
0001717.png	Бокасса, среди прочего, побывал в Артеке и был принят в пионеры.
0001718.png	Орден Святого Георгия 3-й ст. (05.11.1846)
0001719.png	История
0001720.png	Награды
0001721.png	Также справедливы следующие дополнения:
0001722.png	Народный артист Азербайджанской ССР (1973)
0001723.png	Примечания
0001724.png	АО «Саратовский завод энергетического машиностроения»
0001725.png	Православные
0001726.png	Заявление
0001727.png	Писатели Германии
0001728.png	Персоналии по алфавиту
0001729.png	Физика ЯМР
0001730.png	Православные богословы
0001731.png	Часто задаваемые вопросы в Википедии
0001732.png	Темнохвостый лавровый голубь
0001733.png	Гильберт
0001734.png	Польская народная республика
0001735.png	Понятия социальной философии
0001736.png	Морфологическая классификация галактик
0001737.png	Семья
0001738.png	Классификация воздушных судов по максимальной взлётной массе
0001739.png	Биография
0001740.png	Сеттинг
0001741.png	См. также: :Категория:Родившиеся в 1637 году
0001742.png	Статическое и динамическое сопротивление
0001743.png	бриллиантовые перстни (1824, 1828, 1828, 1829),
0001744.png	Гесиона
0001745.png	Опытно-механический завод
0001746.png	Имя, псевдоним или прозвище
0001747.png	Йозгат, Турция (2 ноября 2012 года)
0001748.png	Камбарский Район
0001749.png	Ссылки
0001750.png	и прочие.
0001751.png	Ссылки
0001752.png	Группа образована в 1983 году в Москве.
0001753.png	Служба в Красной армии. Гражданская война в России
0001754.png	8 августа
0001755.png	Семья
0001756.png	Традиционно в России сложились три формы получения образования:
0001757.png	Военные инженеры Польши
0001758.png	Члены-корреспонденты Петербургской академии наук
0001759.png	Духовные наставники Тимура и его глубокое уважение к сайидам
0001760.png	Описание
0001761.png	Белоруссия является членом следующих межгосударственных образований:
0001762.png	Глоссарий сайта Московской Патриархии
0001763.png	Биография и библиография З.
0001764.png	Городская легенда
0001765.png	Английские рыцари
0001766.png	Следствия
0001767.png	Описан в рассказе «Путь на Амальтею».
0001768.png	37 ДМВ ТВ-3;
0001769.png	В 2011 году было открыто, что прионы могут разлагаться лишайниками.
0001770.png	Жизнеописание
0001771.png	Саксен-Кобург-Гота,
0001772.png	Ссылки
0001773.png	огузы, кыпчаки: кыш, кемеш
0001774.png	Фильмы о Российской империи
0001775.png	Группы спейс-рока
0001776.png	Лист осенний кружится (стихи П. Дариенко)
0001777.png	Древнегреческие поэты
0001778.png	Времена года различаются:
0001779.png	Можайский историко-краеведческий музей
0001780.png	Спорт
0001781.png	См. также
0001782.png	Биография
0001783.png	Абимилки, сын (ок. 640)
0001784.png	Деятельность
0001785.png	Детские писатели по алфавиту
0001786.png	14-й инженерный полк
0001787.png	на других языках
0001788.png	Важные персоны
0001789.png	Республиканцы-традиционалисты;
0001790.png	Республиканский фестиваль национальных культур
0001791.png	Обращённо-фазовая ВЭЖХ:
0001792.png	Вооружённые силы
0001793.png	Литература
0001794.png	Крематорий. М., Чихи-Пихи, 1919
0001795.png	Состав
0001796.png	Диалекты
0001797.png	Командор Савойского Военного ордена (3.10.1860)
0001798.png	Население
0001799.png	Енисейские кыргызы
0001800.png	Члены Партии регионов Украины
0001801.png	Рабочая жидкость
0001802.png	См. также
0001803.png	Отцы-основатели США
0001804.png	Виконт
0001805.png	Спорт
0001806.png	Победитель: 1976
0001807.png	Официальный сайт правительства Британских Виргинских Островов
0001808.png	Физики-теоретики СССР
0001809.png	Чингисхан выступает в поход на тангутское государство Си-Ся.
0001810.png	Стригинский мост
0001811.png	Большой Купавенский проезд
0001812.png	Военные спецслужбы:
0001813.png	Показательная форма
0001814.png	Исторические памятники и музеи
0001815.png	События
0001816.png	коматозные состояния;
0001817.png	Статус и управление
0001818.png	Родились
0001819.png	Евангельские христиане
0001820.png	Аналоговый
0001821.png	система спецканализации реакторного отделения;
0001822.png	Гуманитарные науки
0001823.png	Культурно-выставочный центр «Радуга»
0001824.png	Отсылки
0001825.png	Устройство паровоза
0001826.png	Ссылки
0001827.png	сайт Администрации Петровского муниципального района
0001828.png	Участники Синопского сражения
0001829.png	Солнечные электростанции
0001830.png	Определение
0001831.png	Примечания
0001832.png	Семь холмов Москвы
0001833.png	Национальные исследовательские университеты России
0001834.png	«Форум»;
0001835.png	К этой категории относятся:
0001836.png	Армавирский опытный машиностроительный завод.
0001837.png	Республиканская улица
0001838.png	Хоттабыч вступает в игру
0001839.png	Белок-белковые взаимодействия
0001840.png	Кубок УЕФА выиграл английский  Тоттенхэм Хотспур
0001841.png	Идентификация с Фаддеем
0001842.png	Преподаватели Оксфордского университета
0001843.png	Стивен Роузен. «Вегетарианство в мировых религиях», 1997
0001844.png	До Второй мировой войны
0001845.png	Внешняя торговля
0001846.png	Романы, по мотивам которых были созданы оперы
0001847.png	Крупнейшие предприятия Ирбита:
0001848.png	5188-я база хранения военной техники (Ивантеево)
0001849.png	Распределение (экономика)
0001850.png	2 июня, 8 июля
0001851.png	Фигуристы на зимних Олимпийских играх 2006 года
0001852.png	Старый Свет
0001853.png	(см. также Английская система мер)
0001854.png	собрание переводов почти со 140 языков и наречий
0001855.png	Подделка подписей
0001856.png	Общая информация
0001857.png	«Буду верной женой»
0001858.png	История
0001859.png	Другие медали.
0001860.png	Галереи
0001861.png	Ссылки
0001862.png	Типы бирем
0001863.png	Ветошный переулок
0001864.png	Кластер кучево-дождевых облаков;
0001865.png	Ссылки
0001866.png	Ангелы в христианстве
0001867.png	Воздействие на организм
0001868.png	Шеф 3-го Владивостокского крепостного артиллерийского полка (Выс. пр. 7.09.1909)
0001869.png	Семья
0001870.png	Транспорт Киева
0001871.png	Известные носители
0001872.png	Выпускники Университета Буэнос-Айреса
0001873.png	Литература
0001874.png	26 июня 1962 года образованы Октябрьский и Советский районы города
0001875.png	Торговля и бытовые услуги
0001876.png	Народы Ирана
0001877.png	Климат
0001878.png	Антропонимика
0001879.png	Примечания
0001880.png	Уменьшаются размеры клетки;
0001881.png	Однако, написав формулу в виде
0001882.png	Религиозные деятели Украины
0001883.png	Физико-географическая характеристика
0001884.png	Глагол
0001885.png	Современное состояние и устройство
0001886.png	ТГП (значения)
0001887.png	Примечания
0001888.png	Шумилов Е. Н. Еловское Прикамье: Энциклопедический справочник. Пермь, 2008.
0001889.png	Галерея
0001890.png	Награждения
0001891.png	Транспорт
0001892.png	См. также: :Категория:Праздники 1 июля
0001893.png	См. также: :Категория:Родившиеся в 1288 году
0001894.png	Вывод из эксплуатации
0001895.png	Епископы Могилёвские
0001896.png	Автомобильные дороги
0001897.png	Т-лимфотропный вирус человека
0001898.png	возрождение ритуализма;
0001899.png	Противостояние
0001900.png	от 10 000 до 20 000 чел.
0001901.png	История
0001902.png	Типы животных
0001903.png	Подсчёт деревьев
0001904.png	Эволюция
0001905.png	Кенасса
0001906.png	Изменение численности населения
0001907.png	1.  Биатлон (подробнее)
0001908.png	Жертвы политических убийств
0001909.png	Пионерский парк (Цхинвали)
0001910.png	Информкультура: Аналитика, фактография, библиография по культуре и искусству
0001911.png	См. также
0001912.png	Уроки сектоведения. т. 2. Путь к пустоте янв. 2006
0001913.png	Телевидение
0001914.png	нейробластома - из клеток нервной ткани
0001915.png	Климат
0001916.png	Крупные города
0001917.png	В 9 луне сунский сановник Цзы Ай бежал в Лу.
0001918.png	Литература
0001919.png	Плазмодий
0001920.png	Португалия передала остров Макао Китаю.
0001921.png	Шогенцуков Али
0001922.png	Захват немецкими рыцарями Луги и Копорья.
0001923.png	История
0001924.png	Абдулинский район,
0001925.png	Идея Блага
0001926.png	Ссылки
0001927.png	Населённые пункты Фэрбанкс-Норт-Стар
0001928.png	демонстрационные приборы.
0001929.png	Католические: Бенедикт, Гаетано, Зосима, Исидор, Тигернах.
0001930.png	резинотехнических изделий
0001931.png	104 страницы про любовь, 1964;
0001932.png	«Хроника Ливонии» Генриха Латвийского
0001933.png	Ссылки
0001934.png	Кемеровский филиал Института химии твёрдого тела и механохимии СО РАН
0001935.png	См. также
0001936.png	182 км: Кагальтура
0001937.png	Медаль «В память 800-летия Москвы»
0001938.png	Избранные произведения в 2-х томах. М., Художественная литература, 1971
0001939.png	Рампо (граф Барселоны).
0001940.png	Кёльн, Германия (3 мая 1988)
0001941.png	Начал править царь Элама Хумпантахрах.
0001942.png	память преподобного Евфросина Синозерского, Новгородского (1612 год);
0001943.png	Теоретики искусства
0001944.png	Адсорбер периодического действия
0001945.png	Противопоказания
0001946.png	См. также
0001947.png	Специфические фобии
0001948.png	Был женат и имел двоих сыновей и трёх дочерей.
0001949.png	Вклад в науку
0001950.png	Области применения статистики
0001951.png	16 января
0001952.png	Бесплатный автобус
0001953.png	Ссылки
0001954.png	Лигалинк
0001955.png	Форма выпуска: таблетки по 0,1 г в упаковке по 100 штук.
0001956.png	КАЗАКИ И СИБИРЬ.
0001957.png	Выпускники института Корпуса инженеров путей сообщения
0001958.png	Примечания
0001959.png	Атлас автомобильных дорог Саратовской области. Саратов, 2000.
0001960.png	Тантал.
0001961.png	Биография
0001962.png	Московский ТЮЗ
0001963.png	Литература
0001964.png	Характеристики
0001965.png	Император
0001966.png	Рубцов, Иван Фёдорович (11.09.1998, 465)
0001967.png	Лучший бомбардир чемпионата Украины: 1999
0001968.png	Административно-территориальное деление
0001969.png	Издание
0001970.png	проблема неправильной раскодировки;
0001971.png	Азербайджан
0001972.png	Города
0001973.png	лесозаготовительный комбинат,
0001974.png	Память
0001975.png	Основные сочинения
0001976.png	Анатомы по алфавиту
0001977.png	Описание
0001978.png	Административное деление
0001979.png	Хронология
0001980.png	Последний бой майора Пугачёва
0001981.png	Окружные центры штата Нью-Йорк
0001982.png	В ультраортодоксальных кругах
0001983.png	Экономика
0001984.png	Сайт университета Пуатье
0001985.png	Телефонный разговор (телефонный вызов)
0001986.png	881 км: Лёнва
0001987.png	2-я Мичуринская улица
0001988.png	Таким образом, свет увидела вторая версия этой интерполяции.
0001989.png	Велико-Тырново, Болгария.
0001990.png	Публикации
0001991.png	См. также: :Категория:Родившиеся в 1475 году
0001992.png	Хале, сын Апиашаля
0001993.png	Географическое положение
0001994.png	Список Героев Российской Федерации (Адыгея)
0001995.png	После войны
0001996.png	Спортивные сооружения
0001997.png	Автор более 200 научных публикаций.
0001998.png	Ссылки
0001999.png	Примечания
0002000.png	Орден Святого Александра Невского (30.08.1863);
0002001.png	Рок-вокалисты Ирландии
0002002.png	Мини-альбомы
0002003.png	Примечания
0002004.png	Философы СССР
0002005.png	Водные объекты Каменского района Алтайского края
0002006.png	В Символе веры изложено учение о Святом Духе:
0002007.png	Неолит
0002008.png	Размножение
0002009.png	Сайт Международного фонда охраны журавлей
0002010.png	ДЮСШ «Юность»
0002011.png	Ссылки
0002012.png	Мировая оперная статистика
0002013.png	Кадет
0002014.png	Интервью с Ричардом Бартлом
0002015.png	База данных официальных текстов конвенций
0002016.png	Нобелевские премии
0002017.png	Церковь Николы на Городище
0002018.png	латуни
0002019.png	История
0002020.png	Апологетика
0002021.png	, в том числе Научный метод
0002022.png	Примечания
0002023.png	Биология
0002024.png	Иксион стал эпонимом одного из крупнейших плутино пояса Койпера.
0002025.png	Новое государство
0002026.png	Химические свойства
0002027.png	Горный инженер: кто это и в чем суть его работы
0002028.png	Миллер, Герхард Фридрих
0002029.png	Ситникова Елена Вячеславовна (с 12 мая 2021)
0002030.png	Примечания
0002031.png	Характеристики космической системы
0002032.png	ск. Панагия
0002033.png	Туда стремлюсь теперь, чтоб там же и отпели.
0002034.png	Спортивный директор: Сергей Гомоляко
0002035.png	Поручик (29.04.1915)
0002036.png	Ссылки
0002037.png	Арт-проекты
0002038.png	Ссылки
0002039.png	Проспект Металлургов в Новокузнецке с 1935 по 1957 носил имя Молотова
0002040.png	«Хабар»
0002041.png	«Лекции по оптике» (), 1728
0002042.png	1) в районе Ореховно, Ветрино и
0002043.png	Априорные языки
0002044.png	На функционирование всех трёх организаций выделялись огромные средства.
0002045.png	Гармонические колебания
0002046.png	Пассажиропоток
0002047.png	Каштеляны львовские
0002048.png	Память
0002049.png	Для локального просмотра на клиенте выбор основывается на расширении файла.
0002050.png	Восточный диалект
0002051.png	Скончались
0002052.png	Типичные значения твёрдости для различных материалов
0002053.png	Турбовинтовые двигатели и двигатели с открытым вентилятором
0002054.png	Награды и звания
0002055.png	Вин Бейкер, американский баскетболист, олимпийский чемпион (2000).
0002056.png	Также существует целый ряд «книжек-картинок», не издававшихся в России.
0002057.png	Государства, включаемые в Южную Африку
0002058.png	Принцип разрешения международных споров мирными средствами;
0002059.png	Пастушьи и скотогонные собаки, кроме швейцарских скотогонных собак
0002060.png	установить очередь принтера;
0002061.png	Комплексный книготорговый индекс-шифр.
0002062.png	Расследование убийства князя и уточнение фактов биографии до прихода на престол
0002063.png	Города Древней Месопотамии
0002064.png	Скандинавский период
0002065.png	Климат
0002066.png	Символы
0002067.png	Русне
0002068.png	агрегация материалов с других сайтов
0002069.png	Сознание
0002070.png	Литература
0002071.png	Европейская философия
0002072.png	Эстетика
0002073.png	Туловище
0002074.png	короткие
0002075.png	См. также: :Категория:Родившиеся в 1110 году
0002076.png	Российские
0002077.png	Статья «Бардовский счет А.Дулова»
0002078.png	Дрожжановский, Кайбицкий районы полностью;
0002079.png	Техногайянизм
0002080.png	Лемурия
0002081.png	Языки
0002082.png	Специальности
0002083.png	Искусство, социальная структура и ценности
0002084.png	Поэтессы Серебряного века
0002085.png	Варяги
0002086.png	Политики-эмигранты
0002087.png	В оккультизме Сатурн соотносится со сфирой Бина. (См. также Халдейский ряд).
0002088.png	Арабская лига чемпионов по футболу
0002089.png	Россика
0002090.png	Преступники Мексики
0002091.png	На территории Украины
0002092.png	, штат Техас, День эмансипации.
0002093.png	См. также: :Категория:Родившиеся в 1879 году
0002094.png	Спасение заложников
0002095.png	Литература
0002096.png	История русской философии
0002097.png	Эдит Пиаф
0002098.png	Книги на немецком языке
0002099.png	См. также
0002100.png	Напряжение
0002101.png	Память о Строгановых
0002102.png	Шина управления.
0002103.png	Бёрнс в филателии
0002104.png	См. также
0002105.png	См. также
0002106.png	на других языках
0002107.png	Ссылки
0002108.png	ОАО «Ижевский механический завод»
0002109.png	Персоналии по алфавиту
0002110.png	24 февраля:
0002111.png	Почётные доктора Болонского университета
0002112.png	Ссылки
0002113.png	В суде ЕС особые мнения не допускаются, по состоянию на 2004 год.
0002114.png	Характерный актёр
0002115.png	Варда Фока Младший
0002116.png	«Кошелев-проект» (новый микрорайон на правом берегу реки Оки)
0002117.png	Кентавры
0002118.png	Равнинный восток
0002119.png	Этимология
0002120.png	Ким Грайст, американская актриса театра, кино и телевидения.
0002121.png	История города Ясы-Туркестан
0002122.png	Богини любви и страсти
0002123.png	Комплексный логарифм
0002124.png	Построен новый детский сад для нового военного городка на бул. А. Медведева.
0002125.png	книга Еноха
0002126.png	Фессалия в поэме Гомера «Илиада»
0002127.png	Мировоззрение
0002128.png	Звезда,
0002129.png	Герцоги Оверни
0002130.png	Военный госпиталь МВД России
0002131.png	Местное самоуправление
0002132.png	Ассизи, Италия
0002133.png	Реакции электрофильного присоединения
0002134.png	Основные публикации на иностранных языках
0002135.png	Международная правосубъектность
0002136.png	История
0002137.png	Примечания
0002138.png	Хэберт (король Кента).
0002139.png	Бывшие столицы
0002140.png	Русское Радио (100,3 МГц),
0002141.png	См. также
0002142.png	Топонимы
0002143.png	Махмуд Кашгари
0002144.png	Азарий.
0002145.png	Сельское хозяйство
0002146.png	Примечания
0002147.png	Маттиас Янмарк, шведский хоккеист.
0002148.png	Хан Ан Ги Барбара
0002149.png	Храм Кришны
0002150.png	Ограничение по возрасту: для любой зрительской аудитории.
0002151.png	Литература
0002152.png	Персоналии по алфавиту
0002153.png	Ссылки
0002154.png	Спорт
0002155.png	Стрельба из ножного лука
0002156.png	Водородный транспорт
0002157.png	Создана Коммунистическая партия Австрии.
0002158.png	1950-е годы
0002159.png	Примечания
0002160.png	послеоперационные инфекции мочевыводящих путей;
0002161.png	«Особые» стёкла
0002162.png	Наркотические свойства
0002163.png	собственник каждый владеет.
0002164.png	Населённые пункты
0002165.png	Джеваншир в культуре
0002166.png	ГАЗ-61
0002167.png	Ревность Барбульё, фарс (1653)
0002168.png	Наглядный пример действия парадокса Монти Холла (русск.)
0002169.png	Есентемир
0002170.png	Окская улица
0002171.png	Фильмы:Персонаж:Иван Грозный
0002172.png	Фолклендцы (Фолкленды)
0002173.png	Ссылки
0002174.png	Аарон Копленд (р. 1900), американский композитор, пианист, дирижёр и педагог.
0002175.png	Логвиненко, улица
0002176.png	: Гётеборг (1987)
0002177.png	В литературе и искусстве
0002178.png	Фильмы:Персонаж:Симон Петлюра
0002179.png	Выпускники Константиновского военного училища
0002180.png	Актёр
0002181.png	, Мюнхен;
0002182.png	Ссылки
0002183.png	Внешнеторговые связи
0002184.png	Члены Национальной академии наук США
0002185.png	Научно-исследовательский технологический институт
0002186.png	Сигнальные цвета в промышленности
0002187.png	Огнестрельное оружие
0002188.png	Сближение с реформаторской партией
0002189.png	Шаг гиганта
0002190.png	Литературоведы России
0002191.png	кубинский лидер Фидель Кастро получил Ленинскую премию мира.
0002192.png	Церковь Святой Анны
0002193.png	Белые жертвуют одну или две пешки ради быстрого развития фигур и атаки.
0002194.png	Кинотеатры
0002195.png	9 июня
0002196.png	Примечания
0002197.png	Основана Красноуфимская крепость, ныне город Красноуфимск.
0002198.png	Влияние дзэн на современный мир
0002199.png	Персоналии по алфавиту
0002200.png	Начало научной деятельности
0002201.png	Гипотеза Хадвигера (комбинаторная геометрия)
0002202.png	Этимология
0002203.png	Мужчин: 40,9 лет;
0002204.png	Экспедиция Бекингема для оказания помощи Ла-Рошели. Полная неудача.
0002205.png	Алмазные знаки к ордену Святого Андрея Первозванного (12.12.1874)
0002206.png	Ссылки
0002207.png	Ссылки
0002208.png	А красотки продавать тело.
0002209.png	«Алиса» «Энергия»
0002210.png	Около 1200 года произошёл контакт между полинезийцами и коренными американцами.
0002211.png	Европейско-азиатские встречи
0002212.png	детско-юношеская спортивная школа;
0002213.png	Капитуляция Японии
0002214.png	Бабушкинский район
0002215.png	Боги по алфавиту
0002216.png	Литература
0002217.png	Академия Министерства внутренних дел Республики Узбекистан
0002218.png	Эдвин (Базз) Олдрин
0002219.png	Национальный академический драматический театр имени Ивана Франко
0002220.png	Ссылки
0002221.png	Область Тосандо
0002222.png	Преподаватели Кёнигсбергского университета
0002223.png	Нестандартные директивы
0002224.png	О названии «Ксерокс»
0002225.png	производство бумаги,
0002226.png	Возникновение жанра
0002227.png	Апостольский нунций;
0002228.png	Ссылки
0002229.png	Парагвайский испанский
0002230.png	Высшее профессиональное образование
0002231.png	Ссылки
0002232.png	Ирад.
0002233.png	Предприниматели России
0002234.png	Днестр 925
0002235.png	См. также: :Категория:Праздники 3 января
0002236.png	Фригийцы
0002237.png	Мемуаристы Российской империи
0002238.png	Воинские звания
0002239.png	Произведения для голоса и фортепиано
0002240.png	Где-то стонет колокольчик,
0002241.png	Османская империя
0002242.png	Химические свойства
0002243.png	Люблин, Польша
0002244.png	Поселения и крепости
0002245.png	Социальные консерваторы
0002246.png	Учёба
0002247.png	Весной 1941 года Кольчугино получило статус города областного подчинения.
0002248.png	Золотая медаль «За миротворческую и благотворительную деятельность» (2011).
0002249.png	Источники
0002250.png	Военные:
0002251.png	Национальные трофеи
0002252.png	всякий простой неэлементарный путь содержит элементарный цикл;
0002253.png	Подофиллин (противоопухолевое средство растительного происхождения)
0002254.png	События
0002255.png	Общих детей у Сахарова и Боннэр не было.
0002256.png	Латинские ораторы
0002257.png	Осложнения
0002258.png	Искусство и архитектура
0002259.png	Просвещение
0002260.png	Промежуток
0002261.png	Воеводы Рязани
0002262.png	город Кумертау;
0002263.png	климатическая зима отсутствует.
0002264.png	Премия МВД России
0002265.png	северо-западная группа;
0002266.png	Хорватия, Бачка и западная часть Баната вошли в состав Королевства Югославия;
0002267.png	Затишье наполеоновских войн.
0002268.png	Умершие от разрыва сердца
0002269.png	Россия
0002270.png	Электробезопасность
0002271.png	Биография и фильмография режиссёра Огюста Люмьера
0002272.png	Примечания
0002273.png	Герб Кировской области основан на историческом гербе Вятской губернии.
0002274.png	Вскоре в его жизни начинается чёрная полоса.
0002275.png	Палеологовский период
0002276.png	События
0002277.png	Агенты «Искры»
0002278.png	Рождение Аполлона и Артемиды
0002279.png	Красносельский 5-й переулок
0002280.png	Скончались
0002281.png	Список некоторых бихевиористов
0002282.png	Лаборатория моделирования поведения неорганических материалов
0002283.png	Идеализм Беркли проложил дорогу скептицизму Юма и Кантовой критике разума.
0002284.png	Броски сутэми вадза подразделяются на  и .
0002285.png	Динамическая взаимоблокировка
0002286.png	Религиозные деятели Украины
0002287.png	Бронзовая медаль «В память Отечественной войны 1812 года»
0002288.png	Операция «Стрельба из лука».
0002289.png	Диана Кинг, «Робин Гуд»
0002290.png	Мифоритуальные основы башкирского праздника «САБАНТУЙ»
0002291.png	История
0002292.png	Карнизм
0002293.png	См. также: :Категория:Праздники 9 февраля
0002294.png	Версии
0002295.png	Изображали Нерея в виде старца с волосами, бородой и ресницами из водорослей.
0002296.png	Транспорт
0002297.png	Эпитеты
0002298.png	достаточным (, шлема), когда месяц хешван, обычно имеющий , имеет ;
0002299.png	Решения
0002300.png	См. также
0002301.png	Обособление
0002302.png	Изобразительное искусство
0002303.png	Зелёный оттенок других цветов
0002304.png	Ссылки
0002305.png	Мэри Поппинс в повседневной жизни
0002306.png	Рождение Волгодонска
0002307.png	Придворный проповедник
0002308.png	См. также
0002309.png	Щит в геральдике
0002310.png	«Моя квартира в Якутии»
0002311.png	Авадзи
0002312.png	Радхакришнан С. Индийская философия. Том второй. М., 1957.
0002313.png	Выпускники Йельского университета
0002314.png	Коммунальное хозяйство
0002315.png	собственно башкирская.
0002316.png	памятник степному батыру, Шакшаку Жанибеку (пл. перед театром юного зрителя)
0002317.png	В эмиграции
0002318.png	Ссылки
0002319.png	Примечания
0002320.png	Малый Могильцевский переулок
0002321.png	Иоганн Якобе
0002322.png	Захват англичанами Барбадоса.
0002323.png	Понятие
0002324.png	Эффузивные извержения
0002325.png	Сайт города Амурск
0002326.png	Примечания
0002327.png	память священномученика Симона (Шлеёва), епископа Уфимского (1921);
0002328.png	Французские коллаборационисты
0002329.png	Чачак, Сербия
0002330.png	Ссылки
0002331.png	Ещё два музея расположены в Тотемском районе:
0002332.png	Разное
0002333.png	Религия
0002334.png	События
0002335.png	Примечания
0002336.png	сульфены
0002337.png	Временная шкала
0002338.png	Николай Майоров (погиб в 1942), русский советский поэт-фронтовик.
0002339.png	Александр Серый (р. 1927), советский кинорежиссёр и сценарист.
0002340.png	Медико-санитарная часть МВД РФ
0002341.png	Примечания
0002342.png	Примечания
0002343.png	Синдром Ушера
0002344.png	отождествление с группой и групповое сознание;
0002345.png	Присвоение номера
0002346.png	Филиал в Ташкенте, Республика Узбекистан. Был основан 4 июня 2019 г.
0002347.png	Главные произведения
0002348.png	Имя Елизаветы Петровны носит с 2019 года аэропорт Храброво (Калининград).
0002349.png	Пипекуромия бромид (миорелаксирующее средство периферического действия)
0002350.png	Эдвард Дмитрык (р. 1908), американский кинорежиссёр украинского происхождения.
0002351.png	В искусстве
0002352.png	Географические названия
0002353.png	Корейский конфликт
0002354.png	Орден Андрея Первозванного при Высочайшем Рескрипте (1909)
0002355.png	История и теория архитектуры
0002356.png	На основании изложенного обвиняется
0002357.png	Литература
0002358.png	Высшее образование Гамбии представлено следующими высшими учебными заведениями:
0002359.png	Эффективное уравнение Дирака
0002360.png	Литература
0002361.png	Германские генерал-фельдмаршалы
0002362.png	Ссылки
0002363.png	Португалия
0002364.png	Позавтракать уж было собралась, да призадумалась.
0002365.png	Корабли
0002366.png	События
0002367.png	Прогноз
0002368.png	Орден Святых Маврикия и Лазаря:
0002369.png	Почётные члены РАХ
0002370.png	«Дуэт королевы и Бекингэма», исполняют Алиса Фрейндлих и Алексей Кузнецов
0002371.png	Люди, чей прах был развеян
0002372.png	Казаки при Советской власти
0002373.png	1967 Монреаль (Канада)
0002374.png	См. также
0002375.png	Литература
0002376.png	Моря России
0002377.png	Громов Н. Н. Художники о русском крестьянстве.
0002378.png	1785 км: Тилим
0002379.png	Примечания
0002380.png	«Волшебник Изумрудного города» (1939, 1959)
0002381.png	Унифицированные для подводных лодок и надводных кораблей;
0002382.png	Природный парк «Валаамский архипелаг»
0002383.png	Межъязыковые соответствия
0002384.png	Списки:География Израиля
0002385.png	1785 год в России
0002386.png	Авиация
0002387.png	Влияние
0002388.png	ОТ-26
0002389.png	31 год.
0002390.png	Влияние на культуру
0002391.png	Литература
0002392.png	Декабрь
0002393.png	Транспорт
0002394.png	Иностранные члены Лондонского королевского общества
0002395.png	Участие США
0002396.png	Аттестационная комиссия правительства Российской Федерации
0002397.png	Проблемы терминологии
0002398.png	Биография
0002399.png	История религии Древней Греции. Орфическая Теософия
0002400.png	Классификация
0002401.png	Ссылки
0002402.png	Классификация болезней
0002403.png	В городе расположены филиалы высших учебных заведений:
0002404.png	Условия хранения
0002405.png	1 апреля
0002406.png	Разрешающая способность счетчика частиц (ионизирующего излучения)
0002407.png	Златоуст,
0002408.png	Шкала Фудзиты
0002409.png	Сходимость ряда Фурье
0002410.png	Туркмения
0002411.png	Участники Берлинской операции
0002412.png	Смена: 51 депутат
0002413.png	кафедра физики и математики;
0002414.png	1. Горизонтальная черта
0002415.png	Публикации
0002416.png	Брестский государственный колледж сферы обслуживания
0002417.png	Шанель Иман, американская супермодель.
0002418.png	Симптомы агонии
0002419.png	Библиография
0002420.png	Франция
0002421.png	Члены-корреспонденты АН СССР
0002422.png	Фотографии из Сан-Томе и Принсипи
0002423.png	Этимология
0002424.png	Саха Виктория (радиостанция)
0002425.png	Список послов СССР и России в Лаосе
0002426.png	Призы
0002427.png	Расположен город на берегу Бостонской бухты залива Массачусетс.
0002428.png	Новосибирский металлургический завод имени Кузьмина
0002429.png	Образование
0002430.png	Экономика и образование
0002431.png	Дальнейшие наблюдения
0002432.png	См. также
0002433.png	Литература
0002434.png	Репортер
0002435.png	Курская область
0002436.png	Теория колец
0002437.png	События в Оше (Киргизия)
0002438.png	Самые большие метеоритные кратеры на поверхности Земли
0002439.png	Наказания
0002440.png	(1972), 100 мин., Великобритания, Франция, Германия (ФРГ), Италия, Испания
0002441.png	История Белоруссии
0002442.png	Пословицы и поговорки
0002443.png	Плодовые деревья
0002444.png	Совершившие самосожжение
0002445.png	Дворянские роды
0002446.png	Моцарт и Сальери
0002447.png	Политическая социализация
0002448.png	Государственное устройство и политика
0002449.png	Армянская апостольская церковь
0002450.png	Естественная вентиляция
0002451.png	Ракета-носитель
0002452.png	В турецком телесериале «Явуз» роль султана Селима исполнил Дженгиз Джошкун.
0002453.png	Сражение джунгаров и казахов на реке Аягуз.
0002454.png	Члены Палаты представителей Массачусетса
0002455.png	Туалетная бумага
0002456.png	Равнинный Карабах
0002457.png	Лингвогеография
0002458.png	Историки по алфавиту
0002459.png	Достопримечательности
0002460.png	Фильмы США 1956 года
0002461.png	Владимир Джанибеков
0002462.png	История
0002463.png	Примечания
0002464.png	Примечания
0002465.png	Другие метаболики
0002466.png	Примечания
0002467.png	В 2012 году впервые в жизни совершил прыжок с парашютом вместе с сестрой.
0002468.png	Самый старый способ получения эфирных масел из растительного сырья.
0002469.png	Макрогруппа тибето-канаури:
0002470.png	Птицы Австралии
0002471.png	История искусства
0002472.png	Топонимы
0002473.png	Имя Калев широко используется в современной Эстонии.
0002474.png	Пионерский сквер.Расположен напротив магазина «Орёл».
0002475.png	Историография
0002476.png	Финансовая автономия
0002477.png	Литература
0002478.png	профилактика повреждения генов
0002479.png	История
0002480.png	Описанная окружность
0002481.png	В одном из своих интервью Фуко отмечал:
0002482.png	См. также
0002483.png	Хранение своих старых вещей
0002484.png	Газосиликат
0002485.png	7 декабря 671 года произошло кольцеобразное солнечное затмение.
0002486.png	Политики по алфавиту
0002487.png	В итальянских шашках дамка может ходить лишь на одно поле.
0002488.png	Примечания
0002489.png	Спортивные клубы Нижнего Новгорода
0002490.png	анимация:
0002491.png	Действительные государственные советники Российской Федерации 1-го класса
0002492.png	мертворождённая дочь (1508)
0002493.png	10 мая
0002494.png	Фестивали
0002495.png	История
0002496.png	И, наконец, при приёме большой дозы алкоголя возможен смертельный исход.
0002497.png	См. также
0002498.png	агинские буряты
0002499.png	Бывшие участники
0002500.png	Протестантизм
0002501.png	Литература
0002502.png	Награды
0002503.png	Бурятский колледж технологий и лесопользования,
0002504.png	Музей спорта на стадионе «Знамя».
0002505.png	Достижения волейбольного ЦСКА (жен.)
0002506.png	Вахтангов
0002507.png	Примечания
0002508.png	Примечания
0002509.png	Скончались
0002510.png	По составу различают игнимбриты:
0002511.png	Крупнейшими налогоплательщиками в Приморье являются:
0002512.png	См. также
0002513.png	КуМир
0002514.png	(конц. , кип.)
0002515.png	Мосазервинзавод
0002516.png	Астрологи Италии
0002517.png	Керкирская, Паксийская и Диапонтийских островов митрополия
0002518.png	Биологическая психиатрия
0002519.png	Аналитик Дмитрий Сергеев пришёл к следующему выводу:
0002520.png	«Скользящие» даты
0002521.png	Признан в России лучшим теннисистом столетия.
0002522.png	Литература
0002523.png	Пол Кейн
0002524.png	Соединения кальция по алфавиту
0002525.png	Ладинский язык
0002526.png	Троянский конь
0002527.png	Борис Яковенко (род. 1884), русский философ, издатель и переводчик.
0002528.png	Субрациональные области в иррационализме
0002529.png	Длинная Сукхавативьюха сутра
0002530.png	История
0002531.png	Население
0002532.png	Литература
0002533.png	Современный валютный рынок выполняет следующие функции:
0002534.png	гипопитуитаризм
0002535.png	География
0002536.png	Раздел политэкономии в библиотеке «Нестор»
0002537.png	Носители
0002538.png	Философский пессимизм
0002539.png	Международные финансовые организации
0002540.png	Основные признаки федеративного государства
0002541.png	Прозвища
0002542.png	Афганистана (1855)
0002543.png	Участники Бородинского сражения
0002544.png	Поместная церковь
0002545.png	медаль «За укрепление дружбы по оружию» (ЧССР) (1980);
0002546.png	«Среди учителей» (1896)
0002547.png	Котляковский проезд
0002548.png	Учреждения образования
0002549.png	Храм в честь Воскресения Христова (Каунас)
0002550.png	Внешняя политика
0002551.png	Церковь Троицы Живоначальной (1800 г.) - с. Новое. Действует.
0002552.png	Входит в список ФИФА 100: 2004
0002553.png	Литературный образ
0002554.png	Смерть
0002555.png	Списки политиков Германии
0002556.png	Примечания
0002557.png	Биография
0002558.png	Туманные фьорды
0002559.png	Биография
0002560.png	Культура
0002561.png	Япония заявила о невмешательстве в европейскую войну
0002562.png	В Европе
0002563.png	Мужчины: 79,22 лет
0002564.png	Ссылки
0002565.png	Крыло изменяемой стреловидности
0002566.png	География
0002567.png	Прочее
0002568.png	Роман Рачинский (76-й общий)
0002569.png	Показатель преломления
0002570.png	Литературоведы Италии
0002571.png	Город
0002572.png	Центральный банк Российской Федерации (Банк России).
0002573.png	В 1963 район был упразднён и в 1965 году восстановлен.
0002574.png	Памятник работникам киностудии, погибшим в Великую Отечественную войну
0002575.png	Горы Афганистана
0002576.png	Царь: Анк Марций.
0002577.png	Список офшорных зон
0002578.png	Независимость от фазы комплексного числа
0002579.png	Растительноядные
0002580.png	Участники Альминского сражения
0002581.png	Ранние и региональные турниры
0002582.png	География населения
0002583.png	Примечания
0002584.png	Яд, яд, дядя!
0002585.png	Биографические
0002586.png	Литература
0002587.png	Первый срок
0002588.png	Выделяют 12 подвидов:
0002589.png	Персоналии по алфавиту
0002590.png	Населённые пункты Ясногорского района
0002591.png	Крупнейшие архипелаги
0002592.png	Радиус кривизны:
0002593.png	Квалификация преступления
0002594.png	Примечания
0002595.png	Терминология
0002596.png	Каждый качественный химический анализ распадается на три части:
0002597.png	28 апреля
0002598.png	Природные объекты
0002599.png	Жалоба влюблённой
0002600.png	Мелхола, дочь царя Саула. Бездетна.
0002601.png	Ссылки
0002602.png	Рабат, Марокко (22 марта 1988)
0002603.png	Шумпетер
0002604.png	Административно-территориальное деление
0002605.png	Друзы Голанских высот
0002606.png	257 км: Бердяшка
0002607.png	В честь актёра был создан выпуск передачи из цикла «Чтобы помнили».
0002608.png	Живая статуя
0002609.png	Корабли, захваченные Японией во время русско-японской войны
0002610.png	, называемый «пси-бар», иногда называют сопряженным по Дираку;
0002611.png	Антропология
0002612.png	Политическая жизнь
0002613.png	Я первый в мире, и в садах Эдема
0002614.png	«Пекинское бикини»
0002615.png	Ссылки
0002616.png	Кинокомедии 1955 года
0002617.png	В науке
0002618.png	Воспоминания
0002619.png	Мамонт:
0002620.png	Этимология
0002621.png	Похороненные на Ваганьковском кладбище
0002622.png	Дон Маклин, американский фолк-певец, автор песен.
0002623.png	«Афиша Прикарпатья»
0002624.png	серия космических кораблей в СССР.
0002625.png	Иностранные члены Французской академии наук
0002626.png	Население
0002627.png	«Новые явления в энергетике капиталистического мира» (1979);
0002628.png	Жаклин Обрадорс, американская актриса.
0002629.png	Литература
0002630.png	Вторая мировая война. Отказ от пацифизма
0002631.png	Отношения со Смоленском
0002632.png	Август
0002633.png	Лауреаты премии «Небьюла»
0002634.png	Персонажи-пирокинетики
0002635.png	Космический транспорт
0002636.png	Биография
0002637.png	Виды спорта
0002638.png	Распространение
0002639.png	Экстракция
0002640.png	Интернет-СМИ
0002641.png	Примечания
0002642.png	Адольф Гитлер
0002643.png	Географическое положение
0002644.png	Завоевания Зу-ль-Карнайна
0002645.png	Кандидаты в короли Литвы
0002646.png	Деятели феминизма Австрии
0002647.png	История Северной Осетии
0002648.png	Экономика
0002649.png	Железнодорожный транспорт
0002650.png	Географическое краеведение
0002651.png	История космонавтики
0002652.png	Универсальный растворитель
0002653.png	официальный сайт острова
0002654.png	Президентские выборы 1796 года и деятельность на посту вице-президента
0002655.png	Классическое искусство
0002656.png	6 июня 2017 Катар призвал соседей к диалогу, посредником выступил эмир Кувейта.
0002657.png	Сложные эфиры карбоновых кислот
0002658.png	Начальники штаба
0002659.png	Востоковеды России
0002660.png	Обвинения в сексуальных домогательствах
0002661.png	События
0002662.png	«Русь» (Россия)
0002663.png	Поделочные камни: Терсюкское месторождение.
0002664.png	72 км: река Ковъю
0002665.png	Разновидности футбола
0002666.png	Арина Перчик
0002667.png	Биография
0002668.png	Главы Севастополя
0002669.png	ОАО «Муромский приборостроительный завод» (ОАО «МПЗ»);
0002670.png	Содержание кроликов
0002671.png	В фильме принимали участие
0002672.png	образованы Костромская область и Томская область.
0002673.png	«Гигиена и макробиотика»,
0002674.png	Литература
0002675.png	мост в створе 1-й улице за линией Октябрьской железной дороги;
0002676.png	Звания:
0002677.png	Муладхара чакра
0002678.png	фирменный магазин Великолукского мясокомбината (2 шт.),
0002679.png	Большая Невка
0002680.png	Примечания
0002681.png	Мир сцены
0002682.png	Мнемонические правила
0002683.png	Берта
0002684.png	Кубок ФНЛ
0002685.png	См. также
0002686.png	Хамамацу, Япония (1990)
0002687.png	1260 км: Ханчалы
0002688.png	Вмиг Давыдова не стало!
0002689.png	Память
0002690.png	Члены Прусской академии наук
0002691.png	Столицы исторических государств
0002692.png	Прикамский социальный институт.
0002693.png	Почётные граждане Саяногорска
0002694.png	Смарт-кондиционер
0002695.png	Версии о мотивах Руста
0002696.png	История
0002697.png	Страсбург
0002698.png	Климат
0002699.png	Ссылки
0002700.png	Шведский королевский гимн
0002701.png	Избранная библиография
0002702.png	Стафилококковая пневмония
0002703.png	Западная Европа
0002704.png	Швеция
0002705.png	Литература
0002706.png	Кавалергарды
0002707.png	Кафедра монументально-декоративной живописи
0002708.png	Богини в римской мифологии
0002709.png	Источники ультрафиолета
0002710.png	Технологии:
0002711.png	Даниловичи (Рюриковичи)
0002712.png	Ссылки
0002713.png	Финансы
0002714.png	Пешеходный мост на плотине ТЭЦ (Орёл)
0002715.png	Сочинения
0002716.png	Принцип ионообменной хроматографии
0002717.png	Прикладной уровень
0002718.png	Почётные граждане Праги
0002719.png	Термодинамический потенциал
0002720.png	Оперные дирижёры
0002721.png	Магистратуры
0002722.png	История концепции
0002723.png	Ссылки
0002724.png	Выпускники Тенишевского училища
0002725.png	Города-побратимы
0002726.png	Европейские породы:
0002727.png	Искусство
0002728.png	«Надежда вичужан»
0002729.png	Население
0002730.png	Сверхнизкие температуры
0002731.png	Самый известный и посещаемый городской портал Бахчисарая.
0002732.png	Данные водного реестра
0002733.png	Известные люди
0002734.png	Иммунодепрессанты
0002735.png	Почвы
0002736.png	Нарада-бхакти-сутры риши Нарады;
0002737.png	Примечания
0002738.png	Антонович, Олег Васильевич (01.03.1996, 259)
0002739.png	Журнал "Клиническая фармация"  - Российский журнал
0002740.png	Лисичанский нефтехимический техникум
0002741.png	Главы муниципального образования:
0002742.png	Появились в 1356 году
0002743.png	В Советском Союзе
0002744.png	Примечания
0002745.png	Население
0002746.png	Клиническая смерть
0002747.png	Области в Российской империи
0002748.png	Диаграмма состоит из
0002749.png	Административное деление
0002750.png	Примечания
0002751.png	Почётные доктора Университета Осло
0002752.png	Дновский район
0002753.png	Самарий в Популярной библиотеке химических элементов
0002754.png	Способ взаимодействия физических устройств
0002755.png	Противопоказания
0002756.png	Климат
0002757.png	Сочинения
0002758.png	Древний Египет
0002759.png	Диагноз индуцированного бредового расстройства может быть поставлен при условии:
0002760.png	, где:
0002761.png	См. также
0002762.png	Медаль «За оборону Москвы»
0002763.png	Вадим Храповицкий
0002764.png	Примечания
0002765.png	В кинематографе
0002766.png	Исаак Яковлевич Померанчук (1935)
0002767.png	Главную героиню Сергей Бодров-младший назвал в честь своей жены Светланы.
0002768.png	Церковь Покрова Пресвятой Богородицы (1808 г) с. Покровское-на-Сити. Действует
0002769.png	Школа нового века;
0002770.png	Ссылки
0002771.png	Ссылки
0002772.png	Католические: Барбат, .
0002773.png	Население
0002774.png	В Риге улица носит имя Сергея Эйзенштейна.
0002775.png	Награды
0002776.png	Производители электромобилей
0002777.png	Критика
0002778.png	«Командорские острова» Командорские острова.
0002779.png	Сплавы различают по назначению: конструкционные, инструментальные и специальные.
0002780.png	Художественные фильмы и сериалы
0002781.png	Средневековая Ингушетия
0002782.png	Республика Кипр
0002783.png	Примечания
0002784.png	См. также
0002785.png	Наука и техника
0002786.png	Родившиеся в 1100 году
0002787.png	Городское училище (начало 1910-х), модерн с элементами романского стиля.
0002788.png	Порты Испании
0002789.png	География
0002790.png	Чудеса Петра в Лидде и Иоппии. Исцеление Энея и воскрешение Тавифы ()
0002791.png	Библиография
0002792.png	Источники
0002793.png	Французские писатели
0002794.png	Примечания
0002795.png	Общественный транспорт
0002796.png	Животные
0002797.png	Учёба
0002798.png	Микрохромосомы
0002799.png	Биография
0002800.png	В составе Москвы
0002801.png	Депутаты Верховного Совета СССР 2-го созыва
0002802.png	Европейские источники
0002803.png	Железнодорожный транспорт
0002804.png	Предлог
0002805.png	Основан Ньюарк.
0002806.png	Изменения в размерах
0002807.png	Населённые пункты Любомльского района
0002808.png	Современный чувашский язык
0002809.png	Николай Зборовский (ум. ок. 1585), ротмистр королевский и староста шидловецкий
0002810.png	Развитие философии техники в России
0002811.png	Со стороны системы кроветворения
0002812.png	Литература
0002813.png	Архитекторы Российской Федерации
0002814.png	Сражения 1898 года
0002815.png	Конец государственной деятельности кардинала
0002816.png	Премия Андрея Белого (1986, номинация «Гуманитарные исследования»)
0002817.png	Члены КПСС
0002818.png	История биологии
0002819.png	Литература
0002820.png	Синтаксическое маркирование
0002821.png	14 декабря
0002822.png	Жилые массивы города обычно делят на:
0002823.png	Кирхгаймболанден, Германия
0002824.png	О переводе Семидесяти в Письме Аристея сообщается следующее:
0002825.png	Анатомия
0002826.png	-ол (для пятичленного цикла),
0002827.png	Примечания
0002828.png	Токсикология
0002829.png	Примечания
0002830.png	Насилие над женщинами
0002831.png	Управление оперативно-технических мероприятий (УОТМ)
0002832.png	372 попавших в плен (большинство вернулись в Испанию в 1954 году).
0002833.png	Поощрения Президента Российской Федерации
0002834.png	Газета "Вольская жизнь"
0002835.png	Примечания
0002836.png	Примечания
0002837.png	Храм первоверховных апостолов Петра и Павла
0002838.png	Мейсенский
0002839.png	Дэйв Кинг, канадский хоккейный тренер.
0002840.png	22-я легкотанковая бригада (Т-26)
0002841.png	Правоведы Российской империи
0002842.png	15 февраля
0002843.png	53 станции Токайдо.
0002844.png	Общественные деятели России
0002845.png	Лидия: Алиатт, Крёз.
0002846.png	Дана Борисова, телеведущая.
0002847.png	Русские поэты
0002848.png	К другим симптомам катаракты у взрослых относятся:
0002849.png	Технические университеты Украины
0002850.png	Почётные граждане Варны
0002851.png	Стартовые комплексы
0002852.png	Умер  года, похоронен на Смоленском кладбище в Санкт-Петербурге.
0002853.png	Ссылки
0002854.png	Антиохия Заяксартская
0002855.png	Послеродовые факторы
0002856.png	Компании, подвергнутые санкциям в связи с вторжением России на Украину
0002857.png	Прочие стили
0002858.png	Астрология друидов.
0002859.png	Математики по алфавиту
0002860.png	«История Гарвардского университета» (, 1840),
0002861.png	Классификация ландшафтов Средней Азии
0002862.png	Азиатская премия культуры Фукуока (1990).
0002863.png	Услуги связи и телекоммуникации и услуги ремонта цифровой и бытовой техники
0002864.png	Международный день стоматолога
0002865.png	Православные (дата по новому стилю):
0002866.png	Адаптации
0002867.png	Международные
0002868.png	Выпускники Санкт-Петербургской духовной академии
0002869.png	Основное правило психоанализа
0002870.png	2 ордена Ленина (11.01.1935; 4.11.1967)
0002871.png	Корабли
0002872.png	Лауреаты премии Японии
0002873.png	В зависимости от источника энергии (в частности, вида топлива)
0002874.png	Лауреаты премии «Сезар»
0002875.png	(имеется в русском переводе).
0002876.png	Источники
0002877.png	Спасо-Вифанский монастырь
0002878.png	Инактивация оксидантов
0002879.png	Сравнительная анатомия и филогенез
0002880.png	Городской парк аттракционов Геленджика;
0002881.png	Мой класс, М.-Л., Детгиз, 1951
0002882.png	География
0002883.png	факультет общей медицины (открыт с 2018 года)
0002884.png	Родились
0002885.png	Изучение
0002886.png	Еврейские епископы Иерусалимские
0002887.png	Орден Святого Александра Невского (08.10.1813)
0002888.png	Вера Хитилова (р. 1929), авангардный чешский кинорежиссёр и сценарист.
0002889.png	Упразднённые населённые пункты
0002890.png	Ссылки
0002891.png	Чау-чау известна в Китае уже более 2 тыс. лет.
0002892.png	Богослужение двунадесятых Господских праздников
0002893.png	Республиканизм
0002894.png	Малые острова и скалы:
0002895.png	Физический энциклопедический словарь: Квантовая механика"
0002896.png	См. также
0002897.png	восточноармянский язык
0002898.png	Экономика
0002899.png	Похороненные в Софийском соборе (Киев)
0002900.png	Городской автовокзал расположен рядом с железнодорожным на улице Привокзальная.
0002901.png	Архитекторы модерна
0002902.png	Как часть племён кавказских албанцев
0002903.png	Урал-4320
0002904.png	Некоторые свойства
0002905.png	Словообразование
0002906.png	Классификация электромеханических генераторов
0002907.png	Заливы Санкт-Петербурга
0002908.png	Государственные деятели СССР
0002909.png	Награды
0002910.png	Города до 1921 года
0002911.png	Архитектура
0002912.png	Ламбик
0002913.png	Урочище Заклятое
0002914.png	Ссылки
0002915.png	Твёрдая азотная кислота образует две кристаллические модификации:
0002916.png	В Японии введена современная система почтовой связи.
0002917.png	Герой Социалистического Труда (1955).
0002918.png	Фрактальная геометрия,
0002919.png	Заклинание (1960)
0002920.png	Биография
0002921.png	Памятники Великой Отечественной войны в Белоруссии
0002922.png	Африканерский национализм
0002923.png	Ссылки
0002924.png	«Проспект»,
0002925.png	Мессы
0002926.png	Статьи:
0002927.png	Переименованные населённые пункты Литвы
0002928.png	1677 «Этика, доказанная в геометрическом порядке и разделенная на пять частей»
0002929.png	20 июня
0002930.png	В сборной
0002931.png	Почётные граждане Смоленска
0002932.png	Ссылки
0002933.png	Астрономы Древней Греции
0002934.png	Сапфир в атласе минералов
0002935.png	«Менуэт» (музыка Л. Боккерини, постановка А. Лапаури)
0002936.png	Паркуа Па?
0002937.png	Руслан Нигматуллин
0002938.png	Лазаревский
0002939.png	Основан Бхавнагар (город в Индии).
0002940.png	Упомянутые современные издания стихов и прозы:
0002941.png	События
0002942.png	Ихтиоз (генетическое заболевание)
0002943.png	Копенгаген, Дания (2023)
0002944.png	Персонажи
0002945.png	Список княжеских родов Польши
0002946.png	Констанца (), Румыния;
0002947.png	Почётный гражданин Краснодара
0002948.png	См. также: :Категория:Родившиеся в 1268 году
0002949.png	Краснинский овощесушильный завод.
0002950.png	Список космических аппаратов с рентгеновскими и гамма-детекторами на борту
0002951.png	Этнографы Грузии
0002952.png	Этимология
0002953.png	В Интернете
0002954.png	Административные единицы, образованные в 1878 году
0002955.png	Должности
0002956.png	Космология
0002957.png	Нжде и армянское неоязычество
0002958.png	См. также
0002959.png	предоставлению услуг в области шифрования информации;
0002960.png	На 1 января 1951 года поголовье скота составляло:
0002961.png	Депутаты Верховного Совета РСФСР 6-го созыва
0002962.png	Это место считалось одной из лучших крепостей на Днепре.
0002963.png	Каммингс озвучил Эда, тупую гиену, которая не разговаривает, а только смеётся.
0002964.png	Официальный сайт сенатора
0002965.png	Резекненский техникум;
0002966.png	По способу показа делятся на:
0002967.png	Текст (перевод с английского):
0002968.png	чьи корни сокрыты
0002969.png	Международные
0002970.png	Преподаватели Тобольской духовной семинарии
0002971.png	Среди основных направлений внешней политики Франции можно выделить следующие:
0002972.png	Церковь Сан-Франсиску
0002973.png	«Очи чёрные», (1987) реж. Никита Михалков
0002974.png	Галерея «Харьковская сирень»
0002975.png	Литература
0002976.png	Почитание
0002977.png	Именины
0002978.png	Собор Тульских святых
0002979.png	Неиспользуемые номера НХЛ
0002980.png	Формула Найквиста
0002981.png	Умершие от болезни Альцгеймера
0002982.png	Каждое лето в городе работает Международная творческая школа «Новые имена».
0002983.png	Химическая промышленность
0002984.png	Экология
0002985.png	Выпускники Военной академии США
0002986.png	Проектируемый 292-й проезд
0002987.png	Ивами
0002988.png	Тверская митрополия
0002989.png	Пыпно
0002990.png	ФШМ «Торпедо»
0002991.png	Населённые пункты по алфавиту
0002992.png	Церковь во имя святого великомученика Пантелеимона
0002993.png	Памятная книга Тверской губернии, 1863 год. Очерк Осташкова (Н.И. Рубцов).
0002994.png	«Молодёжная смена»
0002995.png	Восприятие за рубежом
0002996.png	Экосистема
0002997.png	Нух в преданиях
0002998.png	Равноускоренное прямолинейное движение
0002999.png	Император
0003000.png	На основании этих соображений Яков Эмден приходит к выводам:
0003001.png	Хардвар, Варанаси и Гая, где находятся следы священных стоп Вишну (Вишнупада).
0003002.png	Передача двоичных данных
0003003.png	Лауреаты литературной премии имени Александра Фадеева
0003004.png	Научно-образовательный кампус «Большая Ивановская мануфактура»
0003005.png	Кремли
0003006.png	Российская Федерация (с 1991)
0003007.png	Почётные доктора Университета имени Я. А. Коменского
0003008.png	Другие реформы
0003009.png	Воздушный транспорт
0003010.png	По типу трансмиссии: прямого привода и с применением зубчатых передач.
0003011.png	Родившиеся в 960-е годы
0003012.png	Фальсификация
0003013.png	Ссылки
0003014.png	Сражение на реке Пьяне (1377)
0003015.png	Драматические произведения
0003016.png	См. также
0003017.png	празднование в честь икон Божией Матери:
0003018.png	Литература
0003019.png	Транспортные здания и сооружения, построенные в 1912 году
0003020.png	Диксон (Миссури)
0003021.png	Не Париж (2018)
0003022.png	расширение «внутрипартийной демократии»;
0003023.png	Жадная обезьянка (1929)
0003024.png	В городе действовал кирпичный завод.
0003025.png	Ссылки
0003026.png	Скончались
0003027.png	Упоминания в культуре
0003028.png	События
0003029.png	метастазированием в мозговую область;
0003030.png	Ссылки
0003031.png	Йозеф Куделка, чешско-французский фотограф-документалист.
0003032.png	Золотая шпага «За храбрость» (26.11.1814)
0003033.png	88: Луций Корнелий Сулла и Квинт Помпей Руф
0003034.png	См. также: :Категория:Умершие в 1441 году
0003035.png	Изменение территории Китая
0003036.png	История кремля
0003037.png	Отрицание
0003038.png	Достоевисты
0003039.png	Депутаты Верховного Совета СССР 9-го созыва
0003040.png	Анатомия
0003041.png	Страны, планирующие первые ИСЗ
0003042.png	Рождение Плоского мира
0003043.png	12 км: река Мартыновка
0003044.png	Станция юных натуралистов. Открыта 5 сентября 1985 года
0003045.png	Эйлер подал руководству Петербургской академии прошение об отставке:
0003046.png	Почётные доктора Стелленбосского университета
0003047.png	греческий Орден Спасителя, командорский крест (1861)
0003048.png	Гаджи Гаджиев в программе «Южная трибуна»
0003049.png	Плотина Зейской ГЭС
0003050.png	Кабина пилотов
0003051.png	Письменность
0003052.png	Легенды старой Праги
0003053.png	«12 стульев»
0003054.png	Роман Виктюк показал в Москве свой новый спектакль по пьесе Ханоха Левина
0003055.png	«Цари, чьи эпонимы разрушены»
0003056.png	Образ в культуре
0003057.png	Особенности
0003058.png	Награды
0003059.png	Маршала Вершинина, улица
0003060.png	Население
0003061.png	«Св. подвижницы Восточной церкви» (1871)
0003062.png	Эпические поэмы
0003063.png	Храм Гарни
0003064.png	Главное управление контрразведки
0003065.png	Независимая Республика Македония
0003066.png	Финалист: 1951
0003067.png	Искусственный ввод кодов команд
0003068.png	Примечания
0003069.png	Сенаторы Речи Посполитой
0003070.png	Умершие от туберкулёза
0003071.png	Канцлеры великие коронные
0003072.png	Пруссия в нацистский период
0003073.png	Экономика
0003074.png	Охраняемые природные территории Санкт-Петербурга
0003075.png	Музыка
0003076.png	Ссылки
0003077.png	Группа Федерации независимых профсоюзов РСФСР: 89 депутатов
0003078.png	Шрифтовики
0003079.png	плутония и углерода
0003080.png	Артиллерия
0003081.png	Умершие в 1793 году
0003082.png	Персоналии по алфавиту
0003083.png	Скончались
0003084.png	Народы Египта
0003085.png	Фильмы-мелодрамы СССР
0003086.png	Микрорайон Веретье-3;
0003087.png	Демон Максвелла
0003088.png	Радио «Свободная Европа»
0003089.png	Комбриг (04.11.1939)
0003090.png	Личности
0003091.png	2004 год
0003092.png	Задачники:
0003093.png	Триас
0003094.png	Подводная археология
0003095.png	Эпидемиология
0003096.png	Примечания
0003097.png	Критерии
0003098.png	Пояснения
0003099.png	Звезда (геометрия) или Звёздчатый многоугольник.
0003100.png	Байкальск
0003101.png	Падение белого Крыма
0003102.png	«Тайна» (1983)
0003103.png	(2-е изд.: М., 2015)
0003104.png	Анна Буковская заявила:
0003105.png	Растительность
0003106.png	Рок-музыканты СССР
0003107.png	желудочковая аритмия, лёгочная гипертензия
0003108.png	См. также
0003109.png	Диагностика
0003110.png	Политическая карьера
0003111.png	Генералы от инфантерии (Российская империя)
0003112.png	Хранение
0003113.png	Похороненные в Великокняжеской усыпальнице
0003114.png	Примечания
0003115.png	Всего 31 глава:
0003116.png	нисходящая ободочная кишка (;
0003117.png	Примечания
0003118.png	9 июня
0003119.png	Начало правления
0003120.png	Следовательно
0003121.png	Аббат, аббатиса, приор, коммендатор, генерал ордена иезуитов.
0003122.png	Великая Русь на восточнославянской территории
0003123.png	Игрок года в «Аяксе»: 1996
0003124.png	Биография
0003125.png	Хазарские города
0003126.png	Физические методы
0003127.png	Финно-угроведы
0003128.png	Белая мечеть. М., 1958
0003129.png	Юридический департамент
0003130.png	Биография
0003131.png	Средние специальные учебные заведения
0003132.png	Переправы через Горелый ручей
0003133.png	Критика Министерства
0003134.png	Климат
0003135.png	Трудовая деятельность
0003136.png	Литература
0003137.png	Музей боевой и трудовой славы и выставка военной техники под открытым небом
0003138.png	Побережье Норвегии
0003139.png	Журавли, в сквере на проспекте Красноярский рабочий.
0003140.png	Религия
0003141.png	Формы знаний
0003142.png	Монархи, попавшие в плен
0003143.png	Выпускники юридического факультета Императорского Новороссийского университета
0003144.png	См. также
0003145.png	Население
0003146.png	Биография
0003147.png	В 1787 году был произведён в академики.
0003148.png	Герб 1973 года
0003149.png	Биография
0003150.png	Литература
0003151.png	Лицо, принимающее решение
0003152.png	Коллежские советники
0003153.png	в банкоматах и платёжных терминалах
0003154.png	Ссылки
0003155.png	Китайский волчок
0003156.png	Сильные позиции:
0003157.png	Иностранные члены Индийской национальной академии наук
0003158.png	Скончались
0003159.png	Частным образом зарабатывать деньги
0003160.png	История открытия
0003161.png	Распространение и экология
0003162.png	Крамского, улица
0003163.png	Характеристика пепелаца в фильме
0003164.png	Майор (1.08.1975).
0003165.png	Примечания
0003166.png	Файловые системы
0003167.png	память святого Евтропия Сентского;
0003168.png	См. также
0003169.png	Богота, Колумбия
0003170.png	Искусственное воспроизведение явления
0003171.png	Войны островов Гилберта
0003172.png	Ссылки
0003173.png	Черкасский филиал Национального аэрокосмического университета (ХАИ);
0003174.png	Евтихий.
0003175.png	Гуджары
0003176.png	Вооружение и тактика
0003177.png	Ссылки
0003178.png	Ресурсное проклятие
0003179.png	Управление реестра федерального имущества
0003180.png	Национальный состав
0003181.png	Примечания
0003182.png	парламентские выборы в Венгрии
0003183.png	Лекарственное взаимодействие
0003184.png	Лауреаты премии «Триумф»
0003185.png	Вариации и обобщения
0003186.png	Кладей
0003187.png	Объектно-ориентированная операционная система
0003188.png	Окружение Гефеста
0003189.png	Память Осанны Которской.
0003190.png	655 км: река без названия
0003191.png	Сталинская премия
0003192.png	Члены Тайного совета Великобритании
0003193.png	Философия математики
0003194.png	Российский императорский дом
0003195.png	Фомин, Александр Гурьевич (18.06.2001, 730)
0003196.png	Литература
0003197.png	Обратное число не следует путать с противоположным или с обратной функцией.
0003198.png	Духовное училище
0003199.png	Литература
0003200.png	Национальный театр Ивана Вазова
0003201.png	Официальный сайт Мамоновского городского музея
0003202.png	Преподаватели Московского авиационного института
0003203.png	Апрель
0003204.png	Хронология пилотируемых космических полётов (1980-е)
0003205.png	Элигий, святой Римско-Католической Церкви.
0003206.png	История
0003207.png	Казачьи части
0003208.png	Примечания
0003209.png	Вооружённые силы
0003210.png	орден Красной Звезды (05.06.1942)
0003211.png	Коновницыны: Роман Петрович и Никита Степанович - стряпчие (1671-1692).
0003212.png	Избирательная комиссия;
0003213.png	Верить в богов,
0003214.png	Кельтские языки
0003215.png	Репрессивная политика
0003216.png	Министерство обороны Российской Федерации
0003217.png	Станция юных техников;
0003218.png	Президенты Токийского университета
0003219.png	Лекарственное взаимодействие
0003220.png	Декомпрессия в физике.
0003221.png	«Электроника 004 Стерео»
0003222.png	Религиоведы Франции
0003223.png	Библиография
0003224.png	Веселов Алексей Васильевич
0003225.png	Преподобные Русской Церкви
0003226.png	В строительстве левкас часто обозначает высококачественную отделку стен.
0003227.png	В составе Российской империи
0003228.png	сильный уравновешенный подвижный (соответствует сангвиническому);
0003229.png	22 декабря
0003230.png	Манифест Коммунистической партии
0003231.png	Международный комитет мер и весов
0003232.png	Высшие учебные заведения
0003233.png	Конструкция
0003234.png	В области произведено:
0003235.png	Транспорт
0003236.png	Город Пермь становится городом-миллионником.
0003237.png	Здравоохранение
0003238.png	События
0003239.png	Примечание. Указаны только полные аудиозаписи
0003240.png	главные управления Банка России;
0003241.png	Анжуйская династия
0003242.png	Быховский центр туризма, краеведения и экскурсий детей и молодёжи
0003243.png	Саша Вукадинович.
0003244.png	Война с Отоном
0003245.png	Административно-территориальное деление Московской области
0003246.png	События
0003247.png	Интерпретация геохимических данных:
0003248.png	Шахматные дебюты
0003249.png	системный
0003250.png	Выпускается в виде метансульфоната (мезилата).
0003251.png	Наука в Донецке
0003252.png	Чемпионы Всемирного боксёрского совета
0003253.png	Герб светлейшего князя Воронцова-Шувалова
0003254.png	Работа полной системы, потеря части спутников
0003255.png	Алкоголь
0003256.png	См. также
0003257.png	Проект «Большие человекообразные обезьяны»
0003258.png	Сергей Намёткин (р. 1876), русский советский химик-органик, академик АН СССР.
0003259.png	Языки Чада
0003260.png	Территориальное деление
0003261.png	Флора и фауна
0003262.png	Лев (1935)
0003263.png	28 сентября
0003264.png	Основное книгохранилище
0003265.png	В 1968 году была провозглашена независимость страны.
0003266.png	При передозировке пипотиазина возможны острый паркинсонический синдром и кома.
0003267.png	Семантика
0003268.png	Орден «Золотой Орёл» Героя Арцаха (НКР)
0003269.png	Менажерные фонтаны
0003270.png	Шахта имени М. В. Фрунзе, ЧАО «Суха Балка», г. Кривой Рог
0003271.png	Разведывательный цикл включает:
0003272.png	Политические партии и общественные организации
0003273.png	См. также
0003274.png	Предстоятели
0003275.png	Географическое положение
0003276.png	неизвестные
0003277.png	Семейное воспитание
0003278.png	Примечания
0003279.png	Волков, Александр Александрович (30.06.1998, 459)
0003280.png	Персоналии по алфавиту
0003281.png	необрезные (отёсанные только сверху и снизу).
0003282.png	Конституция страны гарантирует свободу вероисповедания.
0003283.png	С точки зрения способа установления цены различают два типа аукционов:
0003284.png	Тайные советники
0003285.png	Современность
0003286.png	Из детских лет Ивана Попова (1968)
0003287.png	Примечания
0003288.png	В массовой культуре
0003289.png	празднования в честь икон Божией Матери:
0003290.png	Примечания
0003291.png	Шина (компьютер)
0003292.png	Официальный сайт администрации Надымского района
0003293.png	Религиозная политика
0003294.png	Макиавелли стал «вооруженным пророком».
0003295.png	Васильевский спуск, Москва
0003296.png	Титул барона (1898)
0003297.png	Раанана, Израиль
0003298.png	Работы
0003299.png	Левски
0003300.png	сайт англиканской церкви св. Андрея в Москве
0003301.png	Цветоделение
0003302.png	В составе Российской империи
0003303.png	В05.9 Корь без осложнений
0003304.png	«О заразительной болезни холере» (1831);
0003305.png	Йо Бонниер (погиб в 1972), шведский автогонщик, пилот «Формулы-1».
0003306.png	Космонавт-инструктор, космонавт-испытатель 2-го класса (4.12.1969).
0003307.png	Общая численность жителей на 2017 год составляла 30,9 тысяч человек.
0003308.png	Субальпийский пояс
0003309.png	Свободное программное обеспечение, написанное на Лиспе
0003310.png	Химическая связь
0003311.png	История создания
0003312.png	Группа советских войск в Германии
0003313.png	1 января
0003314.png	Свенской (Печерской) (1288);
0003315.png	Взаимодействие с кислотными оксидами
0003316.png	Ислам
0003317.png	Литература
0003318.png	5 марта
0003319.png	Лазаревы: Семён Евтифеевич и Фёдор Иванович - стряпчие (1692).
0003320.png	Ассирия
0003321.png	Тексты и переводы
0003322.png	Персоналии по алфавиту
0003323.png	Ссылки
0003324.png	Сазонов В. К., «Святые Константин и Елена», 1870 год;
0003325.png	Тематика песен
0003326.png	Уимблдонский турнир в культуре
0003327.png	Поход монголов в Индию. Занятие Мултана и Уча.
0003328.png	Архимандриты Русской православной церкви
0003329.png	Офицер Национального ордена «За заслуги» (Франция, май 1998).
0003330.png	Отношения с Турцией и Азербайджаном
0003331.png	Депутаты Кемеровского городского совета
0003332.png	Галерея
0003333.png	Иракский Курдистан
0003334.png	Персоналии по алфавиту
0003335.png	Потребление
0003336.png	См. также: :Категория:Праздники 12 марта
0003337.png	Сухопутные войска
0003338.png	Примечания
0003339.png	Связь
0003340.png	См. также: :Категория:Праздники 22 декабря
0003341.png	долма (6-8 компонентов)
0003342.png	Первый союз Махно с красными
0003343.png	Газета «Коммунистический субботник» (1920-е)
0003344.png	Армянские поэты
0003345.png	Экспериментальные данные
0003346.png	Ссылки
0003347.png	Распространение и экология
0003348.png	Литература
0003349.png	Ремейк
0003350.png	Переводчики России
0003351.png	Остатки Линии Маннергейма
0003352.png	Университет Витовта Великого
0003353.png	Бывшие немецкие города
0003354.png	Климат
0003355.png	Ассамский язык
0003356.png	Примечания
0003357.png	Деятели альтернативной медицины
0003358.png	Ссылки
0003359.png	Личная жизнь
0003360.png	Египет в составе Арабского халифата. Тулуниды. Фатимиды. Айюбиды. Мамлюки
0003361.png	ЗАО «Далур» (Шумихинский завод по добыче урана)
0003362.png	Политические взгляды
0003363.png	Один голос
0003364.png	Выпускники Витебской духовной семинарии
0003365.png	Помимо медицинской практики, много времени уделял изучению ботаники и минералов.
0003366.png	Родились
0003367.png	на юго-западе с Кадуйским районом.
0003368.png	Телекомпания РИАД.
0003369.png	Углепластик
0003370.png	Мариуполь, Украина
0003371.png	Взаимодействия
0003372.png	Результант
0003373.png	Музей военного флота
0003374.png	1 ноября
0003375.png	Кинозлодеи
0003376.png	1073 км: река Купури (лв)
0003377.png	Русская апокрифическая студия
0003378.png	Ссылки
0003379.png	Риттер, Карл
0003380.png	Ссылки
0003381.png	Примечания
0003382.png	Римас Туминас, советский, российский и литовский театральный режиссёр.
0003383.png	Певцы и певицы Франции
0003384.png	Музей компьютерной истории
0003385.png	«Золотой шлем»
0003386.png	Академия Российского телевидения учредила ежегодную премию «ТЭФИ».
0003387.png	1-я кавалерийская бригада:
0003388.png	Фильмография
0003389.png	Военное дело
0003390.png	Генерал-губернаторы Голландской Ост-Индии
0003391.png	О надписях на Рейхстаге
0003392.png	Драматурги Испании
0003393.png	Старообрядчество в Латвии
0003394.png	Нехимическая коммуникация
0003395.png	Ссылки
0003396.png	Среда и пряности
0003397.png	Похороненные на Троекуровском кладбище
0003398.png	Творчеству и памяти поэта посвящены документальные фильмы и телепередачи:
0003399.png	22 ноября
0003400.png	Административное деление
0003401.png	, или бразильская белка
0003402.png	Умершие 31 октября
0003403.png	См. также
0003404.png	В 1501 году Мор становится барристером.
0003405.png	Северная Скандинавия:
0003406.png	Газданов Г. «Вечер у Клэр», 1929
0003407.png	Национальные домены верхнего уровня
0003408.png	Сильвестр Сталлоне, американский актёр, кинорежиссёр, сценарист и продюсер.
0003409.png	Открытое письмо В. Суворова руководству издательства «АСТ»
0003410.png	Учреждения
0003411.png	Примечания
0003412.png	Алек Иссигонис (ум. 1988), английский конструктор и дизайнер автомобилей.
0003413.png	Бондарь Александр «Чёрные мстители».
0003414.png	Флаги государств
0003415.png	Празднование в честь Смоленской иконы Божией Матери, именуемой «Одигитрия»;
0003416.png	Финно-угорские народы
0003417.png	Маршрутные такси в современной России и других странах бывшего СССР
0003418.png	Достопримечательности
0003419.png	впервые поставленной в пражском Сословном театре 21 декабря 1834 года.
0003420.png	Ссылки
0003421.png	Еще раз о поиске простых чисел
0003422.png	Восточная Азия
0003423.png	Праздники и памятные дни
0003424.png	12 апреля
0003425.png	Культура
0003426.png	Короткоствольное оружие
0003427.png	Татевская канатная дорога через ущелье реки Воротан.
0003428.png	Валдайские колокольцы
0003429.png	Обвинения в поставках оружия ИРА
0003430.png	Троице-Сергиева лавра
0003431.png	Евкарпий Никомидийский
0003432.png	Религиозные
0003433.png	В 1991 году был удостоен звания народного артиста РСФСР.
0003434.png	Государства и территории, основанные в 1810 году
0003435.png	История Старого Белоострова
0003436.png	Основные признаки
0003437.png	Примечания
0003438.png	Использование флага России
0003439.png	Соревнования по форме участия в них спортсменов делятся на:
0003440.png	Имперский период
0003441.png	Астрологические произведения как произведения искусства
0003442.png	Члены «Единой России»
0003443.png	Примечания
0003444.png	Примечания
0003445.png	Декабристы в Петровском Заводе
0003446.png	Кьюба Гудинг мл., американский актёр кино
0003447.png	Радоальд (герцог Беневенто), герцог Беневенто.
0003448.png	Восточнокатолические церкви
0003449.png	«Жюстина, или Несчастная судьба добродетели» Маркиза де Сада.
0003450.png	Титулы
0003451.png	Читаем: «2»
0003452.png	Озеро в культуре
0003453.png	История
0003454.png	Примечания
0003455.png	Гужона, сквер
0003456.png	Полицейская академия Туркменистана имени генерала армии С. А. Ниязова
0003457.png	Ссылки
0003458.png	Образ Гора имел несколько ипостасей:
0003459.png	Биография
0003460.png	Сельское хозяйство СССР
0003461.png	410-й завод гражданской авиации
0003462.png	Санкт-Петербургский крематорий (Шафировский пр., 12)
0003463.png	Международные договоры Каджарского Ирана
0003464.png	Ссылки
0003465.png	Справки и коллекция ссылок о РФ и СЕ на портале СЕ
0003466.png	Энциклики последних понтификатов
0003467.png	Ссылки
0003468.png	Конфуций стал советником гуна, что неоднократно отмечает Сыма Цянь.
0003469.png	Танго
0003470.png	Символическое значение
0003471.png	Оборона Шипки;
0003472.png	Архитектура и достопримечательности
0003473.png	Происхождение легенды
0003474.png	Народные артисты РСФСР
0003475.png	Занятия литературой и журналистикой
0003476.png	В команде года (версия УЕФА) (2): 2004, 2005
0003477.png	Лавры Палестины
0003478.png	Западная Белоруссия
0003479.png	Лётчики-космонавты СССР
0003480.png	См. также: :Категория:Родившиеся в 1174 году
0003481.png	Древний мир
0003482.png	Кольцо множеств
0003483.png	Персонажи «Божественной комедии»
0003484.png	Амура (1859)
0003485.png	Праиндоиранская религия
0003486.png	На путях культурной революции. : Московский рабочий, 1928, 1929.
0003487.png	Ссылки
0003488.png	Литература
0003489.png	См. также
0003490.png	Обладатели «Золотого мяча»
0003491.png	Физические характеристики
0003492.png	Войны с соседями
0003493.png	Председатели правления
0003494.png	Депутаты Верховного Совета Литовской ССР 6-го созыва
0003495.png	улица Красина
0003496.png	Официальный сайт города Гагра. Администрация Гагрского района
0003497.png	Ссылки
0003498.png	Произведения Павича в других видах искусства
0003499.png	Литература
0003500.png	Память святого Мунда;
0003501.png	Александров Гай
0003502.png	Автомобильный транспорт
0003503.png	Саратовский академический театр драмы имени И. А. Слонова
0003504.png	Востоковедение
0003505.png	Ссылки
0003506.png	В Эрмитаже облита серной кислотой картина Рембрандта «Даная».
0003507.png	«Богословско-историческая диссертация Джона Кальвина и Джона Ласки» (1862)
0003508.png	Международный аэропорт Чуук, расположенный на главном острове штата Чуук.
0003509.png	593 км: Решётка (правый)
0003510.png	Полковник (18.03.1965)
0003511.png	Круизный теплоход Волжского речного пароходства называется «Маршал Рыбалко».
0003512.png	Храм во имя святого князя Александра Невского.
0003513.png	Члены Союза писателей СССР
0003514.png	Всемирное наследие на Шри-Ланке
0003515.png	Футболисты на летних Олимпийских играх 1996 года
0003516.png	Хабаровский государственный институт культуры (ХГИК)
0003517.png	Термин «гомофобия» не отвечает этим критериям, потому что:
0003518.png	Биография на сайте НИИ социальных систем
0003519.png	Официальный сайт студии
0003520.png	Менло-Парк
0003521.png	15-й год по эре правления луского князя Си-гуна.
0003522.png	византинистика
0003523.png	География и климат
0003524.png	21 трио для 2 скрипок и виолончели
0003525.png	Трансгуманизм
0003526.png	В сводной таблице приведена средняя температура по населенным пунктам Якутии.
0003527.png	Литература
0003528.png	Экономика
0003529.png	Рвоту
0003530.png	Память
0003531.png	Скончались
0003532.png	традиционное наследование,
0003533.png	Символ
0003534.png	См. также: :Категория:Праздники 29 мая
0003535.png	Мадонна у лестницы. Мрамор. Ок. 1491. Флоренция, Музей Буонарроти.
0003536.png	Родились
0003537.png	Египетский бог Амон
0003538.png	сын Зевса третьего и Майи, отец Пана от Пенелопы;
0003539.png	Экономика
0003540.png	Мифы Аркадии
0003541.png	Медики Австрии
0003542.png	Почётные доктора Уппсальского университета
0003543.png	Бета Гончих Псов;
0003544.png	Примечания
0003545.png	Проза
0003546.png	Западные ворота
0003547.png	Брюсов переулок
0003548.png	Детство
0003549.png	Саксонская династия
0003550.png	В 2007 году дебютировал в качестве режиссёра, поставив фильм «Отрыв».
0003551.png	Казахско-турецкий лицей-интернат для одарённых девочек (2001 года)
0003552.png	См. также
0003553.png	Оценки правления Александра в историографии
0003554.png	Литература
0003555.png	Источники
0003556.png	Юрий Шевчук является:
0003557.png	Административное деление
0003558.png	Следующие футболисты получили «Золотой мяч», выступая за «Пари Сен-Жермен»:
0003559.png	Примечания
0003560.png	См. также
0003561.png	Тёрнтейблизм
0003562.png	Финалист розыгрыша Кубка Европейских Чемпионов: 1965, 1970, 1973
0003563.png	Главные маршалы авиации
0003564.png	Сухопутные территории Арктической зоны Российской Федерации
0003565.png	Хозяева готовы вернуться
0003566.png	Национальный парк Кесария
0003567.png	Избрание королём
0003568.png	Захват Цейлона англичанами.
0003569.png	Города-побратимы
0003570.png	Осадочные
0003571.png	Президентом Ливана избран Амин Жмайель, брат погибшего Башира Жмайеля.
0003572.png	Литература
0003573.png	В Риме открылся монетный двор, впервые начавший чеканку серебряных денариев.
0003574.png	Карасубазарское каймаканство
0003575.png	К 90-летию со дня рождения
0003576.png	Родились
0003577.png	Русская гвардия в Белом движении
0003578.png	Сердце
0003579.png	Примечания
0003580.png	Десна (Десёнка)
0003581.png	Жёлтая кровяная соль
0003582.png	Валлийский текст и переиздания
0003583.png	Актёры Австрии
0003584.png	Чемпионаты Европы
0003585.png	Культура
0003586.png	Творчество
0003587.png	Примечания
0003588.png	Вооружение: совершенствуется снаряжение кавалерии.
0003589.png	См. также
0003590.png	5 музеев и картинная галерея.
0003591.png	Два ордена Красного Знамени (21 ноября 1944 года, 13 марта 1945 года);
0003592.png	В Пальма де Майорка создан Каталонский атлас.
0003593.png	Языки Мавритании
0003594.png	Эмбер Монтана, американская актриса.
0003595.png	Я. Захер. Робеспьер. М.-Л.: государственное издательство. 1925
0003596.png	Дошкольное образование
0003597.png	Чтобы помнили (концерт памяти актёра) (2010)
0003598.png	Антиковеды Российской империи
0003599.png	См. также
0003600.png	Британская Индия
0003601.png	Литература и ссылки
0003602.png	Общая топология
0003603.png	Экономика
0003604.png	Классификация красителей
0003605.png	Основные работы
0003606.png	Сплавы
0003607.png	Дин Рассел. Воинская повинность. Призыв или добровольно.
0003608.png	Недостатки специализации
0003609.png	от США: генеральный прокурор Фрэнсис Биддл и судья Джон Паркер
0003610.png	Хронологический список московских патриархов
0003611.png	Примечания
0003612.png	Литва вошла в еврозону.
0003613.png	Томская агломерация
0003614.png	Открыт Государственный Кремлёвский дворец съездов.
0003615.png	Рейхспрезидент Германии
0003616.png	Основные положения
0003617.png	Человек не виновен в вымирании мамонтов, Би-би-си, 18 августа 2010
0003618.png	См. также: :Категория:Умершие в 1489 году
0003619.png	Сергиево-Посадский колледж (СПК)
0003620.png	См. также
0003621.png	Литература
0003622.png	См. также: :Категория:Родившиеся в 1561 году
0003623.png	Гитлер объединит всю Европу в общее демократическое государство.
0003624.png	Монумент «Якорь»
0003625.png	Парк культуры и отдыха им. С. М. Кирова (Городской лесопарк)
0003626.png	Пьер Башле (р. 1944), французский певец и композитор.
0003627.png	энецкий (попытки с 1980-х)
0003628.png	Ссылки
0003629.png	туберкулёма;
0003630.png	Вайнберг Александр Владеленович
0003631.png	Назначение и синтаксис
0003632.png	Учение
0003633.png	Русские писатели по алфавиту
0003634.png	Детские писатели по алфавиту
0003635.png	«ТМК» (Тутаевская механическая компания)
0003636.png	Обстрел 1 цели
0003637.png	информационные
0003638.png	Примечания
0003639.png	Поднятие дна
0003640.png	Климат
0003641.png	Государственное устройство и внутренняя политика
0003642.png	Ресторан «Провал» (1910-е).
0003643.png	Комментарии
0003644.png	Сравнение производится методом простого поиска подстроки. Например, запись
0003645.png	См. также
0003646.png	В апреле 1998 года избран Виктор Викторович Новокшенов.
0003647.png	Ссылки
0003648.png	Икэма
0003649.png	Следовательно,  примет вид
0003650.png	Расстрелянные в Венгрии
0003651.png	Махмутов, Анвар Анасович (2011)
0003652.png	Внешний диаметр оболочки
0003653.png	См. также
0003654.png	Орден Святого Александра Невского (29.04.1857)
0003655.png	СПбНИУ ИТМО
0003656.png	Бедность
0003657.png	Аэрозоли
0003658.png	Лантаноиды
0003659.png	Похороненные на Кунцевском кладбище
0003660.png	Труды
0003661.png	Китай
0003662.png	«Галерея Ларина»;
0003663.png	Прусский Орден Чёрного орла (1829).
0003664.png	Литература
0003665.png	Трудовая миграция за рубеж
0003666.png	На русском языке
0003667.png	«Апологеты»
0003668.png	Музей истории отечественных компьютеров
0003669.png	Примеры
0003670.png	Инфракрасный порт.
0003671.png	Майор (11.01.1964).
0003672.png	1979 год в спорте
0003673.png	Ораторианцы
0003674.png	сопоставляет каждому объекту  объект
0003675.png	Несколько культурных и досуговых центров
0003676.png	Композиторы по алфавиту
0003677.png	Высшим выражением власти народа являются референдум и свободные выборы.
0003678.png	Члены ЦК КПСС
0003679.png	Пептидные гормоны
0003680.png	Анатолийские греки (Анатолия, ныне диаспора)
0003681.png	События
0003682.png	Этимология
0003683.png	Идентификатор
0003684.png	свопы используются также и при использовании одного и того же индекса, но
0003685.png	17 июня. Всемирный день борьбы с опустыниванием и засухой
0003686.png	Ссылки
0003687.png	Вооружённые силы Сербии и Черногории
0003688.png	Географические объекты в виде свастики
0003689.png	Супруги российских правителей
0003690.png	Спорт
0003691.png	Примеры:
0003692.png	Образование
0003693.png	другие формы гастрита.
0003694.png	Звонячи в прадеднюю славу
0003695.png	Примечания
0003696.png	Примечания
0003697.png	Обзор
0003698.png	Татьяна Аптикеева, советская и российская киноактриса.
0003699.png	Хлебозавод «Ишимский»
0003700.png	Родились
0003701.png	Со стороны мочевыделительной системы: нефропатия, обусловленная гиперурикемией.
0003702.png	Попытки реформ
0003703.png	Военно-исторический музей (один из двух крупнейших военных музеев Германии)
0003704.png	Виды аукционов
0003705.png	И бровей своих тёмных не хмурь!
0003706.png	Примечания
0003707.png	Ссылки
0003708.png	В русском переводе
0003709.png	Хасидизм
0003710.png	Многоквартирные дома
0003711.png	Ректоры и директора Санкт-Петербургской консерватории
0003712.png	Чехия: «Золотой мяч» лучшему футболисту года.
0003713.png	Византийский полководец армянского происхождения Нарсес выбил франков из Италии.
0003714.png	Описание
0003715.png	Лигурийские Альпы
0003716.png	Известные уроженцы
0003717.png	Решения Верховного суда США
0003718.png	Состав
0003719.png	Описание Су-27 на сайте Авиационной Холдинговой компании «Сухой»
0003720.png	Мавзолей Биби Ханум
0003721.png	Литература
0003722.png	Биография
0003723.png	Ссылки
0003724.png	См. также
0003725.png	Казачий культурный центр «Главный Казачий Стан»
0003726.png	Федеральная антимонопольная служба
0003727.png	Болгария (в ЕС и НАТО);
0003728.png	Донгань,
0003729.png	Биография
0003730.png	Примечания
0003731.png	Орден Святого Александра Невского (1859);
0003732.png	Лечение
0003733.png	Мцхетско-Иверская архиепископия получила статус патриархата
0003734.png	«Что Пров царь Христа другом назвал»
0003735.png	Русские эмигранты третьей волны в Германии
0003736.png	Фонды Баварских государственных собраний картин превышают 30 000 картин.
0003737.png	География
0003738.png	Здание бывшего банка
0003739.png	Явлинский и «Норд-Ост»
0003740.png	Состав
0003741.png	Ссылки
0003742.png	Раскадровка позволяет:
0003743.png	Ронда Росс-Кендрик, американская актриса.
0003744.png	1748: блестящее исследование задачи о колебаниях струны.
0003745.png	Ботаническое описание
0003746.png	Список алфавитов
0003747.png	Коллекционирование денег
0003748.png	Французская мозаика
0003749.png	Целые числа
0003750.png	Ссылки
0003751.png	Список самых больших моторных яхт
0003752.png	Упоминания в рунических поэмах
0003753.png	Институт физики прочности и материаловедения СО РАН
0003754.png	Дом культуры
0003755.png	«Нападение шведов на имперских солдат в шинке во время Тридцатилетней войны»,
0003756.png	Родионовский, Юрий Владимирович с 2008 по 2012 год.
0003757.png	«Ответ Азии Толстому», 1928
0003758.png	Алмазные знаки к Ордену Святого Александра Невского (1842)
0003759.png	Почётные доктора Бургосского университета
0003760.png	Джордано Бруно
0003761.png	Памятник Любови Забаште, поэтессе родом из Прилук
0003762.png	Значение и применение
0003763.png	Фотографии
0003764.png	ФХ002А ФХ002Б
0003765.png	Примечания
0003766.png	Фильмы-мелодрамы России
0003767.png	Член Исполкома Российского Футбольного Союза.
0003768.png	Здравоохранение
0003769.png	Связь с другими религиями
0003770.png	Боевые действия
0003771.png	Объекты, названные в честь Нурсултана Назарбаева
0003772.png	Представители рода
0003773.png	Городская детская больница
0003774.png	Ароматические углеводороды
0003775.png	См. также
0003776.png	Полэкс
0003777.png	Когурё в эпоху Троецарствия
0003778.png	Отрадная улица
0003779.png	Дари;
0003780.png	Метафизические теории
0003781.png	«Ботафого»
0003782.png	Неподалёку от Чичен-Ицы возник город Майяпан, не испытавший влияния тольтеков.
0003783.png	Преподобные
0003784.png	Противопоказания к применению хлорамбуцила
0003785.png	Россия
0003786.png	Лиски
0003787.png	ПАО Колледж бизнес-менеджмента, экономики и права. Основан в 2013 году.
0003788.png	Цимлянская улица
0003789.png	Марка может означать:
0003790.png	Международный ответный купон
0003791.png	В 2008 году присуждена медаль «Символ науки»
0003792.png	См. также: :Категория:Умершие в 1478 году
0003793.png	Хранение
0003794.png	Образ и память
0003795.png	Ссылки
0003796.png	Пробование пищи без глотания;
0003797.png	Биография
0003798.png	Теоретики кино
0003799.png	«Ночной дозор»
0003800.png	Председатели горисполкома
0003801.png	Научный вклад
0003802.png	Большая Невка отделяет Выборгскую сторону от Петроградской стороны.
0003803.png	Этимология
0003804.png	Фельдфебели (Российская империя)
0003805.png	Районные центры Красноярского края
0003806.png	Сара Уэйн Кэллис, американская актриса.
0003807.png	Смутное время
0003808.png	Торговля
0003809.png	Рациональная система единиц
0003810.png	Преподаватели Берлинского университета
0003811.png	Члены Американской академии искусств и наук
0003812.png	Культура
0003813.png	Сэмюэл Колмен родился 4 марта 1832 года в городе Портленде (штат Мэн).
0003814.png	Примечания
0003815.png	Материал для корпуса
0003816.png	Арамид
0003817.png	Тульская область включает следующие населённые пункты:
0003818.png	Апрель
0003819.png	Ссылки
0003820.png	Репертуар театра
0003821.png	Ядерная реакция деления
0003822.png	Тревога
0003823.png	Даёшь веселье
0003824.png	Теория алгоритмов,
0003825.png	Населённые пункты Ужурского района
0003826.png	Германия начала набор в собственный отряд космонавтов.
0003827.png	Государственной академии строительства и ЖКХ России
0003828.png	Литература
0003829.png	Программисты США
0003830.png	Языки
0003831.png	Биография
0003832.png	Символика
0003833.png	Марцель Мюллер
0003834.png	Стандартные приставки СИ для ватта приведены в следующей таблице.
0003835.png	Редкоземельные элементы
0003836.png	Художник: Жан Мандаро
0003837.png	Нюнорск
0003838.png	ГБУ Национальная вещательная компания «Саха» (НВК Саха);
0003839.png	Примечания
0003840.png	Предприниматели России
0003841.png	Крестьяне-дарственники
0003842.png	Упорство в совершении какого-либо греха.
0003843.png	Католицизм
0003844.png	Агрономы Германии
0003845.png	Бадраи
0003846.png	Владислав Игнатьев
0003847.png	переиздание: Сергиев Посад: Сергиева лавра, 1997.
0003848.png	Физиологи Германии
0003849.png	Примечания
0003850.png	Махамудра
0003851.png	Физические методы исследования поверхности
0003852.png	Прекратил свою работу 25 декабря 2013 года.
0003853.png	Случаи кибератак
0003854.png	К государственным памятникам природы относятся:
0003855.png	В природе
0003856.png	Сквер имени Александра Терентьевича Карпова
0003857.png	Гематологический Научный центр РАМН
0003858.png	Арнульф Мецский
0003859.png	Генерал-лейтенант (14.02.1943)
0003860.png	События
0003861.png	«Магнит»,
0003862.png	Нападение датчан на Фрисландию.
0003863.png	Служба
0003864.png	Воспитатель Марии Протасовой
0003865.png	Богословы Германии
0003866.png	Внешняя политика
0003867.png	Сведения на сайте областной администрации
0003868.png	Праздники и памятные дни
0003869.png	Театры
0003870.png	Сближение с планетами
0003871.png	Князь Масуд (сын Кылыч Арслана, султана Анатолии) осадил Телль-Башир.
0003872.png	Другое
0003873.png	Комикс
0003874.png	Топонимика
0003875.png	Здравоохранение
0003876.png	Индия
0003877.png	где  - последовательность операций инкрементирования, выполненная  и  раз.
0003878.png	в Тринити-колледже, мраморный, автор: Луи Франсуа Рубийяк (), 1749;
0003879.png	Судоходная Рона
0003880.png	Драматурги Испании
0003881.png	Примечания
0003882.png	Поздние стоики
0003883.png	Озёра размещены на низменностях и в районах вулканизма.
0003884.png	Землянки с очагами;
0003885.png	Получаем:
0003886.png	Частотно-контрастная характеристика
0003887.png	По технической основе
0003888.png	Концерт на Манежной площади (1998)
0003889.png	Что путь тропы и склон горы напомнит,
0003890.png	Руководство
0003891.png	Выбор разных кавычек появляется после нажатия и удержания английских кавычек.
0003892.png	Иглинский
0003893.png	Геоцентрическая орбита
0003894.png	вторичная обработка чёрных металлов (разделка лома и отходов чёрных металлов).
0003895.png	Основные публикации на русском языке
0003896.png	Соединение и передача данных
0003897.png	Экономика
0003898.png	Преподавательский состав
0003899.png	доноры протона (хлороформ);
0003900.png	Примечания
0003901.png	Килиманджаро, Африка (5895 м)
0003902.png	Тмутараканское княжество
0003903.png	Демилитаризация и неспособность предотвращения Второй мировой войны
0003904.png	Рота дворцовых гренадер
0003905.png	Причины восстаний могут быть следующими:
0003906.png	Почётные граждане Хемница
0003907.png	Первое упоминание о городе Волковыск Гродненской области, Республика Беларусь.
0003908.png	Порнография в Российской империи
0003909.png	Признание и награды
0003910.png	Медаль «За Одру, Нису и Балтику» (Польша)
0003911.png	Глупой сказкой своей про меня.
0003912.png	Хранимая процедура
0003913.png	«Опровержение лжеучений»
0003914.png	События
0003915.png	Вариации и обобщения
0003916.png	Литература
0003917.png	«Платина» (телесериал, 1 серия, 2007);
0003918.png	Разделение и организация населения по территориальному принципу.
0003919.png	Музыкальный стиль
0003920.png	Ссылки
0003921.png	Фоноидеографические письменности
0003922.png	Традиционные названия островов Республики Кирибати
0003923.png	Квантовая физика
0003924.png	В культуре
0003925.png	Наманганская городская церковь Евангелистских Баптистских христиан.
0003926.png	В культуре
0003927.png	Фауна
0003928.png	Научные
0003929.png	Ксения Старосельская
0003930.png	Зарина (Алла Лименес)
0003931.png	Журнал полезных изобретений
0003932.png	Булонь-сюр-Жес
0003933.png	Съёмочная группа
0003934.png	Кыштовский краеведческий музей
0003935.png	Награды
0003936.png	Появились в 1990-е годы в Молдавии
0003937.png	Туризм
0003938.png	Машиностроение
0003939.png	Католические святые
0003940.png	См. также
0003941.png	Связь
0003942.png	Памятник Владимиру Ленину;
0003943.png	Известные цитаты
0003944.png	Литература
0003945.png	Художественная галерея
0003946.png	Религия
0003947.png	Скончались
0003948.png	и других, менее известных.
0003949.png	6 июня
0003950.png	Армия
0003951.png	Богословы России
0003952.png	Топоним
0003953.png	Корневые паронимы
0003954.png	См. также: :Категория:Умершие в 1177 году
0003955.png	Сита-упанишада (Атхарваведа)
0003956.png	Участники битвы за Москву
0003957.png	См. также: :Категория:Умершие в 1232 году
0003958.png	84 км: ручей Ольтым (лв)
0003959.png	Величина вектора ошибки
0003960.png	Золотая гостиная
0003961.png	Ссылки
0003962.png	ИА «Запад24»
0003963.png	Участники битвы при Креси
0003964.png	Суворовская улица
0003965.png	Адмиралы Нидерландов
0003966.png	Городские поселения Саратовской области
0003967.png	Глаголы
0003968.png	История
0003969.png	Литература
0003970.png	использование простых браузеров.
0003971.png	Комментарии
0003972.png	Органы власти
0003973.png	Формы правления, политические режимы и системы
0003974.png	В последние годы жила в Доме ветеранов сцены.
0003975.png	Известные носители
0003976.png	Войны США
0003977.png	Применение
0003978.png	Стихотворения
0003979.png	Высочайшими повелениями был назначен шефом:
0003980.png	Осада
0003981.png	Примечания
0003982.png	История
0003983.png	Дополнительная информация
0003984.png	В литературе
0003985.png	Кайбаба (пр)
0003986.png	Хеш панграммы на русском:
0003987.png	Этимология
0003988.png	Конструктор: В. Смирнов
0003989.png	Эфталитская интервенция в Персию для поддержки Пероза.
0003990.png	События
0003991.png	В русском переводе
0003992.png	Источники
0003993.png	Система органов государственной власти в России
0003994.png	Историческая справка на сайте Архива РАН
0003995.png	Похороненные на Арлингтонском национальном кладбище
0003996.png	В 1811 году в центре площади был открыт монумент Славы.
0003997.png	Примечания
0003998.png	Галилео Галилей
0003999.png	Казнённые монархи
0004000.png	Пинчуки
0004001.png	очный
0004002.png	Охотный ряд
0004003.png	Иконография
0004004.png	Ссылки
0004005.png	Жорж Руо (р. 1871), живописец, график, представитель французского фовизма.
0004006.png	Соглашение о свободной торговле с Израилем (2000);
0004007.png	Свойства
0004008.png	Русские писатели по алфавиту
0004009.png	Небесная механика
0004010.png	Пространственные клиенты (для взаимодействия с реальным миром)
0004011.png	Образование
0004012.png	Москва в астрономии
0004013.png	Подборка схем различных УНЧ для изготовления своими руками
0004014.png	Орден Саксен-Эрнестинского дома, большой крест
0004015.png	Экритусир (ок. 60 до н. э.).
0004016.png	Ссылки
0004017.png	Этиологическая классификация
0004018.png	Камералисты
0004019.png	Политические движения
0004020.png	Степень сомкнутости
0004021.png	Дерматоглифика
0004022.png	В латвийских легендах о птице Гауе, о Солнце и др.
0004023.png	Транспорт
0004024.png	Мемориальные доски
0004025.png	Сказка
0004026.png	Названия штатов
0004027.png	Районы
0004028.png	Окопы
0004029.png	Электротехника
0004030.png	В римской мифологии ему соответствует Марс.
0004031.png	Непрерывность истории научного знания
0004032.png	Увлечения
0004033.png	Физические величины
0004034.png	Орден Святого Владимира 4-й степени с бантом (1796)
0004035.png	Младшие софисты
0004036.png	История создания
0004037.png	Варвары, участвовавшие в Галльской войне
0004038.png	Персоналии
0004039.png	Оценки современников
0004040.png	Гончарный 2-й переулок
0004041.png	1938 «Мёртвая рука» Альберта Эгеспарса
0004042.png	Линк:
0004043.png	Реставрация Мэйдзи
0004044.png	Новочеркасск, гортеатр
0004045.png	Золотая подкова (награда)
0004046.png	Население
0004047.png	Производные единицы СИ
0004048.png	В культуре
0004049.png	Еврейские беженцы от нацизма:Персоналии
0004050.png	Авторы мемуаров о Революции 1917 года в России
0004051.png	Конгресс политэкономов
0004052.png	Члены Гейдельбергской академии наук
0004053.png	Литература
0004054.png	Фенитоин может вызывать гиперхолестеринемию.
0004055.png	Переводы Анатолия Кудрявицкого из Моррисона на сайте переводчика
0004056.png	Графы Кассини (Италия)
0004057.png	Легенда карты:
0004058.png	См. также
0004059.png	Этимология
0004060.png	Копьегубитель.
0004061.png	Авиация
0004062.png	Древние письменности Ближнего Востока и Средиземноморья
0004063.png	Форма клуба
0004064.png	Карельский язык имеет три основных диалекта:
0004065.png	Культура и спорт
0004066.png	Первыми из сдавших теоретический минимум Ландау были:
0004067.png	См. также
0004068.png	По социально-возрастным факторам соревнования делятся на:
0004069.png	Революционное движение
0004070.png	Гемоторакс
0004071.png	приложением, отображающим графику в окно какой-то другой дисплейной системы;
0004072.png	Память
0004073.png	Скончались
0004074.png	Отрасли машиностроения:
0004075.png	Музей эмиграции
0004076.png	Ташкентский кадетский корпус
0004077.png	Кот появляется в других работах, основанных на «Алисе в стране чудес»:
0004078.png	Медали
0004079.png	Молодые годы
0004080.png	Денацификация
0004081.png	Римско-католическая церковь в Украине
0004082.png	Домашняя страница
0004083.png	Тегеран
0004084.png	Литература
0004085.png	прямой (линия, дорога)
0004086.png	Командиры корпусов в Первой мировой войне (Россия)
0004087.png	Кергелен
0004088.png	28-й год по эре правления луского князя Чжуан-гуна.
0004089.png	Литература
0004090.png	Заряженные частицы
0004091.png	Литература
0004092.png	Стадион «Дружба»
0004093.png	Решение треугольников
0004094.png	События
0004095.png	Расовые волнения в США
0004096.png	Дворец культуры "Сахарников" (разрушен и закрыт)
0004097.png	Официальный сайт ХК «Нефтехимик»
0004098.png	Театр
0004099.png	Источник энергии для парогенератора
0004100.png	Мифология Карфагена
0004101.png	Дубляж
0004102.png	Литература
0004103.png	Начало политической карьеры
0004104.png	Рузвельт (водохранилище, Аризона)
0004105.png	Сёла с названием Троцкое в различных регионах Советского Союза.
0004106.png	Птицы и человек
0004107.png	Колониальный период
0004108.png	См. также
0004109.png	Дважды Герои Советского Союза
0004110.png	Лучшая трагедийная песня ()
0004111.png	Литература
0004112.png	Документы
0004113.png	Читинское Суворовское военное училище МВД России.
0004114.png	Также иногда применяется атропинокоматозная терапия.
0004115.png	каменные;
0004116.png	Усталость и анемия
0004117.png	Первые антикороли
0004118.png	Примеры программ-дизассемблеров
0004119.png	Будда в индуизме
0004120.png	31 км: Медведка (лв)
0004121.png	австрийский орден Железной короны 3-й ст. (1870)
0004122.png	Свойства компактных метрических пространств:
0004123.png	Чемпионат России по синхронному плаванию
0004124.png	Образование
0004125.png	Большой Николоворобинский переулок
0004126.png	Ядерные боеприпасы бывают следующие:
0004127.png	Умершие в 1900 году
0004128.png	Примерами эффективности для монополии являются естественные монополии.
0004129.png	Прочие
0004130.png	Гигиенические аспекты
0004131.png	Население
0004132.png	Переход в Китай
0004133.png	Челночная дипломатия
0004134.png	Сексуальная функция
0004135.png	Русские эмигранты первой волны в Германии
0004136.png	Масштаб применения офшоров
0004137.png	Кардинал-епископ
0004138.png	Список объектов Всемирного наследия ЮНЕСКО в Чехии
0004139.png	На других языках
0004140.png	Серия романов Александра Мазина (цикл «Викинг»).
0004141.png	Сергей Есенин. Ночь в «Англетере» (2004)
0004142.png	Серебряный призёр: 2002
0004143.png	В 2014 году город перешёл на двуглавую систему управления.
0004144.png	Топоним
0004145.png	Количество участников: 76 яхт, 356 спортсменов, 19 городов, 14 регионов
0004146.png	Возвращение Гераклидов
0004147.png	Национальный состав
0004148.png	Посольство СССР в ФРГ (см. Список послов СССР в ФРГ)
0004149.png	Химическая промышленность
0004150.png	1988 год
0004151.png	В 1992 году была упразднена абсолютная весовая категория.
0004152.png	Примечания
0004153.png	Местное самоуправление
0004154.png	Преподаватели Гёттингенского университета
0004155.png	Бостонское историческое общество
0004156.png	Дважды Герой Советского Союза (19 августа 1979 и 23 ноября 1983):
0004157.png	Международный Астрономический Союз
0004158.png	Официальный сайт историко-культурного комплекса «Замок Радомысль»
0004159.png	Гидрология и биогеохимия
0004160.png	Административное деление
0004161.png	шира-югурский язык
0004162.png	Международная деятельность
0004163.png	Семья
0004164.png	Алексей Дударев (ум. 2023), советский и белорусский драматург, сценарист.
0004165.png	Примечания
0004166.png	Принцессы Мекленбургские
0004167.png	Японская эстетика
0004168.png	Улица Александра Меня в городе Пушкино Московской области
0004169.png	Полевой 1-й переулок
0004170.png	Родились
0004171.png	Ссылки
0004172.png	Фуко М.
0004173.png	Брак Луция Кассия Лонгина и Юлии Друзиллы.
0004174.png	Эд Великий стал герцогом Аквитании и Васконии
0004175.png	Лауреаты Нобелевской премии по литературе
0004176.png	Расторжение брака
0004177.png	Клуб Интеллектуальных игр
0004178.png	Этимология
0004179.png	Шаранга- Йошкар-Ола
0004180.png	Филологи Франции
0004181.png	Первый закон излучения Вина
0004182.png	Аттила
0004183.png	Православная церковь (григорианский календарь)
0004184.png	Авторы учебников литературы
0004185.png	Тренеры ФК «Коринтианс»
0004186.png	Названия
0004187.png	Католицизм
0004188.png	См. также: :Категория:Родившиеся в 1585 году
0004189.png	Исполнение
0004190.png	Соответствующая этому признаку функция:
0004191.png	Ассистент режиссёра: Н. Терпсихорова
0004192.png	копьё,
0004193.png	См. также
0004194.png	Закон стоимости
0004195.png	даль Фаббро, Коррадо
0004196.png	Лауреаты премии Вольфа по медицине
0004197.png	Мыловарение;
0004198.png	Номера экстренных вызовов
0004199.png	См. также: :Категория:Умершие в 1836 году
0004200.png	Пятёрочка
0004201.png	Животные, описанные в 1758 году
0004202.png	Биологическая роль
0004203.png	Культурная и социально-политическая среда формирования братьев Стругацких
0004204.png	киунгуджа: диалект города Занзибара и его окрестностей;
0004205.png	Боспорское царство
0004206.png	Заслуженный мастер спорта СССР;
0004207.png	Актив, М., 1933
0004208.png	Члены Палаты господ рейхсрата Австро-Венгрии
0004209.png	Члены Русского географического общества до 1917 года
0004210.png	Ароматические нитросоединения
0004211.png	Ссылки
0004212.png	Скончался  года.
0004213.png	какие принципы лежат в основе взаимодействия между государственными органами,
0004214.png	Гипероны
0004215.png	Примечания
0004216.png	Причины заболевания
0004217.png	См. также
0004218.png	Родились
0004219.png	Тренеры «Оклахома-Сити Тандер»
0004220.png	После президентства
0004221.png	Тагардон
0004222.png	Основные работы
0004223.png	Игроки ФК «Ньюэллс Олд Бойз»
0004224.png	Оратория
0004225.png	Шляхетские роды герба Сас
0004226.png	У Петра сынъ Измайло Каменской.
0004227.png	Города
0004228.png	Торговля и сфера услуг
0004229.png	Литература
0004230.png	Политические взгляды
0004231.png	Сарынь на кичку
0004232.png	Фракия в древнегреческой мифологии
0004233.png	Примечания
0004234.png	Литература
0004235.png	то же, с аутригерами,
0004236.png	Шахматы
0004237.png	Хвалынск в энциклопедии «Мой город»
0004238.png	Вильнюс
0004239.png	Протесилай
0004240.png	Противопоказания
0004241.png	Отзывы
0004242.png	Резюме и дополнительные сведения:
0004243.png	как легко видеть, эквивалентна уравнению
0004244.png	Мятеж Людольфа Швабского и Конрада Лотарингского
0004245.png	Книга Второзакония. Систематический комментарий
0004246.png	«телесном» (буквальном)
0004247.png	Законодательная ветвь
0004248.png	В Театре сатиры
0004249.png	Первые читатели
0004250.png	Литература
0004251.png	Разум, рациональность и свобода
0004252.png	Определитель матрицы  можно вычислить по формуле:
0004253.png	Физиология измеряемых параметров кровеносного давления
0004254.png	Статистика
0004255.png	Литература
0004256.png	Районы
0004257.png	Равнинные таджики
0004258.png	Шифры
0004259.png	Метрополитен Франкфурта-на-Майне (Франкфурт-на-Майне, Германия)
0004260.png	Югозеро (исток Юги)
0004261.png	Награды
0004262.png	Аббаты Сен-Мартен-де-Тура
0004263.png	«Каафа, сына Левия»
0004264.png	На территории Чувашии имеет 17 притоков первого и 7 притоков второго порядка.
0004265.png	Советский период
0004266.png	Распределённость
0004267.png	Зимбабвийский расизм
0004268.png	1548 км: Тойлук
0004269.png	Населённые пункты
0004270.png	Историко-материалистическая теория развития философии
0004271.png	Пример: квадратное уравнение
0004272.png	Ракеты класса «воздух-воздух» Г-300 (уменьшённый вариант ракеты В-300).
0004273.png	2.3.4.Управление в организационных системах
0004274.png	Выпускники историко-филологического факультета Московского университета
0004275.png	Примечания
0004276.png	В журналах «Наука и жизнь» использовалась в основном система приставок ИЮПАК.
0004277.png	Площадь поверхности тора как следствие из первой теоремы Гюльдена: .
0004278.png	Биография
0004279.png	Смерть Джона Бонэма
0004280.png	Материалы Ялтинской конференции
0004281.png	каменная церковь Святого Юрия (Георгиевская) на Горече (1767, в стиле барокко);
0004282.png	Применение
0004283.png	Малапарте, Курцио Техника государственного переворота
0004284.png	Основные данные
0004285.png	См. также
0004286.png	Академии
0004287.png	Литература
0004288.png	В скобках указано количество медалей
0004289.png	Род внесён в родословные книги всех трёх остзейских (прибалтийских) губерний.
0004290.png	11 января
0004291.png	Орден Христа большой крест (Королевство Португалия)
0004292.png	Балеты 1945 года
0004293.png	Стратагеменое обучение
0004294.png	Большинство наказаний носит имущественный характер («вира»)
0004295.png	Радиологическое оружие
0004296.png	Пакистан
0004297.png	Почётные доктора Софийского университета
0004298.png	Музеи Вологодской области
0004299.png	спорткомплекс «Водник»
0004300.png	Юристы по алфавиту
0004301.png	Эподы
0004302.png	Леонард Бернстайн (ум. 1990), американский композитор, пианист и дирижёр.
0004303.png	Этимология
0004304.png	История Калмыкии
0004305.png	Географическое положение
0004306.png	Воздействие на организм
0004307.png	2006: Всемирная премия фэнтези за лучший роман («Кафка на пляже»)
0004308.png	Педагоги ГИТИСа
0004309.png	Похороненные в Уральске
0004310.png	Рыбников, Сергей Викторович (12.07.2017, 1080)
0004311.png	Сюжет
0004312.png	Производственный отдел партийных издательств Управления делами ЦК КПСС (1989)
0004313.png	Действительный член Русского географического общества с  года.
0004314.png	Вознесение Христа ()
0004315.png	Физические свойства
0004316.png	Летом циский сановник Луань Ши бежал в Лу.
0004317.png	Члены Республиканской партии США
0004318.png	Мобильный телефон
0004319.png	Воинские звания
0004320.png	Композиторы по алфавиту
0004321.png	Ссылки
0004322.png	Пилотируемые космические аппараты
0004323.png	Христианский мистицизм
0004324.png	Алифатические соединения
0004325.png	См. также: :Категория:Родившиеся в 1240 году
0004326.png	История
0004327.png	Собственники
0004328.png	Ссылки
0004329.png	Бижбулякский район
0004330.png	Ежи Кавалерович (ум. 2007), польский кинорежиссёр.
0004331.png	1992: Кавалер Большого креста ордена «За заслуги перед Итальянской Республикой»
0004332.png	Литература
0004333.png	Кручение кривой
0004334.png	Орден «Знак Почёта» (1977)
0004335.png	Родившиеся в 1811 году
0004336.png	См. также: :Категория:Умершие в 1865 году
0004337.png	Биография
0004338.png	12 июня 671 года произошло полное солнечное затмение.
0004339.png	Фармация
0004340.png	«Накануне» (балет, 1960)
0004341.png	Скончались
0004342.png	Парабола (литература)
0004343.png	опытные образцы вновь созданных или модифицированных воздушных судов;
0004344.png	Личность
0004345.png	Примечания
0004346.png	Умершие в 132 году до н. э.
0004347.png	Гексагональные шахматы Шафрана
0004348.png	Литература
0004349.png	Рошфоры и де Пюизе
0004350.png	если , то .
0004351.png	См. также: :Категория:Родившиеся в 1744 году
0004352.png	Погибшие путешественники
0004353.png	Аминокислоты
0004354.png	Подавление Синаххерибом восстания в Киликии наместника Кируа.
0004355.png	Ссылки
0004356.png	Памятники
0004357.png	Биография
0004358.png	См. также
0004359.png	Токсичность
0004360.png	Инфанты Испании
0004361.png	Аралиевые
0004362.png	Член партии «Единая Россия».
0004363.png	Богини луны
0004364.png	Примечания
0004365.png	Государственный комитет СССР
0004366.png	1 (число)
0004367.png	Карл Маркс в электронной библиотеке Нестор
0004368.png	История факультета
0004369.png	Стандарты информационной безопасности, из которых выделяют:
0004370.png	Производство и применение
0004371.png	Логико-философский трактат (1921)
0004372.png	«Логика смысла»
0004373.png	В 1990 году Мирча Элиаде посмертно избран членом Румынской академии.
0004374.png	Литература
0004375.png	Ссылки
0004376.png	Примечания
0004377.png	В счастье живёт и имеет прекраснолодыжную Гебу.
0004378.png	Богданович, Ипполит Фёдорович
0004379.png	Правление Тохтамыша
0004380.png	Литература
0004381.png	триамтерен
0004382.png	Василёк
0004383.png	Морской корпус
0004384.png	Греки в Венгрии
0004385.png	Кубок УЕФА выиграл итальянский Интернационале.
0004386.png	Депутаты Совета Национальностей 11-го созыва
0004387.png	Характеристика
0004388.png	Городская больница, городская стоматологическая поликлиника.
0004389.png	Название
0004390.png	Биография
0004391.png	Элли Шиди, американская киноактриса.
0004392.png	Кердик сын Элесы стал королём Уэссекса .
0004393.png	Германо-скандинавская мифология
0004394.png	События
0004395.png	Примечания
0004396.png	Примечания
0004397.png	Учебные заведения, основанные в 1930 году
0004398.png	Россия
0004399.png	Духовная культура
0004400.png	Политики по алфавиту
0004401.png	Литература
0004402.png	Олег Каравайчук (ум. 2016), советский и российский композитор, дирижёр, пианист.
0004403.png	«Ну что тебе сказать про Сахалин»
0004404.png	Религия
0004405.png	Министры обороны Латвии
0004406.png	Литература
0004407.png	Богини планеты Венера
0004408.png	Примечания
0004409.png	Ректоры Берлинского университета
0004410.png	Гиперхромии:
0004411.png	Ангара;
0004412.png	3) Третье направление гамбитное.
0004413.png	Личные достижения игроков «Бордо»
0004414.png	Тхатьтхат,
0004415.png	фонетические системы на основе изменённого алфавита:
0004416.png	Хауха, Перу
0004417.png	Герб Российской империи
0004418.png	Титулы
0004419.png	Лёсден
0004420.png	Феминизм и духовность
0004421.png	Описание
0004422.png	Ранние годы
0004423.png	Техническая документация
0004424.png	В городе работают следующие медицинские учреждения:
0004425.png	Литература
0004426.png	Буссоль
0004427.png	Бытом, Польша
0004428.png	Чешские писатели
0004429.png	Латинская империя
0004430.png	Праздники 12 сентября
0004431.png	Сотрудничество в сфере безопасности
0004432.png	Становление системы плавающих курсов привело к трём существенным итогам:
0004433.png	Химики преодолели главное препятствие на пути к абиогенному синтезу РНК
0004434.png	Симон Петлюра на сайте Проекта1917.
0004435.png	Преимущества:
0004436.png	30 января:
0004437.png	С 1965 по 1991 год был членом КПСС.
0004438.png	История
0004439.png	Мажоров переулок
0004440.png	Бланка Влашич, хорватская прыгунья в высоту, чемпионка мира и Европы.
0004441.png	Члены Прусской академии наук
0004442.png	Версии
0004443.png	Гидрография
0004444.png	Персоналии:Театр имени Е. Б. Вахтангова
0004445.png	Также встречаются обозначения  и .
0004446.png	Свержение Фалариса.
0004447.png	Даосский пантеон
0004448.png	освобождение философии от случайных предпосылок;
0004449.png	Установлены дипломатические отношения между Казахстаном и Нидерландами.
0004450.png	ПАО «Вымпел-Коммуникации» (торговая марка Билайн)
0004451.png	Известные книги
0004452.png	Гафельный парус
0004453.png	Казнь Леодегария
0004454.png	Почётные доктора
0004455.png	Списки:Великая Отечественная война
0004456.png	Верхняя ванна
0004457.png	Браки и дети
0004458.png	Экономика
0004459.png	Персоналии:Норильский Заполярный театр драмы имени Вл. Маяковского
0004460.png	Недорубова, улица
0004461.png	История христианства
0004462.png	ООПТ Приморской низменности
0004463.png	Достопримечательности
0004464.png	Армянская архитектура
0004465.png	Галерея
0004466.png	в изменении самой объединяющей власти;
0004467.png	Зороастризм
0004468.png	Вена (), Австрия
0004469.png	Крымский государственный театр юного зрителя;
0004470.png	Крестьянство
0004471.png	Джессика Сатта, американская певица, танцовщица, актриса и автор песен.
0004472.png	Литература
0004473.png	Основан город Барнаул (1730)
0004474.png	Каучук открыт де ла Кондамином в Кито (Эквадор) в 1751 году.
0004475.png	В СССР организуется Гидрометеорологическая служба.
0004476.png	История
0004477.png	Борьба Агриппы с племенами астуров и кантабров. Окончательное их подчинение.
0004478.png	Наука
0004479.png	4-й Парковый проезд
0004480.png	Мифологическая энциклопедия (на английском)
0004481.png	Медали
0004482.png	Финансирование
0004483.png	Первое правление
0004484.png	Памятник преподобному Елисею Лавришевскому
0004485.png	23 декабря
0004486.png	Личные достижения футболистов «Барселоны»
0004487.png	Фурлонг
0004488.png	Александр Новокрещенов (1964)
0004489.png	Таншаньское землетрясение
0004490.png	Алексей Пехов, «Под знаком Мантикоры»
0004491.png	В ролях
0004492.png	Книга «Тайные приключения Мигеля Литтина в Чили».
0004493.png	Бассейн «Дельфин»
0004494.png	наверху расположены базальты и андезиты
0004495.png	Литература постмодернизма
0004496.png	Ссылки
0004497.png	Страны и народы. Геральдика
0004498.png	Нейрон
0004499.png	Анисимова Вера Степановна
0004500.png	Примечания
0004501.png	Кастелян
0004502.png	Афелий других планет Солнечной системы
0004503.png	Ирины Левченко, улица
0004504.png	Кавалеры ордена Святого Александра Невского с мечами и алмазами
0004505.png	Летом 2020 года стал рекламным лицом мобильного оператора «Мегафон».
0004506.png	Московский комсомолец в Бурятии,
0004507.png	См. также
0004508.png	Орден Аугусто Сесара Сандино 1 класса (Никарагуа);
0004509.png	Схема маршрутов электричек с Балтийского вокзала
0004510.png	Сокращение долгих гласных непосредственно перед краткими гласными
0004511.png	Городские головы
0004512.png	См. также
0004513.png	Мишель Петруччиани (ум. 1999), французский джазовый пианист.
0004514.png	В литературе и искусстве
0004515.png	Спорт
0004516.png	Джон Мерфи, британский композитор, кинокомпозитор, музыкант.
0004517.png	Перезахороненные
0004518.png	Действительные члены Петербургской академии наук
0004519.png	Литература, изданная в ЭССР и СССР.
0004520.png	Калинковичи-Житковичи-Лунинец
0004521.png	Транспортные средства
0004522.png	Ссылки
0004523.png	Бернар Пикар
0004524.png	Сикстинская капелла
0004525.png	Кинематограф
0004526.png	от плотины Братской ГЭС до Иркутской ГЭС (606 км);
0004527.png	Дополнительные расширения
0004528.png	Языки Египта
0004529.png	Биография
0004530.png	Правовой статус ЮНЕСКО
0004531.png	Решения уравнения движения
0004532.png	Драматурги Германии
0004533.png	Прокламации об амнистии
0004534.png	Государственный аппарат
0004535.png	«Стадион»
0004536.png	Боги планеты Меркурий
0004537.png	Буддийская литература
0004538.png	«Национальная библиотека Чувашской Республики» Минкультуры Чувашии
0004539.png	Жизнь
0004540.png	Монако
0004541.png	Примечания
0004542.png	Женские
0004543.png	Семья
0004544.png	Современное состояние
0004545.png	дважды описывается, как Ной выходит из ковчега:  и
0004546.png	Практическое применение
0004547.png	История
0004548.png	2003 год в Массачусетсе
0004549.png	Аэропорты
0004550.png	Марко Фоскарино "Донесение о Московии" 1553-1557 гг..
0004551.png	Воздушный
0004552.png	Заслуженный работник физической культуры и спорта Украины (1999)
0004553.png	Историки по алфавиту
0004554.png	Народный артист СССР (1953)
0004555.png	Литература
0004556.png	Энтомологи Германии
0004557.png	Время в астрономии
0004558.png	Автомобили
0004559.png	Хенрик ЯНКОВСКИ. Крымские татары и ногайцы в Турции
0004560.png	2023 - Вторжение России на Украину, ЧВК Вагнер взяли Соледар.
0004561.png	Троюродный
0004562.png	«Откуда Вы?» (1971)
0004563.png	Философы эпохи Чжоу
0004564.png	Литература
0004565.png	Переводы на русский язык
0004566.png	Былинная биография
0004567.png	Канцелярии отдельных комитетов
0004568.png	Национальный состав
0004569.png	Реформация
0004570.png	Наиболее вероятное значение:
0004571.png	Кашалот в культуре
0004572.png	Балагхат
0004573.png	География
0004574.png	Медаль «За заслуги в проведении Всероссийской переписи населения» (2002)
0004575.png	Синтаксис
0004576.png	См. также
0004577.png	Крокодилы
0004578.png	21 мая
0004579.png	Палладианство
0004580.png	Примечания
0004581.png	Брат Салах ад-Дина Туран-шах вторгся в Йемен и взял Аден.
0004582.png	Колон
0004583.png	Терминология Интернета
0004584.png	Прочностные особенности некоторых материалов
0004585.png	Эгалитаризм и другие идеологии
0004586.png	История Лувра
0004587.png	Микробиологи Российской империи
0004588.png	С Ньердом не мило.
0004589.png	Тихая застава (Мосфильм (Арт Медиа Групп «ЮКОН»), 2011);
0004590.png	Дисахариды
0004591.png	См. также
0004592.png	Сарматы
0004593.png	Ссылки
0004594.png	Вечный шах
0004595.png	Андрей Пойдышев (с 2005 года)
0004596.png	Литература
0004597.png	Теорема (Грёч, 1959). Любой плоский граф без треугольников 3-раскрашиваем.
0004598.png	Китай
0004599.png	Восстание майотенов в Париже. Восстания в Руане и других городах Франции.
0004600.png	Логические значения
0004601.png	Трёхмерное пространство
0004602.png	Дальнейшая карьера
0004603.png	Литература
0004604.png	Уязвимость военной техники
0004605.png	Связь когнитивной психологии и нейробиологии
0004606.png	События
0004607.png	Примечания
0004608.png	Использование в естественных языках
0004609.png	Жарик Леон, колумбийская актриса.
0004610.png	Ислам
0004611.png	нисходящая ободочная кишка ();
0004612.png	30 марта
0004613.png	12 апреля
0004614.png	Речной
0004615.png	Свойства
0004616.png	Предлагаемые календари
0004617.png	Система кодирования
0004618.png	Несколько первых центрированных шестиугольных чисел:
0004619.png	Литература
0004620.png	Подробно об этом говорит Блас Валера:
0004621.png	ВМС: 110 чел., 6 ПКА
0004622.png	Литература
0004623.png	Эйндховен (), Нидерланды (отношения установлены 9 октября 1985 года)
0004624.png	Реки Брестской области
0004625.png	Положение зон на пластинке
0004626.png	Суд ЕС следует отличать от Европейского суда по правам человека.
0004627.png	Качин Дмитрий Иванович
0004628.png	В военном деле
0004629.png	18 ноября
0004630.png	См. также
0004631.png	См. также
0004632.png	Литература
0004633.png	Музеи Брестской области
0004634.png	Достопримечательности Абакана
0004635.png	Конь-огонь
0004636.png	Примечания
0004637.png	Белоглазова С. Б. Исторические памятники Приморья
0004638.png	Природные явления
0004639.png	Механики СССР
0004640.png	18. Кутадур (Кувадур)
0004641.png	Характеристика языка
0004642.png	Административное деление
0004643.png	Скончались
0004644.png	Туманные фьорды
0004645.png	Семья
0004646.png	Троллейбусы
0004647.png	Флигель-адъютанты (Российская империя)
0004648.png	Правление Константина
0004649.png	Японские писатели
0004650.png	Археологические культуры Корсики
0004651.png	Экономика района
0004652.png	Члены Прусской академии наук
0004653.png	Майкл Фарадей успешно применил первый электрический трансформатор
0004654.png	В Болгарии аресты богумилов.
0004655.png	Физико-географическая характеристика
0004656.png	Ниже для краткости употребляются только знаки хираганы.
0004657.png	Фильмография
0004658.png	Премии и награды
0004659.png	Барибал, бурый и белый медведи скрещиваются и дают гибриды.
0004660.png	Рождество в светской культуре
0004661.png	Знаменательные даты
0004662.png	История
0004663.png	Самореферентные последовательности
0004664.png	Литература
0004665.png	Халдеи
0004666.png	Баскетбольная команда выступает за город и Нижегородскую область.
0004667.png	Растительное сырьё
0004668.png	Берега, рельеф дна и гидрография озера
0004669.png	Лауреаты премии «Оскар» за лучший анимационный полнометражный фильм
0004670.png	Ссылки
0004671.png	В эксоде трагедии «Ион» Афина предсказывает будущее ионийцев.
0004672.png	Семья
0004673.png	В настоящее время наиболее важными являются следующие стандарты :
0004674.png	Ссылки
0004675.png	Ранние годы
0004676.png	Дерматовенерологи Российской империи
0004677.png	Рыцарь Командор Ордена Святого Михаила и Святого Георгия, 1927
0004678.png	Население
0004679.png	Численность отаку
0004680.png	Наука
0004681.png	Пройдут часы, недели и
0004682.png	Условия формирования
0004683.png	Писатели России по алфавиту
0004684.png	Культура, социальная сфера
0004685.png	Память
0004686.png	Большой крест ордена Святых Маврикия и Лазаря (Италия)
0004687.png	Расписание поездов по станции Дебальцево-пасс
0004688.png	Здания и сооружения Театральной площади (Москва)
0004689.png	по функции;
0004690.png	Литература
0004691.png	Памятники
0004692.png	Фрияпатий (Приапат)
0004693.png	Вторжение в Кувейт в 1990 году.
0004694.png	Инфраструктура
0004695.png	Достопримечательности
0004696.png	Ссылки
0004697.png	Телевидение
0004698.png	Шведский орден Серафимов (12.07.1897);
0004699.png	Примечания
0004700.png	Лауреаты премии «Хьюго»
0004701.png	Азербайджанская литература
0004702.png	Монетный брак
0004703.png	В Риме посвящён храм Аполлона на Марсовом поле
0004704.png	Серебряный призёр (5): 1976, 1981, 1982, 1983, 1984
0004705.png	Имя Харуна 20 раз встречается в Коране.
0004706.png	Русские националисты
0004707.png	Восточная кампания
0004708.png	Станиславский.
0004709.png	Таиться в наших сердцах.
0004710.png	Июнь 1918 года
0004711.png	Творчеству и памяти режиссёра посвящены документальные фильмы и телепередачи:
0004712.png	Парки
0004713.png	Управление финансами для ИТ
0004714.png	Государственные деятели СССР
0004715.png	Обобщённый принцип неопределённости
0004716.png	Касательная и нормаль
0004717.png	См. также
0004718.png	Туристический портал Липецкой области
0004719.png	Примечания
0004720.png	Устройство
0004721.png	Список дворянских усадеб Тарусского уезда
0004722.png	Дебра Боуэн, сенатор штата Калифорния, на слушаниях 2003 года
0004723.png	Пример решения обыкновенного дифференциального уравнения
0004724.png	Бурцев Сергей,
0004725.png	Сравнительная оценка
0004726.png	См. также
0004727.png	Восстание Шамаш-шум-укина
0004728.png	Разрешается движение налево
0004729.png	Известные носители
0004730.png	Романизация японского языка
0004731.png	Военное строительство
0004732.png	Послевоенное восстановление (Запорожье, Днепропетровск)
0004733.png	Газета «Вести Донбасса»
0004734.png	Национальные
0004735.png	Чистый закат солнца в морозную погоду предвещает, что морозы и дальше продлятся.
0004736.png	Притоки
0004737.png	Документальные фильмы
0004738.png	Георгий Михайлович Бериев (род. 1903), советский авиаконструктор.
0004739.png	Экономика
0004740.png	Билайн
0004741.png	Музыка
0004742.png	Африка
0004743.png	Воспоминания
0004744.png	Примечания
0004745.png	Типун ей на язык!
0004746.png	Семена формируются из семяпочек.
0004747.png	Высший совет народного хозяйства
0004748.png	Выборы во Всероссийское учредительное собрание
0004749.png	шесть орденов Ленина
0004750.png	Зихнийская и Неврокопская митрополия
0004751.png	Публицисты Болгарии
0004752.png	Кортикобазальная дегенерация
0004753.png	«Лионс» (Цюрих, Швейцария)
0004754.png	Уничтожение комаров
0004755.png	Источники
0004756.png	Природные условия
0004757.png	Нарушение психического статуса в сочетании с хотя бы одним из перечисленного:
0004758.png	Противопоказания
0004759.png	Скончались
0004760.png	Именины
0004761.png	Исторические песни о Григории Отрепьеве
0004762.png	Архитекторы: Давид Гуггенхейм и Даниэль Минц.
0004763.png	События
0004764.png	Национальный состав
0004765.png	Взаимодействие с горизонтом событий
0004766.png	Происхождение названия
0004767.png	Примечания
0004768.png	Шесть хоральных прелюдий из цикла «Подражание старым мастерам»
0004769.png	Межпланетная среда
0004770.png	Энергетика
0004771.png	24 марта
0004772.png	Северный фасад
0004773.png	Книга Самуила
0004774.png	Кино и телевидение
0004775.png	Пять хороших императоров
0004776.png	Модернизация (А-50У)
0004777.png	Варламовский бор
0004778.png	Работало в здании Одесского Интеллигентного собрания по улице Греческой, 48.
0004779.png	Допинг кровью
0004780.png	Память
0004781.png	Литература
0004782.png	Начало войны с саксами
0004783.png	Голубой гигант
0004784.png	Центральные народы
0004785.png	Вторая чеченская война
0004786.png	26 августа 2006 года вместе с женой посетил Кению.
0004787.png	Сноски
0004788.png	Разгром Сирии и Финикии
0004789.png	3 межмуниципальных маршрута общественного транспорта в Шумерлю и Нижний Новгород
0004790.png	Названия
0004791.png	Крестоносцы
0004792.png	Григорианский календарь
0004793.png	Индия внесла существенный вклад в дело Антанты в Первой мировой войне.
0004794.png	Дарашт
0004795.png	«Маленькие женщины» (1933, США)
0004796.png	Захват маньчжурами Тайваня.
0004797.png	За годы социалистического строительства область стала индустриально-аграрной.
0004798.png	Литература
0004799.png	Появление звука
0004800.png	Японский киберпанк
0004801.png	Командиры дивизий в Великой Отечественной войне
0004802.png	Персонажи «Божественной комедии»
0004803.png	Разновидности классических многоугольных чисел
0004804.png	Название
0004805.png	5207 сельскими населёнными пунктами
0004806.png	Франтишек Пержина (р.1911), чехословацкий лётчик-ас времён Второй мировой войны.
0004807.png	Основные даты
0004808.png	соединяющие между собой административные центры российских субъектов;
0004809.png	Города
0004810.png	Писатели Германии
0004811.png	Народные артисты Литовской ССР
0004812.png	Графы Милютины (РИ)
0004813.png	Димитриадская и Алмиросская митрополия
0004814.png	Укрупнённая область, не преобразованная в край
0004815.png	Гармодий
0004816.png	В городе общедоступными являются 4 федеральных телеканала:
0004817.png	Примечания
0004818.png	Кресценций, Петрус
0004819.png	Библиотеки вузов, школ и предприятий.
0004820.png	На основании изложенного обвиняется
0004821.png	Короли Нортумбрии
0004822.png	Почётные граждане Тбилиси
0004823.png	Нидерланды
0004824.png	Примечания
0004825.png	Он разделяет все страхи на три группы:
0004826.png	Генетика
0004827.png	Владимир Кулик
0004828.png	Исключаются:
0004829.png	Примечания
0004830.png	Тасманово море
0004831.png	Наиболее крупные промышленные предприятия:
0004832.png	Литература
0004833.png	представители банков «Траст», «Совкомбанк», «Восточный экспресс банк».
0004834.png	История
0004835.png	Тропарь
0004836.png	Экономика
0004837.png	Память
0004838.png	Социал-демократическая партия России (1990)
0004839.png	Заслуженные профессора Московского университета
0004840.png	Кроме использования в качестве единицы измерения длины, сантиметр используется:
0004841.png	мировое сообщество;
0004842.png	Балканы в древнегреческой мифологии
0004843.png	номер блока в битовой карте блоков,
0004844.png	кальций,
0004845.png	Семёновский Вал, улица
0004846.png	Миастения
0004847.png	"Гитаристом гитаристов" называют, среди прочих, Берта Дженша,
0004848.png	Авторы открытий, зарегистрированных в СССР
0004849.png	Литература
0004850.png	См. также
0004851.png	Выпускники Санкт-Петербургской духовной академии
0004852.png	Футуризм в изобразительном искусстве
0004853.png	Италия (воскресенье, понедельник)
0004854.png	Города-побратимы
0004855.png	Национальные символы
0004856.png	Источники
0004857.png	Сайт города Элиста
0004858.png	Рок-музыканты США
0004859.png	21 год до н. э.
0004860.png	Празднование иконе совершается 5 мая по юлианскому календарю.
0004861.png	Классификация бирж
0004862.png	Государственный русский драматический театр Республики Мордовия;
0004863.png	Памятники гиксосского периода
0004864.png	Скончались
0004865.png	Это кладбище приобрело мировую известность, на нём погребены:
0004866.png	Молодцова, улица
0004867.png	Древний Дублин
0004868.png	Генералов, Сергей Владимирович
0004869.png	Апрель
0004870.png	Примечания
0004871.png	пешеходная улица Йоно Басанавичяус.
0004872.png	Мифы Евбеи
0004873.png	Особняк. 1905 г.
0004874.png	Элевсинские мистерии
0004875.png	Трансвестизм двойной роли
0004876.png	ОАО ВНИИ «Сигнал»
0004877.png	Статьи
0004878.png	Анальгетики
0004879.png	! размер векторных индексов может быть меньше размера рабочих массивов
0004880.png	Магдебургские центурии
0004881.png	Эсперанто-версия сайта, которая подробно описывает деятельность «Импэто»
0004882.png	См. также: :Категория:Умершие в 1272 году
0004883.png	Состав
0004884.png	Эллинистическая Греция, Средиземноморье и Азия
0004885.png	Музей деревянного народного зодчества «Витославлицы».
0004886.png	Башня Реформатской кирхи;
0004887.png	, Санкт-Петербург
0004888.png	Моргенштерн
0004889.png	См. также
0004890.png	Фамилия
0004891.png	Примечания
0004892.png	Некоторые представители
0004893.png	Орден Святого Владимира 2-й ст. с мечами (1877);
0004894.png	Психология
0004895.png	Грамматика языка суахили
0004896.png	Палеонтологи Германии
0004897.png	Белозерский уезд
0004898.png	хорошо развитая слепая кишка;
0004899.png	Примечания
0004900.png	Примечания
0004901.png	Внешняя торговля
0004902.png	Социальная структура и поведение
0004903.png	Дворянские роды, на гербах которых изображены львы
0004904.png	Ссылки
0004905.png	Эйрена
0004906.png	сборная Финляндии впервые стала чемпионом мира по хоккею.
0004907.png	Я, робот (фильм)
0004908.png	Мифологические персоналии
0004909.png	Политические партии и организации
0004910.png	Административно-территориальное деление
0004911.png	Ссылки
0004912.png	Медаль «За освобождение Праги»
0004913.png	Гипертекст
0004914.png	16 января
0004915.png	Литература
0004916.png	Верденская резня. В Вердене Карл приказал казнить 4.5 тысячи заложников-саксов.
0004917.png	Фермионы
0004918.png	Синдром Перегрина
0004919.png	Зависимость от компьютерных игр
0004920.png	МикроРНК
0004921.png	Средне-специальные учебные заведения
0004922.png	«Дубрава шумит» (слова Василия Жуковского),
0004923.png	До своей смерти оставался последним живущим астронавтом первого набора США.
0004924.png	Мирослав Иванов, известный журналист и писатель-документалист
0004925.png	Сортировка пузырьком
0004926.png	Графы Чернышёвы (2 ветви) (РИ)
0004927.png	Армянские боги
0004928.png	Терминатор
0004929.png	Лишённые ордена «Знак Почёта»
0004930.png	Схоластика
0004931.png	Аленка Братушек, словенский политический деятель, премьер-министр Словении.
0004932.png	Литература
0004933.png	Секерино-2, улица
0004934.png	Меньшая вспышка
0004935.png	Литература
0004936.png	Советские военные специалисты в Испании
0004937.png	Увлечения и культурная деятельность
0004938.png	История
0004939.png	Члены-корреспонденты Петербургской академии наук
0004940.png	Ссылки
0004941.png	язык, на котором респондент отвечает (определяется интервьюером):
0004942.png	Примечания
0004943.png	Грамота человека к малороссийскому народу
0004944.png	Луций Вер
0004945.png	Семья
0004946.png	АО «Нижновэнерго»;
0004947.png	«Влюблённый Кортасар», 2018.
0004948.png	Примечания
0004949.png	Состав
0004950.png	Язычество
0004951.png	Ссылки
0004952.png	Кавалер ордена Святого Благоверного князя Даниила Московского (2005)
0004953.png	Боги и духи грома
0004954.png	Первые годы службы на флоте
0004955.png	Финалист (2): 1971, 1983
0004956.png	Память
0004957.png	Ураз-Мухаммед царём Борисом Годуновым был пожалован Касимовским ханством.
0004958.png	Останкинский 3-й переулок
0004959.png	Гласные
0004960.png	Память
0004961.png	События в Испании
0004962.png	Имеет место следующее предложение:
0004963.png	Красная гвардия
0004964.png	Творческая деятельность
0004965.png	УФ-спектроскопия. Максимум поглощения уксусного ангидрида составляет 217 нм.
0004966.png	Малая Невка судоходна.
0004967.png	Жельдиадыр
0004968.png	Игумены Русской православной церкви
0004969.png	Персоналии:Протестантизм
0004970.png	Вид с высоты
0004971.png	Литература
0004972.png	Литература
0004973.png	Глупость
0004974.png	Такси
0004975.png	События
0004976.png	Составные типы данных
0004977.png	События
0004978.png	См. также
0004979.png	Комплексные форматы
0004980.png	Строительство
0004981.png	Эмиль Абдергальден (р. 1877), немецкий биохимик и физиолог.
0004982.png	Немецкие писатели
0004983.png	Бизнесмены
0004984.png	История открытия
0004985.png	Футурологи
0004986.png	В поп-культуре
0004987.png	Шестишаговый рефрейминг
0004988.png	Доктрина одного процента
0004989.png	Фадеева, улица
0004990.png	Для объёмов десятичных данных удобнее пользоваться десятичными логарифмами.
0004991.png	Источники
0004992.png	Плунгеский
0004993.png	Сектор Герпетологии Зоологического музея МГУ
0004994.png	Примечания
0004995.png	средний слой (циркулярный);
0004996.png	станция юных натуралистов,
0004997.png	Ссылки
0004998.png	Дифференциальные
0004999.png	Православные имена
0005000.png	На русском языке
0005001.png	Мастер плей-офф
0005002.png	Хасидские места
0005003.png	Соловецкое подворье в Кеми
0005004.png	Освещение в СМИ
0005005.png	Общества
0005006.png	1717 км: без названия, у с. Бигильдино
0005007.png	Депутаты Совета Союза от Москвы
0005008.png	Географическое положение
0005009.png	Новая Испания
0005010.png	Текущий флот
0005011.png	Гибель
0005012.png	Синтез и химические свойства
0005013.png	Персы завоёвывают византийские крепости Марде и Амида.
0005014.png	Постройка Кафедрального собора Лландкаффа в Кардиффе, Уэльс
0005015.png	Вироиды
0005016.png	Томская область
0005017.png	В области внешнеполитической деятельности
0005018.png	Игры с совершенной информацией
0005019.png	Недоказуемые утверждения
0005020.png	Почётное Консульство ЮАР, ул. Асака, 30а
0005021.png	Вложенные кавычки
0005022.png	«Ледовый дворец спорта» имени С. Капустина;
0005023.png	средства ввода-вывода;
0005024.png	Измерение времени
0005025.png	где  обозначает производную функции  по любой переменной.
0005026.png	Технические символы
0005027.png	Труды
0005028.png	Нововоротниковский переулок
0005029.png	Подразделение 504-агентурная разведка АМАН
0005030.png	Биография
0005031.png	Кишинёв, Молдавия (2004)
0005032.png	Спорт
0005033.png	Виконты Натсфорд
0005034.png	Отладчик
0005035.png	Пушкинисты
0005036.png	Президенты Российской Федерации
0005037.png	Примечания
0005038.png	Кроме того, термина правда может использоваться в следующих значениях:
0005039.png	ООО «Валтекс»
0005040.png	Примечания
0005041.png	Иллюстрированный энциклопедический словарь классических гитаристов
0005042.png	Воскресенская (Афанасьевская) церковь
0005043.png	Светлогорский целлюлозно-картонный комбинат (СЦКК)
0005044.png	Религия
0005045.png	Выпускники Имперского колледжа Лондона
0005046.png	Костромская область,
0005047.png	Компании
0005048.png	История астрономии
0005049.png	Субконтрактинг
0005050.png	События
0005051.png	Бенито Муссолини запретил азартные игры в Италии.
0005052.png	Беженцы
0005053.png	Исторические области Японии
0005054.png	Транспорт
0005055.png	Большой каприз
0005056.png	Литература
0005057.png	Фильмы-мелодрамы Германии
0005058.png	Хуантинцзин
0005059.png	ПАО «ШЗХР»
0005060.png	Выпускники МГХПА имени С. Г. Строганова
0005061.png	Похороненные на кладбище Монпарнас
0005062.png	Монахи Русской православной церкви
0005063.png	начало всеобщей забастовки в Финляндии.
0005064.png	Источники
0005065.png	В филателии
0005066.png	Антон Зайцев, российский телеведущий, журналист, обозреватель компьютерных игр.
0005067.png	Танк Т-64
0005068.png	Воинские звания
0005069.png	Международный музей бананов ()  в г. Мекка (Калифорния)
0005070.png	Достопримечательности
0005071.png	Обладатель «Золотой клюшки» ИИХФ (Лучший хоккеист Европы) (1984, 1988)
0005072.png	Католические монахи
0005073.png	Характерные свойства
0005074.png	Развитие событий
0005075.png	Миссисипи
0005076.png	Историки России
0005077.png	Фёдоровский район Башкортостана
0005078.png	Члены РАЕН
0005079.png	Литература
0005080.png	15 заводов оборудования, электродвигателей и электроники
0005081.png	Портрет
0005082.png	Литература
0005083.png	Биография
0005084.png	Компоненты протокола
0005085.png	См. также
0005086.png	Сергей Любавин - Обручённые
0005087.png	Андрей Викторович
0005088.png	Переименованные населённые пункты России
0005089.png	Ссылки
0005090.png	Музей Трипольской культуры (ул. Шевченко, 10;
0005091.png	Награды
0005092.png	Городская жизнь
0005093.png	Из теоремы Люка следует, что:
0005094.png	Биография и 56 картин Василия Дмитриевича Поленова
0005095.png	Крестьянин и Топор
0005096.png	световые характеристики
0005097.png	См. также
0005098.png	См. также
0005099.png	Да с ней беда случилася,
0005100.png	Остеомиелит челюсти
0005101.png	Религия
0005102.png	Языки Молдавии
0005103.png	Событийно-ориентированное программирование
0005104.png	Восточная Звезда
0005105.png	В открытой воде
0005106.png	Тогонцы бежали на запад и взяли Хотан, потом вернулись на родину.
0005107.png	епископальным викариатом Нёвшатель
0005108.png	Техника
0005109.png	История
0005110.png	Сетевой концентратор
0005111.png	период лактации.
0005112.png	Избирательное право
0005113.png	Участники группы
0005114.png	Притоки
0005115.png	Политический режим
0005116.png	Естественные и необходимые (пища, сон);
0005117.png	Сельское хозяйство
0005118.png	обычные;
0005119.png	Мы можем записать волновую функцию в виде столбца:
0005120.png	Дом губернатора (Воскресенская ул., д. 14);
0005121.png	25. Чиекуркалнс,
0005122.png	Калужский областной базовый медицинский колледж
0005123.png	Эрнст Кальтенбруннер,
0005124.png	Означает принадлежность существительного к какому-либо месту нахождения:
0005125.png	Фундаментальные положения
0005126.png	Науки чистые или априорные:
0005127.png	30 января
0005128.png	Северо-Западный
0005129.png	История
0005130.png	10 Виктор Тихонов 2015, 2017
0005131.png	Вюртембергский орден Короны;
0005132.png	Принцессы Шотландии
0005133.png	Родились
0005134.png	Шунгит в культуре
0005135.png	День сотрудника органов следствия Российской Федерации
0005136.png	Литература
0005137.png	Распад СССР: Украинская ССР провозгласила суверенитет.
0005138.png	Умирающие и воскресающие боги
0005139.png	Галерея
0005140.png	Скрипачи США
0005141.png	Музей истории медицины и фармакологии Литвы;
0005142.png	Похороненные на Гейдельбергском нагорном кладбище
0005143.png	Рубин
0005144.png	Министры финансов Российской Федерации
0005145.png	Улица Тюленина.
0005146.png	Гарвардский университет
0005147.png	Конденсат
0005148.png	Судебная медицина
0005149.png	Египет
0005150.png	Экспериментальные основания СТО
0005151.png	Центр восточных рукописей и ксилографов
0005152.png	Католицизм
0005153.png	7 февраля
0005154.png	социального партнерства
0005155.png	Бензодиазепины
0005156.png	Физико-географическая характеристика
0005157.png	Жорж Кутон (р. 1755).
0005158.png	Ученику своему:
0005159.png	Родились
0005160.png	Декомпрессионная болезнь
0005161.png	Спортсмены
0005162.png	Издания
0005163.png	процесс не конкурирует с сельскохозяйственным производством;
0005164.png	Родились
0005165.png	Иоахим Флорский
0005166.png	Варианты правил буркозла
0005167.png	Экономический совет СНГ;
0005168.png	«Серебряное копытце» (1977, рисованный)
0005169.png	Эксперименты по обнаружению
0005170.png	Легионер ордена Почётного легиона (11 декабря 1803 года)
0005171.png	Выпускники Киевского политехнического института
0005172.png	Лавочкина, улица
0005173.png	Переводчики Иоганна Вольфганга фон Гёте
0005174.png	Известные представители
0005175.png	Черновицкого (Черновицк), КОВО.
0005176.png	строго убывающей, то есть последовательности , где  означает  и .
0005177.png	Сочинское отделение Русского географического общества
0005178.png	Военно-воздушные силы (по данным на 2011 год)
0005179.png	Описание
0005180.png	Метод граничного элемента
0005181.png	Фактически от константинопольского образа сохранились только фрагменты:
0005182.png	Памятник героям Витебского подполья
0005183.png	6 ноября
0005184.png	Кабельное телевидение представлено двумя операторами:
0005185.png	Философы СССР
0005186.png	«Знахарь» (Польша) Ежи Гофмана
0005187.png	наличие в черепе одной скуловой дуги;
0005188.png	Заговорщики и мятежники державы Ахеменидов
0005189.png	Страны и организации, имеющие статус наблюдателя:
0005190.png	Населённые пункты
0005191.png	Музыка
0005192.png	Продолжительность тропического года
0005193.png	Административное деление
0005194.png	Тростник и Оливковое дерево
0005195.png	Варианты эмблемы
0005196.png	Происхождение названия
0005197.png	Ссылки
0005198.png	Примечания
0005199.png	Унификация мер и весов в Циньской империи. Введение единой письменности.
0005200.png	Муниципальный округ Молжаниновский
0005201.png	неизвестные цари
0005202.png	Женское регби в России
0005203.png	См. также
0005204.png	Энергия оптических фононов зависит от волнового вектора слабо:
0005205.png	Страница Апостол Матфий на сайте храма Живоначальной Троицы на Воробьевых горах
0005206.png	Гипертензия
0005207.png	«За шпилей твоих окоём» (СПб, 2003)
0005208.png	Коми республиканская академия государственной службы и управления (Сыктывкар);
0005209.png	В начале первого месяца есть только одна новорождённая пара (1).
0005210.png	Болгарский орден «За заслуги» с бриллиантами (18.02.1910)
0005211.png	Баймакская центральная городская больница
0005212.png	безопасность и защита данных;
0005213.png	ООО «Синтез ПКЖ»,
0005214.png	Православие:
0005215.png	Школьное образование
0005216.png	Медаль «За оборону Москвы» (1945)
0005217.png	Гидрография
0005218.png	Медицинский факультет
0005219.png	Марксизм
0005220.png	Георгий Галковский (26.09.2013);
0005221.png	5,7 км: река Божай (Божайка) (пр)
0005222.png	Экономика
0005223.png	Основа сюжета
0005224.png	оценка вкуса;
0005225.png	В Гейдельбергской рукописи есть 102 строфы авторства Конрада Шенка.
0005226.png	Примечания
0005227.png	Прочие
0005228.png	Главы правительства СССР
0005229.png	Двигатель внутреннего сгорания
0005230.png	Символика УПА
0005231.png	Харисджин
0005232.png	Компакт-диски
0005233.png	Граф Гуссаржевский (ЦП)
0005234.png	Критика
0005235.png	Семья
0005236.png	См. также
0005237.png	Слава Жеребкин, российский певец, музыкант, солист группы «На-На».
0005238.png	Примечания
0005239.png	История
0005240.png	Театры
0005241.png	Транспорт
0005242.png	Южные диалекты
0005243.png	Предприниматели Российской империи
0005244.png	Заслуженные профессора
0005245.png	См. также
0005246.png	Кубок губернатора Курганской области (1): 2007
0005247.png	Литература
0005248.png	Почётные граждане Кёльна
0005249.png	Источники
0005250.png	Дешифровка забытых письменностей
0005251.png	Метод дихотомии
0005252.png	Группы преобразований
0005253.png	Достопримечательности
0005254.png	Коринфский залив между Полуостровом Пелопоннес и Центральной Грецией
0005255.png	26 января ПАСЕ приняла резолюцию по делу ЮКОСа.
0005256.png	Геологический словарь
0005257.png	Чувашия,
0005258.png	«Юргорден» (Стокгольм, Швеция)
0005259.png	Немецкий музей гигиены
0005260.png	Памятники
0005261.png	Внешняя торговля
0005262.png	Полтис и Сарпедон из Фракии.
0005263.png	Общественные награды
0005264.png	Примечания
0005265.png	Литература и кино (Гатчина)
0005266.png	Винокурка
0005267.png	концерт для гобоя с оркестром (принадлежность Гайдну окончательно не доказана)
0005268.png	память мученика Аскалона Антинойского (ок. 287)
0005269.png	Православный обряд совершения елеосвящения
0005270.png	Революционеры Российской империи
0005271.png	Председатели Череповецкого горисполкома
0005272.png	Почему самолёты оставляют белый след в небе?
0005273.png	Сесил Дэй-Льюис (р. 1904), британский поэт, писатель, переводчик, поэт-лауреат.
0005274.png	Примечания
0005275.png	Гвардейский район (Россия)
0005276.png	Памятники
0005277.png	Сфеническое число
0005278.png	откуда   Таким образом,
0005279.png	Франция
0005280.png	Апрель 1794 года
0005281.png	вторичные электроны (ВЭ, режим рельефа)
0005282.png	Лобненская улица
0005283.png	Имеется производство стройматериалов, завод крупнопанельного домостроения и др.
0005284.png	Философия
0005285.png	Применялся как компонент бинарного химического оружия для получения зарина.
0005286.png	Кубок мира среди молодёжных команд
0005287.png	Отличительный знак благородного разбойника Зорро.
0005288.png	Члены Независимой социал-демократической партии Германии
0005289.png	Древнее царство
0005290.png	Государственное устройство
0005291.png	Ссылки
0005292.png	Современное применение
0005293.png	предельные (насыщенные) спирты ();
0005294.png	В Сургуте создан Межправительственный совет СНГ по нефти и газу;
0005295.png	Пограничная зона
0005296.png	Ссылки
0005297.png	Кернунн
0005298.png	Врагов и друзей, друзей и врагов.
0005299.png	Джабалпур
0005300.png	Утечка брома в Челябинске
0005301.png	Шеф польского 3-го линейного полка (с 9 сентября 1827 года)
0005302.png	Почётные доктора Колумбийского университета
0005303.png	Российская империя
0005304.png	Политические партии, основанные в 2001 году
0005305.png	память мученика Илиодора (около 273 года);
0005306.png	Молоствовы
0005307.png	Симмий
0005308.png	Астигматизм системы, не обладающей центральной симметрией
0005309.png	Участники «Большой игры»
0005310.png	Сборники
0005311.png	Сходненский тупик
0005312.png	Депутаты Верховного Совета РСФСР 11-го созыва
0005313.png	Региональный язык
0005314.png	Вкус (эстетика)
0005315.png	Классификации норм права
0005316.png	Основные психологические условия для успешного применения проблемного обучения
0005317.png	События
0005318.png	Ссылки
0005319.png	Лавинный эффект
0005320.png	Действие и взаимодействие
0005321.png	Источники
0005322.png	прямой вопрос («Что кладут в чай?», «Президенты Французской Республики»);
0005323.png	Декларация об освобождённой Европе
0005324.png	Орёл, 1926
0005325.png	Музей «Программиста Клочкова Ю.А»
0005326.png	Нечётные совершенные числа
0005327.png	Званба
0005328.png	Павловск
0005329.png	Примечания
0005330.png	2С4 «Тюльпан»
0005331.png	Эфирное
0005332.png	Бывшие посёлки городского типа Вологодской области
0005333.png	Журналисты телеканала «Россия-1»
0005334.png	Златоуст,
0005335.png	Патриарх Мефодий до 847 года.
0005336.png	Кислородно-конвертерный способ получения стали
0005337.png	Источники
0005338.png	13 марта
0005339.png	Контрреформация
0005340.png	Фам Туан ()
0005341.png	На очень ярком свету в присутствии солей кобальта разлагается:
0005342.png	Писатели США в жанре хоррор
0005343.png	Профсоюзная улица
0005344.png	См. также
0005345.png	25 мая
0005346.png	Военные.
0005347.png	Возвращение в Москву
0005348.png	Драматурги Великобритании
0005349.png	Линия Фоша
0005350.png	События
0005351.png	Государственные награды:
0005352.png	ТЦ «Гагаринский»;
0005353.png	Подготовка
0005354.png	Список окольничих
0005355.png	Литература
0005356.png	Скончались
0005357.png	География
0005358.png	Пригород
0005359.png	Надежда Петровна
0005360.png	Малое кольцо МЖД 8-й км дорога, проезд
0005361.png	Краткая история 2-го драгунского полка на английском
0005362.png	Силлогизм
0005363.png	После 1991
0005364.png	Переводчики Адама Мицкевича
0005365.png	Философско-эстетические взгляды
0005366.png	Антиассирийская коалиция
0005367.png	Литература
0005368.png	Ссылки
0005369.png	Философы по алфавиту
0005370.png	Детские поэты
0005371.png	Вторая мировая война: Гитлер отдал распоряжение о начале разработки ракет «Фау».
0005372.png	Умер в 1990 году.
0005373.png	Шушунов, Владимир Дмитриевич (16.01.1998, 431)
0005374.png	плоские ногти на больших пальцах задних конечностей у всех видов;
0005375.png	медаль «За освоение целинных земель» (1974);
0005376.png	Лучшие бомбардиры
0005377.png	Информационно-развлекательные
0005378.png	Поле арифметических чисел алгебраически замкнуто.
0005379.png	Европейский космический центр управления расположен в Дармштадте (Германия).
0005380.png	минимальное изменение цены
0005381.png	См. также: :Категория:Родившиеся в 1007 году
0005382.png	Применяется в биотехнологической промышленности при производстве
0005383.png	Глобальные спонсоры клуба:
0005384.png	Мамай возвёл на ханский престол в Золотой Орде Мухаммеда Булака.
0005385.png	том 3 представляет собой Алфавитный указатель к классификации.
0005386.png	стабильность работы;
0005387.png	Классицизм
0005388.png	Истинный гермафродитизм
0005389.png	Свадьба Генриха Наваррского с Маргаритой Валуа.
0005390.png	Далер Кузяев
0005391.png	Педагоги Латвии
0005392.png	Классик (слова М. Мусоргского)
0005393.png	Кандидат в президенты-2000
0005394.png	Фармакодинамика
0005395.png	Пётр Болотников
0005396.png	ООО «Селена Телеком»
0005397.png	Связь
0005398.png	Авторство
0005399.png	Военно-исторический музей артиллерии, инженерных войск и войск связи
0005400.png	См. также: :Категория:События 25 сентября
0005401.png	в сказке «Елена Прекрасная» превращает Ивана Царевича в орех;
0005402.png	Телави (Грузия)
0005403.png	105.0 Радио Маяк
0005404.png	В составе Российской Федерации
0005405.png	Государственные премии:
0005406.png	Шенгенские соглашения и кодекс о границах
0005407.png	Ётуны
0005408.png	139 км: река Полосня (пр)
0005409.png	Примечания
0005410.png	Об альбоме
0005411.png	Университет Манчестера (2008)
0005412.png	Национальный состав
0005413.png	Венера Стыдливая
0005414.png	Родос подписывает договор с Римом и становится его союзником.
0005415.png	Литературные произведения на русском языке
0005416.png	Недостаточное число
0005417.png	Таммуз может означать:
0005418.png	часть России
0005419.png	Известна также песня о Гришке-богохульнике:
0005420.png	Конец священной войны
0005421.png	История Марийского края
0005422.png	Орден Белого орла (1851 год)
0005423.png	Спорт
0005424.png	Общественный транспорт
0005425.png	Пробласт. Эпитет Диониса.
0005426.png	Викрам Самват
0005427.png	кариес, заболевания дёсен, грибковые инфекции полости рта
0005428.png	Примечания
0005429.png	если  и , то один вещественный корень кратности 2 и два комплексных корня;
0005430.png	Примечания
0005431.png	Комбинаторные свойства
0005432.png	Примечания
0005433.png	Почвы
0005434.png	Ефрейтор (Выс. пр. 1916)
0005435.png	ограниченное количество гласных и их подчинённая роль;
0005436.png	Художники по алфавиту
0005437.png	Ссылки
0005438.png	Ссылки
0005439.png	Согласно определению, .
0005440.png	12 октября
0005441.png	Скерцо (всего 4)
0005442.png	Обрушение козырька 10 июня 1999 года
0005443.png	Выпускники вузов Германии
0005444.png	Сезон 2004 года
0005445.png	Латинская Америка
0005446.png	Центральная улица
0005447.png	Американцы в ГУЛАГе
0005448.png	Свойства правильного тетраэдра:
0005449.png	Бразилия в энциклопедии «Кругосвет»
0005450.png	При наличии реконтры эти очки удваиваются
0005451.png	С кем и почему мы боремся. М., 1930
0005452.png	Медаль «В память 800-летия Москвы».
0005453.png	Второй поход против лангобардов
0005454.png	Примечания
0005455.png	Свойства
0005456.png	История
0005457.png	Заявка на биржевую сделку
0005458.png	Законодательная власть
0005459.png	Легионер ордена Почётного легиона (11 декабря 1803 года)
0005460.png	Посёлок Яхрома
0005461.png	Смежные экономические науки
0005462.png	Основан город Златоуст Челябинской области.
0005463.png	Источники
0005464.png	Ссылки
0005465.png	Тилбург
0005466.png	Примечания
0005467.png	Аскетический стиль.
0005468.png	Постановки
0005469.png	Вячеслав Молотов, 1977 год:
0005470.png	Ильюченко Татьяна Викторовна
0005471.png	Реки Швейцарии
0005472.png	Антропологический аспект
0005473.png	Передаваемые данные
0005474.png	Распространение
0005475.png	Литература
0005476.png	Представления о свободе в религиозных учениях
0005477.png	мгновенная реактивная мощность:
0005478.png	Расколы в христианской церкви
0005479.png	Примечания
0005480.png	Одежда
0005481.png	Выпускники Качинского высшего военного авиационного училища
0005482.png	Дюрер Альбрехт. Картины и биография.
0005483.png	Бердяев Н. А. Нигилизм на религиозной почве
0005484.png	Знак Культуры Палермо (Италия)
0005485.png	Чёрно-белые
0005486.png	Бесклассовая адресация
0005487.png	Орден Святого апостола Андрея Первозванного (30.09.1828);
0005488.png	Биография
0005489.png	Литература
0005490.png	210 пациентов с туберкулёзом,
0005491.png	Территория
0005492.png	Таксоны, описанные Мишелем Адансоном
0005493.png	См. также
0005494.png	Римский форум
0005495.png	Фильм «7 секунд» с Уэсли Снайпсом в главной роли.
0005496.png	Построение типов решётки Браве
0005497.png	Принцип Маха
0005498.png	Примечания
0005499.png	медаль «За оборону Кавказа» (14.9.1944)
0005500.png	Союз Советских Социалистических Республик
0005501.png	Консулы: Секст Папиний Аллиен и Квинт Плавтий.
0005502.png	Специфические фобии
0005503.png	Ейский район
0005504.png	Почётные доктора Гёттингенского университета
0005505.png	Члены-корреспонденты Румынской академии
0005506.png	Сёстры
0005507.png	Умершие от инфаркта миокарда
0005508.png	Лексика
0005509.png	Баллады (всего 4)
0005510.png	Танзания (наряду с суахили)
0005511.png	Примечания
0005512.png	Медведев, Сергей Юрьевич (03.10.1994, 089)
0005513.png	В пределах своего маршрута трамвайный поезд может следовать в различных режимах.
0005514.png	Инженерные сооружения
0005515.png	Лечение
0005516.png	Бегичева,
0005517.png	Системная медицина
0005518.png	Более 160 стартов в гонках различного уровня.
0005519.png	Примечания
0005520.png	ВНИИ синтетических волокон
0005521.png	Также это утверждение верно и для внешних инцентров.
0005522.png	Лингва франка нова:
0005523.png	по недропользованию
0005524.png	См. также
0005525.png	СССР и Россия
0005526.png	Почётные доктора Болонского университета
0005527.png	хирургические операции грудной клетки и брюшной полости;
0005528.png	Пример:
0005529.png	Советские
0005530.png	Показания
0005531.png	Абрамович был женат трижды.
0005532.png	Кадомцева проезд
0005533.png	Реактивный двигатель
0005534.png	«Лунный свет» (музыка К. Дебюсси, постановка А. Лапаури)
0005535.png	См. также: :Категория:Родившиеся в 1956 году
0005536.png	Первые две цифры года: 19
0005537.png	Элизабет Берридж, американская актриса и певица.
0005538.png	Тотемное название, обозначающее, вероятнее всего, «люди оленя».
0005539.png	В октябре 1979 года в клуб вошёл Виктор Колотов.
0005540.png	Большой Петропавловский храмовый комплекс
0005541.png	Примечания
0005542.png	Свойства
0005543.png	Краткая литературная энциклопедия. Сосюра
0005544.png	Транспорт
0005545.png	Марина Добровольская
0005546.png	Религия
0005547.png	Формальное определение
0005548.png	Хмельницкий областной краеведческий музей
0005549.png	Бежецкое медицинское училище
0005550.png	Объявления, выражения, блоки, функции
0005551.png	Экспериментальный подбор характеристик сети
0005552.png	Ошибка передачи данных при чтении данных из кэш-памяти второго уровня.
0005553.png	Проектирование
0005554.png	«Город Фивы»
0005555.png	Ноябрь
0005556.png	Логическая физика. М., 1972.
0005557.png	Управление проектами
0005558.png	Модификации
0005559.png	Битва жизни, 1846
0005560.png	Евклид и античная философия
0005561.png	Главные тренеры
0005562.png	Энциклопедия Санкт-Петербурга
0005563.png	Примечания
0005564.png	Каменный Ручей (авиабаза)
0005565.png	Литература
0005566.png	Переводчики поэзии на немецкий язык
0005567.png	См. также
0005568.png	Почвы
0005569.png	Суворов Александр
0005570.png	Адонай
0005571.png	Хевиз, Венгрия (2012)
0005572.png	Поэты Италии
0005573.png	Биография
0005574.png	По способу удержания канала:
0005575.png	События
0005576.png	Экономика Островов Кайман
0005577.png	Бейра Алта ()
0005578.png	Люфтваффе (военно-воздушные силы)
0005579.png	Народный университет располагается в городе Пасадина.
0005580.png	Россия и Кавказ
0005581.png	Литература
0005582.png	Лауреаты
0005583.png	Примечания
0005584.png	Обращение с военнопленными
0005585.png	аварцы
0005586.png	Французские эмигранты времён Французской революции
0005587.png	Сертификация и классификация крыльев
0005588.png	Историки Норвегии
0005589.png	Департамент развития социальной сферы и сектора некоммерческих организаций
0005590.png	Павлодарский нефтехимический завод
0005591.png	Русская монархия
0005592.png	В частности:
0005593.png	Ссылки
0005594.png	Театр
0005595.png	Является пятым по численности населения городом Краснодарского края.
0005596.png	Культура Триполье-Кукутень
0005597.png	Луховицкая улица
0005598.png	Народная культура
0005599.png	Тарас Михалик
0005600.png	Биография
0005601.png	Римский полководец Гней Домиций Корбул завоёвывает Армению.
0005602.png	«Прорицание Вёльвы», строфа 24
0005603.png	Авиапроисшествия и катастрофы
0005604.png	1990 год в Киргизии
0005605.png	Пограничные озёра
0005606.png	Примечания
0005607.png	Астероиды: исторически, так называются тела внутренней части Солнечной системы:
0005608.png	Ашхабадский монорельс
0005609.png	трудящиеся
0005610.png	Транспорт
0005611.png	Длинный список
0005612.png	47 км: Тауш
0005613.png	Морские крепости
0005614.png	Геофизика
0005615.png	Скульптура «Каракуз».
0005616.png	Примечания
0005617.png	4 декабря
0005618.png	Если играют 4 человека, то роли раздающего следующие:
0005619.png	Примечания
0005620.png	Международный женский день (8 марта);
0005621.png	В Гербовник внесены две фамилии Костюриных:
0005622.png	«Цхинвальскую городскую поликлинику»,
0005623.png	Сауда бинт Зама
0005624.png	Российская территория
0005625.png	Букет (украшение)
0005626.png	Выпускники Павийского университета
0005627.png	Кирилл Григорьевич
0005628.png	Дипломаты Польши
0005629.png	Облигатный симбиоз
0005630.png	В Кентербери традиционно насчитывалось 22 приходские церкви.
0005631.png	Ислам
0005632.png	Полемика вокруг биопсихиатрии
0005633.png	Ислам
0005634.png	История кожевенно-меховой промышленности
0005635.png	Киргизия
0005636.png	История открытия хлора
0005637.png	По типу конструкции (виду)
0005638.png	Литература
0005639.png	Орден Креста земли Марии с цепью (Эстония, 4 мая 2000 года).
0005640.png	Персоналии по алфавиту
0005641.png	Бывшие районные центры Иркутской области
0005642.png	Литература
0005643.png	Сысоев В. Бакунины.- Тверь: Созвездие, 2002.- 464с.: ил.
0005644.png	Транснациональная компания (корпорация)
0005645.png	Дети:
0005646.png	Ранняя история
0005647.png	Иоганн Клай:
0005648.png	Собственно множественные формы (истинные).
0005649.png	Международные турниры
0005650.png	Татьянин день на сайте Православие и мир
0005651.png	Трудовые ресурсы
0005652.png	Пётр Чернов (ум. 1988), актёр театра и кино, народный артист РСФСР.
0005653.png	Примечания
0005654.png	97-я бригада связи (Агалатово, Всеволожский район)
0005655.png	Примечания
0005656.png	Премия Яд ва-Шем по детской литературе о Холокосте
0005657.png	Аллея спортивной славы
0005658.png	Орден Сухэ-Батора (МНР, 1981).
0005659.png	Интенсиональные определения
0005660.png	«9 рота. Дембельский альбом»
0005661.png	98,8 Наше радио
0005662.png	События
0005663.png	Гумбаз
0005664.png	Ссылки
0005665.png	Ноотропы (нейрометаболические стимуляторы)
0005666.png	Шербакульский район
0005667.png	система организации сети.
0005668.png	Семья
0005669.png	Здания и сооружения, построенные в 1881 году в России
0005670.png	20 августа
0005671.png	Права человека
0005672.png	где  - последовательность операций инкрементирования, выполненная  и  раз.
0005673.png	Источники сведений
0005674.png	В музыке
0005675.png	Известные носители
0005676.png	Хорватский
0005677.png	30 июня
0005678.png	Австро-Венгрия
0005679.png	30 января
0005680.png	Британские командиры Наполеоновских и Революционных войн
0005681.png	международные аудиторско-консалтинговые группы («Большая четвёрка»),
0005682.png	Богодуховский молокозавод.
0005683.png	Основные области исследований
0005684.png	Косово (наряду с сербским)
0005685.png	ПАО «Ростелеком»
0005686.png	Основные дочерние компании и совместные предприятия по состоянию на 2021 год:
0005687.png	Мемориал «Воинам-интернационалистам».
0005688.png	Общая информация
0005689.png	В его честь учреждены медали:
0005690.png	Примечания
0005691.png	2020-е
0005692.png	Ссылки
0005693.png	История
0005694.png	Приаргунское производственное горно-химическое объединение (Россия)
0005695.png	Керы (Несчастья);
0005696.png	Акаста
0005697.png	Ливны в географических названиях
0005698.png	В 1987 учреждена медаль памяти Петросяна.
0005699.png	Невринома
0005700.png	Примечания
0005701.png	В культуре
0005702.png	арифметика
0005703.png	В Королевстве Югославия
0005704.png	Военачальники ЮАР
0005705.png	Библиография
0005706.png	Персоналии:Малый театр Москвы
0005707.png	Примечания
0005708.png	Книга «Общественные насекомые» Майкл Брайен
0005709.png	13-й год по эре правления луского князя Дин-гуна.
0005710.png	Нормирование
0005711.png	Литературоведы России
0005712.png	Художники-академисты
0005713.png	Ссылки
0005714.png	История
0005715.png	Примечания
0005716.png	Транспорт
0005717.png	Лагранж, Жозеф Луи
0005718.png	Режиссёр Дато Джанелидзе, в роли К. Карл-Хейнц Беккер
0005719.png	Культура
0005720.png	Первая победа Дрейка
0005721.png	Выпускники Юридического факультета Гранадского университета
0005722.png	234 км: водоток рук. Репный
0005723.png	Партнёры Свободного Государства Баварии.
0005724.png	История
0005725.png	Ссылки
0005726.png	Олег Ясинский «Че принимает поздравления от Эво»
0005727.png	Секс и сексуальность в фантастике
0005728.png	Лебединская, Клара Самойловна
0005729.png	Признаки аффекта
0005730.png	События
0005731.png	Население
0005732.png	Долли Мэдисон
0005733.png	Полулистопадные влажные широколиственные леса
0005734.png	Гора Марси 1629 м.
0005735.png	Автомобильный транспорт
0005736.png	Неудачное покушение на римского императора Коммода.
0005737.png	Легенды
0005738.png	Тоны никак не обозначаются на письме.
0005739.png	Литература
0005740.png	Аятское озеро
0005741.png	Слуцко-мозырская группа говоров
0005742.png	Поздние годы
0005743.png	Примечания
0005744.png	Примечания
0005745.png	Бретонский язык для начинающих
0005746.png	Телефильмы-мелодрамы СССР
0005747.png	Функциономика
0005748.png	Ссылки
0005749.png	Хорей. «Плясовой». Эпитет Диониса.
0005750.png	Метаболизм
0005751.png	Экологические проблемы
0005752.png	Ссылки
0005753.png	Форвард
0005754.png	Международный конкурс молодых исполнителей «Новая волна»
0005755.png	Умершие в Черкесске
0005756.png	Примечания
0005757.png	Нравы и обычаи
0005758.png	Атлас народов (этнографический атлас)
0005759.png	Численность носителей
0005760.png	Фильмы Франции 1984 года
0005761.png	улучшена поддержка 64-битных систем и файловых систем размером более 16 Тбайт;
0005762.png	Иногда среди крупных чаек встречается каннибализм.
0005763.png	Лиана Осипова
0005764.png	Выпускники Львовской духовной семинарии
0005765.png	Литература
0005766.png	Ссылки
0005767.png	История
0005768.png	Фолклендские фунты. Банкноты и их описания
0005769.png	Притоки
0005770.png	Грузинская колония в Москве
0005771.png	Россия: 43 депутата
0005772.png	Всемирный день стандартов.
0005773.png	Теоретики кино
0005774.png	Долгожительницы России
0005775.png	Орден Святого Людовика, большой крест (1814, королевство Франция);
0005776.png	Пасхальный звон
0005777.png	Ссылки
0005778.png	Памятники, монументы
0005779.png	Гандбольный клуб «СГАУ-Саратов»
0005780.png	Армения
0005781.png	Также функционирует «Моршанский городской рынок»
0005782.png	Тетёкин, Вячеслав Николаевич
0005783.png	2. То же деяние, совершенное:
0005784.png	Ссылки
0005785.png	Примечания
0005786.png	Участие в еврокубках
0005787.png	Социально-воспитательные технологии
0005788.png	Города Самарии
0005789.png	Радиационная, химическая, биологическая защита.
0005790.png	Нарушения уставных взаимоотношений по степени общественной опасности делятся на:
0005791.png	Духовная грамота Ивана Даниловича Калиты
0005792.png	В древневосточных церквях
0005793.png	Франк Рибери, французский футболист, Полузащитник.
0005794.png	Компания «МегаФон-Дальний Восток» в Дальневосточном регионе:
0005795.png	Бюст генерала Маргелову.
0005796.png	История венгерской литературы
0005797.png	В 2012 году была ликвидирована текстильная фабрика (КУПП «Виттекс»).
0005798.png	Выставки
0005799.png	Реки Томской области
0005800.png	Литература
0005801.png	Примечания
0005802.png	Оранжевая революция
0005803.png	Организация черноморского экономического сотрудничества;
0005804.png	262 км: Сильга
0005805.png	Храмы Афины
0005806.png	История
0005807.png	Метод разложения на множители
0005808.png	Литература
0005809.png	В скобках обозначены звуки, используются только в заимствованных словах.
0005810.png	Примечания
0005811.png	Галереи и кабинеты
0005812.png	Согд, Хорезм, Бактрия, Чач и Фергана в архаический период
0005813.png	: Эквивалентно клавише .
0005814.png	Кировоградский институт регионального управления и экономики
0005815.png	Село Орехово
0005816.png	Итого в парламенте:
0005817.png	Застрелившиеся в Российской империи
0005818.png	Поле, усеянное костями,
0005819.png	Абдалла, король Малайзии
0005820.png	Кредитный дефолтный своп,
0005821.png	Гидрофизика
0005822.png	Сфинкс без загадки
0005823.png	Классификация нейронов
0005824.png	Примечания
0005825.png	Египтологи Великобритании
0005826.png	шестиугольным ():
0005827.png	Всемирная паутина
0005828.png	Преподаватели Цюрихского университета
0005829.png	Транспортная улица (Москва) (на границе с Люберцами?)
0005830.png	Сквозь года и дни ты надежду пронёс,
0005831.png	Примечания
0005832.png	Светлогорский целлюлозно-картонный комбинат (СЦКК)
0005833.png	Новым премьер-министром Непала назначен Наджендра прасад Риджал.
0005834.png	Диабетическая нефропатия.
0005835.png	Информационные технологии
0005836.png	Персоналии
0005837.png	Ссылки
0005838.png	Организации, основанные в 1950 году
0005839.png	Революция. Газета «Друг народа»
0005840.png	Почётные доктора Сент-Эндрюсского университета
0005841.png	Горно-нефтяной факультет (ГНФ)
0005842.png	Восточный фронт
0005843.png	Национальный парк в Новой Зеландии
0005844.png	Телекоммуникационные технологии
0005845.png	Арабский валютный фонд
0005846.png	Образование
0005847.png	События
0005848.png	Подводная археология
0005849.png	Форма государственного правления
0005850.png	Принтер
0005851.png	Сокольнический
0005852.png	Общая информация
0005853.png	Формирование
0005854.png	Рискованный бизнес
0005855.png	Заключительный акт Совещания по безопасности и сотрудничеству в Европе, 1975 год
0005856.png	Курская Коренная икона Божией Матери «Знамение»
0005857.png	Ракета-носитель
0005858.png	История
0005859.png	Всероссийский Монархический Центр
0005860.png	Краснодарский край
0005861.png	участие в Кубке УЕФА с «Анжи» (2001) и «Крыльями Советов» (2005)
0005862.png	Кавалеры ордена Святого апостола Андрея Первозванного
0005863.png	Русские писатели по алфавиту
0005864.png	Примечания
0005865.png	См. также
0005866.png	Дом уездного Совета (ул. Раевского, 2)
0005867.png	Александр Сергеевич
0005868.png	Генерал-поручики (Российская империя)
0005869.png	Статьи с эдитнотисом об осторожности при редактировании
0005870.png	Комментарии
0005871.png	Казимир Делавинь (ум. 1843), французский поэт и драматург.
0005872.png	Направления в педиатрии
0005873.png	Железнодорожный транспорт
0005874.png	Греческий язык
0005875.png	Переводы:
0005876.png	Примечания
0005877.png	Вантовые мосты Франции
0005878.png	Виктор Таланов (р. 1871), русский советский учёный-растениевод, селекционер.
0005879.png	Гоа и Индия
0005880.png	Переславль-Залесский
0005881.png	Бихевиоризм
0005882.png	Испания
0005883.png	Петовий
0005884.png	27 марта
0005885.png	Кострома
0005886.png	Тест Вады
0005887.png	14 января
0005888.png	Профессора Императорского Московского университета
0005889.png	Поход ордынских татар на Русь.
0005890.png	Название
0005891.png	Эйсай, родоначальник направления Риндзай-сю в школе дзэн.
0005892.png	Гонконг
0005893.png	Закон тождества
0005894.png	Висельная (Висельская) гора
0005895.png	Даниэла Мелшиор, португальская актриса кино и телевидения.
0005896.png	Средневековая философия
0005897.png	Скончались
0005898.png	Маковые
0005899.png	Носоупор
0005900.png	Генерал-адъютанты (Российская империя)
0005901.png	См. также
0005902.png	В современных китайском и японском языках июль обозначен как «седьмой месяц».
0005903.png	Перечень муниципальных образований Новосибирской области
0005904.png	Бассейн СШОР «Барс»
0005905.png	Футболисты России
0005906.png	Художники Нидерландов
0005907.png	По наличию регулирования сечения распылителя
0005908.png	Щель в новой паре примерно перпендикулярна щели в старой паре.
0005909.png	Католицизм
0005910.png	Религия
0005911.png	истребитель-перехватчик Су-5
0005912.png	Консулы Флавий Филипп и Аниций Авхений Басс.
0005913.png	Культурные герои
0005914.png	Спасск-Рязанский,
0005915.png	Литература
0005916.png	История
0005917.png	Примечания
0005918.png	Область применения
0005919.png	Авиация
0005920.png	Совместно да будем крепить наше достояние.
0005921.png	Атомная физика
0005922.png	Примечания
0005923.png	Примечания
0005924.png	Отделение наук о Земле
0005925.png	При Ижевском сельскохозяйственном институте действовали:
0005926.png	Основан город Мюнстер.
0005927.png	Филателия, нумизматика, бонистика
0005928.png	Ноябрь
0005929.png	Лондонская система
0005930.png	Дюрация облигации
0005931.png	Детская урология
0005932.png	Системы классификации
0005933.png	В Дербенте работают:
0005934.png	Греческая драматургия
0005935.png	Умершие в 1932 году
0005936.png	Буддийские храмы «Цеченлинг», «Тувдан Чойхорлинг».
0005937.png	Синяя алюминиево-кобальтовая краска. Названа именем Луи Жака Тенара.
0005938.png	Хунну:
0005939.png	Город Кумертау образует отдельный городской округ и в состав района не входит.
0005940.png	Политическое клише
0005941.png	-оцин (для восьмичленного цикла),
0005942.png	Малая Остроумовская улица
0005943.png	Действительные члены АН УССР
0005944.png	Кавалеры ордена Почётного легиона
0005945.png	Примечания
0005946.png	Лингвогеография
0005947.png	укрепление боевого потенциала ВСУ;
0005948.png	Война с Веспасианом
0005949.png	Приложения
0005950.png	Упоминание в летописях
0005951.png	События
0005952.png	Произведения Иеронима и статья о нём
0005953.png	Источники
0005954.png	Список высших учебных заведений Нижнего Новгорода
0005955.png	См. также
0005956.png	Геология
0005957.png	Квасник
0005958.png	Статьи и воспоминания
0005959.png	Ифигения («Сильнорожденная, Могущественная»)
0005960.png	Крупнейшие города
0005961.png	Семь будд прошлого
0005962.png	1939 год в СССР
0005963.png	Особенности
0005964.png	Скончались
0005965.png	Форматы бумаги
0005966.png	События
0005967.png	Академические музыканты Армении
0005968.png	Этимология
0005969.png	Квазиденьги
0005970.png	Андижанский профессиональный колледж малого и среднего бизнеса,
0005971.png	История отрасли
0005972.png	Литература
0005973.png	Методы чистки зубов
0005974.png	Скончались
0005975.png	Лесостепь
0005976.png	Пьесы
0005977.png	Творчество
0005978.png	Уэльс (наряду с английским)
0005979.png	Доколониальная эпоха
0005980.png	Литература
0005981.png	Среди видов захоронений, встречающихся на Аппиевой дороге, выделяются следующие:
0005982.png	Лебедь, Анатолий Вячеславович (06.04.2005, 847)
0005983.png	Медаль «60 лет Монгольской Народной Армии» (1981).
0005984.png	пространственные
0005985.png	В том же году Аверченко выпускает сборник «Дюжина портретов в формате будуар».
0005986.png	Культурное влияние
0005987.png	Энергетика Великобритании
0005988.png	Национальный чемпионат Франции
0005989.png	Родились
0005990.png	Новгородская область: Великий Новгород;
0005991.png	Цифровое эфирное телевидение
0005992.png	Термин
0005993.png	Дворцовые перевороты
0005994.png	память святой ;
0005995.png	Шляхетские роды герба Аксак
0005996.png	Архивисты Российской империи
0005997.png	Со стороны пищеварительной системы: тошнота, рвота, стоматит, анорексия.
0005998.png	Истринский драматический театр;
0005999.png	В кинематографе
0006000.png	Католицизм:
0006001.png	Телефонная связь
0006002.png	Северные форты
0006003.png	Биография
0006004.png	Пусть . Тогда
0006005.png	Решетихинская поликлиника,
0006006.png	Миопатии
0006007.png	На должность глав регионов были выдвинуты:
0006008.png	Кельтские племена
0006009.png	Борта
0006010.png	Азербайджанцы
0006011.png	Обзор законодательства России, регулирующего законодательную инициативу граждан
0006012.png	Японская письменность
0006013.png	В 1868 году город стал административным центром каймаканства.
0006014.png	Животные, описанные в 1879 году
0006015.png	Переводчики России
0006016.png	Регби
0006017.png	Экономика
0006018.png	Профиль Дирка Корнхерта на сайте Национальной Библиотеки Нидерландов
0006019.png	Образование Луны в результате гигантского столкновения.
0006020.png	Кеннет Спенс
0006021.png	Ятрофа
0006022.png	Устная речь
0006023.png	Теория музыки
0006024.png	В искусстве
0006025.png	Языки Кавказа
0006026.png	Примеры
0006027.png	неавторитетность и ненадёжность информации в Википедии;
0006028.png	Примечания
0006029.png	В видеоиграх
0006030.png	Всего за сборную Аргентины провёл 77 матчей, забив 54 мяча.
0006031.png	Космонавты России
0006032.png	Бай Умар Ньясс
0006033.png	Шум, звон, писк в ушах, оглушённость
0006034.png	Родившиеся в 1758 году
0006035.png	Утраченные сочинения
0006036.png	Олень
0006037.png	Гражданская война в Сальвадоре
0006038.png	В 2009 году городу было присвоено звание «Город воинской славы»
0006039.png	Автомобильными дорогами связан со Слуцком, Любанью, Лунинцом и Минском.
0006040.png	Протоколы прикладного уровня
0006041.png	Металлы
0006042.png	Основной состав
0006043.png	26 мая 2008 года Евгений Примаков вошёл в состав президиума РАН.
0006044.png	Транспортные пути Кавказа
0006045.png	Книги
0006046.png	Канцлеры Колледжа Вильгельма и Марии
0006047.png	35 титулов чемпиона Испании
0006048.png	Краткая история литературы от основания и до сего дня (1924)
0006049.png	Гипнотическая головная боль
0006050.png	Климат
0006051.png	Симона де Сент-Экзюпери: «Мой брат Антуан»
0006052.png	Народный артист Киргизской ССР (1974).
0006053.png	Саратовский авиационный колледж
0006054.png	Музыка
0006055.png	Члены-корреспонденты АН СССР
0006056.png	См. также
0006057.png	28 июня 1989 года образован Утякский сельсовет.
0006058.png	Новые парламентские выборы
0006059.png	«Золотой Диск» голландской фирмы «Н. О.К» (1974).
0006060.png	быть подтверждаемым,
0006061.png	Официальный сайт
0006062.png	Антологии
0006063.png	Фундаментальные взаимодействия
0006064.png	Память
0006065.png	(обл.)
0006066.png	5 марта
0006067.png	Сады и парки
0006068.png	Социальная политика
0006069.png	восклицательные частицы (что за, как);
0006070.png	Заметки
0006071.png	Примечания
0006072.png	Воинские звания
0006073.png	Третий полёт
0006074.png	АЛЖИР на Викимапии
0006075.png	Примечания
0006076.png	Стадион
0006077.png	квартал «Кирилловка»
0006078.png	22 УР;
0006079.png	Военно-стратегическая обстановка
0006080.png	Чернобыль-86, вариант ситуации (публицистика)
0006081.png	Персоналии:Кронштадт
0006082.png	События
0006083.png	В культуре
0006084.png	Океанология
0006085.png	В Невском районе располагаются следующие дома культуры:
0006086.png	Состав
0006087.png	поддержка талантливых молодых музыкантов;
0006088.png	Примечания
0006089.png	Комментарии
0006090.png	Балетные композиторы Литвы
0006091.png	Реабилитированные в России
0006092.png	Расположение и рельеф
0006093.png	Медицина
0006094.png	Драматурги Чехии
0006095.png	Жуковская Н. Л. Ламаизм и ранние формы религии, М. Наука. 1977;
0006096.png	по вопросам собственности, природопользования и строительства
0006097.png	Административное деление
0006098.png	Фильмы на русском языке
0006099.png	Ссылки
0006100.png	Регуляция уровня основного обмена в зависимости от пищевого режима.
0006101.png	Типичные развлечения современности
0006102.png	Биография работ
0006103.png	Персей (полубог, сын Юпитера и Данаи)
0006104.png	Аналоги инсулина человека
0006105.png	Классификации мутаций
0006106.png	Обобщения (ноль в общей алгебре)
0006107.png	«Повести» (Спб., 1861)
0006108.png	ООО «Нива»,
0006109.png	Список рыцарей габсбургского ордена Золотого руна
0006110.png	См. также
0006111.png	Могилы Шуайба
0006112.png	Происхождение образа
0006113.png	Пищевые красители
0006114.png	Литература
0006115.png	Игровое кино
0006116.png	Позняк, З. (1988): Двуязычие и бюрократизм. Радуга 4, 36-50.
0006117.png	Союз Лян с Муюнами.
0006118.png	Литература
0006119.png	Политика России
0006120.png	Ссылки
0006121.png	Телевизионные фильмы (1-2 серии)
0006122.png	Воеводы Пскова
0006123.png	Вклад Карла Прибрама
0006124.png	Члены КПСС
0006125.png	Родились
0006126.png	Телевидение и радио
0006127.png	«Запечатки» неугодных портретов в 1986 году
0006128.png	62 год
0006129.png	Примечания
0006130.png	Йога и тантра
0006131.png	Ученицы Елизаветы Гердт
0006132.png	Рамадан в Коране
0006133.png	Именины
0006134.png	Булоньская декларация
0006135.png	Факультеты
0006136.png	Анализ
0006137.png	Теплоснабжение
0006138.png	ВИЧ-инфекция
0006139.png	Аниме и манга
0006140.png	Выборочно:
0006141.png	Биография
0006142.png	6 городских округов (Брянск, Клинцы, Новозыбковский, Сельцо, Стародуб, Фокино),
0006143.png	История
0006144.png	День памяти трансгендерных людей.
0006145.png	Муниципально-территориальное устройство
0006146.png	Также награждён премией министерства культуры Германии
0006147.png	Узбекистан и Мали установили дипломатические отношения.
0006148.png	Певцы и певицы Германии
0006149.png	Пуцыкин, Алексей Викторович (05.09.2008, 922)
0006150.png	Городские поселения Астраханской области
0006151.png	Католические: Бернард, Василий.
0006152.png	Иммигрировавшие на Украину из Грузии
0006153.png	Парки культуры и отдыха
0006154.png	Польский Орден Белого орла (1787)
0006155.png	Профессиональная деятельность
0006156.png	Болгария
0006157.png	Спорт
0006158.png	Послы Российской империи в Италии
0006159.png	В городе пять детских садов, три средних школы.
0006160.png	Спорт
0006161.png	Спортивная улица (деревня Крекшино)
0006162.png	Примечания
0006163.png	Специалисты по конституционному праву
0006164.png	Абуна Макарий (ок. 1808)
0006165.png	Людмила Бродская (с 2016)
0006166.png	Трубецкие
0006167.png	ОГА ПОУ «Колледж сервиса и управления»
0006168.png	Транспорт
0006169.png	Титулы Ирана
0006170.png	Украинским военным округом
0006171.png	Реки Гаврилов-Ямского района
0006172.png	Информационное молодёжное агентство
0006173.png	Путешественники Франции
0006174.png	Екатерина Вторая, рождённая в Штеттине
0006175.png	Преподаватели курсов «Выстрел»
0006176.png	Багратионы в настоящее время
0006177.png	Структура
0006178.png	Теорема о биссектрисе.
0006179.png	Эта алгебра  называется алгеброй Ли группы .
0006180.png	Национальный состав населения
0006181.png	Экономический эффект
0006182.png	В специальной литературе
0006183.png	Машиностроение, ремонт и монтаж машин и оборудования
0006184.png	Место, где был похоронен Дудаев, неизвестно.
0006185.png	Минеральные ресурсы
0006186.png	Форма выпуска
0006187.png	Промышленность
0006188.png	Россия
0006189.png	Лётчики-испытатели СССР
0006190.png	Умершие от тифа
0006191.png	Хеш панграммы на английском:
0006192.png	Бургенландский коридор (Чешско-югославский территориальный коридор)
0006193.png	«Первая высота»: 1991.
0006194.png	572 км: прот. Лабором-Ты (лв.)
0006195.png	Музей крестьянского искусства Румынии и
0006196.png	Классификация
0006197.png	Направления иммунологии
0006198.png	Учреждения культуры
0006199.png	Противоминная артиллерия
0006200.png	Генеалогия
0006201.png	Спутник-3
0006202.png	Сквер Коммунальников
0006203.png	Ссылки
0006204.png	Варшава, Польша (1994)
0006205.png	Сложные глаголы образуются по моделям:
0006206.png	Филип Мазай
0006207.png	Церковь Киприана и Иустины
0006208.png	Самарканд, Узбекистан
0006209.png	Баллистарии
0006210.png	Районы Башкортостана
0006211.png	Населённые пункты Эхирит-Булагатского района
0006212.png	В 2018 году готовятся к выходу три новые книги стихотворений.
0006213.png	Николай Басков
0006214.png	Поэтические хроники Роберта Васа и Лайамона
0006215.png	«На берегу», одноактный балет
0006216.png	«Высокая шпилька»;
0006217.png	Луи Арагон (Франция; 2 октября 1972)
0006218.png	См. также
0006219.png	Примечания
0006220.png	Почётные доктора Университета Кента
0006221.png	Размножение
0006222.png	Предтеча кибернетики
0006223.png	6054 - студентов
0006224.png	Входит в список ФИФА 100
0006225.png	Биография
0006226.png	Применение
0006227.png	Палестина
0006228.png	Площадь
0006229.png	Горная вершина в Новой Зеландии
0006230.png	Почётные профессора
0006231.png	Чёрный квадрат и супрематическая обрядность
0006232.png	Системообразующие организации России
0006233.png	Епископы Русской православной церкви
0006234.png	События
0006235.png	Арманьяк
0006236.png	Однако у перехвата на взлёте есть два принципиальных недостатка:
0006237.png	Валентин Снегирёв на сайте Московской консерватории имени Чайковского
0006238.png	См. также
0006239.png	Физико-географическая характеристика
0006240.png	Автоматическое распознавание речи ().
0006241.png	И лебедь, как прежде, плывет сквозь века,
0006242.png	Кузнецкий металлургический техникум.
0006243.png	Станция скорой мед.помощи,
0006244.png	Атомные силы в квантовой механике
0006245.png	Фильмы с музыкой Джона Уильямса
0006246.png	Реки Курумканского района
0006247.png	Россия
0006248.png	Мораг ()
0006249.png	Управлять автожиром проще, чем самолётом и вертолётом;
0006250.png	Дочери:
0006251.png	Первая мировая война
0006252.png	Несуществующие химические элементы
0006253.png	Пять стадий принятия смерти
0006254.png	В спорте
0006255.png	Хале, сын Апиашаля
0006256.png	Наследие
0006257.png	Латышские стрелки
0006258.png	Семья
0006259.png	На территории Армении известно около 3500 видов растений из 150 семейств.
0006260.png	См. также
0006261.png	Вооружённые силы обороны Финляндии включают в себя:
0006262.png	Китай
0006263.png	Хронология
0006264.png	Примечания
0006265.png	Героини древнегреческих мифов
0006266.png	Литература
0006267.png	Создаваемая двигателем тяга.
0006268.png	Неопределённые интегралы
0006269.png	Методы ароматерапии
0006270.png	Для регистрации доменов третьего уровня могут использоваться следующие домены:
0006271.png	Алексей Лебедев. Нижние чины клира в древности
0006272.png	В культуре
0006273.png	История возникновения
0006274.png	С баллистическими ракетами
0006275.png	Кафедра теоретической механики
0006276.png	Буквы в, ё, ф, ц, щ, ч, ъ, ь, э используются только в заимствованных словах.
0006277.png	Архонт-эпоним Эвэнет в Афинах
0006278.png	«Катти Сарк», повесть Ивана Антоновича Ефремова
0006279.png	Литература
0006280.png	Понятия буддизма
0006281.png	Если символы
0006282.png	Языки Гонконга
0006283.png	Первый харьковский период
0006284.png	Марио Загалло на сайте КиноПоиск
0006285.png	Люди искусства («Золотой век», «Поэт», «Неизлечимые»).
0006286.png	Непарнокопытные и человек
0006287.png	Гвардейский полевой Жандармский эскадрон
0006288.png	История
0006289.png	История
0006290.png	Биография
0006291.png	Акшинское благочиние
0006292.png	Творчество и личность
0006293.png	Город был главным духовным центром Армянской апостольской церкви.
0006294.png	Центральные банки в социальных сетях
0006295.png	Задачи и значение
0006296.png	Компания
0006297.png	Похороненные в Туапсе
0006298.png	Основной состав
0006299.png	Ксения Соло, латвийская актриса.
0006300.png	Сайт о туграх османских султанов
0006301.png	Пример:
0006302.png	Библиотека им. Аксакова (ул. Минаева, 48)
0006303.png	Мемориальный комплекс «Жертвам фашизма» (1967)
0006304.png	ООО «Южуралгазстрой».
0006305.png	Классификация
0006306.png	Награды Русской православной церкви
0006307.png	См. также
0006308.png	Есть у российского Титана
0006309.png	года,
0006310.png	Достопримечательности
0006311.png	Примечания
0006312.png	Первый президент Немецкого физического общества.
0006313.png	Нисходящий (чаще) агент попадает в почку через кровь
0006314.png	Семейство
0006315.png	Ссылки
0006316.png	См. также: :Категория:Умершие в 1116 году
0006317.png	Воздушный транспорт
0006318.png	Ссылки
0006319.png	медали
0006320.png	Научная
0006321.png	Выступления на радио
0006322.png	Салют-7
0006323.png	Альберт (значения)
0006324.png	Красная армия вступила в Мурманск.
0006325.png	В 2014 году был открыт памятник Александру Абдулову в Ханты-Мансийске.
0006326.png	Эйстейн (король Дублина).
0006327.png	Признаки Вселенских соборов
0006328.png	Постройки
0006329.png	Субэтнические группы
0006330.png	340 памятников истории архитектуры, в том числе:
0006331.png	Ссылки
0006332.png	Совершение самоубийства
0006333.png	Языки Румынии
0006334.png	«Я смогу» (исп. Алла Пугачёва)
0006335.png	Умер в Новочеркасске.
0006336.png	3 позиции восприятия
0006337.png	Главы администрации
0006338.png	В книге Сомерсета Моэма "Луна и грош" есть упоминания абсента.
0006339.png	Ссылки
0006340.png	Литература
0006341.png	Ссылки
0006342.png	См. также
0006343.png	Телесериалы и кинофильмы:
0006344.png	Интернет-аукцион
0006345.png	Основные события
0006346.png	Криминалистические вопросы организации раскрытия и расследования преступлений
0006347.png	Скончались
0006348.png	Изображения
0006349.png	Иодная яма
0006350.png	См. также
0006351.png	История
0006352.png	Эней (сатировская драма)
0006353.png	Барлиман Баттербур, трактирщик из Пригорья, хозяин «Гарцующего пони»
0006354.png	См. также
0006355.png	-онан (для девятичленного цикла),
0006356.png	Ссылки
0006357.png	Индустриальные двигатели
0006358.png	Постсоветское время
0006359.png	Дмитрий Медведев
0006360.png	Примечания
0006361.png	Малая Сена (начинается у истоков реки)
0006362.png	Гавана, Куба
0006363.png	89,6 МГц Наше радио (Сатка);
0006364.png	Переводчики СССР
0006365.png	«Профессионал года» (2010) по версии газеты «Ведомости»,
0006366.png	См. также
0006367.png	События
0006368.png	Астрономические события
0006369.png	Бренди
0006370.png	Климат
0006371.png	Шанхай-Бершадь. Старые фотографии бершадского «Шанхая»
0006372.png	Ссылки
0006373.png	Стадион «Миллениум» (1999)
0006374.png	Член Ленинградского научного центра АН СССР.
0006375.png	См. также
0006376.png	Что ты заводишь песню военну
0006377.png	Сборник «Глагол». ПИ ЮФУ, Ростов на Дону, 2011.
0006378.png	Устойчивость окружающей среды
0006379.png	Страница  на сайте ФГУ МГУ
0006380.png	Хайду, правитель Улуса Угэдэя.
0006381.png	См. также
0006382.png	Происхождение
0006383.png	Зялам,
0006384.png	Реагирует с концентрированными растворами щелочей:
0006385.png	Логунов, Анатолий Алексеевич
0006386.png	Отношение к себе
0006387.png	Маниитсок
0006388.png	Викинги напали на Корк.
0006389.png	Гипотермия
0006390.png	велодорожка на Воробьёвых горах (у станции метро Воробьёвы горы)
0006391.png	Отрасли наук
0006392.png	Спутник
0006393.png	Литература
0006394.png	Рыцарь Большого креста Почтеннейшего ордена Бани (1815)
0006395.png	Гереро
0006396.png	Скончались
0006397.png	Яды и их действие изучает токсикология.
0006398.png	Артиллеристы Российской империи
0006399.png	Албукерке, Филипе
0006400.png	Населённые пункты России, чеканившие монеты
0006401.png	Назарбаева
0006402.png	морская вода (),
0006403.png	Роль игры в жизни человека
0006404.png	Газета «Юманите»
0006405.png	Терминал 3
0006406.png	Значение для человека
0006407.png	Галерея
0006408.png	Концепция музея
0006409.png	«Рубцовск промышленный»,
0006410.png	Официальный сайт Ковровского историко-мемориального музея
0006411.png	4 декабря
0006412.png	Ссылки
0006413.png	Важнейшие события
0006414.png	Комментарии
0006415.png	благодарение:
0006416.png	Почётные граждане Айзенаха
0006417.png	Лемки:
0006418.png	Арамильская суконная фабрика
0006419.png	Герой Монгольской Народной Республики (29.05.1957).
0006420.png	Клиническое применение и показания
0006421.png	Выпускники Борисоглебского высшего военного авиационного училища лётчиков
0006422.png	Царь: Ромул.
0006423.png	Экономическое значение
0006424.png	Спектакли
0006425.png	Реки Торжокского района
0006426.png	Фистинг
0006427.png	События
0006428.png	Выход первого полного собрания пьес Шекспира.
0006429.png	Старшие артиллерийские офицеры:
0006430.png	Примечания
0006431.png	Обязательства
0006432.png	Первое извержение Везувия.
0006433.png	Лица, подвергнутые санкциям со стороны США в связи с конфликтом на Украине
0006434.png	Впервые упоминаются бавары.
0006435.png	См. также
0006436.png	Береттьоуйфалу, Венгрия
0006437.png	Литература
0006438.png	Франция
0006439.png	Безработица
0006440.png	Другие значения
0006441.png	Лепые светлели.
0006442.png	Органы власти
0006443.png	Коэффициент чистой миграции: 2,53 на 1.000 населения.
0006444.png	Спорные территории (Азад-Кашмир, Гилгит-Балтистан, Западная Сахара);
0006445.png	Пенэктомия
0006446.png	Первый атомный ледокол с малой осадкой
0006447.png	В театре
0006448.png	Бизань-гафель
0006449.png	Древнеегипетские богини
0006450.png	Великие магистры Мальтийского ордена
0006451.png	Патриаршая Епитропия в Катаре
0006452.png	Античная средиземноморская география
0006453.png	Избрание
0006454.png	Топоним
0006455.png	Корпус морской пехоты США
0006456.png	Туаты у кельтов
0006457.png	Члены Зала славы авторов песен
0006458.png	Помилованные преступники
0006459.png	Реки Пономарёвского района
0006460.png	Смерть Клавдия от чумы. Императором провозглашён его брат Квинтилл.
0006461.png	Международные аэропорты
0006462.png	Ссылки
0006463.png	Историки экономики
0006464.png	Примечания
0006465.png	Марк Эрмлер (ум. 2002), дирижёр, педагог, народный артист РСФСР.
0006466.png	Синдром Грегга-Свана
0006467.png	Шифрование почты
0006468.png	Кузбасс-1 (Кемерово)
0006469.png	Семья
0006470.png	Прочее
0006471.png	Бумажная фабрика, (недейств.)
0006472.png	Нур (Свет)(Коран, 24)
0006473.png	Малый Казённый переулок
0006474.png	Перепеловский К. Белое Движение на Юге России в 1919 году и маршал Пилсудский
0006475.png	492 км: Цветоха (пр)
0006476.png	Выпускники Михайловской военной артиллерийской академии
0006477.png	Оборонительные линии Второй мировой войны
0006478.png	Сексуальные практики
0006479.png	История
0006480.png	Подробная библиография
0006481.png	Серебряный призёр чемпионата СССР: 1937;
0006482.png	Деспойна. От Деметры.
0006483.png	Применение
0006484.png	Я убит подо Ржевом (стихотворение А. Т. Твардовского)
0006485.png	Ужгород, Украина (2006)
0006486.png	Является частью мелкорозничной нестационарной торговой сети.
0006487.png	Депутаты Верховного Совета Литовской ССР 11-го созыва
0006488.png	Вольеры
0006489.png	Технические характеристики
0006490.png	Яхт-клуб
0006491.png	Награды и звания
0006492.png	Награждённые Золотой медалью Нильса Бора ЮНЕСКО
0006493.png	Ольга Шапир;
0006494.png	Философские предпочтения
0006495.png	Выпускники Демидовского лицея
0006496.png	Память
0006497.png	1980-х
0006498.png	Физико-географическая характеристика
0006499.png	абазины
0006500.png	Знакопечатающая ЭЛТ (формирование проходом луча через трафарет с символами)
0006501.png	В музыке
0006502.png	Маршал Франции
0006503.png	Аккредитация высшего учебного заведения
0006504.png	«Один день огромной страны». Архангельский театр драмы. 2013 год
0006505.png	В русском переводе:
0006506.png	В составе СССР
0006507.png	Первый (предварительный этап):
0006508.png	Похороненные в Веймаре
0006509.png	Избирательная система
0006510.png	Умершие от пневмонии
0006511.png	Словарь терминов
0006512.png	Управление финансами для услуг
0006513.png	Макарова Земфира Алексеевна
0006514.png	Медики Великобритании
0006515.png	Позиции Камасутры
0006516.png	2000-е годы
0006517.png	Управление запросами на обслуживание
0006518.png	Мифология
0006519.png	Иммунология
0006520.png	Признак Абеля
0006521.png	Награды
0006522.png	Качалов Н. Стекло. Издательство АН СССР. Москва. 1959.
0006523.png	газета «Добрая газета Воскресенска»
0006524.png	Российское Общество ангиологов и сосудистых хирургов
0006525.png	Книги
0006526.png	Директора Азиатского музея
0006527.png	Продолжение Дон-Жуана, 1979;
0006528.png	Ссылки
0006529.png	После президентства
0006530.png	В кинофильме «Главный» роль Глушко исполнил актёр Борис Щербаков.
0006531.png	Разное
0006532.png	Университетские города Нидерландов
0006533.png	Прибывающая луна.
0006534.png	Правители Сибирского ханства
0006535.png	Игроки ФК «Женис»
0006536.png	Лица, подвергнутые санкциям со стороны Австралии в связи с конфликтом на Украине
0006537.png	Ссылки
0006538.png	Скончались
0006539.png	Институт химии и проблем устойчивого развития (на правах факультета)
0006540.png	Премия города Москвы в области литературы и искусства (2010)
0006541.png	действительный член Электрохимического общества в Нью-Йорке (1929)
0006542.png	Присоединение к империи Моголов Гвалиора.
0006543.png	Литература
0006544.png	Изба Кокориных;
0006545.png	Юлтоигай
0006546.png	Реки Смоленской области
0006547.png	Гамбург состоит из 7 районов и разделён на 105 кварталов.
0006548.png	Потребительский рынок
0006549.png	История
0006550.png	400 км: река Навданак (лев.)
0006551.png	Завершение покорения турками Боснии (кроме округа Яйце).
0006552.png	Генерал-лейтенант (Выс. пр. 22.07.1909).
0006553.png	Николай Бобков
0006554.png	в США создана федеральная комиссия по изучению условий жизни индейцев.
0006555.png	Ямайка
0006556.png	Бывшие посёлки городского типа Тюменской области
0006557.png	Ссылки
0006558.png	Важнейшие города
0006559.png	Душет,
0006560.png	Появились в 1899 году в России
0006561.png	Волна;
0006562.png	Имя и прототип
0006563.png	Сальма Хайек, мексикано-американская актриса, обладательница премии «Эмми».
0006564.png	Писатели-священники
0006565.png	Умершие в 1817 году
0006566.png	2 апреля
0006567.png	Государственный секретарь
0006568.png	Особым магическим направлением в буддизме является тантризм.
0006569.png	Барон Суббота
0006570.png	Национальный состав
0006571.png	См. также
0006572.png	Понтиан (папа римский)
0006573.png	Родились
0006574.png	8 колледжей и техникумов, предоставляющих среднее профессиональное образование;
0006575.png	Два раза нет (2011)
0006576.png	Иногда некоторые игроки также делают ставки вслепую
0006577.png	Бюджетное ограничение
0006578.png	Получается полусинтетическим путём.
0006579.png	Мальчик-богатырь, марийская сказка
0006580.png	б) Пролетарии всех стран, соединяйтесь!»
0006581.png	Снегоочистители и другая спецтехника
0006582.png	Литература
0006583.png	Литература
0006584.png	«Старик перекати-поле» (1960)
0006585.png	Формулировка
0006586.png	Культура
0006587.png	Литература
0006588.png	Примечания
0006589.png	События
0006590.png	Пульсоксиметрия
0006591.png	Примечания
0006592.png	С 1996 года МАПО «МиГ» входит в состав ГУП «Военно-промышленный комплекс МАПО».
0006593.png	Пилотируемый космический корабль
0006594.png	Золотая
0006595.png	Скончались
0006596.png	Улица в городе Улан-Удэ.
0006597.png	Электродный переулок
0006598.png	Создание персонажа
0006599.png	Ссылки
0006600.png	16-й стрелковый корпус
0006601.png	Театр кошек Куклачёва
0006602.png	См. также
0006603.png	Сотрудничество с актёрами
0006604.png	ПЭЛК-3110 Элема (Электронная печатная машинка ромашкового типа)
0006605.png	Статус города
0006606.png	Подготовка к созыву
0006607.png	Форма выпуска
0006608.png	Главнейшими разделами астрономии являются:
0006609.png	Орден Золотого руна (Испания, 1822)
0006610.png	Сосновка
0006611.png	Закрытые дебюты
0006612.png	Россия К
0006613.png	Интерпретация (методология)
0006614.png	Участники записи
0006615.png	25-е Олимпийские игры. Введение в программу колесничного бега.
0006616.png	Термин «гомофобия» не отвечает этим критериям, потому что:
0006617.png	В большинстве противогазов масочного типа присутствует обтюратор
0006618.png	Ифугао
0006619.png	Литература
0006620.png	Парки
0006621.png	Способы выявления
0006622.png	Рубаи
0006623.png	от заболеваний центральной нервной системы;
0006624.png	Рождественка, улица
0006625.png	Название
0006626.png	На могиле Кольцова восстановлен крест
0006627.png	Литература
0006628.png	Историки по алфавиту
0006629.png	копия;
0006630.png	Литература
0006631.png	Графы Японии
0006632.png	Текстурированные микронеровности
0006633.png	На русском языке
0006634.png	Фильмы-боевики России
0006635.png	Свято-Никольский храм.
0006636.png	Проектируемые и строящиеся предприятия:
0006637.png	Снова в Японии
0006638.png	Ссылки
0006639.png	Климат
0006640.png	См. также
0006641.png	Болгарский язык Иван, жен. Ивана
0006642.png	Во Владимиро-Суздальском княжестве началось правление Юрия Всеволодовича.
0006643.png	Имена, высеченные под Триумфальной аркой (Париж)
0006644.png	В стране действуют 32 аэропорта, 6 из которых международного уровня.
0006645.png	См. также
0006646.png	Хайыр
0006647.png	8 мая
0006648.png	Фотогалерея
0006649.png	Мифические волки
0006650.png	Новая история
0006651.png	Смена планов
0006652.png	Академика Янгеля, улица
0006653.png	Не произнесённое намерение (ният) совершить пост;
0006654.png	: Пинск
0006655.png	Элиза Кук (ум. 1889), английская поэтесса.
0006656.png	собственные граждане данного государства;
0006657.png	Лабрис
0006658.png	Семья
0006659.png	Поход Аблая на киргизов; захвачена богатая добыча.
0006660.png	Примечания
0006661.png	Литература
0006662.png	где нас
0006663.png	Детская школа искусств
0006664.png	В ходе Реконкисты создано графство Португалия.
0006665.png	Шэинь
0006666.png	Церковные регенты
0006667.png	Искусство, литература и музыка
0006668.png	Проповедь христианства в Индии
0006669.png	Ликавит
0006670.png	Черкасский государственный технологический университет;
0006671.png	Библиотекари Российской империи
0006672.png	Ранние годы
0006673.png	Государственное устройство
0006674.png	Издательская и писательская деятельность
0006675.png	Управление персоналом
0006676.png	Стандарты качества хлора
0006677.png	Действуют 20 общественных организаций, работающих в области спорта. Среди них:
0006678.png	Населённые пункты
0006679.png	См. также
0006680.png	Довольно долго могут находиться в атмосфере сероводорода, углекислого газа.
0006681.png	Ход боевых действий
0006682.png	Ботаники Германии
0006683.png	Разговорный язык
0006684.png	Пояса
0006685.png	702 км: река Ухтомка
0006686.png	Сайт города
0006687.png	Диван Абатур, Чистилища
0006688.png	Шадринский пивзавод;
0006689.png	Примечания
0006690.png	Композиторы по алфавиту
0006691.png	Население
0006692.png	Толедские соборы и «Афанасьевский» символ веры
0006693.png	Исаев Илья
0006694.png	Военная служба
0006695.png	Население
0006696.png	Аттрактор Плыкина
0006697.png	На границе с Республикой Беларусь находятся 6 пунктов приёма уведомлений:
0006698.png	Суфии Афганистана
0006699.png	Вильгельм де Варенн, 2-й граф Суррей.
0006700.png	Могилёвская область
0006701.png	(Изомеры) спиртов
0006702.png	В 1957 году окончил Высшие литературные курсы СП СССР.
0006703.png	Применение
0006704.png	Члены Палаты депутатов Италии
0006705.png	Ссылки
0006706.png	В ответ на письмо друга-солдата (1917).
0006707.png	Официальный сайт партии.
0006708.png	Семён Дежнёв
0006709.png	Распространение
0006710.png	Дублирующий состав
0006711.png	Применяется парентерального введения и внутрь.
0006712.png	«Анонс-контракт»
0006713.png	Черты личности
0006714.png	Епископы Испании
0006715.png	2-й батальон Нерке-Вермландского полка
0006716.png	Сануки-хан ()
0006717.png	Регулярные мероприятия
0006718.png	Доктора философии
0006719.png	Зимний треугольник
0006720.png	Обратная связь
0006721.png	Высшие технические училища
0006722.png	Томас Диггес создал модель бесконечной гелиоцентрической Вселенной
0006723.png	В Москве начато строительство Белого города.
0006724.png	Географическое положение
0006725.png	Объекты Книги рекордов Гиннесса
0006726.png	Слависты Российской империи
0006727.png	Производная дельта-функции
0006728.png	В его стандартной вариации
0006729.png	Балис Сруога в Балтийском архиве
0006730.png	Монгольский алфавит
0006731.png	Примечания
0006732.png	См. также
0006733.png	Вегетативная нервная система
0006734.png	Ирбитский государственный музей мотоциклов
0006735.png	Школьная улица
0006736.png	Ссылки
0006737.png	Антималярийные препараты
0006738.png	Литература
0006739.png	Галина Аудерская. «Королева Бона. Дракон в гербе» (исторический роман-хроника).
0006740.png	Веданта-сутры Бадараяны.
0006741.png	Лабораторный диагноз:
0006742.png	Список букв кириллицы
0006743.png	Выпускники Сталинградской военной авиационной школы пилотов
0006744.png	Получение
0006745.png	Скисание (молочнокислое брожение), свёртывание
0006746.png	Измир, Турция
0006747.png	Спорт
0006748.png	Литература
0006749.png	Бизань-мачта
0006750.png	Поляризация электромагнитных волн
0006751.png	Известные учёные
0006752.png	установление контроля над ценами (на электроэнергию, на проезд)
0006753.png	Александровск
0006754.png	Деревья (структуры данных)
0006755.png	«Исток»
0006756.png	Математики по алфавиту
0006757.png	Тренерская статистика
0006758.png	Троянская война
0006759.png	Учение
0006760.png	23 сентября
0006761.png	Физиологическая роль
0006762.png	Центральный
0006763.png	Коммунисты Италии
0006764.png	Официальный сайт города
0006765.png	Литература
0006766.png	Географические термины
0006767.png	Женский вокал в рок-музыке
0006768.png	Радгрид (Властная)
0006769.png	39 НТВ;
0006770.png	См. также
0006771.png	отмечает, что армия, полиция и спецслужбы должны быть сильными и дееспособными
0006772.png	Личная жизнь
0006773.png	Православные: Алла, Анна, Василий, Гавриил, Ириней, Лариса, Марк.
0006774.png	На пути к новому тысячелетию
0006775.png	Потребление энергии
0006776.png	Князья Монако
0006777.png	Участники Восьмого крестового похода
0006778.png	Физическая химия
0006779.png	Постулаты Бора
0006780.png	Кафедра общей психологии и психологии личности
0006781.png	14 место
0006782.png	Теорема Глушкова о полноте
0006783.png	Описание
0006784.png	Судебные процессы
0006785.png	Эдриэнн Франц, американская актриса мыльных опер.
0006786.png	Примеры рекурсии в математике:
0006787.png	Традиции
0006788.png	Образование
0006789.png	разгон Учредительного собрания;
0006790.png	913 км: Чёлкекан
0006791.png	Русловедение
0006792.png	Ибресинская лётная школа
0006793.png	Цветы
0006794.png	Памятники
0006795.png	Популяционная генетика
0006796.png	1888 год
0006797.png	Известные гравёры
0006798.png	Скончались
0006799.png	Союз Стефана Батория с Крымским ханством и Турцией.
0006800.png	См. также
0006801.png	Фотографии
0006802.png	Королевство Бавария
0006803.png	341 км: Чебаклинка (лв)
0006804.png	Туммо
0006805.png	Торговля
0006806.png	См. также
0006807.png	академик-корреспондент Испанской академии наук (1934)
0006808.png	Христианство
0006809.png	Образ жизни
0006810.png	Петерстар
0006811.png	Биография
0006812.png	Енотовидная собака в культуре
0006813.png	Литература
0006814.png	Рецензия на книгу Г. Адамовича «Комментарии»
0006815.png	«чисто большевистский подход: чтобы что-то сделать, нужно кого-то ограбить».
0006816.png	Переулок Каховского в Санкт-Петербурге.
0006817.png	Притоки
0006818.png	Спортивные клубы Кёльна
0006819.png	Хачинский магал
0006820.png	Черниговгаз.
0006821.png	Топологическое пространство
0006822.png	Участники битвы при Пуатье (1356)
0006823.png	Де Траси и Кондильяк
0006824.png	Спорт в Новое время
0006825.png	Физико-географическая характеристика
0006826.png	Расследование катастрофы на Чернобыльской АЭС
0006827.png	Хронология
0006828.png	Культура
0006829.png	Примечания
0006830.png	Обозначение и параметры поршневых ДВС
0006831.png	Внутриклеточное пищеварение
0006832.png	См. также
0006833.png	Даосская философия
0006834.png	В мае 2022 года в городе произошёл пожар, уничтоживший 201 дом.
0006835.png	Лауреаты премии «Локус»
0006836.png	Одномандатные округа
0006837.png	Фильм о геофизической экспедиции
0006838.png	Выпускники МГТУ
0006839.png	Теистический эволюционизм
0006840.png	Цвета бесконечности (1995)
0006841.png	Участники Курской битвы
0006842.png	Автомобильный транспорт
0006843.png	Умершие от почечной недостаточности
0006844.png	Члены ЦИК СССР
0006845.png	Золотая Рыба (созвездие)
0006846.png	Наталия Вдовина, российская актриса театра, дубляжа и кино.
0006847.png	Завод нестандартных деревянных конструкций;
0006848.png	Расстрелянные в РСФСР
0006849.png	Установлены дипломатические отношения между Норвегией, Казахстаном и Арменией.
0006850.png	Языковые группы
0006851.png	Смерть
0006852.png	Задачи по преферансу
0006853.png	Официальная домашняя страница
0006854.png	Развитие Воронежа как центра Воронежской губернии
0006855.png	Луций Цецилий Метелл, консул Римской республики текущего года;
0006856.png	Примеры
0006857.png	Источники
0006858.png	Культура употребления вина
0006859.png	Научно-фантастические компьютерные игры
0006860.png	Виртуальное искусство
0006861.png	Арктика
0006862.png	Трое самых богатых людей
0006863.png	Ссылки
0006864.png	Отставка Акаева
0006865.png	В Чечне действуют пять вузов. Четыре в Грозном:
0006866.png	Дрю Бэрримор, американская актриса.
0006867.png	Примечания
0006868.png	Похороненные на Митрофаниевском кладбище
0006869.png	252 км: Матур
0006870.png	Результаты «Яблока» на выборах различного уровня
0006871.png	Модели в физике
0006872.png	Персоналии, чья дата смерти не установлена
0006873.png	Особенности
0006874.png	Генералы Сербии
0006875.png	Свами Вивекананда. Раджа-йога
0006876.png	Вайшешика
0006877.png	Матричные элементы преобразования являются коэффициентами Лаха:
0006878.png	Медико-санитарная часть МВД РФ
0006879.png	Джемини
0006880.png	Характеристики
0006881.png	Производственные мощности группы насчитывают 31 завод:
0006882.png	Научная организация труда
0006883.png	Фантастические существа
0006884.png	Скриптовый язык удобен в следующих случаях:
0006885.png	В МАИ действуют аспирантура и диссертационные советы.
0006886.png	Административно-территориальная структура Гватемалы включает 22 департамента:
0006887.png	Сергей Киров (значения)
0006888.png	Линдберг, Чарльз
0006889.png	2-я Боровская улица
0006890.png	станция скорой медицинской помощи
0006891.png	Филиалы иногородних учебных заведений
0006892.png	Примечания
0006893.png	Крестовый поход детей (1212)
0006894.png	Большой рында.
0006895.png	Промышленность
0006896.png	Тройская система массы
0006897.png	Влияние телеконвертеров и специальных фильтров
0006898.png	Авиация
0006899.png	2-й флот (Северная Атлантика)
0006900.png	В других областях
0006901.png	Литература
0006902.png	Андижанский опытный экспериментальный завод
0006903.png	дефис и смежные элементы;
0006904.png	Города бывших республик СССР
0006905.png	Есть два брата. Леонид и Алексей. Оба работают в МВД.
0006906.png	Культура
0006907.png	В 1962 году ворота усадьбы были показаны в фильме «Семь нянек».
0006908.png	Речи Хамдира
0006909.png	Лучший экранный дуэт (Брюс Уиллис, Хэйли Джоэл Осмент)
0006910.png	Города-побратимы
0006911.png	Битва при Ватерлоо
0006912.png	Депрессивный синдром
0006913.png	Дискография
0006914.png	Государства в истории Китая
0006915.png	Танцевально-развлекательная программа «Летний позитив».
0006916.png	Токсикоз
0006917.png	Ирисовая
0006918.png	Радиостанции
0006919.png	В 1569 году по Люблинской унии Черкассы перешли к Польскому королевству.
0006920.png	Собор Святого Петра,
0006921.png	Коттен
0006922.png	Примечания
0006923.png	и многие другие
0006924.png	«Золушка» (по пьесе Евгения Шварца), постановка Вячеслава Стародубцева
0006925.png	Смоленский юридический техникум Международного Юридического Института
0006926.png	8) Разжигание костров после отбоя не разрешается
0006927.png	Парки
0006928.png	Офицер Ордена Почётного легиона (Французская империя, 28 октября 1813)
0006929.png	Примечания
0006930.png	Яд утконоса
0006931.png	Литература
0006932.png	0-е годы
0006933.png	1923  Дикие
0006934.png	Персонажи со способностью невидимости
0006935.png	См. также
0006936.png	Личная жизнь
0006937.png	Драматурги Литвы
0006938.png	См. также
0006939.png	Сёла и кочевья
0006940.png	гипертоническая болезнь;
0006941.png	Промышленное применение
0006942.png	Церковь Св. Александра Невского;
0006943.png	Эпикуреизм и христианство
0006944.png	догмат о промысле Божием обо всем существующем.
0006945.png	Бой с Кирком Джонсоном
0006946.png	Примечания
0006947.png	младшая провинция Ики ()
0006948.png	Транспорт
0006949.png	Медаль Копли (1915 год)
0006950.png	Признание заслуг
0006951.png	Объекты, названные в честь Фернана Магеллана
0006952.png	Мясоконсервный комбинат союзного подчинения. Упоминается в 1947 году
0006953.png	Президентские выборы в США, победа Джона Кеннеди.
0006954.png	Караибы
0006955.png	Юрий Жирков
0006956.png	Начальники штаба
0006957.png	Неохотничьи породы
0006958.png	Известные игроки, воспитанники «Торпедо»
0006959.png	См. также
0006960.png	Гора Чичагов (), на п-ове Аляска;
0006961.png	Могольская группа
0006962.png	Флора Евразии
0006963.png	Научение
0006964.png	Скончались
0006965.png	Иллюстрации применения
0006966.png	Примечания
0006967.png	Жулио Сезар, бразильский футболист, вратарь сборной Бразилии.
0006968.png	Центр ближневосточных исследований
0006969.png	Результаты выборов депутатов 2019
0006970.png	Примечания
0006971.png	Галерея
0006972.png	Литература
0006973.png	Академические музыканты Финляндии
0006974.png	Список правителей Древнего Египта
0006975.png	Транспорт
0006976.png	Аптека
0006977.png	481 км: Каирсу (пр.)
0006978.png	Водные виды спорта:
0006979.png	В качестве нормы кватерниона обычно рассматривают его модуль: .
0006980.png	Ссылки
0006981.png	«Эстегляль»
0006982.png	Скончались
0006983.png	Езиды в национальной одежде
0006984.png	История археологии
0006985.png	География
0006986.png	Литература
0006987.png	Избранные труды
0006988.png	Санкции
0006989.png	Ст. 200.1. Контрабанда наличных денежных средств и (или) денежных инструментов;
0006990.png	Высшая Хоккейная Лига (1): 2010
0006991.png	Рекомбинация
0006992.png	Ограничение творческой свободы режиссёра и оператора на съёмочной площадке.
0006993.png	Московское дерби, между ЦСКА и «Спартак»
0006994.png	Беллетристика:
0006995.png	Веймарская республика
0006996.png	Краматорск
0006997.png	представительный орган городского округа, именуемый Советом;
0006998.png	Политические движения
0006999.png	Эстральный цикл
0007000.png	Рафинирование
0007001.png	Архитектура
0007002.png	Содействие на выборах, вхождение представителей в состав партии
0007003.png	Самый сложный момент для понимания и восприятия программы
0007004.png	Погребение
0007005.png	Лауреаты премии Шиллера (Пруссия)
0007006.png	Управляемые устройства
0007007.png	В Китае введён новый, исключительно жестокий кодекс законов.
0007008.png	Детский парк культуры и отдыха
0007009.png	Причинами этого стали следующие факторы:
0007010.png	Поволжский институт управления имени П. А. Столыпина РАНХиГС при Президенте РФ
0007011.png	Иные отделения
0007012.png	Лечение
0007013.png	Захват Малой Азии
0007014.png	Писательницы-феминистки
0007015.png	Примечания
0007016.png	диалект греческого языка с элементами иллирийского и фракийского;
0007017.png	В состав Дальневосточного федерального округа входят 11 регионов:
0007018.png	Ссылки
0007019.png	Управление
0007020.png	Разновидности хоты
0007021.png	Традиционные названия островов Республики Кирибати
0007022.png	Управление государственной безопасности Венгерской Народной Республики (УГБ)
0007023.png	Основные труды
0007024.png	Члены Зала славы блюза
0007025.png	Большинство других гормонов характеризуется тремя особенностями:
0007026.png	Заньковецкая Мария Константиновна
0007027.png	Выпуклые оболочки
0007028.png	В 1958 году дебютировал в кинематографе, в фильме «Юность наших отцов».
0007029.png	Общество
0007030.png	Синглы
0007031.png	Существуют версии о финно-угорском происхождении названия города.
0007032.png	Если ввести переменную  и функцию , то из уравнений ОТО получим уравнение
0007033.png	В символизме и конспирологии
0007034.png	Авторы
0007035.png	Дмитрий Сенников
0007036.png	Родившиеся в 1888 году
0007037.png	Тримараны
0007038.png	Основные произведения
0007039.png	Родился 9 июля 1955 года в городе Сентрал (штат Южная Каролина).
0007040.png	Математики по алфавиту
0007041.png	Именины
0007042.png	Шлюмбергера
0007043.png	«Тяжелое время» (1906)
0007044.png	Примечания
0007045.png	На других языках
0007046.png	Высшие дозы для взрослых: разовая 0,4 г, суточная 1,2 г.
0007047.png	События
0007048.png	Дубинушка (гимн)
0007049.png	Почётный гражданин Таллина (1882)
0007050.png	Литература
0007051.png	Память
0007052.png	Памятники
0007053.png	Распространённость
0007054.png	Нумизматы Италии
0007055.png	Номограмма перевода температур
0007056.png	Золотые ворота (Иерусалим)
0007057.png	Мифические существа в древнегреческой мифологии
0007058.png	23 массовых библиотеки;
0007059.png	Русская Православная церковь
0007060.png	Духовные сочинения
0007061.png	Члены Совета при Президенте РФ по культуре и искусству
0007062.png	Атаки неоднозначности
0007063.png	Ссылки
0007064.png	Журнал «Аудитория»
0007065.png	Парадокс с полом ребёнка
0007066.png	Заслуженные артисты РСФСР
0007067.png	Список официальных названий, рекомендуемых к использованию:
0007068.png	Царевичи
0007069.png	Примечания
0007070.png	Примечания
0007071.png	Фардыгдон
0007072.png	Связанные термины
0007073.png	См. также
0007074.png	Цари Саламина
0007075.png	Духовные композиторы
0007076.png	Применение
0007077.png	поликлиника (микрорайон Москворецкий ул. Московская)
0007078.png	Партийный органы:
0007079.png	Английские поэты
0007080.png	Индустриальные институты
0007081.png	Белоруссия
0007082.png	ОАО «Голицыно-Инструмент»
0007083.png	резервы под обесценение активов, резервы предстоящих расходов;
0007084.png	Лауреаты года Республики Карелия
0007085.png	Ссылки
0007086.png	В Латвии запрещена Коммунистическая партия.
0007087.png	Религия
0007088.png	Гипатия
0007089.png	Народный хор чувашской песни
0007090.png	Международно-правовое признание
0007091.png	Парк санатория «Ясная Поляна»
0007092.png	Литература
0007093.png	Хронология
0007094.png	Выпускники Морского кадетского корпуса
0007095.png	Примечания
0007096.png	Цветаева в творчестве русских поэтов
0007097.png	адъективные (местоимения-прилагательные);
0007098.png	Получение
0007099.png	С. Курёхин «Концерт в Таксоне» (магнитиздат)
0007100.png	Понятие
0007101.png	Примечания
0007102.png	Куритибская митрополия (Бразилия)
0007103.png	Тамчинский дацан
0007104.png	Скончались
0007105.png	Бывшие столицы Армении
0007106.png	Персоналии по алфавиту
0007107.png	С полукегельными шпациями такие комбинации:
0007108.png	1950-е годы
0007109.png	Контрразведывательная деятельность
0007110.png	Национальные
0007111.png	Литературная деятельность
0007112.png	Города Иссык-Кульской области
0007113.png	Русские поэты
0007114.png	Если компания
0007115.png	Семья
0007116.png	Создание инверсии населённостей
0007117.png	Союзы писателей в регионах РФ
0007118.png	Фрэнк Шортер
0007119.png	См. также
0007120.png	4. Западноингерманландские:
0007121.png	Молодые годы
0007122.png	В составе Османской империи
0007123.png	Музыка
0007124.png	Маршруты общественного автотранспорта (автобусы и маршрутные такси)
0007125.png	КДК «Современник» (Центр города).
0007126.png	См. также
0007127.png	Примеры: Би Ло Чунь, Лунцзин (чай), Тай Пин Хоу Куй, Маофэн, Люань Гуапянь;
0007128.png	Пародисты Российской империи
0007129.png	История физики
0007130.png	Немецкие поэты
0007131.png	Религия
0007132.png	Премия Гильдии актёров
0007133.png	Высшая школа физиотерапии;
0007134.png	Языки Кении
0007135.png	Членство
0007136.png	Музей истории Православия в Якутии
0007137.png	148 км: река Мокшанка (пр)
0007138.png	Литература
0007139.png	Биография
0007140.png	См. также
0007141.png	Географы России
0007142.png	Чурилиха, улица
0007143.png	Праздники и памятные дни
0007144.png	Лопухинский переулок
0007145.png	Увековечение памяти
0007146.png	из чего состоят кварки? (см. Преоны)
0007147.png	В титрах не указаны:
0007148.png	См. также: :Категория:Умершие в 1872 году
0007149.png	Особенности
0007150.png	Ийя подразделяются на следующие:
0007151.png	История
0007152.png	См. также
0007153.png	Виды предложных синтаксических отношений:
0007154.png	Итальянский сайт, посвящённый творчеству Пазолини
0007155.png	Социальные последствия алкоголизма
0007156.png	Ислам
0007157.png	Поход на Новгород (1170)
0007158.png	Григорий Турский. История франков
0007159.png	Промышленность
0007160.png	История Гомельской области
0007161.png	Ошибки времени-проверки-ко-времени-использования
0007162.png	Носители фамилии
0007163.png	Атомные электростанции
0007164.png	Литература
0007165.png	транслятор для преобразования текста программы в машинное представление;
0007166.png	Аквапарк Будва
0007167.png	Выделительная система
0007168.png	«На окраинах» (СПб., 1901),
0007169.png	Спортивные клубы Ступина
0007170.png	Театр-кабаре. Открыт в Киеве 12 сентября 1919 года. Закрыт в январе 1920 года.
0007171.png	Дезинформация
0007172.png	Чемпион Аргентины (2): Апертура 1998, Клаусура 1999
0007173.png	Урумы (тюркизированные греки Тавриды)
0007174.png	Губернаторы Калифорнии
0007175.png	Католический медиапортал: Видео, Музыка, Документы и Изображения
0007176.png	Атырауская ТЭЦ.
0007177.png	Ректоры Нижегородской духовной семинарии
0007178.png	Филопемон и ахейцы вынуждают Спарту к подчинению.
0007179.png	Официальный сайт аэропорта «Челябинск»
0007180.png	Чеченский язык: Язык чеченских вайнахов
0007181.png	Переводчики Чехии
0007182.png	Литература
0007183.png	Таким образом, рассматриваемая реализация является неустойчивой.
0007184.png	Награды общественных организаций
0007185.png	Бронзовый бюст Героя установлен в Городце.
0007186.png	Базирующийся на хешах
0007187.png	файл байт-ориентированного устройства,
0007188.png	Руины византийских и средневековых укреплений
0007189.png	Белорусский язык;
0007190.png	Орден Белого орла (ВП 20.01.1915)
0007191.png	Унция
0007192.png	Заслуженные артисты России
0007193.png	Интернет-сайты
0007194.png	Крепости Смоленской области
0007195.png	Изобретатели Германии
0007196.png	Водные артерии района: Белая (до обмеления было развито пароходство), Селеук.
0007197.png	От ээзи (хозяин огня)
0007198.png	Первым многоместным космическим кораблём стал «Восход-1».
0007199.png	Обучающие статьи
0007200.png	Сяо Мао (род. 1932, потерян в 1934)
0007201.png	Городские автобусные маршруты
0007202.png	См. также
0007203.png	Военные преступления нацистов на территории СССР
0007204.png	Топонимы
0007205.png	Становление
0007206.png	Оперные композиторы
0007207.png	Список хоккеистов НХЛ, набравших 1000 и более очков
0007208.png	Греция
0007209.png	Государства и территории, основанные в 1821 году
0007210.png	Лечение гонореи сводится к применению курса антибиотиков.
0007211.png	Грамматика
0007212.png	Ссылки
0007213.png	Происходят события Легенды о суасонской чаше
0007214.png	Метаболизм
0007215.png	17 средних общеобразовательных школ
0007216.png	Тренеры
0007217.png	26 декабря
0007218.png	Источники
0007219.png	Органы власти
0007220.png	Электротехника
0007221.png	Примечания
0007222.png	Нигерия
0007223.png	Революционеры России
0007224.png	Святой Николай
0007225.png	Биография на французском
0007226.png	Литература
0007227.png	Османов, Магомед Джамалутдинович (30.10.2007, 893)
0007228.png	Полковой знак
0007229.png	Примечания
0007230.png	Вице-президенты Филиппин
0007231.png	Почётные доктора Университета Дэлхаузи
0007232.png	Ссылки
0007233.png	Телепортация
0007234.png	орден Ленина
0007235.png	Актёры Бразилии
0007236.png	низменное;
0007237.png	Биография
0007238.png	Колледж Финансовой академии
0007239.png	Математики Польши
0007240.png	Филолай
0007241.png	Библиография
0007242.png	Сыма Чэнчжэнь, двенадцатый даосский патриарх школы Шанцин.
0007243.png	Выпускники Эрфуртского университета
0007244.png	Люксембург (наряду с люксембургским и немецким)
0007245.png	Творчество
0007246.png	Свадьба
0007247.png	Похороненные в Ницце
0007248.png	1990-е годы
0007249.png	Номера, выведенные из обращения
0007250.png	Обучение через Интернет обладает рядом существенных преимуществ:
0007251.png	Вадим Юсов (р. 1929), кинооператор, народный артист РСФСР.
0007252.png	Балашиха, Россия
0007253.png	Оккультизм
0007254.png	Родились
0007255.png	Концепция РАФ
0007256.png	Биография
0007257.png	Сквер с фонтаном, летней сценой,
0007258.png	85 км: Нига (пр)
0007259.png	Языки Кавказа
0007260.png	Культовые сооружения Вильнюса
0007261.png	См. также
0007262.png	Тадеуш Ружевич,
0007263.png	Орден Святого Владимира 1-й ст. (15.05.1893)
0007264.png	Обладатель Суперкубка Англии: 1998
0007265.png	Но вот тебя нет, осталась только боль
0007266.png	Исполнение наказания
0007267.png	Кандидаты в президенты Шри-Ланки
0007268.png	Примечания
0007269.png	См. также: :Категория:События 11 сентября
0007270.png	Васильцовский Стан, улица
0007271.png	Способ применения и дозы
0007272.png	Опеченский Посад
0007273.png	Виды лейкоцитов
0007274.png	Эйлера критическая
0007275.png	Судебная медицина
0007276.png	Сочинения, переведённые на русский язык
0007277.png	526 км: река Черноголовка
0007278.png	Трюгве Ли избран первым генеральным секретарём ООН.
0007279.png	кодификация (наличие кодифицированного акта -кодекса).
0007280.png	Литература
0007281.png	Большой крест ордена Возрождения Польши (Польша, 2009)
0007282.png	Умер Эмиль Габорио 1 октября 1873 года в Париже.
0007283.png	Классификация
0007284.png	беременность;
0007285.png	Синглы
0007286.png	Выпускники Миланской консерватории имени Джузеппе Верди
0007287.png	Препараты камфоры
0007288.png	1783: «Цирцея», опера Чимарозы
0007289.png	крест «За службу на Кавказе» (1864);
0007290.png	Лекарственное взаимодействие
0007291.png	Царь: Тарквиний Древний.
0007292.png	История проката
0007293.png	Неформалы
0007294.png	Происхождение
0007295.png	Населённые пункты
0007296.png	Феррара, Италия
0007297.png	Батайская улица
0007298.png	Пептидные гормоны
0007299.png	7 мая
0007300.png	Отрывок из Мюссе
0007301.png	Беременность и лактация
0007302.png	Труды античных историков
0007303.png	4 грамма чая
0007304.png	Части огнестрельного оружия
0007305.png	Литература
0007306.png	Орден Розы (Бразилия, 1886)
0007307.png	Экспираторная теория слога
0007308.png	Харбин, Китай;
0007309.png	Вторая мировая война
0007310.png	Примечания
0007311.png	подшипник
0007312.png	Путешественники в Персию
0007313.png	Союз кинематографистов РСФСР
0007314.png	Персонажи мультфильмов
0007315.png	Завод штампов и пресс-форм
0007316.png	Музыканты по алфавиту
0007317.png	Электрический ракетный двигатель
0007318.png	Семья
0007319.png	Группы допинговых средств
0007320.png	Известные пари
0007321.png	Депортация венгерского и немецкого населения Закарпатья
0007322.png	Органы иммунной системы
0007323.png	Икер Касильяс
0007324.png	Бароны Империи (Франция)
0007325.png	Терминология
0007326.png	Гальванооптические явления
0007327.png	Титульные и технические спонсоры
0007328.png	Экономика
0007329.png	Биография
0007330.png	Социальный конструкционизм
0007331.png	Спорт
0007332.png	Молдавские обычаи
0007333.png	Установлены дипломатические отношения между Узбекистаном и КНР.
0007334.png	1989: «Божий народ»
0007335.png	Тихвинский 1-й тупик
0007336.png	Ковроткачество
0007337.png	Премия Петрарки (1993)
0007338.png	К04.1 некроз пульпы (гангрена пульпы)
0007339.png	Члены КПСС
0007340.png	Примечания
0007341.png	храм Сергия Радонежского в Зеленограде (1997);
0007342.png	Литература
0007343.png	Комментаторы Корана несколько расходятся в толковании этого аята:
0007344.png	Населённые пункты
0007345.png	Первая половина парламентского срока
0007346.png	Литература
0007347.png	Правовой статус
0007348.png	Данные переписи населения 2001 года
0007349.png	См. также
0007350.png	Сетевые протоколы
0007351.png	Применение
0007352.png	См. также
0007353.png	Примечания
0007354.png	2) Топливо, энергия, идущая на производство
0007355.png	В двух мирах. Москва, 1974.
0007356.png	См. также
0007357.png	Голландский аукцион
0007358.png	Поэты на иврите
0007359.png	Парламент
0007360.png	Взгляды
0007361.png	Комментарии
0007362.png	С 1970 года ФИДЕ рассчитывает рейтинги шахматистов по системе Эло.
0007363.png	1,2 блоки АЭС Богунице (Словакия);
0007364.png	Города на Томи
0007365.png	Михаил Волков («Семья Коцюбинских», 1970; «Крушение империи», 1970)
0007366.png	Егорьевская детская больница
0007367.png	Трофей Луиджи Берлускони
0007368.png	Образование макромолекул
0007369.png	Относится к полуоткрытым дебютам, редко используется на высоком уровне.
0007370.png	Чинетинский заказник.
0007371.png	Ленинградская область
0007372.png	Планы по восстановлению страны
0007373.png	Рецептивное поле
0007374.png	«Рождественский дед»
0007375.png	Эмманюэль Роблес (ум. 1995), французский писатель-романист и драматург.
0007376.png	Столицы летних Олимпиад
0007377.png	Электроника
0007378.png	Китайская система мер
0007379.png	Основан Переславль-Залесский.
0007380.png	Районные центры Тамбовской области
0007381.png	. Галерея
0007382.png	Художники и литераторы в Тарусе
0007383.png	Членкор Американской академии медиевистики (1929).
0007384.png	Джаз Западного побережья
0007385.png	Население
0007386.png	Израиль
0007387.png	Микроскоп;
0007388.png	В чистом виде и в виде сплавов
0007389.png	Фильмы, снятые при участии Первого канала
0007390.png	Соционика причислена к псевдонаукам в следующих работах
0007391.png	Литература
0007392.png	Города, названные в честь людей
0007393.png	31 мая
0007394.png	Путепровод
0007395.png	Холопий приказ ведал регистрацией холопов;
0007396.png	Реорганизации (2010-2013)
0007397.png	Художественные фильмы
0007398.png	Бесклассовая адресация
0007399.png	Нарочь (река)
0007400.png	См. также
0007401.png	Казнённые философы
0007402.png	Входит в символическую сборную чемпионата мира (3): 1966, 1970, 1974
0007403.png	Механка,
0007404.png	Домены 1 уровня
0007405.png	Объединение кафедр университета.
0007406.png	Римское царство
0007407.png	Районы округа Бежа
0007408.png	Библиография
0007409.png	Открыта первая аптека в Багдаде.
0007410.png	Гиперсенситивный пищевод
0007411.png	Скифская змеиная (змееногая) богиня-прародительница
0007412.png	Положение и общая характеристика
0007413.png	Деятельность
0007414.png	Выпускники Йельского университета
0007415.png	Лесозавод
0007416.png	См. также
0007417.png	Образование
0007418.png	Бесконечномерные пространства
0007419.png	выполнение арифметических операций,
0007420.png	В мировой культуре
0007421.png	Примечания
0007422.png	Литература и источники
0007423.png	Май 2005 года
0007424.png	Ссылки
0007425.png	К.Королев «Новый год в подводной лодке»
0007426.png	Молодёжная команда
0007427.png	Семья
0007428.png	Детство
0007429.png	Для катехуменов:
0007430.png	Основные друзские населённые пункты
0007431.png	Альфа-адреноблокаторы
0007432.png	Статьи о неточностях в описанной биографии
0007433.png	Пять признаков научного мракобесия.
0007434.png	Здравствуй, отряд! (1986)
0007435.png	Первичная единица
0007436.png	Анонимность.
0007437.png	Чебоксарское художественное училище.
0007438.png	Спорткомплекс «ДЮСШ»
0007439.png	Коллекция
0007440.png	Иммигрировавшие в США из Великобритании
0007441.png	Международные организации
0007442.png	Благородные: Золото, Серебро и металлы платиновой группы
0007443.png	крахмал
0007444.png	Из корней растения можно получать зелёную краску.
0007445.png	Эухарис
0007446.png	Кропоткинский комитет
0007447.png	Доспешный гарнитур
0007448.png	Переименованные населённые пункты Черногории
0007449.png	Теракт на Дубровке (2002)
0007450.png	Ссылки
0007451.png	«Светогорец»
0007452.png	Пятый канал
0007453.png	Память в Болгарии
0007454.png	Биография
0007455.png	Структура Службы
0007456.png	полуденная четырёхракаатная молитва (зухр);
0007457.png	Литература
0007458.png	Сьюдад-Хуарес
0007459.png	Джорджия
0007460.png	Оценки
0007461.png	Населённые пункты городского округа Ялта
0007462.png	Волнения в Гераклее (Фтиотида). Спартанец Гериппид силой подавляет мятеж.
0007463.png	История
0007464.png	Транснационализация
0007465.png	Происхождение
0007466.png	Инженер-подполковник (3.06.1965).
0007467.png	Архивировано 12.07.2004.
0007468.png	Пушки (возле Монумента Славы, см. фото ниже)
0007469.png	Похороненные в Киеве
0007470.png	Усадьба Н.А. Некрасова (город Чудово)
0007471.png	См. также
0007472.png	Смеси веществ делятся на гомогенные (однородные) и гетерогенные (неоднородные).
0007473.png	Критика директора Юрия Козлова
0007474.png	Ссылки
0007475.png	Достоинства и недостатки
0007476.png	Шаумбург-Липпе,
0007477.png	Производители носителей информации
0007478.png	Практическая философия
0007479.png	Литература
0007480.png	Примечания
0007481.png	Основные элементы летательного аппарата:
0007482.png	24 мая Завершение вывода войск из Ливана
0007483.png	Экономика
0007484.png	Другое
0007485.png	Российские
0007486.png	Климат
0007487.png	Петра Непорожнего, улица
0007488.png	Религиоведение
0007489.png	Статьи о Гражданской войне в США (1861)
0007490.png	Населённые пункты
0007491.png	Канонизированные королевы
0007492.png	Экономика города
0007493.png	Универсал
0007494.png	Клубы МХЛ
0007495.png	См. также
0007496.png	Предпринимательство
0007497.png	Физика полупроводников
0007498.png	Примечания
0007499.png	Страницы значений:Тёзки
0007500.png	Прево
0007501.png	События
0007502.png	Комбинаторная геометрия
0007503.png	Планиметрия
0007504.png	Официальные сайты
0007505.png	Орбитальный самолёт
0007506.png	1900-е годы
0007507.png	Персоналии по алфавиту
0007508.png	Двойная сделка с бриллиантами
0007509.png	Алек Век, английская топ-модель африканского происхождения.
0007510.png	Средства массовой информации
0007511.png	Населённые пункты графства Корк
0007512.png	Транспорт
0007513.png	См. также
0007514.png	Коммуникация
0007515.png	Виды томографии
0007516.png	Члены Народной партии за свободу и демократию
0007517.png	Во Франции около Риполя построен замок Сан-Хуан де Абадесес
0007518.png	Население Земли вторично достигает численности в 500 миллионов человек.
0007519.png	Ледники
0007520.png	Степной фронт
0007521.png	Бабья
0007522.png	Выпускники Военно-морской академии имени Н. Г. Кузнецова
0007523.png	Отношения с Великим княжеством Литовским
0007524.png	МиГ-17, И-330, СИ, СИ-16, 1954.
0007525.png	Производство
0007526.png	Берестечко
0007527.png	Кения,
0007528.png	Центристы
0007529.png	Российский университет транспорта
0007530.png	-епин (для семичленного цикла),
0007531.png	Примечания
0007532.png	Дважды Герои Советского Союза
0007533.png	Радикальное галогенирование
0007534.png	Паром (межорбитальный буксир)
0007535.png	Важнейшие события
0007536.png	где  соответствует спину вверх, а  соответствует спину вниз.
0007537.png	Теория языков программирования
0007538.png	Азербайджан и Армения
0007539.png	Борети
0007540.png	два ордена Ленина (14.03.1938, 5.11.1947)
0007541.png	Ссылки
0007542.png	После Троянской войны
0007543.png	Примечания
0007544.png	Лабораторные результаты, указывающие на необходимость госпитализации, включают:
0007545.png	В культуре, искусстве и кинематографии
0007546.png	Люблин, Польша (2004 год);
0007547.png	Ты у меня одна
0007548.png	Печатные издания
0007549.png	Марина Климова
0007550.png	Старший лейтенант (1.08.1972).
0007551.png	979 км: Нара (лв)
0007552.png	Умер 3 сентября 1856 года в городе Рио-де-Жанейро.
0007553.png	Советские войска освободили Мариуполь.
0007554.png	См. также
0007555.png	Гексагональные шахматы МакКуэя
0007556.png	Пророчество в рисунках (фильм из серии «Как уходили кумиры»)
0007557.png	Нижняя часть базы
0007558.png	Список провинций Мадагаскара:
0007559.png	Официальные документы
0007560.png	Культурно-досуговый центр «Протон»
0007561.png	Бьёт в гекзаметре вверх водяная колонна фонтана,
0007562.png	Тонкая кишка человека
0007563.png	Персоналии:Аэрофлот
0007564.png	Военнопленные Российской империи
0007565.png	Несвижский райисполком
0007566.png	Латвийское пиво
0007567.png	Примечания
0007568.png	В бою у Каушена было убито шесть офицеров Кавалергардского полка.
0007569.png	Движение святых последних дней
0007570.png	Личная жизнь
0007571.png	Ноябрь
0007572.png	Тормахов, Дмитрий Дмитриевич (19.02.1996, 254)
0007573.png	Следствия законов Ньютона
0007574.png	Судьба членов Временного правительства
0007575.png	История
0007576.png	Антти Аматус Аарне (ум. 1925), финский филолог, исследователь фольклора.
0007577.png	Отречься от престола, что сняло бы любые ограничения на возможные брачные планы.
0007578.png	Информация с сайта Нобелевского комитета
0007579.png	Учение
0007580.png	Софистика
0007581.png	Астрофизика
0007582.png	Применение
0007583.png	Применение в расходометрии
0007584.png	Афина и птицы
0007585.png	Преподаватели Тринити-колледжа (Дублин)
0007586.png	История
0007587.png	Научные данные
0007588.png	Троцкисты Мексики
0007589.png	Городищенский археологический комплекс
0007590.png	Ссылки
0007591.png	остров с крупнейшим городом: Хонсю (Япония, г. Токио)
0007592.png	Режиссёр
0007593.png	Пластиковая крышка калькулятора;
0007594.png	Вавилонии;
0007595.png	два ордена Ленина;
0007596.png	Литература
0007597.png	История
0007598.png	См. также
0007599.png	Съезд проходил в два этапа:
0007600.png	Сражения России
0007601.png	Примечания
0007602.png	Создание Феодосийской стены.
0007603.png	Информационные системы
0007604.png	В 2011 году о событиях в Лидице вышел  с Карелом Роденом и Зузаной Фиаловой.
0007605.png	«Илиада» и Иерусалимский проект
0007606.png	Золотой век Испании
0007607.png	Буддийская космология
0007608.png	Сайт университета
0007609.png	Персоналии:Эрфурт
0007610.png	В честь богини назван астероид (77) Фригга, открытый в 1862 году.
0007611.png	Унция
0007612.png	Описание гербов
0007613.png	Примечания
0007614.png	Развитие желудка
0007615.png	Экологические и социальные последствия
0007616.png	Образование и наука
0007617.png	Научно-популярные фильмы
0007618.png	Стероиды
0007619.png	Арифметическая комбинаторика
0007620.png	Участие в фильмах
0007621.png	Название
0007622.png	2000-е годы
0007623.png	Инфекционная больница
0007624.png	Микаэла Де ла Кур, шведская певица, актриса, модель и дизайнер
0007625.png	Инцидент в тоннеле на Садовом кольце (1991)
0007626.png	Национал-социалистическая рабочая партия
0007627.png	Книга Перемен, особенно почитаемая в конфуцианстве и даосизме
0007628.png	См. также
0007629.png	Волго-Камский макрорегион
0007630.png	Словакия
0007631.png	в СССР принято решение о создании машинно-тракторных станций (МТС).
0007632.png	Метеорные потоки
0007633.png	Охраняемых природных территориях Андалусии
0007634.png	Шина (компьютер)
0007635.png	Культурное влияние Томска
0007636.png	Животный мир имеет значительное разнообразие по дыхательным пигментам:
0007637.png	Ссылки
0007638.png	Населённые пункты
0007639.png	Примечания
0007640.png	Классификаторы
0007641.png	Информационное моделирование
0007642.png	Внешняя политика Сингапура
0007643.png	Управление песчаным червём
0007644.png	Происхождение
0007645.png	См. также
0007646.png	Видар
0007647.png	Ссылки
0007648.png	Источники
0007649.png	См. также
0007650.png	Язычество в Литве
0007651.png	Ссылки
0007652.png	способы запуска различных приложений;
0007653.png	«Пятёрочка»,
0007654.png	Собор Псковских святых
0007655.png	Топливо и энергетика
0007656.png	Какова рыночная цена сходного актива? (относительная оценка)
0007657.png	Номинатив (кто? что?);
0007658.png	Православные
0007659.png	Программы бухгалтерского учёта
0007660.png	Детско-юношеский центр «Русинка» (23 мкрн)
0007661.png	См. также: :Категория:Умершие в 1496 году
0007662.png	Рацион
0007663.png	В России
0007664.png	кафедра 904 «Инженерная графика»
0007665.png	Скульптурные группы «Укрощение коня человеком»
0007666.png	Статус и органы власти
0007667.png	Милостивый государь!
0007668.png	Чемпион: 1991
0007669.png	Публицисты Российской империи
0007670.png	Историко-этнографический музей под открытым небом «Донди-юрт» (г. Урус-Мартан);
0007671.png	Аще хощеши победити безвремянную печаль;
0007672.png	деревянные;
0007673.png	Компьютерные игры
0007674.png	См. также
0007675.png	Двадцать первая проблема Гильберта.
0007676.png	Выбор НАО (выпуск приостановлен с начала 2017-го)
0007677.png	Память
0007678.png	Ссылки
0007679.png	Платицериум
0007680.png	Русский алфавит
0007681.png	Политическое устройство
0007682.png	Самый результативный защитник
0007683.png	Легенды и устная история Новгорода
0007684.png	Примечания
0007685.png	Орнитофауна
0007686.png	Известные личности
0007687.png	23 апреля
0007688.png	Служба у генерала Бонапарта
0007689.png	Биография
0007690.png	Сливовый сок
0007691.png	Литература
0007692.png	Кубистические работы Диего Риверы
0007693.png	Финансово-кредитные учреждения
0007694.png	Герой Труда Вьетнама (Социалистическая Республика Вьетнам, 1980);
0007695.png	Бывшие колонии Великобритании
0007696.png	Прелюдия и скерцо для кларнета с фортепиано
0007697.png	Китон
0007698.png	Принцип действия
0007699.png	диазонидные красители, производные солей диазония;
0007700.png	Пальцы
0007701.png	Историки Древнего Рима
0007702.png	Ссылки
0007703.png	Персоналии по алфавиту
0007704.png	Скончались
0007705.png	Биография
0007706.png	См. также
0007707.png	История
0007708.png	Консулы: Секст Папиний Аллиен и Квинт Плавтий.
0007709.png	Успех молодёжного состава
0007710.png	Формулы векторного анализа
0007711.png	Гражданские кодексы
0007712.png	Калтанский кирпичный завод (ККЗ)
0007713.png	Закон о запрете возрастной дискриминации
0007714.png	в места с отёчной подкожно-жировой клетчаткой;
0007715.png	Люди попавшие под раздачу Советской власти из-за своей непрофессиональности:
0007716.png	Марат Башаров «Сатисфакция» (2005)
0007717.png	Гипотеза о связи изменений климата с нарушениями течения Гольфстрим
0007718.png	Выражения, типы которых вычисляются, определяются довольно стандартным образом:
0007719.png	Художники неофициального искусства СССР
0007720.png	Исследования планет
0007721.png	Седьмое число Моцкина.
0007722.png	Победы Пандавов
0007723.png	Чехия
0007724.png	Во время Исхода Нолдор никто из ваниар не присоединился к ним.
0007725.png	Орден Святой Анны 3-й ст. (12.01.1813)
0007726.png	Рекреационные учреждения
0007727.png	Ложные
0007728.png	Основные притоки: Шайтанка, Шайтанка, Кейзес, Каинсас, Каланцас, Бобровка.
0007729.png	Газовое центрифугирование
0007730.png	Оздоровительные упражнения
0007731.png	«школа Винаи» (люй цзун),
0007732.png	Северо-Восточный федеральный университет имени М. К. Аммосова
0007733.png	См. также
0007734.png	Административно-муниципальное устройство
0007735.png	Национально-культурная политика
0007736.png	Следующие футболисты становились чемпионами мира, являясь игроками «Челси»:
0007737.png	Сноуборд на Олимпийских играх
0007738.png	Очистка дисков
0007739.png	Россия
0007740.png	Секретари комитетов ВЛКСМ на предприятиях и в организациях
0007741.png	Спитцер:
0007742.png	Применения: магнитооптика, эффект Зеемана и открытие электрона
0007743.png	в России снят запрет на деятельность ордена иезуитов.
0007744.png	Литература
0007745.png	Соли карбоновых кислот
0007746.png	Племена Скифии
0007747.png	Консортивные связи
0007748.png	В Москве создан Театр Романа Виктюка.
0007749.png	Классификация по типу электролита (упрощённая)
0007750.png	всем лицам от 65 лет и старше;
0007751.png	Кристаллография
0007752.png	Театральная студия «Витражи»;
0007753.png	Легенды, связанные с крещением
0007754.png	Болезнь и смерть
0007755.png	Выпускники Симбирского духовного училища
0007756.png	Воскресенский Новоиерусалимский монастырь
0007757.png	При смеси с пероксидом водорода протекает следующая реакция:
0007758.png	на сайте Шведской церкви
0007759.png	История
0007760.png	Топографическая
0007761.png	Графы Потоцкие (5 ветвей) (ЦП)
0007762.png	Внерайонные города Германии
0007763.png	Женщины-политики Филиппин
0007764.png	Бутовая и Бутобетоная
0007765.png	Тело отсчёта
0007766.png	История
0007767.png	Почётные члены Московского общества испытателей природы (после 1917 года)
0007768.png	генерал Ходжес, командующий 1 американской армией (США)
0007769.png	Ноябрь: 14 ноября
0007770.png	Вариант использования алфавита тенгвар для письма на русском языке
0007771.png	Стереометрия
0007772.png	Родились
0007773.png	(с 2022).
0007774.png	Дефектология
0007775.png	Литература
0007776.png	Палладианство
0007777.png	Плотность тока и сила тока
0007778.png	Кларнет и его семейство:
0007779.png	Театр
0007780.png	Педагогические идеи
0007781.png	Аруначал-Прадеш (спорная территория)
0007782.png	Сюжет
0007783.png	Электровелосипед
0007784.png	Администрация лена
0007785.png	Работа землеустроителем (Курск, Белоруссия, Урал)
0007786.png	Литература
0007787.png	Одиночные партии и матчи
0007788.png	Союз-15
0007789.png	Вий (1967);
0007790.png	Историки Франции
0007791.png	Общая топология
0007792.png	доступ к принятию общезначимых решений;
0007793.png	Ранние годы
0007794.png	Население
0007795.png	Религия
0007796.png	Дворец детского и юношеского творчества.
0007797.png	Эскулап (бог врачевания, сын Феба)
0007798.png	Выпускники Новосибирского аграрного университета
0007799.png	Ссылки
0007800.png	Рейтинг на конец года в одиночном разряде
0007801.png	Вахтанг Чабукиани (р. 1910), советский артист балета, балетмейстер.
0007802.png	Уроженцы Кировской области
0007803.png	Примечания
0007804.png	греческий Орден Спасителя, командорский крест (1861)
0007805.png	Танец
0007806.png	Международный президент
0007807.png	Религиозные
0007808.png	Примечания
0007809.png	«Дорога к звёздам» (1957)
0007810.png	Ореховая улица (деревня Сосенки)
0007811.png	Творчество
0007812.png	Противопоказания
0007813.png	Дублин, Ирландия (октябрь 1983)
0007814.png	Экипаж
0007815.png	Общественные и мемориальные проекты
0007816.png	Производится две разновидности пигмента:
0007817.png	Каннский кинофестиваль
0007818.png	Соперничество с Потёмкиным
0007819.png	Крепости в древности и в Средние века
0007820.png	Транспорт
0007821.png	Студгородок
0007822.png	Астероид Ида и его спутник Дактиль
0007823.png	В соответствии с законодательством России под валютными операциями понимаются:
0007824.png	Бриан Бору захватил власть над всем Мунстером.
0007825.png	могут ли контролироваться такие наблюдения;
0007826.png	Телемедицина на Украине
0007827.png	О любви всё твержу тебе заново,
0007828.png	Вторая служба (курирует МЧС)
0007829.png	, находящийся во дворе дома Закарян.
0007830.png	Актёры Германии
0007831.png	Сценарий Германа Климова
0007832.png	Ссылки
0007833.png	Урбанистика
0007834.png	«Маленькие женщины» (1933, США)
0007835.png	Яков Свердлов
0007836.png	Кометы семейства Юпитера
0007837.png	Религия
0007838.png	Преподаватели МИТХТ
0007839.png	Игорь Кваша («Год как жизнь» СССР, 1965)
0007840.png	ООО ЗУО «Термо-Пак»
0007841.png	Гвинея-Бисау
0007842.png	Ссылки
0007843.png	Фауна
0007844.png	Основные подразделения
0007845.png	Здравоохранение
0007846.png	Принята Декларация о государственном суверенитете Татарстана.
0007847.png	Этиология
0007848.png	Межъядерное расстояние 0,07416 нм.
0007849.png	генерал от кавалерии (старшинство 14 апреля 1913)
0007850.png	память мученика Максима Румянцева (1928);
0007851.png	Домик Шиллера
0007852.png	Наследие и память
0007853.png	Направления исследований
0007854.png	Скульпторы-монументалисты Грузии
0007855.png	Этногенез армян
0007856.png	Собрание табулатур песен «Арии»
0007857.png	Хоккейные клубы Милана выиграли 29 национальных чемпионатов.
0007858.png	Обряды
0007859.png	Хеви-метал-группы США
0007860.png	Электронные СМИ
0007861.png	Аналогичные устройства
0007862.png	Анонимные художники
0007863.png	Выписать все натуральные делители числа .
0007864.png	Если шайба залетела в ворота от судьи.
0007865.png	Экономика
0007866.png	Кызылбаш
0007867.png	Гематрия
0007868.png	Сей пшеницу, когда черёмуха зацветёт.
0007869.png	Уровни энергии в квантовой точке
0007870.png	Военная история США
0007871.png	В целях отдыха.
0007872.png	Основные характеристики стабилитрона
0007873.png	Содержание общей теории относительности
0007874.png	Ссылки
0007875.png	Языки
0007876.png	Персоналии:Милет
0007877.png	Примечания
0007878.png	Упорядочивание содержимого перетаскиванием
0007879.png	Кёнгидо (), Южная Корея
0007880.png	Родившиеся в 1601 году
0007881.png	14. Патологическая анатомия пренатального периода
0007882.png	Существует немало вариантов толкования отдельных фраз в песне.
0007883.png	Примечания
0007884.png	Межсезонные
0007885.png	Советов,
0007886.png	Суперкубок УЕФА Обладатель (3): 1972, 1973, 1995
0007887.png	Интервью с Брюсом Стерлингом в России
0007888.png	Железнодорожный
0007889.png	Панслависты
0007890.png	Ле-Мойн-Оуэна (колледж, основан в 1871)
0007891.png	Евангелическо-лютеранская церковь Ингрии
0007892.png	: «Российский общенародный союз»
0007893.png	Ссылки
0007894.png	Мэри-Кейт и Эшли Фуллер Олсен, американские актрисы
0007895.png	Биография
0007896.png	Примечания
0007897.png	От принесения в жертву для укрощения гнева Посейдона спас Андромеду Персей.
0007898.png	словарной единицы, при котором сохраняется её звуковая форма.
0007899.png	Выпускники Виленского университета
0007900.png	противокосмическая
0007901.png	Грузия
0007902.png	Экономика
0007903.png	Старшие минные офицеры:
0007904.png	Операторы: Г. Айзенберг, А. Евмина
0007905.png	Аральск-5 («Урал»)
0007906.png	Члены Президиума ЦИК СССР
0007907.png	Марыйский велаят
0007908.png	Зимой чэньцы осадили Дунь.
0007909.png	Статьи
0007910.png	См. также
0007911.png	История
0007912.png	Нерешённые проблемы современной физики
0007913.png	Поэты Польши
0007914.png	В июле вышло Постановление
0007915.png	Паром (межорбитальный буксир)
0007916.png	Торгово-технологический колледж
0007917.png	Статьи Грекова публиковались во многих печатных и сетевых СМИ.
0007918.png	Чемпионат Европы по футболу среди женщин
0007919.png	Этнический состав
0007920.png	Политика самоизоляции
0007921.png	Коррозия и защита от коррозии
0007922.png	Народный артист Киргизской ССР (1974).
0007923.png	Генерал-поручики (Российская империя)
0007924.png	Религиозные взгляды
0007925.png	Кибернетики Великобритании
0007926.png	История Маджара
0007927.png	Исторический музей
0007928.png	Хронология Гражданской войны в США
0007929.png	Ричард Голдмен (р. 1910), американский дирижёр, композитор и музыковед.
0007930.png	25-й Саммит ШОС (10 ноября 2020 года)
0007931.png	Количество испаряющегося растворителя
0007932.png	Указатель общественного транспорта
0007933.png	медаль «За оборону Сталинграда» (1944)
0007934.png	Тренеры России по боксу
0007935.png	комбинированные.
0007936.png	События
0007937.png	История
0007938.png	«Русский народ в битве цивилизаций», 2011 год
0007939.png	По типу открытости:
0007940.png	Родившиеся в 1861 году
0007941.png	Али ибн Абу Талиб
0007942.png	См. также
0007943.png	Примечания
0007944.png	Список станций Челябинского метрополитена
0007945.png	Литература дала кинематографу:
0007946.png	Ссылки
0007947.png	Важнейшие события
0007948.png	Социальное равенство
0007949.png	1959 год в науке
0007950.png	религиозная организация мусульман Смоленска и Смоленской области
0007951.png	Нижнеомский район
0007952.png	380-е годы
0007953.png	Совет глав промышленных государств
0007954.png	«Шарады Бродвея» М. Орра и Р. Дэнема, постановка Александра Бурдонского
0007955.png	Судебные уставы устраняли губернатора от участия в отправлении правосудия.
0007956.png	Александр Харчиков.
0007957.png	Литература
0007958.png	Фамилия Цугба оказалась в дальнейшем в списках РОА.
0007959.png	Евгений Петров
0007960.png	Историки по алфавиту
0007961.png	Запись альбома
0007962.png	История рода
0007963.png	Примечания
0007964.png	Печатные издания
0007965.png	Приморский строительный колледж
0007966.png	Депутаты Совета Национальностей 11-го созыва
0007967.png	Обозначения бра-кет
0007968.png	Умершие 15 декабря
0007969.png	МВД России
0007970.png	Адреса
0007971.png	Примечания
0007972.png	Мнения
0007973.png	Информация для пациентов
0007974.png	Димитровград в филателии
0007975.png	висарга (:) с последующими гласными и согласными.
0007976.png	Кнопки
0007977.png	Описание
0007978.png	Рина Зелёная (р. 1901), актриса эстрады, театра и кино, народная артистка РСФСР.
0007979.png	сопрограммы;
0007980.png	Члены Оргбюро ЦК ВКП(б)
0007981.png	Персоналии:Императорский Санкт-Петербургский университет
0007982.png	Русские поэты
0007983.png	Великая Португалия
0007984.png	Награды и звания
0007985.png	Культура
0007986.png	Художники-портретисты Ренессанса
0007987.png	При ней:
0007988.png	Литература
0007989.png	Персоналии:Волгоградская область
0007990.png	Собор Троицы Живоначальной
0007991.png	Прямое произведение графов
0007992.png	Смотрите: Города Гаити
0007993.png	Память
0007994.png	Названия оттенков
0007995.png	Монголия,
0007996.png	Литература
0007997.png	генерал-лейтенант (25.05.1959).
0007998.png	Столетние долгожители США
0007999.png	Памятник жителям д. Кудакаево, перекрёсток улицы Губкина и Октябрьской улицы;
0008000.png	Население
0008001.png	Музейные коллекции
0008002.png	Графы Шароле
0008003.png	Множество переключаемых интерфейсов;
0008004.png	Сочинения
0008005.png	В городе протекает река Бейсужек Левый (приток Бейсуга).
0008006.png	История
0008007.png	Примечания
0008008.png	Персоналии по алфавиту
0008009.png	Персоналии:Омск
0008010.png	1930 год в Казахстане
0008011.png	Материалы по иммунологии от Российской Академии Наук
0008012.png	Чемпионом Германии по футболу стала «Бавария».
0008013.png	С 21 апреля 1925 года в составе Чувашской АССР.
0008014.png	Похороненные на Выборгском римско-католическом кладбище
0008015.png	Москва без света: во всём виноват Чубайс?
0008016.png	Литература
0008017.png	Медаль «За оборону Москвы» (1944);
0008018.png	Ссылки
0008019.png	Болниси,
0008020.png	Фотографии
0008021.png	Хоккей
0008022.png	! Предложение
0008023.png	Отряды пресмыкающихся
0008024.png	Болторез (арматурные кусачки, арматурные ножницы, штифторез)
0008025.png	Богословское определение
0008026.png	Фильмы и телевидение
0008027.png	В 2018 году состоялся первый чемпионат мира по фризским шашкам.
0008028.png	Дифференциальный диагноз
0008029.png	Литература
0008030.png	Курган Костюшко, насыпанный в 1934 году.
0008031.png	Острый
0008032.png	Спорт
0008033.png	Восточно-Памирский с центром в Мургабе
0008034.png	Происхождение
0008035.png	Графы Зубовы (СРИ)
0008036.png	Орбита
0008037.png	Фауна
0008038.png	Комсомольский проезд
0008039.png	Экранизации произведений Фёдора Достоевского
0008040.png	Многопрофильный лицей
0008041.png	Орден Святого Станислава 2-й степени (Царство Польское, 1820)
0008042.png	Виртуальные сети
0008043.png	Примечания
0008044.png	Экономика
0008045.png	Свойства и структура
0008046.png	См. также: :Категория:Умершие в 1639 году
0008047.png	Ссылки
0008048.png	Примечания
0008049.png	Микены
0008050.png	21 ноября
0008051.png	Инфраструктура
0008052.png	Рейтинги
0008053.png	История
0008054.png	Собор Смоленской иконы Божией Матери
0008055.png	Узайр упомянут в Коране один раз:
0008056.png	3. Ашкан, сын.
0008057.png	Народные комиссары и министры Литовской ССР
0008058.png	Примечания
0008059.png	Редко - отёки.
0008060.png	Хип-хоп в СССР
0008061.png	Выпуклый пятиугольник
0008062.png	Блонский, Павел Петрович
0008063.png	127 км: Якша
0008064.png	8 июля
0008065.png	память священномученика Маркелла, епископа Апамейского (ок. 389);
0008066.png	Электровозы ЧС4 в музеях и на «вечных стоянках»
0008067.png	Тенденции в изменении числа переселенцев
0008068.png	Ссылки
0008069.png	Родились
0008070.png	История
0008071.png	Ссылки
0008072.png	Холодное оружие
0008073.png	Квантовая теория поля
0008074.png	Здание института иностранных языков.
0008075.png	Вспомогательные вещества
0008076.png	Литература
0008077.png	Фонтан «Самсон» в Петергофе
0008078.png	Учреждения среднего профессионального образования
0008079.png	Литература
0008080.png	Кёнигсбергский университет
0008081.png	Примечания
0008082.png	Применяют внутрь и парентерально (внутримышечно или внутривенно).
0008083.png	Второй вариант, утверждённый  года, гласил:
0008084.png	В 1 луне луский гун вернулся на родину.
0008085.png	лица католического вероисповедания,
0008086.png	Родились
0008087.png	Члены РАЕН
0008088.png	Телевидение
0008089.png	С 1977 года в Королёве проводится Космический марафон.
0008090.png	Мужун Шэн взял власть в Поздней Янь.
0008091.png	Татакай Но Гэнэй
0008092.png	Маркерные интерфейсы
0008093.png	Ссылки
0008094.png	На русском языке
0008095.png	Стоимость
0008096.png	Плевенская область
0008097.png	Количество контуров: 2.
0008098.png	Примечания
0008099.png	17 октября
0008100.png	И теперь противны мне стали
0008101.png	Военачальники Средневековья
0008102.png	Театры
0008103.png	Биография
0008104.png	Дизайнер форм
0008105.png	Потомки
0008106.png	Богородица Неопалимая Купина.
0008107.png	В городе протекает река Бейсужек Левый (приток Бейсуга).
0008108.png	Харьковская епархия
0008109.png	шведский Орден Полярной звезды, большой крест
0008110.png	«Приключения барона Мюнхгаузена»
0008111.png	Синтаксис
0008112.png	История
0008113.png	Дикая местность
0008114.png	Тиресий
0008115.png	Грунт
0008116.png	Члены партии УДАР
0008117.png	Клаппертон о смерти доктора Аудни
0008118.png	Техногайянизм
0008119.png	Аукцион алгоритмов
0008120.png	Популизм
0008121.png	Царь: Тулл Гостилий.
0008122.png	Кратер  на Луне
0008123.png	Ссылки
0008124.png	«Всем тем, кто вникнет в сущность скорбных слов»;
0008125.png	Эпипремнум
0008126.png	Примечания
0008127.png	Вооружённые силы включают в себя:
0008128.png	Нравственные начала анархизма. 1906.
0008129.png	Де-Билт
0008130.png	Дворянские роды, на гербах которых изображены единороги
0008131.png	аэродром;
0008132.png	14 общеобразовательных школ;
0008133.png	Маршала Баграмяна, улица
0008134.png	собор Сан-Джорджо по проекту Розарио Гальярди
0008135.png	Я пришёл дать вам волю (1971)
0008136.png	Средний возраст населения
0008137.png	Умершие в 1885 году
0008138.png	После смерти
0008139.png	Изобретатели по алфавиту
0008140.png	Варшава
0008141.png	См. также
0008142.png	Примечания
0008143.png	Конституция Республики Алтай
0008144.png	Персоналии:Минск
0008145.png	1944,  Йозеф Гонсалез
0008146.png	Экономика
0008147.png	ГОСТ 11326.0-78. Кабели радиочастотные. Общие технические условия.
0008148.png	Военные округа
0008149.png	Литература
0008150.png	единый хоровой концерт в День славянской письменности;
0008151.png	Отечественная война 1812 года
0008152.png	Награды
0008153.png	приём и выдача мелких отправок грузов (открытые площадки).
0008154.png	Биография
0008155.png	Игроки ФК «Барселона»
0008156.png	подготовка населения в области гражданской обороны;
0008157.png	ООО «Павлово-Посадский хлебзавод».
0008158.png	См. также
0008159.png	Индустрия компьютерных игр
0008160.png	Номер Уэйна Гретцки
0008161.png	География вещания
0008162.png	На северо-востоке:
0008163.png	на английском языке
0008164.png	из  следует ;
0008165.png	обр. нар. песен, в том числе
0008166.png	Юрий Осипьян (ум. 2008), советский и российский физик, академик АН СССР и РАН.
0008167.png	Фармакокинетика
0008168.png	См. также
0008169.png	Умер во время подготовки к 4 крестовому походу.
0008170.png	Витебский мост (в южной части реки, юго-западнее канализованного участка)
0008171.png	Богословы по алфавиту
0008172.png	Секержитский, Егор Александрович (11.08.2022)
0008173.png	Городские поселения Нижегородской области
0008174.png	До 1939 года Броды входили в состав Польской республики.
0008175.png	30 июля
0008176.png	Населённые пункты Дружковского городского совета
0008177.png	Авторские программы на телевидении
0008178.png	Родились
0008179.png	Имеется тонкорунное овцеводство.
0008180.png	Памятник на братской могиле советских воинов в микрорайоне Шибанкова
0008181.png	Великая Отечественная война
0008182.png	Рядовые (СССР)
0008183.png	Правила
0008184.png	Медаль «В память 850-летия Москвы»
0008185.png	Камбон Ж. Дипломат. М., 1946.
0008186.png	83 педагога в ДОУ;
0008187.png	Новодевичье кладбище в Москве.
0008188.png	Диагональный метод
0008189.png	Памятники
0008190.png	Киновоплощения
0008191.png	Таксономия
0008192.png	Кухня
0008193.png	Структура
0008194.png	Ссылки
0008195.png	См. также
0008196.png	Нацистские лидеры
0008197.png	Гербовник Остзейских (прибалтийских) губерний России
0008198.png	Противокорабельные (первоначально все торпеды);
0008199.png	См. также
0008200.png	Литература
0008201.png	Сен-Назер.
0008202.png	28 армия
0008203.png	Обладатель Кубка конфедераций: 2001
0008204.png	мкр. «Серебрянка»
0008205.png	Детство
0008206.png	Никопольская фабрика «ЕвроМебель». Производство мягкой мебели.
0008207.png	Русские заселили губернию, когда здесь уже жили чуваши, мордва и татары.
0008208.png	Разделение труда, обмен и стоимость
0008209.png	См. также: :Категория:Умершие в 1565 году
0008210.png	Официальный сайт г. Советск
0008211.png	«Полярные» динозавры
0008212.png	Муниципалитеты
0008213.png	Примечания
0008214.png	Будущее время
0008215.png	Российской академией наук была учреждена премия имени Н. И. Вавилова;
0008216.png	Герои Социалистического Труда и Герои труда РФ
0008217.png	Инвентаризационный аудит
0008218.png	Сайт «Антибольшевистская Россия»
0008219.png	Биография
0008220.png	Литература
0008221.png	Военные лётчики России
0008222.png	Литература
0008223.png	Блокиратор микрофона
0008224.png	Сладковатой груши земной.
0008225.png	Ссылки
0008226.png	Кагомэ, кагомэ,
0008227.png	Афины, Греция
0008228.png	Аграрии России
0008229.png	Тирренское море
0008230.png	История
0008231.png	полковник (05.1941);
0008232.png	У Энгельса
0008233.png	австрийский Орден Леопольда, большой крест (1860);
0008234.png	Распространение и экология
0008235.png	10 октября 1946 года здесь началось издание районной газеты.
0008236.png	Памятник Б. М. Хитрово в Карсуне
0008237.png	Вокруг звезды обращается, как минимум, четыре планеты.
0008238.png	Кого мы называем: Бог.
0008239.png	Медоносы
0008240.png	Размышление (1969?)
0008241.png	Заслуженные мастера спорта СССР
0008242.png	Поверхность
0008243.png	Предыстория появления
0008244.png	Литература
0008245.png	Скончались
0008246.png	По форме:
0008247.png	Примечания
0008248.png	Погибшие в результате падения с лошади
0008249.png	Позиция по вопросу русских в Латвии
0008250.png	Кудринская площадь
0008251.png	Внешние связи
0008252.png	Примечания
0008253.png	1171 год
0008254.png	Сулейман аль-Амаш, мусульманский учёный поколения табиин.
0008255.png	Ниже представлена схема реакций глюконеогенеза:
0008256.png	Виталий Бианки «Небесный слон».
0008257.png	пемзовые,
0008258.png	Похороненные на кладбище Пер-Лашез
0008259.png	Башни Псковской крепости
0008260.png	Подбор актёров
0008261.png	передача движения от мышц к костям;
0008262.png	На чемпионатах мира
0008263.png	Хронология биотехнологий
0008264.png	Книга «Тайные приключения Мигеля Литтина в Чили».
0008265.png	Иезуиты Испании
0008266.png	Города-миллионеры
0008267.png	Если же на Федота на дубу макушка с опушкой, будешь мерить овёс кадушкой.
0008268.png	Вера Боксер
0008269.png	См. также
0008270.png	Сельское хозяйство
0008271.png	Фильмы Португалии 2000 года
0008272.png	Члены Парижской медицинской академии
0008273.png	Харун ар-Рашид перенёс столицу халифата из Багдада в Самарру.
0008274.png	Президенты Микробиологического общества
0008275.png	См. также
0008276.png	Фудзивара-но Каматари, высший чиновник Японии
0008277.png	Почётные доктора Ратгерского университета
0008278.png	Избранные труды
0008279.png	Международное сотрудничество
0008280.png	События
0008281.png	Литература
0008282.png	памятник «Дзержинский с ребёнком» в сквере им. Дзержинского (ул. Дзержинского);
0008283.png	Кубок Уральского Федерального Округа (2): 2001, 2003
0008284.png	См. также
0008285.png	Женские
0008286.png	Латерализация мозга
0008287.png	Скончался  года.
0008288.png	Ссылки
0008289.png	Герои древнегреческих мифов
0008290.png	Литература
0008291.png	текстиль, одежда и обувь (11,7 млрд);
0008292.png	История
0008293.png	Памятник Вениамину Георгиеву, Герою Советского Союза (возле дома Союзов)
0008294.png	См. также: :Категория:Появились в 1649 году
0008295.png	Обновления стандарта
0008296.png	Система уравнений вида:
0008297.png	Члены Палаты депутатов Италии
0008298.png	Заводская улица (Зеленоград)
0008299.png	Депутаты Верховного Совета СССР 10-го созыва
0008300.png	Родившиеся в 1719 году
0008301.png	М. Таривердиев и Э. Рязанов
0008302.png	Источники
0008303.png	Старший повар - должность в пограничных войсках
0008304.png	Церкви
0008305.png	Известные жители и уроженцы
0008306.png	Телекоммуникации
0008307.png	Об альбоме
0008308.png	Киргизская государственная академия физической культуры и спорта;
0008309.png	См. также: :Категория:Умершие в 1816 году
0008310.png	Внешняя политика
0008311.png	Местное отделение партии «Единой России»
0008312.png	Проживание
0008313.png	Первые поражения мазепинцев
0008314.png	Исторические нунции
0008315.png	Космическая опера
0008316.png	Особенности языка ложбан
0008317.png	Многие современные газоанализаторы часто имеют дополнительные функции, например:
0008318.png	Биография Дмитрия Медведева в Персоналиях РБК
0008319.png	Магнитная лента
0008320.png	Пилоты Формулы-1 2000-х годов
0008321.png	Боги-творцы
0008322.png	Члены НСДАП
0008323.png	Общественный транспорт Йены
0008324.png	Церкви
0008325.png	Калининский;
0008326.png	Депутаты Совета Союза 11-го созыва
0008327.png	Нуклеиновые кислоты (ДНК, РНК)
0008328.png	Официальный сайт ХК «Кристалл»
0008329.png	Общая характеристика и оценки
0008330.png	У Кратиппа обучался сын Цицерона Марк Туллий Цицерон Младший.
0008331.png	Алексей Миранчук
0008332.png	Млекопитающие Африки
0008333.png	Орбита и вращение
0008334.png	Собор Святого Мартина
0008335.png	«Всё проходит»
0008336.png	Сноски
0008337.png	Персоналии по алфавиту
0008338.png	медаль «Щит Свободы» (Соединённые Штаты Америки)
0008339.png	Имущество КПСС в России объявлено государственной собственностью.
0008340.png	Военно-воздушные силы
0008341.png	Биография Михаила Чигорина на сайте ФШР
0008342.png	Полная информация о Боливии
0008343.png	Александар Митрович, сербский футболист
0008344.png	Оранжевый и синий Майданы
0008345.png	англ. , рус. принтер, эсп. ;
0008346.png	Ссылки
0008347.png	Метрическое стихосложение
0008348.png	Существуют и другие версии происхождения названия города.
0008349.png	Скончались
0008350.png	Обладатели «Золотого мяча»
0008351.png	Лиса и бобёр
0008352.png	Примечания
0008353.png	«Мягкие» объекты
0008354.png	Комсомольская роща
0008355.png	Писатели романтизма
0008356.png	Ромен Сова (р. 1938), украинский учёный-токсиколог, член-корреспондент АН СССР.
0008357.png	Сын Кабира, царь Азии, в его честь празднества Сабазии.
0008358.png	Доступ в Интернет
0008359.png	Первые заранее спланированные могильники в Греции.
0008360.png	Скульпторы по алфавиту
0008361.png	Губа, Баку
0008362.png	Тэннер М. Сравнительный анализ систем здравоохранения в разных странах.
0008363.png	Первый участок
0008364.png	25 февраля
0008365.png	Живые ископаемые
0008366.png	См. также
0008367.png	Приведены в хронологическом порядке.
0008368.png	Союз-18а.
0008369.png	Литература
0008370.png	В культуре
0008371.png	туарегский чай с мятой;
0008372.png	4 августа
0008373.png	Бароны Ренфру
0008374.png	История
0008375.png	Административное устройство
0008376.png	См. также
0008377.png	Санкт-Петербургский Скутер-клуб.
0008378.png	Примечания
0008379.png	Биография
0008380.png	Лауреат Государственной премии СССР (1981).
0008381.png	Правителем Пагана становится Алаунситху
0008382.png	Примечания
0008383.png	Литература
0008384.png	Внутреннее отражение
0008385.png	члены Нобелевского комитета Каролинского института, в дополнение к пункту 1;
0008386.png	Пассажирская дрезина ТУ6П
0008387.png	«Косино»
0008388.png	Родились
0008389.png	Аэций направлен на борьбу с багаудами. Союзник Аэция король аланов Гоар.
0008390.png	См. также
0008391.png	Определение
0008392.png	Занимался вопросами организации церковно-общинной жизни.
0008393.png	Фольклор и художественная литература
0008394.png	Электронные тахеометры
0008395.png	Норманская версия
0008396.png	Нобелевские премии
0008397.png	Фессалия в настоящее время
0008398.png	Вероисповедание
0008399.png	Проектируемый 1889-й проезд
0008400.png	«Спорт»
0008401.png	Медаль Копли (1906)
0008402.png	Похороненные на Новодевичьем кладбище
0008403.png	Диамидофосфаты
0008404.png	Основные школы дхьяны:
0008405.png	Брокен Оранж Пеко (ВОР);
0008406.png	! Код до 1993 года
0008407.png	Родословная
0008408.png	Международные договоры Италии
0008409.png	В своём развитии ОСРВ строились на основе следующих архитектур:
0008410.png	5 октября
0008411.png	поддержаны полтора десятка языков, включая русский;
0008412.png	Церковь в честь образа Божьей Матери (1997)
0008413.png	См. также
0008414.png	Геологическое строение
0008415.png	Гормоны поджелудочной железы
0008416.png	См. также
0008417.png	Ассирия
0008418.png	Геометрический способ построения отображения перспективы .
0008419.png	Творения блаженного Феодорита, епископа Киррского. Ч. 2. 1905
0008420.png	Лхаса
0008421.png	Литература
0008422.png	Макаров, Николай Егорович (23.03.2012)
0008423.png	Первоосновы теологии:
0008424.png	Монархизм в России
0008425.png	Анатолий Кузнецов («Раскол», Россия, 1993).
0008426.png	Литература
0008427.png	Члены КПСС
0008428.png	Примечания
0008429.png	Персоналии по алфавиту
0008430.png	980 км: Скнига (пр)
0008431.png	Суннитский треугольник
0008432.png	Образование
0008433.png	Аюкский водопад
0008434.png	Ссылки
0008435.png	Источники
0008436.png	Примечания
0008437.png	Классификация смертей
0008438.png	память преподобномученика Андроника (Сурикова), иеромонаха (1938 год);
0008439.png	Ссылки
0008440.png	Примечания
0008441.png	Разведывательные спутники России
0008442.png	История
0008443.png	Роспуск и возрождение 2014
0008444.png	Допустимые отрезки для построения с помощью циркуля и линейки
0008445.png	Моздок в энциклопедии «Мой город»
0008446.png	Физические изменения и половое созревание
0008447.png	Стэнли Кубрик
0008448.png	Топонимы
0008449.png	См. также
0008450.png	Религия
0008451.png	Ростовский государственный музыкальный театр
0008452.png	Факультет энергомашиностроения и технологического оборудования (ФЭмТО)
0008453.png	Финалист: 1995
0008454.png	В государстве Давань
0008455.png	Иван Перфильевич
0008456.png	Внук Илья Кричевский, в Израиле.
0008457.png	Список объектов, названных в честь Леонарда Эйлера
0008458.png	Годы Великой Отечественной войны
0008459.png	См. также
0008460.png	См. также
0008461.png	насколько мне известно,
0008462.png	Социальное происхождение
0008463.png	Тренеры ФК «Авангард» Челябинск
0008464.png	23 июня
0008465.png	осетинский язык
0008466.png	Два ордена Ленина.
0008467.png	См. также
0008468.png	Роль обожествления в политике
0008469.png	Филогенетическое положение псовых можно отобразить следующей кладограммой:
0008470.png	Независимость
0008471.png	Облака
0008472.png	1931 год.
0008473.png	Египетско-российский университет
0008474.png	Список деталей поверхности Титана
0008475.png	Упразднённые
0008476.png	Наследственные заболевания нервной системы
0008477.png	Объединение кафедр университета.
0008478.png	Библиотеки и архивы
0008479.png	Инфраструктура
0008480.png	Ирбитская ярмарка
0008481.png	Революция
0008482.png	В Строгановской вотчине Оханск развивался как волостное село.
0008483.png	Поисковый индекс
0008484.png	Выход: 3 4
0008485.png	Мейлер
0008486.png	Кафедра экономики, финансов и менеджмента
0008487.png	мы с Лебедем говорим. Понял?
0008488.png	Учёные Испании
0008489.png	Члены Леопольдины
0008490.png	Числа с плавающей запятой:
0008491.png	Примечания
0008492.png	Мартта Коскинен
0008493.png	Ссылки
0008494.png	Спорт
0008495.png	Литература
0008496.png	Биография
0008497.png	3 декабря
0008498.png	Римское царство
0008499.png	Нитрозометилмочевина (противоопухолевое средство, алкилирующее соединение)
0008500.png	История
0008501.png	Стадионы
0008502.png	24 апреля
0008503.png	Средства массовой информации
0008504.png	Обносов, Борис Викторович (20.12.2021)
0008505.png	Дворянство Испании
0008506.png	Внешняя политика
0008507.png	Дошкольное
0008508.png	Наука
0008509.png	Средние века
0008510.png	Сверхдлительного действия
0008511.png	«Викинги» («Викерцы») Эвальда Аава, первая значительная эстонская опера.
0008512.png	наречия места;
0008513.png	Утильпанк
0008514.png	отказ от медицинского вмешательства;
0008515.png	Царствование
0008516.png	Туристический сайт о Турине
0008517.png	Ссылки
0008518.png	Большой курултай тюркских народов
0008519.png	контроллеры;
0008520.png	События
0008521.png	причём число при этом обычно пишут слева.
0008522.png	См. также
0008523.png	Семья
0008524.png	Политическая деятельность
0008525.png	Аналогично, Э.Тоффлер выделяет три «волны» в развитии общества:
0008526.png	Дивестиции
0008527.png	Но как это назвать? Аудиоблоггинг? Подкастинг? Партизанские СМИ?
0008528.png	Похороненные на кладбище Пер-Лашез
0008529.png	См. также
0008530.png	Упоминания в культуре
0008531.png	Похороненные на Даниловском кладбище
0008532.png	по распространённости
0008533.png	Татарский исторический эпос «Идегей»
0008534.png	Интернациональный стиль
0008535.png	Православие
0008536.png	Чемпионат Ленинграда по шахматам
0008537.png	Набор операторов достаточно традиционен.
0008538.png	Классификация морфем
0008539.png	Месторождения полезных ископаемых Кировской области
0008540.png	См. также
0008541.png	Ярмарка
0008542.png	Конкурс высокой моды «Золотые ножницы»
0008543.png	Святые
0008544.png	Творчество, связанное с Херсоном
0008545.png	Старший тренер: Борис Кулагин.
0008546.png	саркома Юинга
0008547.png	Боевая живучесть (летательных аппаратов)
0008548.png	Полезные ископаемые
0008549.png	Богословы Польши
0008550.png	Примечания
0008551.png	Обычно пища делится по происхождению на растительную и животную.
0008552.png	Энергетика России
0008553.png	Хельсингские руны
0008554.png	Особенности правописания
0008555.png	Финские поэты
0008556.png	1930-е
0008557.png	Покрышкин, Александр Иванович
0008558.png	В ролях
0008559.png	События
0008560.png	4 хоккейные площадки.
0008561.png	Новые направления химии тиофена, М , 1976;
0008562.png	К этому типу относится большинство римских пилумов.
0008563.png	Труды
0008564.png	В России
0008565.png	Теургия Ямвлиха или «О Египетских Мистериях»
0008566.png	Примечания
0008567.png	Ссылки
0008568.png	Классификация при выделении в удмуртском языке трёх основных наречий
0008569.png	Рейхсляйтеры
0008570.png	Музыка
0008571.png	Кавалер Большого Креста ордена Почётного легиона (Франция, 02.02.1805)
0008572.png	Ссылки
0008573.png	Регина Валиева
0008574.png	Дворянские роды Швейцарии
0008575.png	Похороненные на Новодевичьем кладбище (Санкт-Петербург)
0008576.png	Боэций, римский государственный деятель, христианский философ (ум. 524)
0008577.png	Общественная позиция
0008578.png	Авиационные термины
0008579.png	Прекратившие существование
0008580.png	Это 8-й выход в космос Сергея Крикалёва и 1-й выход Джона Филлипса.
0008581.png	Александринский театр
0008582.png	Крупнейшими медицинскими организациями России в области нейрохирургии являются:
0008583.png	денежные средства;
0008584.png	Восток-1
0008585.png	Смерть
0008586.png	Борис Владимиров (ум. 1988), советский актёр театра и кино, артист эстрады.
0008587.png	Днепр, Украина
0008588.png	Промышленность
0008589.png	Доменный цех - 3 доменные печи ( по 2100 , 1179, 2140 т в год)
0008590.png	Орден Почётного легиона, большой крест (14.05.1857)
0008591.png	Америка
0008592.png	Векшё, Швеция
0008593.png	Последние годы жизни
0008594.png	Источники
0008595.png	Фальцет
0008596.png	К священнику принято обращаться «отец (Имярек)».
0008597.png	После президентства
0008598.png	Женщины в Древней Греции
0008599.png	Переводчики поэзии на немецкий язык
0008600.png	Биологический цикл азота
0008601.png	укрытие каменных одежд;
0008602.png	3-й Дорожный проезд
0008603.png	Городецкая улица
0008604.png	Природные каменные материалы;
0008605.png	Примечания
0008606.png	На русском языке
0008607.png	Рыжик сосновый
0008608.png	Водохранилища Ульяновской области
0008609.png	Последнее обновление: декабрь 2022
0008610.png	ООО «Моршанск Авто-4»
0008611.png	Официальный сайт Администрации Ступинского муниципального района
0008612.png	17 декабря
0008613.png	Семья
0008614.png	Примечания
0008615.png	Житие Святого Тихона Задонского.
0008616.png	Период независимости
0008617.png	494 км: Соктыозек (пр.)
0008618.png	Фотография на сайте Законодательного Собрания Приморского края
0008619.png	Модульная защитно-коммутационая аппаратура
0008620.png	24 района
0008621.png	Политики-эмигранты
0008622.png	В центре города работает Щёлковский районный рынок.
0008623.png	Дятьково в военные и послевоенные годы
0008624.png	В августе 2023 года стало известно, что певица разводится с Сэмом Асгари.
0008625.png	Джеймс Дулиттл (ум. 1993), лётчик ВВС США, возглавивший «рейд Дулиттла» (1942).
0008626.png	Официальный сайт Вяземского района
0008627.png	Атлас крепостей Российской империи.
0008628.png	Биография
0008629.png	Васил
0008630.png	Главой городского округа является Митрофанов Олег Андреевич.
0008631.png	Виды сделок
0008632.png	Национальный состав
0008633.png	Автобусное сообщение с Калугой, и Москвой.
0008634.png	14 ноября
0008635.png	Генуэзские колонии
0008636.png	Доминика
0008637.png	Ссылки
0008638.png	Народные депутаты СССР от округов РСФСР
0008639.png	Институт имени Кинси
0008640.png	Научный центр ВостНИИ по безопасности в горной промышленности
0008641.png	Экономика
0008642.png	Персоналии:Нью-эйдж
0008643.png	Биография
0008644.png	Большая улица
0008645.png	См. также: :Категория:Умершие в 1826 году
0008646.png	Оттенки
0008647.png	Биография
0008648.png	«Евгений и Юлия», повесть (1789)
0008649.png	Среднее образование
0008650.png	Производство
0008651.png	Выпускники Кембриджского университета
0008652.png	Исследования
0008653.png	Дайдо (Дайдо Флориан Клу де Буневиаль Армстронг), британская поп-певица.
0008654.png	«Исаев» (2009), реж. Сергей Урсуляк
0008655.png	Грязный Омут
0008656.png	Мать: Абаза, Варвара Сергеевна (урождённая Цурикова).
0008657.png	31 августа
0008658.png	Лекарственные средства с недоказанной эффективностью
0008659.png	Родились
0008660.png	Процессоры, выпускавшиеся в СССР и России
0008661.png	Револьвер Ле Ма
0008662.png	Ссыльные
0008663.png	Аквариум
0008664.png	Литература
0008665.png	Полностью утраченные кремли
0008666.png	Россия
0008667.png	Единицы измерения ускорения
0008668.png	Прочие
0008669.png	«Папа в командировке»
0008670.png	Архитектурные стили
0008671.png	Кастрюли и сковороды
0008672.png	Манихейство
0008673.png	Этимология
0008674.png	Члены палаты лордов Великобритании
0008675.png	Первая английская колония в Новой Англии.
0008676.png	полковник (20.02.1940)
0008677.png	Производство продуктов питания
0008678.png	Подобие лопастных насосов
0008679.png	Сельское хозяйство
0008680.png	Размах крыла: 17,16 м
0008681.png	Практики Нью-эйдж
0008682.png	Трансурановые элементы
0008683.png	Ссылки
0008684.png	Переводы
0008685.png	начальник отдела
0008686.png	Казанцев Н.В. Неудавшаяся карьера (рукопись);
0008687.png	Памятник в Нижнем Новгороде на улице Комарова.
0008688.png	Оперативные вмешательства
0008689.png	Народные депутаты России
0008690.png	«Детско-юношеская спортивная школа»
0008691.png	Хирургическое лечение состоит из нескольких последовательных этапов:
0008692.png	Названия
0008693.png	Курение каннабиса
0008694.png	Томсккабель
0008695.png	ООО «ДЖИЛЕКС» (завод по производству насосов и насосного оборудования);
0008696.png	Солисты Его императорского Величества
0008697.png	Примечания
0008698.png	Культура
0008699.png	Поручик (Выс. пр. 14.04.1876)
0008700.png	Основные типы ландшафтов:
0008701.png	Медаль «За доблестный труд в Великой Отечественной войне 1941-1945 гг.» (1946)
0008702.png	29 июля
0008703.png	Население
0008704.png	В кино
0008705.png	Структурное программирование
0008706.png	Педагоги-репетиторы Большого театра
0008707.png	Прекращение существования арамейского государства Хамат.
0008708.png	Средняя Волга
0008709.png	Расстрелянные в РСФСР
0008710.png	1951: 198 000 чел.
0008711.png	Алексей Меринов
0008712.png	Нижегородские губернаторы
0008713.png	яйцо,
0008714.png	С Успенья солнце засыпает.
0008715.png	Морфизм  называется изоморфизмом, если существует такой морфизм , что  и .
0008716.png	Пищевые добавки
0008717.png	Позволяет вставлять внутрь шаблонов «сырой» Перл.
0008718.png	Драматурги Франции
0008719.png	производительную силу.
0008720.png	Примечания
0008721.png	бурятский язык
0008722.png	Результаты
0008723.png	Шао-ди низложен и убит. Возведён Лю И-лун.
0008724.png	Почётные граждане Радома
0008725.png	равносильно
0008726.png	История музыки России
0008727.png	Демократическая партия России
0008728.png	Прочее
0008729.png	Фарватеры, обследованные промером
0008730.png	Дом-музей Мухтара Ашрафи
0008731.png	Санкт-Петербургский государственный университет
0008732.png	Упаковка
0008733.png	Виды кулинарной обработки пищи
0008734.png	Защитные предметы экипировки, содержащие в своей основе металл:
0008735.png	Динамика
0008736.png	Черты личности
0008737.png	Список музеев Атланты
0008738.png	В исламе
0008739.png	Награды и номинации
0008740.png	Литература
0008741.png	Футбол
0008742.png	29 января
0008743.png	В городе Масейо есть 30-тысячный стадион, названный Король Пеле.
0008744.png	Формы брака
0008745.png	ионный разрядник
0008746.png	Казако-гетмано-шведский союз
0008747.png	Ракетогидродинамика
0008748.png	См. также
0008749.png	Музей
0008750.png	Издатели Российской империи
0008751.png	Происхождение Иисуса
0008752.png	Восстание Кавурда, наместника Кирмана.
0008753.png	Китайско-вьетнамский пограничный конфликт
0008754.png	Исследования
0008755.png	Литература
0008756.png	Семья
0008757.png	История Тверской области
0008758.png	Фильмы
0008759.png	Сергей Жадан, украинский писатель и общественный деятель.
0008760.png	Куплеты Бенгальского («Опасные гастроли»)
0008761.png	Основные проблемы эпистемологии
0008762.png	Сельскохозяйственные здания
0008763.png	Отдельные значения
0008764.png	Упанишады
0008765.png	Раскладка клавиатуры
0008766.png	«О святом грехе Зеницы-девы» (1916)
0008767.png	Химия полимеров
0008768.png	Положение о флаге ТАССР утверждено 1 июня 1981 года.
0008769.png	Коли весенние ручьи бегут в лунку, то у рыбаков хорошо ловится плотва.
0008770.png	Император Бурэцу, 25-й император Японии.
0008771.png	Прогнозы потребления и производства
0008772.png	9 декабря 2017 года Ирак объявил об окончании войны с «Исламским государством».
0008773.png	Ицу ицу дэяру?
0008774.png	Насеризм
0008775.png	Примечания
0008776.png	История
0008777.png	ООО «Броварской алюминиевый завод» (Группа компаний Алюмета)
0008778.png	Почётный гражданин города Одесса.
0008779.png	Марчелло Мастроянни (ум. 1996), итальянский актёр, лауреат многих кинопремий.
0008780.png	Примечания
0008781.png	Независимые корреляции со здоровьем и болезнью наиболее сильны:
0008782.png	Биография
0008783.png	отрицатели глобального потепления
0008784.png	Цесаревны
0008785.png	-етан (для четырёхчленного цикла),
0008786.png	Неподалёку от монастыря есть котлован с теплой водой и песчаными пляжами.
0008787.png	Джеймс Мэйсон («Майерлинг», 1968)
0008788.png	Галерея
0008789.png	Военные действия в Аквитании
0008790.png	Колонна со львом-символом города на Привокзальной площади (скульптор А. Ткачук)
0008791.png	Промышленность
0008792.png	Примечания
0008793.png	Литература
0008794.png	Литература
0008795.png	Космический корабль «Союз-35»
0008796.png	автомагистраль .
0008797.png	Концерт для Бангладеш (1971)
0008798.png	В бою у Каушена было убито шесть офицеров Кавалергардского полка.
0008799.png	Строение атмосферы
0008800.png	Умершие в 1989 году
0008801.png	Дворец культуры "Сахарников" (разрушен и закрыт)
0008802.png	Пещера Нерха
0008803.png	Тенденция развития «героического идеала» в Европе по Йохану Хёйзинге
0008804.png	это должна быть трилогия или длиннее;
0008805.png	Соединения калия
0008806.png	Венгрия принимала участие в обучении военнослужащих грузинской армии.
0008807.png	Чрезвычайные и полномочные послы России
0008808.png	Старо-западный (),
0008809.png	Аналоговое:
0008810.png	Выпускники Санкт-Петербургского политехнического университета
0008811.png	Утраченные здания и сооружения Красноярска
0008812.png	Карта микенской цивилизации
0008813.png	3-й Парковый проезд
0008814.png	См. также
0008815.png	Для злокачественных клеток характерны:
0008816.png	Диксон (Кентукки)
0008817.png	Репрессии
0008818.png	медаль «За боевые заслуги».
0008819.png	См. также: :Категория:Умершие в 1794 году
0008820.png	Ссылки
0008821.png	Ганноверский Орден Святого Георгия ()
0008822.png	Наземный городской транспорт
0008823.png	Дежуров, Владимир Николаевич (07.09.1995, 211)
0008824.png	Члены Международной академии астронавтики
0008825.png	Взятие мамлюками Бейрута, Тира, Сидона. Конец государств крестоносцев.
0008826.png	Примечания
0008827.png	Машиностроители
0008828.png	Фрактальные антенны
0008829.png	Советский период
0008830.png	Память
0008831.png	Терменвокс в кинематографе
0008832.png	Литература
0008833.png	Семья
0008834.png	Ссылки
0008835.png	Катехизис католической церкви
0008836.png	Индийский поэт и мистик, представитель движения бхакти Кабир.
0008837.png	Литература
0008838.png	Фовизм и проблема цвета
0008839.png	См. также
0008840.png	Полисахариды
0008841.png	Электромеханический (ЛЭМИ),
0008842.png	Сибирская династия
0008843.png	Московская улица
0008844.png	Растительный мир
0008845.png	Индуистская космология
0008846.png	Характеристики
0008847.png	Свободное кроссплатформенное программное обеспечение
0008848.png	Сербия
0008849.png	Лига народного образования
0008850.png	Город Райсио
0008851.png	Коломенский, Геннадий Васильевич,
0008852.png	В 1609 году первый осадный и для вылазок воевода в Москве у Калужских ворот.
0008853.png	Игорь Волгин об Андрее Вознесенском
0008854.png	Анжу-Сицилийский дом
0008855.png	Литература
0008856.png	Рыбацкое
0008857.png	Награды
0008858.png	Образ в литературе
0008859.png	Надежда Павлова, российская артистка балета, педагог, народная артистка СССР.
0008860.png	года было создано Семиреченское казачье войско.
0008861.png	Польша
0008862.png	Заслуженный деятель искусств РСФСР (1932)
0008863.png	флюоресценция и фосфоресценция
0008864.png	Ложные противопоказания
0008865.png	Выпускники Базельского университета
0008866.png	Февраль
0008867.png	Общие сведения
0008868.png	События
0008869.png	Священная война (сл. В. Лебедева-Кумача, 1941)
0008870.png	Клан М (2002)
0008871.png	Климат
0008872.png	Промосинглы
0008873.png	со стороны :
0008874.png	Перезахороненные
0008875.png	Преднамеренное принятие пищи и питья между рассветом и закатом;
0008876.png	Сен-Флур,
0008877.png	Население
0008878.png	Примечания
0008879.png	ОАО «Таймырэнерго»
0008880.png	См. также
0008881.png	Фантастика: кто есть кто
0008882.png	Литература
0008883.png	Ссылки
0008884.png	Восстановление галогенпроизводных алканов:
0008885.png	квадрант (прямой угол,  окружности);
0008886.png	Среднерогатский дворец
0008887.png	64-е Олимпийские игры. Победа Милона. Посещение игр Пифагором.
0008888.png	Тоссер
0008889.png	Народное собрание
0008890.png	Мазраа
0008891.png	Дворцовые перевороты и кровопролитные стычки в Сеуле.
0008892.png	Регистрация
0008893.png	История теории относительности
0008894.png	Ховея (Кентия)
0008895.png	Династии средневековой Азии
0008896.png	Районная газета «Камская Новь»
0008897.png	Создал множество произведений различных жанров, в их числе:
0008898.png	Вакуум
0008899.png	Защита микрофонов от дождя и снега.
0008900.png	громаду лет прорвёт
0008901.png	Научная деятельность
0008902.png	Кого же должно дожидаться
0008903.png	Хасан аль-Басри
0008904.png	Национальный состав населения Таллина:
0008905.png	Австрийские генерал-фельдмаршалы
0008906.png	Кристина Исайкина
0008907.png	Городской
0008908.png	Полевая улица (деревня Девятское)
0008909.png	Культ
0008910.png	Обозначения просветления в маркировке объективов
0008911.png	Имена монархов и знати
0008912.png	в разных населённых пунктах.
0008913.png	Бывшие посёлки городского типа Киргизии
0008914.png	Николай записал в своём дневнике:
0008915.png	Народный коллектив женский вокальный ансамбль «Россияночка»;
0008916.png	Учёные Италии
0008917.png	Военные преступления НФОЮВ и Северного Вьетнама
0008918.png	Литература
0008919.png	День Ильи Муромца
0008920.png	В «Записках Императорского Русского Географического Общества»:
0008921.png	Примечания
0008922.png	Примечания
0008923.png	Кубок обладателей Кубков и Суперкубок Европы выиграла испанская  «Валенсия».
0008924.png	Библиография
0008925.png	Консулы: Аппий Клавдий Красс Инрегиллен Сабин и Тит Квинкций Капитолин Барбат.
0008926.png	Повести и романы
0008927.png	Хроматографические колонки
0008928.png	Дубовая Аллея, улица (деревня Зименки)
0008929.png	Игроки с наибольшим количеством матчей
0008930.png	Изобретатели систем письма
0008931.png	Сломанная подкова (1973)
0008932.png	Председатели Херсонского областного совета
0008933.png	Варгеймы
0008934.png	Теория дебютов (серия книг)
0008935.png	Латгальцы
0008936.png	Со стороны кожных покровов: повышенная потливость, зуд.
0008937.png	Совет по русскому языку при Правительстве Российской Федерации
0008938.png	«Ремэнергомонтаж»
0008939.png	Примечания
0008940.png	Спорт
0008941.png	Шифр Нострадамуса
0008942.png	Заговор
0008943.png	Классификация по конструктивной специфике и роду тока
0008944.png	Космологическое замедление времени
0008945.png	Сказ-новина Марфы Крюковой "Чапаев"
0008946.png	Результаты практики дзэн
0008947.png	Итоги и последствия битвы
0008948.png	Недвижимость
0008949.png	Данные на 2011 год
0008950.png	См. также
0008951.png	МРМО «Мансур»
0008952.png	член Прусской академия наук (1900),
0008953.png	Музыка
0008954.png	Борис Савченко, советский и украинский киноактёр и кинорежиссёр, педагог.
0008955.png	Институт наук о Земле
0008956.png	Нестероидные противовоспалительные препараты
0008957.png	Рак шейки матки
0008958.png	Известные носители:
0008959.png	веб-форум
0008960.png	Протестантские общины
0008961.png	Договоры по алфавиту
0008962.png	Награждённые медалью «За заслуги» 1 степени (Чехия)
0008963.png	Механизм действия
0008964.png	Противопоказания
0008965.png	Общая информация
0008966.png	Культура, образование и религия
0008967.png	На основе учения о «ноосфере» появилось понятие «ноосферизма».
0008968.png	10 октября 2013 года город принимал эстафету олимпийского огня.
0008969.png	«Электроника ВМ-25» (198?-199?)
0008970.png	миропомазание (конфирмация)
0008971.png	Конкуренция других видов транспорта
0008972.png	Деловые новости
0008973.png	Музей собора.
0008974.png	6 Россия К
0008975.png	Преподаватели Финансового университета при Правительстве Российской Федерации
0008976.png	Ближние пещеры,
0008977.png	Безразмерные величины в химии
0008978.png	Спорт
0008979.png	Ширванское ханство,
0008980.png	голубой.
0008981.png	Фармакокинетика в особых клинических случаях
0008982.png	Литература
0008983.png	Аллотропия
0008984.png	Умершие от опухоли мозга
0008985.png	Форггус мак Муйрхертайг, король Айлеха.
0008986.png	Альфред Хён (р. 1863), немецкий пианист, педагог и редактор.
0008987.png	Интервью
0008988.png	Вопросительное предложение
0008989.png	Михаил Кируларий
0008990.png	Лякросс в коробке
0008991.png	См. также
0008992.png	В Байё началась постройка кафедрального собора (завершена в 1497).
0008993.png	Литература
0008994.png	Омахеке
0008995.png	Города Древней Руси
0008996.png	Литературная деятельность
0008997.png	Содержание книги
0008998.png	Победителем Южноамериканский кубка стал  Интернасьонал.
0008999.png	Литература
0009000.png	Пользовательский режим
0009001.png	Аргентина заявила о своём нейтралитете.
0009002.png	Польское движение монархистов
0009003.png	Квета Фиалова (ум. 2017), чешская актриса театра и кино.
0009004.png	Осенью в Чу был казнён сановник гун-цзы Жэнь-фу.
0009005.png	Сначала Иоганн правил совместно со своим братом Иоганном Эрнстом.
0009006.png	Свежеполученная -оловянная кислота растворяется в кислотах и щелочах:
0009007.png	Дворец детского и юношеского творчества
0009008.png	Действительные тайные советники
0009009.png	Хроматография
0009010.png	Сражения Второй чеченской войны
0009011.png	Статус популяции
0009012.png	Ниводак
0009013.png	Любовь по-португальски (1967)
0009014.png	Родившиеся в Троицке (Челябинская область)
0009015.png	Кения
0009016.png	В состоянии анабиоза тихоходки выносят невероятные нагрузки.
0009017.png	Группа экспертов ООН по географическим названиям
0009018.png	Ссылки
0009019.png	Общество германо-советской дружбы
0009020.png	Примечания
0009021.png	Ссылки
0009022.png	Александр Черепанов, 1964
0009023.png	Примечания
0009024.png	Условия рассмотрения
0009025.png	Полометь.
0009026.png	Скульптура «От улыбки» (Кемерово).
0009027.png	Климат
0009028.png	Литература
0009029.png	Описание
0009030.png	эпиклеза;
0009031.png	Девиация частоты:
0009032.png	Германо-скандинавская мифология
0009033.png	взаимодействует в реальном времени;
0009034.png	Диабетическая микро- и макроангиопатия.
0009035.png	Литературно-художественные издания
0009036.png	Географическое положение
0009037.png	Литература
0009038.png	Археологический исследовательский центр (1961)
0009039.png	85 км: Выжум (лв.)
0009040.png	Вера Васильева (ум. 2023), актриса театра и кино, народная артистка СССР.
0009041.png	Бинарный зарин
0009042.png	Воеводы
0009043.png	Библиография
0009044.png	взаимодействие
0009045.png	обозначение элемента;
0009046.png	См. также: :Категория:Умершие в 1407 году
0009047.png	15-е простое число
0009048.png	Официальный сайт Агрызского района РТ
0009049.png	Функции и характеристики сетевых адаптеров
0009050.png	Отчуждение, война и безумие
0009051.png	Хроника бурения
0009052.png	Депутаты Верховного Совета СССР 7-го созыва
0009053.png	Литература
0009054.png	Гостиницы
0009055.png	Свергнутые монархи
0009056.png	Со стороны ЦНС: головная боль, головокружение.
0009057.png	Города-побратимы Переславля:
0009058.png	Флаги с изображением корон
0009059.png	Литература
0009060.png	Сетевой этикет
0009061.png	Городские библиотеки
0009062.png	ПОГ «Белоцерковское УВП УТОС»
0009063.png	Примечания
0009064.png	Изучение Пушкина
0009065.png	Исторические области
0009066.png	Почтовые индексы Московской области
0009067.png	Функции
0009068.png	Языки
0009069.png	Менахем
0009070.png	Влияние на творчество
0009071.png	География
0009072.png	Фильмография
0009073.png	Христина умерла 18 января 1122.
0009074.png	Противопоказания
0009075.png	Почётный доктор университета Хайфы (Израиль, 2006)
0009076.png	Мезох, Владимир Чемгуевич (11.10.1995, 232)
0009077.png	Ардинго (1296)
0009078.png	Примечания
0009079.png	Члены Нидерландской королевской академии наук
0009080.png	Выпускники Свердловского художественного училища
0009081.png	Храм Великомученика Георгия Победоносца;
0009082.png	Можно рассуждать немного проще, сразу заметив, что .
0009083.png	См. также: :Категория:Родившиеся в 1413 году и Список родившихся в 1413 году
0009084.png	Органы местного самоуправления
0009085.png	Появление психоделического рока
0009086.png	Литература
0009087.png	Военно-врачебная экспертиза
0009088.png	«Риголетто» Верди
0009089.png	Писатели барокко
0009090.png	Станко Тодоров (Болгария; 9 декабря 1980)
0009091.png	Клагенфурт
0009092.png	Литература
0009093.png	как источник энтропии для генераторов псевдослучайных чисел.
0009094.png	Кондиционирование
0009095.png	Дифференциальная эволюция
0009096.png	Примечания
0009097.png	Похороненные в департаменте Ивелин
0009098.png	23 февраля
0009099.png	Старшие музы
0009100.png	Спорт
0009101.png	Отпадение Тортосы от Сарагосы.
0009102.png	История
0009103.png	Юрий Войнов
0009104.png	Значение правления
0009105.png	Эстония в Новое время
0009106.png	Биография
0009107.png	Социальная справедливость
0009108.png	Тимур Шаов: «Развивая Фоменко».
0009109.png	Расширенная трактовка
0009110.png	Древо познания Добра и Зла
0009111.png	Лукино Висконти (ум. 1976), итальянский режиссёр театра, оперы и кино.
0009112.png	суверенное равенство всех членов ООН;
0009113.png	Приз ФИПРЕССИ
0009114.png	Таблица препаратов от вредителей, распространённых в России
0009115.png	Руководство инженерным ведомством
0009116.png	Визуализация данных
0009117.png	Похороненные на Новодевичьем кладбище (Санкт-Петербург)
0009118.png	См. также
0009119.png	Экономика
0009120.png	Стэнли Укридж
0009121.png	Библиотека редкой литературы о Псковском крае
0009122.png	Награды
0009123.png	Карусель
0009124.png	Телесериалы кинокомпании «МакДос»
0009125.png	Церковь-приход в городе Моздок
0009126.png	Сын Остап (родился , крещён , побывал в тюрьме)
0009127.png	Примечания
0009128.png	Рошаль в энциклопедии «Мой город»
0009129.png	80 км: Ермаковка (лв)
0009130.png	События
0009131.png	Главы военных ведомств СССР
0009132.png	Ссылки
0009133.png	Костромской медицинский центр психотерапии и практической психологии;
0009134.png	События
0009135.png	Англиканские священники
0009136.png	Хайфский залив на севере Израиля
0009137.png	Надсемейство
0009138.png	Синод в Антиохии. Активное участие Епифания.
0009139.png	Регулярные события
0009140.png	Персоналии:Свидетели Иеговы
0009141.png	Описание
0009142.png	Физкультура и спорт
0009143.png	Россия
0009144.png	Собрание сочинений в 6 томах. Тула: АО Гриф., Левша. 1994.
0009145.png	Поэты самиздата
0009146.png	Эффективная масса:
0009147.png	Память о жертвах
0009148.png	Награды
0009149.png	Диктатура большинства
0009150.png	Гербы с изображением единорога
0009151.png	Иностранные члены Национальной академии наук США
0009152.png	См. также
0009153.png	Парус китайской джонки
0009154.png	Яунелгава
0009155.png	Альметьевский филиал
0009156.png	Повреждения
0009157.png	Фамилия
0009158.png	Исайя Берлин (ум. 1997), российско-английский философ, дипломат и историк.
0009159.png	Палеоевропейские народы
0009160.png	Военные атташе Норвегии
0009161.png	См. также
0009162.png	Джидда, Саудовская Аравия
0009163.png	Ссылки
0009164.png	15 июня
0009165.png	Мало задумываются над ответом.
0009166.png	Литература
0009167.png	«Соломенная шляпка» (1938)
0009168.png	Игорь Валерьевич Никитин (с 25 сентября 2021)
0009169.png	Литература
0009170.png	Населённые пункты Новомосковского административного округа
0009171.png	Калининский район (Санкт-Петербург)
0009172.png	Тунисский пролив между Сицилией и Тунисом
0009173.png	Примечания
0009174.png	Примечания
0009175.png	Советский период
0009176.png	Ссылки
0009177.png	Философы математики
0009178.png	Ганус, Феодосий Григорьевич (16.06.1996, 300)
0009179.png	Лаптев Павел Викторович
0009180.png	Видео
0009181.png	Средние учебные заведения
0009182.png	Фуга (Бегство)
0009183.png	Отдел управления проектами и процессами
0009184.png	Официальный сайт Президента Армении
0009185.png	ранг матрицы  равен рангу расширенной матрицы ,
0009186.png	Газпромбанк;
0009187.png	Ссылки
0009188.png	Болгарский Орден «За храбрость»
0009189.png	Рекорды
0009190.png	Метилмалоновая ацидемия
0009191.png	Норильск, Красноярский край
0009192.png	Органы власти и управления городом
0009193.png	Королевское философское общество в Глазго (1904),
0009194.png	Николаева улица
0009195.png	Примечания
0009196.png	отдельно стоящие;
0009197.png	Доступ к репозиторию
0009198.png	Списки стран
0009199.png	Описано в трилогии Жан-Франсуа Намьяса «Дитя всех святых» (, 2006).
0009200.png	Микрофинансирование на сайте ЦБ РФ
0009201.png	Фото- и лазерная коагуляция
0009202.png	Музей ОАО НК НПЗ;
0009203.png	По принципу действия
0009204.png	Редакции
0009205.png	В культуре
0009206.png	Гражданские
0009207.png	Примечания
0009208.png	845 делится на 13, так как на 13 делятся
0009209.png	Закон сохранения электрического заряда
0009210.png	См. также
0009211.png	Отзывы современников
0009212.png	См. также: :Категория:Праздники 31 августа
0009213.png	В лесу родилась ёлочка,
0009214.png	Бугульма 179 км
0009215.png	Генри Шлингер
0009216.png	Казаки (Казачьи переулки) и стрельцы (полк Богдана Пыжова в Пыжовском переулке)
0009217.png	Музеи
0009218.png	Политическое устройство
0009219.png	Биография
0009220.png	МБУ ДО Центр детский эколого-биологический
0009221.png	Национальный состав
0009222.png	Одесская улица
0009223.png	Санкции
0009224.png	Ссылки
0009225.png	Средства массовой информации
0009226.png	Члены КПСС
0009227.png	Преподаватели Бестужевских курсов
0009228.png	Елена Ваенга
0009229.png	Петербургский государственный университет путей сообщения (ПГУПС)
0009230.png	Архимандрит Гавриил (Воскресенский) (р. 1795), первый русский историк философии.
0009231.png	Австралия
0009232.png	Последний урок (муз. Я. Френкеля, сл. В. Лифшица)
0009233.png	На выборах 18 сентября партиями были достигнуты следующие результаты:
0009234.png	Происходит от гербовых (ливрейных) цветов герба Венгрии.
0009235.png	Символ Бурятии
0009236.png	Басарабы
0009237.png	Председатель правительства СССР
0009238.png	Работа учебно-методических объединений
0009239.png	Примечания
0009240.png	География
0009241.png	Физика элементарных частиц
0009242.png	переменные окружения, необходимые во время исполнения программы
0009243.png	Виды регионарной анестезии:
0009244.png	Площадь Мора Йокаи
0009245.png	Вихляй
0009246.png	Конец 1980-х и 1990-е: упадок.
0009247.png	Морфология словообразования
0009248.png	Отречение от престола и смерть
0009249.png	Механика твёрдого деформируемого тела
0009250.png	См. также
0009251.png	Родились
0009252.png	Умершие в 1665 году
0009253.png	Иностранные члены Чехословацкой академии наук
0009254.png	Права человека
0009255.png	Литература
0009256.png	Стратегические бомбардировки Германии в 1943 году
0009257.png	Центр детского творчества «Созвездие»
0009258.png	Публикации на русском языке
0009259.png	Депутаты Верховного Совета РСФСР 10-го созыва
0009260.png	Чистые вещества и смеси веществ
0009261.png	Вторая династия: Ависская (династия Жуанина)
0009262.png	Качество носового дыхания
0009263.png	Подземные воды
0009264.png	Полезные ископаемые
0009265.png	Интересные факты
0009266.png	К отряду относят 414 вида, объединяемых в 4 семейства и 52 рода:
0009267.png	Античность и Средневековье
0009268.png	Первый Канал
0009269.png	Институт биологии и биотехнологии растений
0009270.png	Реки Батыревского района
0009271.png	Программное обеспечение, разработанное в 1994 году
0009272.png	Аверинцев С. Истоки и развитие раннехристианской литературы.
0009273.png	Период активных репрессий
0009274.png	Патисия
0009275.png	Безразмерные параметры
0009276.png	Акционерные общества России
0009277.png	Функция развлечения
0009278.png	В летний период работают маршруты:
0009279.png	Музей современного украинского искусства Корсаков
0009280.png	Гостиный двор (1820)
0009281.png	См. также
0009282.png	Топливо
0009283.png	Примечания
0009284.png	Семь принципов баптизма
0009285.png	Машиностроители СССР
0009286.png	Примечания
0009287.png	Галерея
0009288.png	Богословы Франции
0009289.png	Сетевой маркетинг в КНР
0009290.png	Персоналии, чья дата рождения не установлена
0009291.png	208. Тихону, Патриарху Московскому и всея Руси, свт.
0009292.png	Примечания
0009293.png	9 августа 2010 года в прессе были анонсированы ноябрьские концерты в Москве.
0009294.png	Ректоры Санкт-Петербургского государственного университета
0009295.png	Связь с Храмом Соломона
0009296.png	Химические свойства
0009297.png	Тренерская карьера
0009298.png	См. также
0009299.png	Буддизм
0009300.png	Муниципальные образования Володарского района (Нижегородская область)
0009301.png	История
0009302.png	Элей. От Еврикиды.
0009303.png	Сведения о публикациях
0009304.png	Инфектология изучает инфекции.
0009305.png	Есфирь
0009306.png	крепёжные винты (для разъёмного соединения деталей);
0009307.png	В Перми затраты по ликвидации граффити на стенах оплачивают собственники зданий.
0009308.png	Уравнения параболического типа
0009309.png	Членство в организациях
0009310.png	Криптограммы Бейла
0009311.png	Память
0009312.png	Мундиров любишь красоту,
0009313.png	Ссылки
0009314.png	Комментарии
0009315.png	Литература
0009316.png	Расположены:
0009317.png	Декретом Национального конвента введён Французский республиканский календарь.
0009318.png	генеральным викариатом Цюриха и Гларуса
0009319.png	Педагогические науки
0009320.png	Выпускники отделения словесных наук Московского университета
0009321.png	Исправившиеся злодеи
0009322.png	Филиалы
0009323.png	Быстринский район
0009324.png	По Дону спускался Святослав со своею дружиною в походе на хазар.
0009325.png	Терминал В
0009326.png	(котангенсом угла  называется отношение прилежащего катета к противолежащему);
0009327.png	Орден Святого Станислава 1 ст. ()
0009328.png	Научно-фантастические фильмы США
0009329.png	Топологическая теория графов
0009330.png	Ссылки
0009331.png	Спорт
0009332.png	Почётные доктора Еврейского университета в Иерусалиме
0009333.png	Литература
0009334.png	См. также
0009335.png	70 км: Бея (длина 71 км)
0009336.png	Морфология и лексика
0009337.png	Токсичность
0009338.png	Передвижники
0009339.png	Региональные склады, обслуживающие своих дилеров в одном регионе.
0009340.png	Бенин
0009341.png	Даргинская литература
0009342.png	Примечания
0009343.png	Творчество
0009344.png	27 октября
0009345.png	иные.
0009346.png	Знаменитые люди, связанные с городом
0009347.png	Ссылки
0009348.png	Биография
0009349.png	Современный облик
0009350.png	Памятники, утраченные после Второй мировой войны
0009351.png	Писатели-фантасты США
0009352.png	Внутри моей памяти (2003)
0009353.png	а следовательно (так как )
0009354.png	Приближение «к верхам»
0009355.png	Риманова информационная метрика
0009356.png	Дорогой мальчик!
0009357.png	Система отсчёта
0009358.png	Литература
0009359.png	Сочинения. М.: Худлит, 1961.
0009360.png	Тодд Солондз, американский кинорежиссёр и сценарист.
0009361.png	большой расход кабеля.
0009362.png	Салмоней.
0009363.png	Деятельность в области спорта
0009364.png	Местные газеты
0009365.png	Военно-воздушные силы
0009366.png	Официальный сайт ТГПУ
0009367.png	Источники
0009368.png	Аминь на различных языках
0009369.png	Внешнеэкономическая и инвестиционная деятельность
0009370.png	Ссылки
0009371.png	Нитрид ниобия используется для производства сверхпроводящих болометров.
0009372.png	Административный статус
0009373.png	! Дивизион
0009374.png	Дорожная программа РФ
0009375.png	Приставки СИ
0009376.png	Рекреационное употребление
0009377.png	Международные
0009378.png	См. также
0009379.png	Религиозные
0009380.png	История
0009381.png	генерал-майор (21.05.1942);
0009382.png	Ряд партий действует в подполье.
0009383.png	Команда
0009384.png	Каденция к скрипичному концерту Брамса (опубл. 1903)
0009385.png	Города-побратимы
0009386.png	Карта Кировска
0009387.png	Светлова Наталья Дмитриевна
0009388.png	Порту-Алегри, Бразилия
0009389.png	В 1827 году Моздокский уезд преобразован в округ.
0009390.png	«Квиддич с древности до наших дней» (2001)
0009391.png	Но у Одина имеется множество детей-богов от разных матерей. К ним относятся:
0009392.png	Общественные деятели Российской империи
0009393.png	Командующие Южно-Уральским военным округом
0009394.png	Обеспечение прав человека
0009395.png	334 км: Нёбъю (Ниод) (пр.)
0009396.png	Реки Янтиковского района
0009397.png	В январе 1989 года численность населения составляла .
0009398.png	Наука
0009399.png	Аль-Вакиди,  один из известнейших исламских историков.
0009400.png	человеческий
0009401.png	«Трио из Бельвилля» (2003, канадский мультфильм Сильвена Шоме)
0009402.png	Реккесвинт становится королём вестготов.
0009403.png	3448 км: Якурим
0009404.png	Районы
0009405.png	Памятник Фазу Алиевой (сквер им. Фазу Алиевой).
0009406.png	Литература
0009407.png	События
0009408.png	Политика, право, экономика, общество
0009409.png	Комментарии
0009410.png	эндокринологией (синдром Шарко при сахарном диабете, гиперкальциемический криз),
0009411.png	Побочные эффекты
0009412.png	Хименко, Алексей Олегович (??.??.2023)
0009413.png	Проза
0009414.png	Геркулес (межорбитальный буксир)
0009415.png	Большинство ныне живущих Романовых являются потомками Александра Михайловича.
0009416.png	Примечания
0009417.png	Писатели России по алфавиту
0009418.png	См. также
0009419.png	Кастр (значения)
0009420.png	Вооружённые силы
0009421.png	На борьбу с империализмом,
0009422.png	Почётные доктора Варшавского университета
0009423.png	Примечания
0009424.png	Лозунги ИИХФ:
0009425.png	Монгольское имя
0009426.png	В структуру института входят 3 кафедры:
0009427.png	См. также
0009428.png	Физикохимики Великобритании
0009429.png	Обстоятельства, предшествующие началу операции
0009430.png	Брат-2  на сайте кинокомпании «СТВ»
0009431.png	См. также
0009432.png	Ссылки
0009433.png	В сравнении с другими универсальными идентификаторами
0009434.png	Ссылки
0009435.png	Галерея «Арта».
0009436.png	Приставка по- пишется слитно:
0009437.png	См. также
0009438.png	Ссылки
0009439.png	Литература и искусство
0009440.png	Родились
0009441.png	Дипломаты Китая
0009442.png	Побочные эффекты и осложнения фитопрепаратов
0009443.png	Рок-журналисты
0009444.png	Сайт академии
0009445.png	Городские праздники и памятные даты
0009446.png	Симптомы заболеваний нервной системы
0009447.png	Эпифанийская (Хама)
0009448.png	Официальный сайт внутригородского муниципального образования Выхино-Жулебино
0009449.png	«Лукойл Македония Лтд.»
0009450.png	Альтернативная энергетика
0009451.png	фабрика «Морепродукт»,
0009452.png	словари арго
0009453.png	Игровые приставки
0009454.png	Скончались
0009455.png	Переводчики Польши
0009456.png	Холодная обработка
0009457.png	Светло-голубой клинок
0009458.png	Примечания
0009459.png	Полковые знамя
0009460.png	Переулки:
0009461.png	Таблица полезных ископаемых Курганской области:
0009462.png	Пересказывательное наклонение (ренаратив)
0009463.png	Рот В. К. Мышечная сухотка. 1895.
0009464.png	Библиография
0009465.png	Офицеры
0009466.png	Ссылки
0009467.png	Кусторка
0009468.png	Либерализм в классической традиции (книга) (1927)
0009469.png	Скончались
0009470.png	Посёлок Автомобилист (частью не жилой)
0009471.png	См. также
0009472.png	Виды торговли
0009473.png	Климат
0009474.png	Достопримечательности
0009475.png	Образование
0009476.png	Никитин, Владимир Степанович
0009477.png	Вейнгартнер П. Фундаментальные проблемы теорий истины. : Росспэн. 2005.
0009478.png	Радио Свободная Азия
0009479.png	Единицы измерения площади
0009480.png	Определение метода
0009481.png	Механика машин
0009482.png	Биография
0009483.png	4 мая в Гельзенкирхене был основан футбольный клуб Шальке 04.
0009484.png	Математические
0009485.png	В 1784 город получил регулярную планировку.
0009486.png	Гай Юлий Цезарь
0009487.png	Изобретения Франции
0009488.png	Признание Испанией независимости Португалии.
0009489.png	«Сахалин-3»
0009490.png	Женщины Древнего Рима
0009491.png	Лайнеры
0009492.png	Дивизия возглавляется офицером в должности командир дивизии.
0009493.png	Синагога Военного форштадта
0009494.png	Синдром отмены
0009495.png	Денисов П. В. «Религиозные верования чуваш». Чебоксары, 1959;
0009496.png	Похороненные на Старом южном кладбище
0009497.png	Юлиуш Словацкий, польский поэт.
0009498.png	Каскадные горы
0009499.png	В современной Европе
0009500.png	По официальной версии, барон умер  на 62-м году жизни на балу во время танцев.
0009501.png	Ссылки
0009502.png	Сленг
0009503.png	На пути к трону
0009504.png	Абовян, Армения
0009505.png	Академия наук Республики Таджикистан
0009506.png	Личность Руссо
0009507.png	Польские повстанцы 1863 года
0009508.png	Открытки с изображением женских образов, в том числе обнажённой натуры (ню).
0009509.png	Другие методы:
0009510.png	Почётное звание «Лётчик-космонавт СССР» (1988).
0009511.png	Примечания
0009512.png	5 февраля 1935 года в составе Калининской области образован Великолукский округ.
0009513.png	Суксаметония хлорид (миорелаксирующее средство периферического действия)
0009514.png	Спортивные команды Магнитогорска
0009515.png	Операционные системы
0009516.png	Культура
0009517.png	Герб Каменских 1785 г.
0009518.png	Термины и понятия аниме и манги
0009519.png	Литература
0009520.png	Развитие технологии дополненной реальности
0009521.png	Литература
0009522.png	В биохимических реакциях роль катализаторов играют ферменты.
0009523.png	Почётные доктора Грайфсвальдского университета
0009524.png	Овиста. Ошибочное написание имени Стафил.
0009525.png	Праздники и памятные дни
0009526.png	Семья
0009527.png	Греция и Албания подписали протокол о завершении разминирования пролива Корфу.
0009528.png	«Аида» была поставлена в Каире в 1871 году с огромным успехом.
0009529.png	Национальный состав населения
0009530.png	Расположение
0009531.png	Депутаты Великого государственного хурала Монголии
0009532.png	См. также
0009533.png	Философия
0009534.png	Российский Союз Боевых Искусств
0009535.png	Примечания
0009536.png	Депутаты Верховного Совета Северо-Осветинской АССР
0009537.png	Контргамбит Альбина
0009538.png	Кинематограф
0009539.png	Наука
0009540.png	Литература
0009541.png	Декабрь
0009542.png	30 Золотой Рыбы
0009543.png	Тверской бульвар, 9
0009544.png	Литература
0009545.png	Судетские немцы
0009546.png	память мученика Панхария Римского (ок. 302 года);
0009547.png	Нисио-хан ()
0009548.png	В Ростове-на-Дону
0009549.png	писатель Андрей Арьев
0009550.png	Известные преподаватели
0009551.png	Мясокомбинат
0009552.png	Биография
0009553.png	Бретвет
0009554.png	Литература
0009555.png	Выпускники физического факультета МГУ
0009556.png	Финансы в России
0009557.png	Внешний вид
0009558.png	Проблема наследования и смерть
0009559.png	Родившиеся в Дублине
0009560.png	Действительный документ. Проверяющие и непроверяющие процессоры
0009561.png	Танк КС
0009562.png	Пенитенциарная система
0009563.png	27 февраля
0009564.png	Боевой устав Сухопутных войск (взвод, отделение, танк).
0009565.png	Награды Русской православной церкви
0009566.png	Медаль Воздухоплавания
0009567.png	Экономика
0009568.png	См. также
0009569.png	Мученики
0009570.png	Текущий состав
0009571.png	Похороненные на Смоленском православном кладбище, чьи могилы утрачены
0009572.png	Аномалии
0009573.png	Средневековая литература во Франции
0009574.png	Кандидаты в мэры Москвы
0009575.png	Тимеру мое благословение (1915).
0009576.png	Весной сунские сановники Хуа Хай, Сян Нин и Хуа Дин из Нань-ли бежали в Чу.
0009577.png	76 муниципальный округ Санкт-Петербурга
0009578.png	Не стяжать (апариграха).
0009579.png	Культура
0009580.png	Второй поход пастушков (1320).
0009581.png	Участники спасения жертв Мессинского землетрясения
0009582.png	25-й год по эре правления луского князя Сян-гуна.
0009583.png	Западный административный округ:
0009584.png	Литература
0009585.png	Вода за пределами Земли
0009586.png	Молодёжный Экспериментальный Театр (создан в 1998 году)
0009587.png	Культура
0009588.png	Деятели антикоммунистических организаций
0009589.png	Древнегреческий философ и математик Пифагор;
0009590.png	Сентябрь
0009591.png	ремни безопасности;
0009592.png	Достопримечательности
0009593.png	Фотография
0009594.png	Бенгальский
0009595.png	Оценки творчества
0009596.png	океанология
0009597.png	Войска гражданской обороны
0009598.png	Население
0009599.png	Биография
0009600.png	макси-яхты
0009601.png	Основатели Национального университета Узбекистана
0009602.png	Предмет изучения
0009603.png	Кавалеры ордена Святого Владимира 4-й степени
0009604.png	Ригведа
0009605.png	При эксцентриситете эллипса  (соотношение осей ) погрешность составляет .
0009606.png	Тренеры ФК «Кайсериспор»
0009607.png	Консулы Марк Генуций Авгурин и Гай Курций Филон. Плебейский трибун Гай Канулей.
0009608.png	она заметно выше энергии акустических фононов.
0009609.png	Кладбище Копли
0009610.png	Португалия
0009611.png	Листья имеют округлую форму, что снижает площадь испаряющей поверхности.
0009612.png	Разновидности
0009613.png	8 декабря, 10 декабря, 11 декабря, 13 декабря, 15 декабря, 16 декабря
0009614.png	«Президент и его внучка»,  год, Олег Табаков.
0009615.png	Князья белозерские
0009616.png	Факторы риска
0009617.png	Энергетика
0009618.png	Примечания
0009619.png	Кадровый состав
0009620.png	Лаврентьевская роща (Сосновая роща)
0009621.png	Члены «Единой России»
0009622.png	2-е место в Первой лиге СССР (выход в Высшую лигу): 1979
0009623.png	Ороктойская пещера;
0009624.png	Литература
0009625.png	Вологда в древности
0009626.png	углеводородные месторождения в:
0009627.png	характер включается в личность
0009628.png	Минералоги Германии
0009629.png	Эрика Марожан, венгерская актриса.
0009630.png	Примечания
0009631.png	Средства массовой информации
0009632.png	Пять мемориальных тумб с именами погибших заводчан,
0009633.png	Редкие и исчезающие растения
0009634.png	История музыки
0009635.png	Пищевые добавки
0009636.png	Шевченко Анатолий Ильич
0009637.png	Эмаль
0009638.png	Николай Пинарский, христианский святой.
0009639.png	Год гуманитарных наук в России.
0009640.png	Представители
0009641.png	Почётные звания:
0009642.png	снижение лобового сопротивления,
0009643.png	Обладатель «Харт Мемориал Трофи»: 1994
0009644.png	Индоиранские параллели
0009645.png	Литература
0009646.png	Почётные доктора Гёттингенского университета
0009647.png	Изумрудная улица
0009648.png	Экология
0009649.png	Создание графства Португалия.
0009650.png	Исламский культурный центр
0009651.png	Произведения для детей
0009652.png	«Лучшему играющему ветерану-наставнику»:
0009653.png	Концерн «КЭМЗ».
0009654.png	Россия
0009655.png	Буэнос-Айрес, Аргентина (1975)
0009656.png	Поп-группы России
0009657.png	Примечания
0009658.png	Присоединение земель рипуарских франков
0009659.png	тромбофлебит;
0009660.png	Национальный реестр специалистов НОПРИЗ
0009661.png	Объединённая Республика Танзания.
0009662.png	Генри Нокс
0009663.png	почётный член Петровской земледельческой и лесной академии (1881),
0009664.png	Лишение гражданства и вынужденная эмиграция
0009665.png	Квантовая память.
0009666.png	Родились
0009667.png	Наука и образование
0009668.png	Участие в международных архитектурных конкурсах.
0009669.png	«Я куплю тебе дом»
0009670.png	Жюль Бретон (р. 1827), французский художник и поэт.
0009671.png	У Марса было зафиксировано слабое магнитное поле.
0009672.png	Конституция Литовской Республики
0009673.png	Повести
0009674.png	Историки Российской империи
0009675.png	Джим Парсонс, американский актёр, лауреат премий «Золотой глобус», «Эмми».
0009676.png	Хлопкообрабатывающий завод Ясы КПО.
0009677.png	Музей борьбы за Македонию
0009678.png	Учащённое дыхание;
0009679.png	Балаково в Большой Саратовской Энциклопедии
0009680.png	Луций Корнелий Сципион Барбат.
0009681.png	См. также
0009682.png	Российская империя
0009683.png	Адвокаты по алфавиту
0009684.png	Перенесение столицы Польши из Кракова в Варшаву.
0009685.png	Биография
0009686.png	В литературе
0009687.png	Родословная роспись графов Татищевых
0009688.png	Ссылки
0009689.png	Шляхетские роды герба Карп
0009690.png	Сотрудники ИВР РАН
0009691.png	Партизанские движения Второй мировой войны
0009692.png	Гомосексуальность
0009693.png	19 ноября
0009694.png	Суринам
0009695.png	Гермес Трисмегист
0009696.png	Солнечные электростанции
0009697.png	В медиа
0009698.png	В 1591 году участвовал в войне с крымцами.
0009699.png	Аурих, Германия
0009700.png	Леонид Андреев
0009701.png	Совет молодых учёных.
0009702.png	Основные функции СУБД
0009703.png	Традиционная власть
0009704.png	Учёные, в честь которых названы физические единицы измерения
0009705.png	Генри Ирвинг (р. 1838), английский актёр-трагик.
0009706.png	Протоиереи Русской православной церкви
0009707.png	1 территория Антарктики, на которую претендует Чили:
0009708.png	География
0009709.png	Права человека
0009710.png	Бирмингем, Великобритания (1973)
0009711.png	Художественная школа
0009712.png	Фарис, Мухаммед Ахмед ()
0009713.png	МКФ в Канне (1955, Приз лучшему актёрскому составу, фильм «Большая семья»)
0009714.png	Князь Звенигородский Тимофей Никитич - московский дворянин (1627-1640).
0009715.png	Руководители театров
0009716.png	Культурное значение
0009717.png	Примечания
0009718.png	Иностранные члены Национальной академии наук США
0009719.png	Тайная алмазная колесница (Тантра-Ваджраяна)
0009720.png	Авизо
0009721.png	Ссылки
0009722.png	Депутатские группы Государственной думы Российской Федерации
0009723.png	Первый полёт
0009724.png	Подготовка обороны и силы сторон
0009725.png	Транспорт
0009726.png	Биография на сайте энциклопедии «Кругосвет»
0009727.png	Ссылки
0009728.png	Орден Святого Владимира 4-й степени (27 марта 1877)
0009729.png	Биография
0009730.png	Затворники
0009731.png	Члены Шведской королевской академии наук
0009732.png	Демпфер колебаний двигателя
0009733.png	Пиридины
0009734.png	Новочеркасский ордена Ленина электровозостроительный завод,
0009735.png	Космический объект
0009736.png	См. также: :Категория:События 29 августа
0009737.png	Вторая гражданская война в Судане
0009738.png	Два ордена «Знак Почёта» (в том числе 1937)
0009739.png	Католицизм
0009740.png	Друиды
0009741.png	Официальный сайт Терского казачьего войска
0009742.png	Список произведений
0009743.png	Звания
0009744.png	Томаш Губочан
0009745.png	Леса из сосны, ели и пихты с примесью берёзы, осины, липы, клёна и дуба.
0009746.png	на последний слог ударение падает в некоторых заимствованиях и аббревиатурах.
0009747.png	Появление самураев и института инсэй
0009748.png	пишет литературовед.
0009749.png	Рейтинг шахматисток за всю историю
0009750.png	Путешественники в Россию
0009751.png	См. также: :Категория:Родившиеся 16 августа
0009752.png	События
0009753.png	Всесезонный Эндуро-парк «Новосибирский»;
0009754.png	См. также
0009755.png	Примечания
0009756.png	Обзор
0009757.png	Литература
0009758.png	Императорская Япония
0009759.png	«Русофобия», 1982 год
0009760.png	Ссылки
0009761.png	Чемпионат России
0009762.png	медаль «200 лет внутренним войскам МВД России» (отменена 6 августа 2013 года)
0009763.png	Научная подготовка эксперимента
0009764.png	Сыромятнический проезд
0009765.png	Клинические проявления и течение
0009766.png	Механизм создания и проведения потенциала действия
0009767.png	По источнику питания
0009768.png	Поздний период и современный чань
0009769.png	Примечания
0009770.png	Авиационные профессии
0009771.png	Литература
0009772.png	Биология
0009773.png	Философы Швейцарии
0009774.png	Биография
0009775.png	Точки в Энциклопедии центров треугольника
0009776.png	Башкиры Илишевского района Республики Башкортостан (научный справочник)
0009777.png	Побочные эффекты
0009778.png	Педагогические профессии
0009779.png	Финикийцы
0009780.png	Самоподобие
0009781.png	Внешний вид
0009782.png	Примечания
0009783.png	Члены Гоминьдана
0009784.png	Примечания
0009785.png	Спортивный инвентарь
0009786.png	Испанский
0009787.png	медали.
0009788.png	Урицкий районный историко-краеведческий музей (Нарышкино, ул. Ленина, 96 А)
0009789.png	См. также
0009790.png	Климат
0009791.png	Усть-Лабинский район на портале исполнительных органов власти края
0009792.png	Военные применения
0009793.png	Этимология
0009794.png	Результат лечения
0009795.png	Персоналии:Антипсихиатрия
0009796.png	Наукограды
0009797.png	Глушков, Пётр Васильевич
0009798.png	Слова Алисы в фильме «Гостья из будущего»
0009799.png	Список равнин России
0009800.png	Примечания
0009801.png	Дайя Сэто, японский пловец, многократный чемпион мира.
0009802.png	См. также
0009803.png	Биография
0009804.png	Евангелическо-реформатская церковь в Гамбурге
0009805.png	История
0009806.png	Уголовный жаргон
0009807.png	Молодость
0009808.png	Совет глав правительств Содружества Независимых Государств;
0009809.png	Переводчики с английского языка
0009810.png	Экранизации
0009811.png	Фотогалерея
0009812.png	Родословная и имя Тюдоров
0009813.png	Примечания
0009814.png	Модельный ряд
0009815.png	Основание:
0009816.png	Республика Коми (наряду с русским)
0009817.png	военно-полевой суд
0009818.png	Магистратура государственного управления
0009819.png	Примечания
0009820.png	Дайана Ригг (р. 1938), британская актриса, лауреат премии «Тони».
0009821.png	Библиография
0009822.png	Памятники
0009823.png	Строительство
0009824.png	Дом культуры Машиностроителей.
0009825.png	Справочники
0009826.png	Главы правительства Украинской ССР
0009827.png	Литература
0009828.png	Литература
0009829.png	Объявление войны
0009830.png	Таксономия
0009831.png	В июне 1760 года награждён орденом Св. Александра Невского.
0009832.png	Ректоры Орловской духовной семинарии
0009833.png	принципы правосудия;
0009834.png	Хранение: список Б. В защищённом от света месте.
0009835.png	Безопасность и эффективность применения гемцитабина у детей не изучены.
0009836.png	Никифор. С этого дня окучивают картофель.
0009837.png	Административное деление
0009838.png	Ссылки
0009839.png	Вычислим .
0009840.png	Железнодорожный транспорт
0009841.png	Биография
0009842.png	уклоняться от явки по вызовам дознавателя, следователя или в суд;
0009843.png	Экология
0009844.png	Примечания
0009845.png	См. также
0009846.png	Самоуправления Утенского района (10 староств)
0009847.png	В логике
0009848.png	Церковь св. Жён-Мироносиц
0009849.png	ЗАО «Гагаринский молочно-консервный завод»
0009850.png	Заимствованные боги
0009851.png	5.Спиридон Михайлов Владимиров 37
0009852.png	Спорт
0009853.png	Генеральный план
0009854.png	Теория явления
0009855.png	Конструкция
0009856.png	«Галицкий корреспондент»
0009857.png	Список столиц мира
0009858.png	Коялович М. Люблинская уния. СПб, 1863
0009859.png	Примечания
0009860.png	Классификация программного обеспечения по сектору индустрии
0009861.png	Бразильская Тунгуска
0009862.png	17 июля
0009863.png	Музыка
0009864.png	Парагвайский испанский
0009865.png	Лейкербад.
0009866.png	Чёрная металлургия
0009867.png	Знакомство Запада с трудами Галена
0009868.png	Литература
0009869.png	Примерами классов масштаба ПС являются:
0009870.png	Берн (наряду с немецким)
0009871.png	Кинорежиссёры русского авангарда
0009872.png	Космогонические и эсхатологические мифы
0009873.png	Фильмы про организованную преступность
0009874.png	По занятости
0009875.png	Непереводимость
0009876.png	Статьи и материалы по дифференциальной психологии
0009877.png	Города трудовой доблести
0009878.png	Сан-Паулу, Бразилия
0009879.png	Муниципальное предприятие «Горэлектротранс»
0009880.png	на предъявителя путём простой передачи;
0009881.png	См. также
0009882.png	Примечания
0009883.png	Члены Шведской королевской академии наук
0009884.png	Айн-эль-Мрейссе
0009885.png	Источники
0009886.png	Бронепоезд
0009887.png	20 июля
0009888.png	(об Организации на русском языке на сайте РКК)
0009889.png	Голландцы начали попытки отнять у Португалии Бразилию.
0009890.png	В Хибинах серьёзное развитие получил парапланеризм.
0009891.png	(Всего было написано около полутора десятков портретов короля в течение 37 лет)
0009892.png	Работа в России и Германии
0009893.png	Историко-мемориальный музей Михаила Грушевского в Киеве.
0009894.png	Связь
0009895.png	Музыкальное оборудование
0009896.png	16 км: ручей Чёрный (лв)
0009897.png	Другие сферы применения
0009898.png	Храм в честь святой блаженной Матроны Московской
0009899.png	Лингвисты Германии
0009900.png	Аристотель различает три рода души:
0009901.png	Ведущие радиостанции «Серебряный дождь»
0009902.png	Литература
0009903.png	Серебряный крест ордена «Виртути Милитари» (ПНР, 19.12.1968);
0009904.png	Иордано-палестинские отношения после Шестидневной войны (1967)
0009905.png	Епархии
0009906.png	Примечания
0009907.png	Сквер Воинской Славы
0009908.png	18-й год по эре правления луского князя Чжао-гуна.
0009909.png	В кариотипе 70 хромосом.
0009910.png	Память
0009911.png	Примечания
0009912.png	Религия
0009913.png	Телевидение
0009914.png	События
0009915.png	Примечания
0009916.png	Этносы тюрко-монгольского происхождения
0009917.png	Памятник Борцам Революции
0009918.png	маркграф Бранденбурга, как «имперский великий камергер» (, ).
0009919.png	Крупнейшие соревнования
0009920.png	Примечания
0009921.png	Стероидные гормоны
0009922.png	Гарри Хаски (модуль чтения выходных данных)
0009923.png	Ссылки
0009924.png	С 2018. Возвращение и пять чемпионств Семака
0009925.png	Множественное число
0009926.png	Двойные фамилии
0009927.png	Муниципалитет Макао (континентальный).
0009928.png	Пищеварение и экскреция
0009929.png	Примечания
0009930.png	Асоп Флиасийский. От Перо или Келусы (версия).
0009931.png	Филадельфийская митрополия: вакантно
0009932.png	район;
0009933.png	Физические свойства минералов
0009934.png	Боги по алфавиту
0009935.png	Лондон, Великобритания
0009936.png	Существуют так называемые восемь видов китайской кухни ():
0009937.png	Церковное государство
0009938.png	Контргамбит Фалькбеера
0009939.png	В юности Бенц увлекался фотографией и ремонтом настенных часов.
0009940.png	Штат Иллинойс
0009941.png	Примечания
0009942.png	Ссылки
0009943.png	Височно-теменной узел
0009944.png	Национальная политика и участие в массовых убийствах
0009945.png	Западная Украина
0009946.png	Оценка. Пусть , , . Тогда
0009947.png	Города-побратимы
0009948.png	Победа
0009949.png	Родились
0009950.png	Родовые имена, названия:
0009951.png	Интернационализированные сообщения программы (используются настройки локали)
0009952.png	Члены Академии деи Линчеи
0009953.png	Топоним
0009954.png	Герои Социалистического Труда нефтяной отрасли
0009955.png	Император Вэй Тоба Хао.
0009956.png	Литература
0009957.png	Миссия Нарсеса по уничтожению храма Исиды в Филе (Египет).
0009958.png	Примечания
0009959.png	Литература
0009960.png	Литература
0009961.png	Литература
0009962.png	Население
0009963.png	Подготовка к восстанию, образование ВРК
0009964.png	Известные представители
0009965.png	22 января
0009966.png	Ссылки
0009967.png	Инвалиды
0009968.png	Происхождение псевдонима
0009969.png	Ранние годы
0009970.png	Вооружённые силы Древнего Рима
0009971.png	На посту Федерального канцлера
0009972.png	Литература
0009973.png	Ричард Долл (ум. 2005), британский физиолог и эпидемиолог.
0009974.png	Сердце
0009975.png	Замок Альбрехтсбург
0009976.png	Энергетика
0009977.png	Главы рода
0009978.png	2012 «Сын хромого Алкея»
0009979.png	Примечания
0009980.png	Филиал Современной Гуманитарной Академии
0009981.png	Депутаты Совета Национальностей от Грузинской ССР
0009982.png	Дворец Азем
0009983.png	председателя Комиссии по делам государственной службы,
0009984.png	Скажи-ка, дядя, ведь недаром
0009985.png	Орден Короны Италии:
0009986.png	См. также
0009987.png	7 сельских поселений.
0009988.png	Архиерейское подворье «Свято-Троицкий кафедральный собор»
0009989.png	Литература
0009990.png	Правление
0009991.png	Персоналии по алфавиту
0009992.png	является автоморфизмом единичного круга  тогда и только тогда, когда
0009993.png	греческое слово для обозначения средиземноморского кипариса (), ;
0009994.png	Кедалион.
0009995.png	По Симониду, Ипполитой звали жену Тесея.
0009996.png	В 2013 году избран членом Зала славы Интернета.
0009997.png	Продолжающиеся события
0009998.png	Шацкий уезд (Малый Шацкий уезд):
0009999.png	Вотчина