0000000.png	Церковь Богоматери и Святого Петра
0000001.png	Белоруссия
0000002.png	Доде Л. А. Доде. Воспоминания. Б.м., б.г.
0000003.png	Администрация Лужского муниципального района
0000004.png	Этимология и имена
0000005.png	Похороненные на Смоленском православном кладбище
0000006.png	Гравитационно-волновая астрономия
0000007.png	Учёные США
0000008.png	Выпускники Оксфордского университета
0000009.png	(обл.)
0000010.png	При регулярном применении резко снижается эффективность препарата.
0000011.png	Литература
0000012.png	Населённые пункты
0000013.png	Литература
0000014.png	Почётные граждане Ржева
0000015.png	Даниловичи (Рюриковичи)
0000016.png	Скончались
0000017.png	Философские термины
0000018.png	Алемдар Сабитович Караманов, композитор, народный артист Украины (ум. в 2007).
0000019.png	Ссылки
0000020.png	Захарова Александра
0000021.png	Швеция
0000022.png	Скончались
0000023.png	Этимология
0000024.png	граф Владимир Константинович Канкрин.
0000025.png	Книги об Антоне Лавее
0000026.png	Активное сопротивление
0000027.png	Насаждения
0000028.png	Приметы
0000029.png	Награждённые Почётной грамотой Правительства Российской Федерации
0000030.png	Иосиф Флавий. «О древности еврейского народа» («Против Апиона»)
0000031.png	Депутаты кнессета от партии «Ликуд»
0000032.png	Вокоу
0000033.png	Театр «Россия»
0000034.png	Морские пехотинцы Великой Отечественной войны
0000035.png	История исследования Солнечной системы
0000036.png	концевые узлы (ганглии) парасимпатической части вегетативной нервной системы.
0000037.png	Ссылки
0000038.png	Анатомия
0000039.png	Египет в составе Арабского халифата. Тулуниды. Фатимиды. Айюбиды. Мамлюки
0000040.png	Творческое влияние и технические инновации
0000041.png	Общим для всех этих функций является то, что во всех случаях в них присутствует
0000042.png	Реаниматологи
0000043.png	Органы кроветворения и иммунной системы
0000044.png	История
0000045.png	Пикацизм
0000046.png	Биография
0000047.png	Запад
0000048.png	Теория РИ
0000049.png	Члены Американской академии искусств и наук
0000050.png	Учитель
0000051.png	«Свадьба в купальне» (), 2005
0000052.png	Ссылки
0000053.png	«Александр Невский» (1938).
0000054.png	Эдинбург (), Великобритания
0000055.png	образ пересечения множеств является подмножеством пересечения образов: .
0000056.png	Официальный сайт
0000057.png	Комментарии
0000058.png	Происхождение термина
0000059.png	Пакистан
0000060.png	Никольское
0000061.png	Классический идеальный газ
0000062.png	Примечания
0000063.png	Китайские музыкальные инструменты
0000064.png	Вирджил Фрай
0000065.png	Гусь-Хрустальный,
0000066.png	Заслуженный мастер спорта СССР (1978)
0000067.png	Озвучивание
0000068.png	Ссылки
0000069.png	Иудаизм
0000070.png	Административно состоит из 4 районов:
0000071.png	Таджикский язык
0000072.png	Ракета-носитель: «Протон»
0000073.png	Московская улица
0000074.png	Почётные граждане городов Азербайджана
0000075.png	Генератор увеличенной мощности
0000076.png	Ударение
0000077.png	Парки культуры и отдыха
0000078.png	Классификация финансов
0000079.png	декабрь
0000080.png	специального назначения:
0000081.png	12-я часть (в Замоскворечье, Пятницкая и частично Серпуховская части)
0000082.png	Дикастерия по интерпретации законодательных текстов;
0000083.png	Лауреат «Премии Белкина» за повесть «Лёгкие миры» (2014)
0000084.png	Исторические государства Нижних Земель
0000085.png	, поэтический рассказ в 7 песнях (Будапешт, 1883)
0000086.png	тексты молитвы читаются на языке оригинала (авестийский, пехлеви).
0000087.png	Кайл Коннор, американский хоккеист.
0000088.png	Джованни Верга
0000089.png	Председатели Совета народных комиссаров РСФСР
0000090.png	Примечания
0000091.png	Дзержинский политехнический институт (филиал НГТУ)
0000092.png	Канцлеры Университета Квинс в Белфасте
0000093.png	Металлургические компании России
0000094.png	Примечания
0000095.png	Семья
0000096.png	См. также
0000097.png	Ссылки
0000098.png	Военный орден Вильгельма, большой крест (Нидерланды)
0000099.png	Музеи:
0000100.png	Почётный член Киевской духовной академии (1869)
0000101.png	См. также
0000102.png	Банки
0000103.png	Музейно-краеведческий центр «Палаты Коробовых»;
0000104.png	Стратегии в реальном времени
0000105.png	Основные способы заимствования
0000106.png	Выпускники Страсбургского университета
0000107.png	Примечания
0000108.png	Акушерская и гинекологическая хирургия
0000109.png	Развитие
0000110.png	Коническое сечение
0000111.png	Статьи
0000112.png	В 1946 году Ольга Форш опубликовала исторический роман «Михайловский замок».
0000113.png	Примечания
0000114.png	Историография
0000115.png	Родились
0000116.png	Фильмы
0000117.png	(социал-демократия).
0000118.png	Харьков, Украина (2013)
0000119.png	Православие
0000120.png	Крымские цыгане
0000121.png	Город трудовой доблести
0000122.png	Артериальный пульс
0000123.png	Квесторы
0000124.png	Результаты основных операций:
0000125.png	Ссылки
0000126.png	Известные хоккеисты
0000127.png	Розанов так писал о себе:
0000128.png	Литература
0000129.png	Примечания
0000130.png	Настенные росписи, выполненные Корбюзье собственноручно:
0000131.png	Причины образования иодной ямы
0000132.png	Бронзовая птица (значения)
0000133.png	См. также
0000134.png	Философские направления и школы
0000135.png	Языковая ситуация
0000136.png	Симптомы
0000137.png	Почётные доктора Женевского университета
0000138.png	Якобинский конвент
0000139.png	Знаком добродетели являются дельфины.
0000140.png	На русском
0000141.png	Знаки препинания в русском языке
0000142.png	Гай Кальпурний Пизон (ум. 65), центральная фигура «заговора Пизона»;
0000143.png	«Пошёл, все наверх!..» Повесть (1992)
0000144.png	Литература
0000145.png	Элизабет Гиллис, американская актриса, певица и танцовщица;
0000146.png	Спортивно-технический клуб ГС РОСТО (ДОСААФ) города Заречного
0000147.png	Ротмистр (09.05.1908)
0000148.png	Спектр по типу
0000149.png	Псковский академический театр драмы имени А. С. Пушкина
0000150.png	Фрэнсис воспитывалась и во всех отношениях считалась их дочерью.
0000151.png	Она постучала себя пальцем по лбу рядом с объективом «третьего глаза» и сказала:
0000152.png	На русском языке
0000153.png	мазер (микроволновой диапазон);
0000154.png	Политическая экономия по странам
0000155.png	Конструкторско-технологический институт научного приборостроения СО РАН
0000156.png	Экспорт воды в КНР
0000157.png	уровень и комплексность автоматизации проектирования
0000158.png	ЗАО «Техполимер», производство геомембраны
0000159.png	адсорбция;
0000160.png	Источники разведки Франции
0000161.png	Публицисты Германии
0000162.png	1060-е годы
0000163.png	Учение
0000164.png	12 конно-артиллерийский полк
0000165.png	Векторная диаграмма
0000166.png	В финском языке существует 5 типов причастий:
0000167.png	Труды
0000168.png	Биография
0000169.png	Кайсаниты
0000170.png	Энергетика
0000171.png	Создатели языков программирования
0000172.png	Ссылки
0000173.png	Долготы, ударения, особенности прочтения
0000174.png	Электроника МК-52
0000175.png	Примечания
0000176.png	Члены Академии делла Круска
0000177.png	(в пер.)
0000178.png	области;
0000179.png	Образование глаголов от глаголов
0000180.png	См. также: :Категория:Родившиеся в 1235 году
0000181.png	Примечания
0000182.png	Комментарии
0000183.png	Ссылки
0000184.png	Биография
0000185.png	Актёрские работы
0000186.png	Переименование осетин в алан
0000187.png	Литература
0000188.png	Хайбер-Пахтунхва (наряду с урду и английским)
0000189.png	Происхождение
0000190.png	Ссылки
0000191.png	Примечания
0000192.png	Ясный Уголок
0000193.png	Ботанического общества Америки (1942)
0000194.png	См. также
0000195.png	Политическая деятельность
0000196.png	Агентство спутниковой связи, Форт-Монмут, Нью-Джерси;
0000197.png	Примечания
0000198.png	Культ и надписи
0000199.png	Применение
0000200.png	История
0000201.png	См. также
0000202.png	Купеческий род
0000203.png	Ананасный Цурупинский
0000204.png	4. Дагестанский государственный технический университет
0000205.png	Литература
0000206.png	Нефтегазовая промышленность
0000207.png	Бремерхафен (Германия)
0000208.png	Химико-технологический факультет
0000209.png	Панорама города
0000210.png	Поп-музыка
0000211.png	151 км: река Шижегда
0000212.png	Национальный состав населения
0000213.png	Елизаветинская рукодельная школа
0000214.png	Незаменимые жирные кислоты
0000215.png	Экономика
0000216.png	Реджина Холл, американская актриса
0000217.png	Слейт (пластиковая дощечка для надписей)
0000218.png	Посевные площади, тыс. гектар
0000219.png	Недостаток
0000220.png	Выделяются три центра развития науки:
0000221.png	Примечания
0000222.png	В Бресте работают областная филармония, академический театр драмы и театр кукол.
0000223.png	Государственная дума России 8 созыва
0000224.png	нарушения вентиляционно-перфузионных отношений,
0000225.png	История населенных пунктов Чувашии : электронная коллекция
0000226.png	По-новому взглянул на эту проблему английский экономист
0000227.png	контактно-реакционная или контактно-реактивная:
0000228.png	Дротик
0000229.png	Война за независимость Амбазонии (2017-н.в)
0000230.png	Народный костюм немцев
0000231.png	См. также: :Категория:Родившиеся в 1223 году
0000232.png	Дашков переулок
0000233.png	Примеры
0000234.png	Всякий хороший, видящий красоту обоих миров,
0000235.png	Румянцева, Мария Андреевна - графиня, мать полководца Румянцева-Задунайского.
0000236.png	лютеинизирующий гормон
0000237.png	Древняя Русь
0000238.png	и бесконечное число других. Для них можно вывести общую формулу
0000239.png	Кафедра отечественной истории и культуры
0000240.png	Ссылки
0000241.png	Народная Республика Кампучия изменила название на Государство Камбоджа;
0000242.png	Фаза ходячего трупа
0000243.png	Лауреаты Государственной премии СССР
0000244.png	Матчи на первенство мира
0000245.png	Процессы работы с данными
0000246.png	Бельгия (наряду с французским и немецким)
0000247.png	Описание
0000248.png	ПАО «Мобильные ТелеСистемы» (МТС)
0000249.png	Эталоны и образцы оттенков
0000250.png	Классификация
0000251.png	Библиография
0000252.png	Королевы Польши
0000253.png	Городской транспорт
0000254.png	Т-лимфоциты, обеспечивающие центральную регуляцию иммунного ответа.
0000255.png	Самара
0000256.png	Школьное образование
0000257.png	Династии исламских правителей
0000258.png	Альберт Филозов в программе «Театральная площадь»
0000259.png	50 долларов;
0000260.png	Политические взгляды
0000261.png	Николай Абрамов родился  года в городе Кургане
0000262.png	Муниципальные образования Таштагольского района
0000263.png	Российская газета. 13 человек стали лауреатами Царскосельской премии 2008 года
0000264.png	Александр Гацкан (315)
0000265.png	Компиляторы и интерпретаторы
0000266.png	жена: Забел
0000267.png	Спорт
0000268.png	Буддийские монахи
0000269.png	Паноптикум
0000270.png	1-я бригада
0000271.png	Второй брак
0000272.png	Семья
0000273.png	Нынешний состав
0000274.png	Промышленность
0000275.png	Карта «Осада Троице-Сергиева монастыря в 1608»
0000276.png	Политическая деятельность
0000277.png	Религиозные верования. М., 1993.
0000278.png	Правители
0000279.png	поселения
0000280.png	Родились
0000281.png	Спорт
0000282.png	Звезда,
0000283.png	Российская империя
0000284.png	Кафедра ботаники
0000285.png	Слово «ферма» происходит от , которое в свою очередь восходит к  (прочный).
0000286.png	В Германии скончалась первая леди СССР Раиса Горбачева.
0000287.png	Томас Бертольд, немецкий футболист, чемпион мира (1990).
0000288.png	Футболисты Франции
0000289.png	См. также
0000290.png	Действие этанола на организм человека
0000291.png	В 1938 году был основан Словацкий футбольный союз.
0000292.png	Почитание
0000293.png	Возможные задачи для строк на естественном языке
0000294.png	Сонный паралич
0000295.png	Новые противники
0000296.png	История Анжеро-Судженска
0000297.png	Марина Могилевская, советская и российская актриса театра и кино.
0000298.png	Ссылки
0000299.png	Сухопутная граница с Африкой проходит по Суэцкому перешейку.
0000300.png	Власов, Сергей Вячеславович (02.05.1996, 271)
0000301.png	Департамент культуры города Москвы: ГБУК города Москвы
0000302.png	город Каражал
0000303.png	Фильмы-мелодрамы России
0000304.png	Болгария
0000305.png	Советский период
0000306.png	побег Романа Свистунова на сельскохозяйственном самолёте в Швецию.
0000307.png	Белорусы, братья родные!
0000308.png	Население
0000309.png	Контактная импровизация
0000310.png	География
0000311.png	Научно-образовательный кампус «Большая Ивановская мануфактура»
0000312.png	Топоним
0000313.png	Пластическое число
0000314.png	Версии
0000315.png	Вооружённые силы
0000316.png	Медики Австрии
0000317.png	Белоруссия
0000318.png	Валерий Мартынов
0000319.png	Исаак Бабель
0000320.png	20 апреля
0000321.png	В Брестской области располагаются четыре профессиональных театра:
0000322.png	Операционные системы реального времени
0000323.png	Захаров Фёдор Никитич - стряпчий (1683).
0000324.png	Конвенты по ролевым играм
0000325.png	Сомали
0000326.png	История названия
0000327.png	Венедский залив
0000328.png	хинолины (хлорхинальдон),
0000329.png	Статическое и динамическое тестирование
0000330.png	Виды колонтитулов
0000331.png	Кормовые растения европейского лося
0000332.png	Умер 15 декабря 1894 года.
0000333.png	Ссылки
0000334.png	См. также: :Категория:Праздники 21 января
0000335.png	Поместная церковь «Благовест»
0000336.png	Логистика
0000337.png	Участники Бородинского сражения
0000338.png	Мутагенез
0000339.png	Клубная карьера
0000340.png	Памятник воину-десантнику
0000341.png	Память
0000342.png	Республика Адыгея
0000343.png	Участники сражения при Лейпциге
0000344.png	Литература
0000345.png	Лаймен Фрэнк Баум: «Дороти и Волшебник в Стране Оз» (1908).
0000346.png	Чтобы вызвать метод предка, нужно явно вызвать метод:
0000347.png	20 сентября
0000348.png	По типу соединительных разъемов
0000349.png	Ипподром
0000350.png	Медаль «Победы и Свободы» (Польша)
0000351.png	25 августа
0000352.png	Нейтронные звёзды
0000353.png	Печатные издания, закрытые в 1905 году
0000354.png	См. также
0000355.png	Султаны Марокко (Алауиты)
0000356.png	Межнациональная хоккейная лига
0000357.png	сорани:
0000358.png	Вазопись
0000359.png	клинковые:
0000360.png	Законодательное регулирование в продуктах
0000361.png	Визуальное объектно-ориентированное программирование
0000362.png	Специалисты по гражданскому праву
0000363.png	Десятичная система счисления (Индия)
0000364.png	Из них:
0000365.png	Обозначение
0000366.png	Внутригородской общественный
0000367.png	История эфемеридного времени
0000368.png	Города Николаевской области
0000369.png	История античной эстетики. Ранний эллинизм. 1-е изд.: : Искусство, 1979;
0000370.png	Агентство учредило Россельхозбанк.
0000371.png	введя эту литеру непосредственно в исходный текст;
0000372.png	Генеалогия казахов Казахская генеалогия
0000373.png	Источники
0000374.png	фонды, образованные за счёт прибыли прошлых лет,
0000375.png	Мошня.
0000376.png	Бюджет города
0000377.png	Установлен в 1985 году, в честь 40-летия окончания Великой Отечественной войны.
0000378.png	Метод эластичной сети
0000379.png	амплитудно-фазовый способ включает в себя два описаных способа;
0000380.png	Названия клуба
0000381.png	Охотничий замок
0000382.png	Пятиугольник Роббинса
0000383.png	Британская Индия
0000384.png	Биография на сайте «Русская императорская армия»
0000385.png	Новеллистика
0000386.png	Алексей Алексеевич
0000387.png	Бюро столичных дел
0000388.png	деструктивная критика (высмеивание, критика личности и поступков),
0000389.png	Теракт в Мавзолее Ленина (1973).
0000390.png	(пустая строка)
0000391.png	Импеданс
0000392.png	Транспорт
0000393.png	Происхождение
0000394.png	Семья
0000395.png	Ссылки
0000396.png	Востоковедение и африканистика
0000397.png	Высшая техническая школа во Фленсбурге
0000398.png	Прикладное значение
0000399.png	Анархисты США
0000400.png	Размеры исследуемых объектов
0000401.png	Родились
0000402.png	Тенч Кокс
0000403.png	Беспартийные депутаты: 61 депутат
0000404.png	Фрэнсис Скотт Фицджеральд
0000405.png	Результаты переписи
0000406.png	Вильна
0000407.png	Англоканадцы (Англоканадцы)
0000408.png	Изгнание плода
0000409.png	Литература
0000410.png	медаль «За оборону Ленинграда» (1943)
0000411.png	История звания в России
0000412.png	Кинотеатр «Спутник»;
0000413.png	Флигель-адъютант (Выс. пр. 26.11.1883);
0000414.png	Главные дороги:
0000415.png	Тайные общества
0000416.png	Изгибаемый многогранник
0000417.png	Субъекты международного экономического права
0000418.png	Легенда
0000419.png	Губернаторство и русско-японская война
0000420.png	СМИ «Камышин-ТВ» и
0000421.png	Члены Венгерской академии наук
0000422.png	Знак зодиака Близнецы
0000423.png	«Поэтические предания о светилах небесных».
0000424.png	удовлетворение результатами операции самого пациента и родителей.
0000425.png	Органы власти
0000426.png	Фототехника
0000427.png	и многие другие
0000428.png	Обучение
0000429.png	Гидролиз
0000430.png	Чулымцы
0000431.png	Восстановление Длинной стены Анастасия.
0000432.png	Языки
0000433.png	«Первый гренадер республики»
0000434.png	Древнегреческие философы
0000435.png	Монеты евро Сан-Марино
0000436.png	История
0000437.png	Яванский язык
0000438.png	Ссылки
0000439.png	Сотрудники ГРУ
0000440.png	Среднее профессиональное образование
0000441.png	Народный артист СССР (1954)
0000442.png	Литература
0000443.png	Жермен
0000444.png	Делится на три вида работ.
0000445.png	Минское высшее инженерное зенитное ракетное училище ПВО
0000446.png	Стиль игры
0000447.png	Международный рынок стали
0000448.png	жёлтый
0000449.png	Денежный рынок (рынок денежных средств)
0000450.png	Лица, злоупотребляющие алкоголем (развитие алкогольной зависимости)
0000451.png	Демократический социализм
0000452.png	Иностранные члены Академии моральных и политических наук
0000453.png	Литература
0000454.png	Учреждено Российское телеграфное агентство (РОСТА).
0000455.png	Вторая мировая война: окончание Рурской операции.
0000456.png	Положительная масса
0000457.png	Высшие учебные заведения
0000458.png	минимальную величину пособия по безработице в размере 1500 рублей;
0000459.png	Структура таблиц
0000460.png	(Кагемни: С. 79).
0000461.png	Основные черты творчества Брюсова
0000462.png	Меланида (чёрная, мрачная),
0000463.png	Басни Бабрия
0000464.png	Примечания
0000465.png	Граничит:
0000466.png	Жилой дом 1908 года по адресу: ул. Дзержинского, 3.
0000467.png	Панорамы Припяти на сервисе Яндекс.Панорамы
0000468.png	Воскресенское.
0000469.png	Муниципалитеты округа Авейру
0000470.png	Стоппард, Том ()
0000471.png	Город и звёзды (, 1956)
0000472.png	ИТ - компания "СимбирСофт"
0000473.png	категории отношения
0000474.png	Применение при беременности и кормлении грудью
0000475.png	Примечания
0000476.png	«Менексен»
0000477.png	Горгас. Эпитет Геры.
0000478.png	Пеликаны
0000479.png	Примечания
0000480.png	См. также
0000481.png	Признак делимости на 79
0000482.png	Музеи
0000483.png	Учалы, Россия (с 2015 года).
0000484.png	Серия 2011 года
0000485.png	Типы ядерных реакторов
0000486.png	Развозные грузовики часто оснащают штатными и навесными гидролифтами.
0000487.png	Аэродромная улица
0000488.png	Улица Мечникова в Краснодаре.
0000489.png	Факты
0000490.png	Литература
0000491.png	См. также
0000492.png	Естественное освещение
0000493.png	Синологи Российской империи
0000494.png	Филиал ДГУ. Создан в 1994 году.
0000495.png	Марксистская философия
0000496.png	Сасан, хватав Анахит
0000497.png	Достижения игроков
0000498.png	Этимология
0000499.png	27 ноября
0000500.png	Причины возникновения
0000501.png	Писатели-фантасты Чехословакии
0000502.png	Периферическое сердце
0000503.png	Мужские половые гормоны:
0000504.png	состоялась легендарная премьера чеховской «Чайки».
0000505.png	Происхождение названия
0000506.png	См. также: :Категория:Умершие в 1357 году
0000507.png	сельское хозяйство;
0000508.png	Гравитационная масса. Принцип эквивалентности
0000509.png	Спор о еврейских книгах среди теологов Германии. «Дело Рейхлина».
0000510.png	Неконтактные взрыватели
0000511.png	с парами воды (при высокой температуре):
0000512.png	Обозначения
0000513.png	Лауреаты премии «Сезар»
0000514.png	Гиперчувствительность, психомоторное возбуждение, эпилептический синдром.
0000515.png	Города бывших республик СССР
0000516.png	Главный герой манги Я и дьявольский блюз.
0000517.png	Противодействие со стороны «МегаФон»
0000518.png	Географическое положение
0000519.png	Литература
0000520.png	Промышленность
0000521.png	Виктор Некрасов «Индивидуальность таланта» (О Владимире Войновиче)
0000522.png	Полезные ископаемые
0000523.png	Общеобразовательные
0000524.png	Литература
0000525.png	Итого по краю: 3669 административно-территориальных единиц.
0000526.png	Расцвет феминизма.
0000527.png	Лыжники, дисквалифицированные за нарушение антидопинговых правил
0000528.png	Строители мостов
0000529.png	Сибирские летописи
0000530.png	Дворянские роды России по алфавиту
0000531.png	Кмин тминовый, семена
0000532.png	Мерлин в науке
0000533.png	В соответствии с уставом РПР-ПАРНАС:
0000534.png	Персоналии:Алжир (город)
0000535.png	Рюриковичи по алфавиту
0000536.png	Дом-музей писателя Владимира Галактионовича Короленко;
0000537.png	Климатгейт
0000538.png	Примечания
0000539.png	В основе этого понятия лежат естественные представления о сравнении множеств:
0000540.png	Осинники
0000541.png	Двигатель Стирлинга
0000542.png	к Колоссянам
0000543.png	Межсезонье:
0000544.png	Ересь жидовствующих
0000545.png	Литература
0000546.png	Филологи Украины
0000547.png	Литература
0000548.png	Примечания
0000549.png	Проекты
0000550.png	ара (а)
0000551.png	Примечания
0000552.png	Георгий Ярцев, советский футболист, футбольный тренер.
0000553.png	Античные писатели, чьи труды дошли до нашего времени
0000554.png	Антивоенные активисты США
0000555.png	К сельским населённым пунктам относятся, например:
0000556.png	Самарканд (Узбекистан)
0000557.png	Монастырь мариавиток женский
0000558.png	Ксения Мерц
0000559.png	Изобретения СССР
0000560.png	Карабахское ханство,
0000561.png	Высокоопасное вещество
0000562.png	Северный регион
0000563.png	Герцогство Нассау: 1.9.1812
0000564.png	Иностранные консульства
0000565.png	Китай
0000566.png	Во главе Северовирджинской армии
0000567.png	История
0000568.png	Образование
0000569.png	См. также
0000570.png	«Фрагменты целого». Персональная выставка О. Лягачева
0000571.png	Актёры, игравшие Блофельда
0000572.png	31 год до н. э.
0000573.png	Раздел морфологии состоит из:
0000574.png	Скульпторы итальянского Возрождения
0000575.png	Эль Греко
0000576.png	С 1930-х годов
0000577.png	Теорема Лёба
0000578.png	8 декабря Смерть Фредегонды в Париже.
0000579.png	Троцкизм
0000580.png	Именем поэта названа улица Важа-Пшавела в г.  Назрань  Республики Ингушетия.
0000581.png	Моран
0000582.png	Мемуаристы СССР
0000583.png	продромальная шизофрения;
0000584.png	Фототоксичность
0000585.png	Морской порт
0000586.png	Медали и дипломы
0000587.png	Известные уроженцы и жители города
0000588.png	Галогениды азота
0000589.png	Прочие христианские
0000590.png	Инфраструктура
0000591.png	Словакии,
0000592.png	В США
0000593.png	Австрийский орден Святого Стефана большой крест (1885)
0000594.png	Покровская церковь, что на рву
0000595.png	Высоковольтный проезд
0000596.png	Следующие футболисты получили «Золотой мяч», выступая за «Барселону»:
0000597.png	Контролируемое столкновение зонда «Розетта» с кометой (30 сентября 2016).
0000598.png	Христианские мистики
0000599.png	См. также
0000600.png	Клубная карьера
0000601.png	«Трезвомыслящий человек» (1786)
0000602.png	Мари Уилсон, американская актриса мыльных опер
0000603.png	Примечания
0000604.png	Живописные школы по алфавиту
0000605.png	Гуанфацин: может усиливаться депрессивный эффект каждого препарата.
0000606.png	клише со знаками секографии;
0000607.png	Русский текст:
0000608.png	Дебютная теория и подготовка шахматистов
0000609.png	Литература
0000610.png	В 1708 году отнесён к Тобольской губернии.
0000611.png	Атрей, или Микенянки
0000612.png	Планисфера
0000613.png	Экология
0000614.png	Образование
0000615.png	Русское астрономическое общество
0000616.png	Примечания
0000617.png	Желудок человека
0000618.png	Су-Фолс, Южная Дакота (США), с 1990
0000619.png	Примечания
0000620.png	Германия и Польша
0000621.png	Ссылки
0000622.png	Район расположен в северо-восточной части Вологодской области.
0000623.png	См. также
0000624.png	Секреция
0000625.png	Перекрытие Волги у Сталинградской ГЭС.
0000626.png	Этномедицина
0000627.png	газета студенческого самоуправления «Клише»;
0000628.png	Индексный фьючерс
0000629.png	Шаньдун
0000630.png	Кубок Америки по футболу: 1997, 1995 (серебро)
0000631.png	Биография
0000632.png	Теория вероятностей и статистика
0000633.png	Да Василей; а служили по Бежецкому Верьху.
0000634.png	Аэций добился поражения Хлодиона.
0000635.png	Послы СССР в Чехословакии
0000636.png	Карагандинский филиал Гуманитарного института имени Кунаева
0000637.png	Автор более 200 научных публикаций.
0000638.png	Датчики, работающие при открывании двери
0000639.png	Задняя доля (нейрогипофиз)
0000640.png	Ссылки
0000641.png	Энергия связанного экситона
0000642.png	Переводчики поэзии на болгарский язык
0000643.png	Пазарджик, Болгария
0000644.png	Сочинения по политической философии
0000645.png	Машинский, Виктор Леонидович
0000646.png	Показания к применению
0000647.png	Кафедра биологии и методики обучения
0000648.png	Бригадные генералы (Франция)
0000649.png	Марье-Дмитровка
0000650.png	Награждён орденом Ленина.
0000651.png	Иван Грозный (Орёл и орлица, 1942; Трудные годы, 1943)
0000652.png	Мужской монастырь в честь святых Новомучеников Российских
0000653.png	Газета «Наше время»
0000654.png	7 техникумов и колледжей:
0000655.png	Примечания
0000656.png	Автоматическое добавление записи в список в отдельных сценариях.
0000657.png	Музеи
0000658.png	Лауреаты Австрийской государственной премии по европейской литературе
0000659.png	Ссылки
0000660.png	29 апреля
0000661.png	Транспорт
0000662.png	Разбитые византийцами мадьяры ушли с Балкан.
0000663.png	В Ржеве:
0000664.png	Площадь Попова в Александрии.
0000665.png	Алексеев Федор Яковлевич. Картинная галерея
0000666.png	Последние годы
0000667.png	Литература
0000668.png	Городской поезд Статен-Айленда
0000669.png	Православие
0000670.png	Тифлисская физическая обсерватория
0000671.png	Рафиах-Ям ()
0000672.png	Финикийская письменность
0000673.png	Полное товарищество
0000674.png	Население
0000675.png	серебро на чемпионате Европы 1998 в Будапеште
0000676.png	«Свеча Хрофта»
0000677.png	Лауреаты премии имени В. Г. Белинского
0000678.png	Электронная версия
0000679.png	Ссылки
0000680.png	«оккупационная армия» превращается в «ограниченный контингент»,
0000681.png	:Категория:Улицы Брянска
0000682.png	Населённые пункты Моздокского района
0000683.png	С Камчатки отправилось к берегам Америки первое русское промысловое судно.
0000684.png	Ранняя история урочища
0000685.png	Писатели-соцреалисты
0000686.png	Умершие в 1754 году
0000687.png	Памятник Петру Первому в Москве
0000688.png	Мат одинокому королю
0000689.png	Жаргон
0000690.png	Кавалеры ордена Святой Анны 1-й степени
0000691.png	Биография
0000692.png	Литература
0000693.png	Международные отношения Парагвая
0000694.png	Служители культа, врачи и омыватели тел освобождаются от всяких податей.
0000695.png	Репрессированные в СССР
0000696.png	Ежемесячный журнал «Биробиджан: инструкция по применению».
0000697.png	Графы Японии
0000698.png	СЗФК "Северо-Западная Фосфорная компания"
0000699.png	Классическая двухрельсовая:
0000700.png	Хьюго Гернсбек
0000701.png	Музей хитрости и смекалки
0000702.png	Александровский район,
0000703.png	Члены Союза кинематографистов России
0000704.png	Наиболее влиятельные партии:
0000705.png	Климат
0000706.png	История
0000707.png	Согласно противоречивым сведениям в российских СМИ:
0000708.png	Вашмагир, правитель Гургана и Табаристана, подчинился Саманидам.
0000709.png	Экономика
0000710.png	Суздальские (средняя ветвь от Василия).
0000711.png	Агломерация
0000712.png	Литературная деятельность
0000713.png	Богини плодородия
0000714.png	События
0000715.png	Командиры корпусов в Великой Отечественной войне
0000716.png	Выражение «иероглифическое письмо» не имеет чётко определённого смысла.
0000717.png	Герштейн С. С.  Воспоминания и размышления о Бруно Понтекорво.
0000718.png	Аристофан
0000719.png	Языки Белиза
0000720.png	См. также
0000721.png	Производственные полуфабрикаты
0000722.png	Противопоказания
0000723.png	Краткие сведения
0000724.png	Петька и Василий Иванович 3: Возвращение Аляски
0000725.png	Увековечение памяти
0000726.png	Мыслитель
0000727.png	Обезглавленные святые
0000728.png	Война в Донбассе
0000729.png	Действие фитонцидов
0000730.png	Включённые в Зал Славы мирового плавания
0000731.png	Физические свойства
0000732.png	Ссылки
0000733.png	с углеродом, образуя карбид алюминия:
0000734.png	Русские писатели по алфавиту
0000735.png	ОАО "АФПК «Жлобинский мясокомбинат»
0000736.png	Спорт
0000737.png	Тибетцы выступили против тангутов в союзе с империей Сун.
0000738.png	Происхождение
0000739.png	Юго-восточная подгруппа
0000740.png	После посадки
0000741.png	Лауреаты премии «Странник»
0000742.png	Притоки Оки (приток Волги)
0000743.png	Ле-цзы
0000744.png	Кибернетика
0000745.png	Деревня
0000746.png	Академии сельскохозяйственных наук Чехословакии (, 1923 или 1929 или 1931
0000747.png	События
0000748.png	Ссылки
0000749.png	Сейсмическая активность. Вулканизм
0000750.png	Признаки органа публичной власти
0000751.png	Творческие коллективы:
0000752.png	Города-партнёры
0000753.png	Населённые пункты
0000754.png	Католические: Ребекка, Торибио.
0000755.png	15 место
0000756.png	Примечания
0000757.png	Фармакоэпидемиология
0000758.png	1950-е годы
0000759.png	Егорий Вешний
0000760.png	Два города (1964)
0000761.png	полиморфизм клеток (клетки имеют различную форму, структуру и размер).
0000762.png	250-я запасная мотострелковая дивизия (Владимирский Лагерь)
0000763.png	Регламент премии
0000764.png	Роберт Паттинсон, британский актёр, модель и музыкант.
0000765.png	См. также: :Категория:Умершие в 1810 году
0000766.png	Топоним
0000767.png	Луций Корнелий Сципион Барбат.
0000768.png	Призовые майки
0000769.png	В древней культуре
0000770.png	Спортивные соревнования, регулярно проводимые с 1905 года
0000771.png	Политический активизм
0000772.png	Замечание
0000773.png	Осады 1578 года
0000774.png	Платон и потомки:
0000775.png	Ставропольская советская республика 1.01.1918-7.07.1918
0000776.png	Примечания
0000777.png	Ссылки
0000778.png	Бергланд Д. Либертарианство за один урок
0000779.png	Максимальный диаметр фюзеляжа: 4,8 м
0000780.png	Известные уроженцы
0000781.png	Алевтина Федулова
0000782.png	Свято-Покровско-Тихоновский храм (Православная церковь)
0000783.png	Жанры журналистики
0000784.png	Филологи-классики
0000785.png	Нагрудный знак «Изобретатель СССР».
0000786.png	Дротик
0000787.png	Кузнецкий металлургический комбинат. 1934
0000788.png	Исполнительские искусства
0000789.png	Примечания
0000790.png	Примечания
0000791.png	Прочие
0000792.png	Население
0000793.png	Берлин
0000794.png	Памятник Т-34.
0000795.png	Камбарский машиностроительный колледж (филиал ИжГТУ им. М.Т. Калашникова)
0000796.png	Законы логики
0000797.png	Шампур
0000798.png	«Детскую республиканскую больницу»,
0000799.png	Писатели Хорватии
0000800.png	Памятник кривичам (2001; скульптор А. Шатерник).
0000801.png	Выпускники БГТУ «Военмех»
0000802.png	Курганная гипотеза
0000803.png	Агат деревянистый
0000804.png	У. Гибсон «Тряпичная кукла»
0000805.png	Идеальная жидкость
0000806.png	Камаргская лошадь
0000807.png	Литература
0000808.png	История
0000809.png	Сыромятническая набережная
0000810.png	Химическая связь
0000811.png	Пределы на бесконечности
0000812.png	Чиншевая шляхта
0000813.png	Умственные способности
0000814.png	бюст контр-адмиралу Сергею Николаевичу Котову;
0000815.png	1806 год
0000816.png	Шведско-норвежская уния
0000817.png	Статья «Неоколониализм» в Политическая экономия, словарь. М, Политиздат, 1979.
0000818.png	«Шахтёры» Дмитрия Михлеева
0000819.png	Дунхад мак Мурхадо, король Лейнстера.
0000820.png	БТС-4
0000821.png	28 июля
0000822.png	6 мая
0000823.png	В кино
0000824.png	Существуют различные методы получения солей:
0000825.png	Туберкулёз периферических лимфатических узлов;
0000826.png	Из чередований согласных выделяются такие, как:
0000827.png	калхор;
0000828.png	Умершие в 1886 году
0000829.png	Архитекторы Германии
0000830.png	Стрелковая дивизия
0000831.png	5. Соскальзывание
0000832.png	Романы 1911 года
0000833.png	Математическая логика
0000834.png	Герой Армении и Российской империи. Автор Антон Евстратов
0000835.png	Метамоделирование
0000836.png	Сценарий: Лор Дютиёль, Жан-Поль Фаржо
0000837.png	Населённые пункты в административном подчинении Сумгаита
0000838.png	Обновления
0000839.png	Сара Полли, канадская актриса, режиссёр и сценарист.
0000840.png	Лесные ресурсы
0000841.png	Отход от политики и период активной литературной деятельности
0000842.png	Музыканты прогрессивного рока
0000843.png	Отец Горио (1835)
0000844.png	В 2018 году аэропорт принял первый регулярный рейс после реконструкции.
0000845.png	Печорское море
0000846.png	Климат
0000847.png	История
0000848.png	Первая мировая война
0000849.png	Примечания
0000850.png	Пересечение
0000851.png	Неподалёку от монастыря есть котлован с теплой водой и песчаными пляжами.
0000852.png	Поход Симеона на Византию.
0000853.png	Африканские валюты
0000854.png	Выступления за сборную
0000855.png	Установлены дипломатические отношения между Белоруссией и Литвой.
0000856.png	Журналисты Франции
0000857.png	Православные храмы
0000858.png	любое сложное действие можно разделить на два и более простых.
0000859.png	Консортивные связи
0000860.png	Факты
0000861.png	Джон Колтрейн (ум. 1967), американский джазовый саксофонист и композитор.
0000862.png	Циклизация новелл
0000863.png	Примечания
0000864.png	Примечания
0000865.png	Смолинская врачебная амбулатория,
0000866.png	Лантан-фторидный аккумулятор
0000867.png	Центральная городская больница
0000868.png	Берлинская стена
0000869.png	Отравление Алексея Навального
0000870.png	Почётный гражданин Великого Новгорода (26 мая 2011)
0000871.png	Испании
0000872.png	!Название серии
0000873.png	Побочное действие
0000874.png	История
0000875.png	Адмиралтейский якорь
0000876.png	63-е Олимпийские игры. Победа Милона.
0000877.png	три ордена Красного Знамени (22 октября 1937, 3 ноября 1944, 15 ноября 1950)
0000878.png	ВРП на душу населения (тыс. деноминированных рублей)
0000879.png	Весной луский князь вернулся со съезда.
0000880.png	Осбьерн Фиц-Понс (умер после 1129)
0000881.png	Корты
0000882.png	Православные святые
0000883.png	Топоним
0000884.png	утрата достигнутого ранее гематологического ответа.
0000885.png	Парламент
0000886.png	Медицинские работники, репрессированные в СССР
0000887.png	Российские издатели аниме
0000888.png	Сергей Григорьевич
0000889.png	заливное из пиленгаса;
0000890.png	Боливия (наряду с испанским, кечуа и аймара и ещё 33 языками)
0000891.png	8 августа
0000892.png	См. также
0000893.png	Спортивные функционеры СССР
0000894.png	Тимур после пяти походов совершенно разрушил Ургенч и завоевал Хорезм.
0000895.png	Терапевтическое использование гормона роста
0000896.png	Литература
0000897.png	См. также
0000898.png	Почётные доктора Софийского университета
0000899.png	Центральный процессор
0000900.png	На сорок первом сплошал!
0000901.png	Острая и хроническая токсичность
0000902.png	Почётные члены Петербургской академии наук
0000903.png	Зимой цисцы воевали с горными жунами.
0000904.png	В городе была развита деревообрабатывающая промышленность.
0000905.png	Теоретико-правовой аспект
0000906.png	Железнодорожный транспорт
0000907.png	Мыс Беринга
0000908.png	Документальные фильмы
0000909.png	Персоналии: Последний адрес в Санкт-Петербурге
0000910.png	Члены Союза театральных деятелей России
0000911.png	сернистая сенсибилизация;
0000912.png	Почвы
0000913.png	Районы округа Сетубал
0000914.png	Полковник (1936);
0000915.png	Почётный член Российской академии художеств
0000916.png	283-й отдельный пулемётно-артиллерийский батальон
0000917.png	Большое Кривое
0000918.png	Радиометрия и ядерная геофизика
0000919.png	Украина
0000920.png	298 км: Сетунь (пр)
0000921.png	Исследование газового состава крови
0000922.png	Теорема синусов
0000923.png	производство огнеупорной бумаги;
0000924.png	Озёра
0000925.png	Карл Янский (ум. 1950), американский физик и инженер, пионер радиоастрономии.
0000926.png	Награждённые медалью Маттеуччи
0000927.png	(имеется список трудов)
0000928.png	Ссылки
0000929.png	Становление нововерхненемецкого языка
0000930.png	Окстокс: если вы ныряете на нитроксе, вы должны знать о кислородном отравлении.
0000931.png	Литература
0000932.png	Населённые пункты
0000933.png	См. также
0000934.png	В подотряде 1 современное семейство верблюдовых с тремя родами.
0000935.png	«Ильвес» (Тампере, Финляндия)
0000936.png	Гомельский уезд
0000937.png	Поведение
0000938.png	См. также
0000939.png	27 августа
0000940.png	Памятники истории и архитектуры
0000941.png	10 января 1995: Заявление об общественной полезности проекта.
0000942.png	В католицизме латинского обряда
0000943.png	Примечания
0000944.png	Статистика трафика
0000945.png	Дубний в Популярной библиотеке химических элементов
0000946.png	Кристаллография
0000947.png	Лепёхинский тупик
0000948.png	Военачальники по алфавиту
0000949.png	73 км: протока Кинжар
0000950.png	Армавирский завод весоизмерительного оборудования «Армвес».
0000951.png	Финикийская письменность
0000952.png	Ботаники по алфавиту
0000953.png	Физики-теоретики России
0000954.png	Использование в мистификации «Исследования обид»
0000955.png	История
0000956.png	Ссылки
0000957.png	Топонимы
0000958.png	Бывшие немецкие города (Восточная Пруссия)
0000959.png	Члены парламента Великобритании
0000960.png	Футбол
0000961.png	Эскишехир (Турция)
0000962.png	Поэты по алфавиту
0000963.png	Сайт администрации города Невинномысска
0000964.png	Телекоммуникации
0000965.png	Среднее общее образование
0000966.png	Логические основания
0000967.png	Примечания
0000968.png	В ролях
0000969.png	При хронической диарее приём лоперамида возможен только по назначению врача.
0000970.png	События
0000971.png	Кладбище: католические, православные, татарское (Мизар), иудейские
0000972.png	Биография
0000973.png	Примечания
0000974.png	Кёнгидо (), Южная Корея
0000975.png	Стрелецкие знамёна
0000976.png	Сюжет
0000977.png	Борис Петрович был дважды женат и имел детей:
0000978.png	Командующий: генерал Исмаил Каани
0000979.png	Орфография
0000980.png	Снаряженная масса : 1049 кг
0000981.png	Цветовое кодирование резисторов и подбор номиналов из стандартного ряда
0000982.png	Память
0000983.png	Характеристика
0000984.png	МКС Балашиха (МТС)
0000985.png	Примечания
0000986.png	12-е треугольное число.
0000987.png	Столицы африканских государств
0000988.png	Органы государственного управления:
0000989.png	12 средних школ,
0000990.png	См. также
0000991.png	Иудаизм:
0000992.png	Галерея
0000993.png	Путешественники по алфавиту
0000994.png	Виды и типы шлемов
0000995.png	Английский-идиш-английский словарь онлайн
0000996.png	Публицистика
0000997.png	Период Третьего рейха
0000998.png	укоротить трубку газовой камеры
0000999.png	Время в астрономии
0001000.png	Исмаилов, Муслим Мусаевич (2007, 888)
0001001.png	Переписка Мазепы
0001002.png	Собрания сочинений
0001003.png	встречи с духовными учителями и сверхчеловеческими существами;
0001004.png	Формы рационального познания:
0001005.png	При А будет Б
0001006.png	Известные носители
0001007.png	Корпус сочинений. Атрибуция
0001008.png	См. также
0001009.png	Испанская империя
0001010.png	Бельгийское пиво
0001011.png	Радиоприёмник
0001012.png	Социальная сфера
0001013.png	Религиозная политика
0001014.png	Фильмы Лора Дютиёль
0001015.png	Почётный член Объединения психологов Канады
0001016.png	Ссылки
0001017.png	Брозницкий, Николай Иванович
0001018.png	Морские термины
0001019.png	Статистика викицитатников
0001020.png	Муниципальные образования Локтевского района
0001021.png	Выпускники Первой Киевской гимназии
0001022.png	Богданы
0001023.png	Глобальный масштаб
0001024.png	Материаловедение
0001025.png	Функции операционных систем
0001026.png	Констанцский собор
0001027.png	Ссылки
0001028.png	Выпускники МГХПА имени С. Г. Строганова
0001029.png	Житковичский райисполком
0001030.png	Траян, римский император
0001031.png	Албания
0001032.png	Арзу Уршан, азербайджанский режиссёр
0001033.png	Несовершенная конкуренция
0001034.png	Вишну
0001035.png	См. также
0001036.png	Дважды Герои Советского Союза
0001037.png	Ссылки
0001038.png	Правящий архиерей: Иоанн (Пелюши).
0001039.png	Города-побратимы
0001040.png	Географическая картина мира и географическая культура
0001041.png	Награды
0001042.png	-- свойства, описываемые здесь, являются видимыми для всех клиентов.
0001043.png	Показатели деятельности
0001044.png	Христианские гимны
0001045.png	Кафедра истории общественных движений и политических партий России
0001046.png	Международные вспомогательные языки
0001047.png	См. также: :Категория:События 20 августа
0001048.png	Терминальная стадия.
0001049.png	«Ночной разговор» (2001),
0001050.png	Антикатаболические эффекты:
0001051.png	Ноябрь
0001052.png	Входит в международную организацию стран АКТ.
0001053.png	11 января
0001054.png	Байт-код:
0001055.png	Историческая справка
0001056.png	Историческая справка
0001057.png	Плотность
0001058.png	Иногда деньги пахнут
0001059.png	консультации;
0001060.png	Почётные профессора МГУ
0001061.png	Агрофирма «Индустрия»
0001062.png	Уравнения идеального трансформатора
0001063.png	Положительный отзыв инспектора Секста Юлия Фронтина о римском водоснабжении.
0001064.png	Курорты Молдавии
0001065.png	9-й полк РХБЗ (Чрезвычайного Реагирования);
0001066.png	Энергетика
0001067.png	прогноз погоды, состояния морей и океанов;
0001068.png	Памятник А. С. Пушкину
0001069.png	Серебряный призёр чемпионата Европы: 2000
0001070.png	Авторская программа «Отзвуки театра» на Радио России
0001071.png	Ссылки
0001072.png	Примечания
0001073.png	История
0001074.png	Литература
0001075.png	Предприятия
0001076.png	Варасса
0001077.png	Монографии и статьи на английском языке
0001078.png	Орфография
0001079.png	Достопримечательности
0001080.png	Лингва франка нова:
0001081.png	Ввод ректальных и вагинальных лекарственных средств и суппозиториев;
0001082.png	Сессионные и приглашённые музыканты
0001083.png	Новые переменные должны удовлетворять условию:
0001084.png	Ссылки
0001085.png	Русское право
0001086.png	Технологии
0001087.png	Климат
0001088.png	Выпускники 5-й Московской гимназии
0001089.png	Праздники
0001090.png	В науке
0001091.png	Народы Украины
0001092.png	См. также
0001093.png	Большинство городских маршрутов обслуживает ООО ГТК «ПасАвто».
0001094.png	Литература
0001095.png	Категории мифов
0001096.png	Историческая церковь
0001097.png	Дискография
0001098.png	Появились в 1990-е годы в Норвегии
0001099.png	Клуб любителей фантастики
0001100.png	Аппаратные требования
0001101.png	Этимология
0001102.png	Фабиан Шер, швейцарский футболист.
0001103.png	Бавлы
0001104.png	Ссылки
0001105.png	Командор Ордена Почётного легиона (1987, Франция)
0001106.png	За небольшим исключением, одна страница Талмуда имеет несколько текстов:
0001107.png	Другие произведения Евклида
0001108.png	Приключенческие фильмы Новой Зеландии
0001109.png	Ссылки
0001110.png	Глагол
0001111.png	Внезд Водовик, новгородский посадник.
0001112.png	Примечания
0001113.png	Скандинавский дизайн
0001114.png	5 октября 1806 года возглавил кавалерийскую дивизию в Резервной армии.
0001115.png	В православном храме выделяется три части:
0001116.png	Рождество Христово (с 6 на 7 января)
0001117.png	Выпуск
0001118.png	религиозные организации,
0001119.png	Улица Марата Казея в Октябрьском районе Минска.
0001120.png	Алексей Геннадьевич Гиляров, глава города с 2015 года по 2021 год;
0001121.png	География и природные условия
0001122.png	Языки Перу
0001123.png	Награды
0001124.png	По данным Всероссийской переписи населения 2010 года:
0001125.png	Гверилья. М., 1938
0001126.png	80 км: Старомудринская протока
0001127.png	Борис Литвинов (ум. 2010), советский и российский физик-ядерщик, академик РАН.
0001128.png	Экология
0001129.png	Примечания
0001130.png	Правила дифференцирования
0001131.png	Политики Германии
0001132.png	Церковь Всех Святых на Всехсвятском (Новогеоргиевском) кладбище
0001133.png	Иоасаф Белогородский, святитель
0001134.png	Распространение
0001135.png	Чулочно-носочные изделия
0001136.png	Сюжет
0001137.png	Кристаллическая структура
0001138.png	Транспортные средства
0001139.png	Мемуаристы Белоруссии
0001140.png	Методы измерения инфляции
0001141.png	Болел за московский футбольный клуб «Спартак».
0001142.png	Спорт
0001143.png	Кронах
0001144.png	Южнокитайское царство Юэ разорено царствами Чу и Ци.
0001145.png	Этиология
0001146.png	Последствия перехода к земледелию и скотоводству
0001147.png	Преподаватели института Корпуса инженеров путей сообщения
0001148.png	Примечания
0001149.png	Количество голов забитых в матчах двух спорящих команд.
0001150.png	Т.4. Кн. 31-38. 1867. 476 стр.
0001151.png	См. также
0001152.png	Торговые комплексы
0001153.png	Литература
0001154.png	Боги планеты Меркурий
0001155.png	Корифеи российской анимации. Фильм 7. Иван Петрович Иванов-Вано
0001156.png	1804 км: Кама (лв)
0001157.png	ОАО «Кировский шинный завод»
0001158.png	Современное состояние факультета
0001159.png	Китай
0001160.png	Смолин, Олег Николаевич
0001161.png	Политическая структура
0001162.png	См. также
0001163.png	Как доказал исследователь, весной того же
0001164.png	Петергофский фонтанный водовод
0001165.png	События
0001166.png	Сэннититэ
0001167.png	Литература
0001168.png	Приступы болезни возникают ежедневно.
0001169.png	Физические величины
0001170.png	инфекции ЛОР-органов (синусит, фарингит, средний отит, ларингит, трахеит);
0001171.png	Бр., Вал.
0001172.png	Модуль над кольцом, в частности Нётеров модуль.
0001173.png	«Война как таковая» (1943)
0001174.png	Симметрии в биологии
0001175.png	Ссылки
0001176.png	Инаба
0001177.png	Награды
0001178.png	Сноски
0001179.png	Гидрология
0001180.png	Появление и распространение
0001181.png	См. также
0001182.png	сплошная среда
0001183.png	Депутаты Свердловского областного совета
0001184.png	Литература
0001185.png	Борис Слуцкий (ум.1986), русский советский поэт-фронтовик, переводчик.
0001186.png	Торжество прокитайской партии в Гаочане и расторжение его союза с Жужанью.
0001187.png	Спектрально-двойные звёзды
0001188.png	Населённые пункты
0001189.png	Этимология
0001190.png	Часовня-ротонда в честь 2000-летия Рождества Христова.
0001191.png	Эфирное вещание
0001192.png	Холизм
0001193.png	Театр
0001194.png	См. также: :Категория:Умершие в 1534 году
0001195.png	Трофеи и награды
0001196.png	Николаевский мост
0001197.png	небанковская кредитная организация «ЭКПА»,
0001198.png	Международные отношения города и района
0001199.png	Онлайн-выставка лондонского Музея науки
0001200.png	Варианты перевода вопроса
0001201.png	Крестьяне-отходники из внутренних областей России
0001202.png	Стела Великой Отечественной войне в селе Новоурсаево (1989).
0001203.png	Детские писатели США
0001204.png	Выступление Винджа на Саммите Сингулярности
0001205.png	Генеалогическая терминология
0001206.png	Методы испытаний устойчивости окраски
0001207.png	Примечание: в красном поле восстающий серебряный единорог, польский герб Боньча.
0001208.png	События
0001209.png	Литература
0001210.png	История
0001211.png	Музыкальная академия им. Липинского;
0001212.png	Литература
0001213.png	Древнейшие рукописи
0001214.png	Примечания
0001215.png	ЦИАМ:
0001216.png	Вселенная четырёх богов
0001217.png	История и нынешнее состояние
0001218.png	Армянские княжества
0001219.png	Дом Анпиловых (1900).
0001220.png	Примечания
0001221.png	Издал
0001222.png	Театры, цирк и филармония
0001223.png	У ранних христиан
0001224.png	Отношение народа к царю и второй боярский заговор
0001225.png	В городе действуют несколько коллективов, имеющих звание «Народный»:
0001226.png	Музей природы
0001227.png	Оператор: Эдмон Сешан
0001228.png	Первая серия
0001229.png	Портируемость
0001230.png	Давид
0001231.png	Классификация
0001232.png	Для сравнения та же молитва "Отче Наш" на эсперанто:
0001233.png	Приз справедливой игры
0001234.png	Вторая трава. М., МТП, 1933
0001235.png	Фессалиотидская и Фанариоферсальская митрополия
0001236.png	Архип (1909)
0001237.png	Родители и детство
0001238.png	Дмитрий Быков лекция «Возвращение Ремарка» в лектории Прямая речь
0001239.png	Древние тюрки
0001240.png	Современное положение
0001241.png	Ссылки
0001242.png	Международные
0001243.png	Похороненные в аббатстве Сен-Дени
0001244.png	Реки Екатеринбурга
0001245.png	Географические сведения
0001246.png	Эльзас-Лотарингская партия
0001247.png	Возела
0001248.png	Денежная масса
0001249.png	Горнопромышленный комплекс
0001250.png	Средства массовой информации
0001251.png	«Третья модернизация Казахстана: глобальная конкурентоспособность»
0001252.png	Хард-рок-группы Великобритании
0001253.png	Площадь Тысячелетия Витебска
0001254.png	Вымышленные клоны
0001255.png	Этимология
0001256.png	Общее образование
0001257.png	Ссылки
0001258.png	Империя Юань
0001259.png	Корейцы
0001260.png	Города Орловской области
0001261.png	Задачи систем информационной безопасности предприятия различны:
0001262.png	Международный институт экономики и права.
0001263.png	8 больных, лечащихся от наркомании;
0001264.png	Государственный завод «Электроаппарат» имени Э. Тельмана,
0001265.png	Города Древней Руси
0001266.png	Директор по недвижимости: Риккардо Абрате
0001267.png	Художественно-символически изображается в сопровождении ангела.
0001268.png	Историография
0001269.png	Кавалеры Рыцарского Креста Железного Креста с дубовыми листьями и мечами
0001270.png	Международная премия «Балтийская звезда» (2009)
0001271.png	Доисторический период
0001272.png	Тематика произведений Дионисия и его круга
0001273.png	Нарративная структура
0001274.png	См. также
0001275.png	Литература
0001276.png	Контексты
0001277.png	События
0001278.png	Подольских Курсантов, улица
0001279.png	99 км: река Ураж (пр)
0001280.png	Виктор Адлер (ум. 1918), один из лидеров австрийской социал-демократии.
0001281.png	Пирогова
0001282.png	Капитан (14.03.1819)
0001283.png	Илекский район,
0001284.png	Оперные композиторы Российской империи
0001285.png	Количество сравнений, выполняемых в заголовках циклов, равно .
0001286.png	Куры (значения)
0001287.png	Государственные
0001288.png	Известные представители
0001289.png	Населённые пункты с количеством жителей свыше 5000
0001290.png	Национальные парки Скалистых гор
0001291.png	Классификация
0001292.png	Заключённые Шлиссельбургской крепости
0001293.png	Прочее
0001294.png	Эпидемиолог.ру.
0001295.png	АТФ-синтаза
0001296.png	Функции языка
0001297.png	Будь рудою, из слова добытой,
0001298.png	Средневековые республики
0001299.png	Вооружение
0001300.png	склонность к вертикальному положению тела и бипедализм.
0001301.png	Музей ТМ
0001302.png	ВЭМ Радио (101.60)
0001303.png	Национальный состав
0001304.png	Литература
0001305.png	Районные центры Ивановской области
0001306.png	Моделирование трафика
0001307.png	Историко-культурные заповедники Украины
0001308.png	Исторические сведения о квадратных уравнениях
0001309.png	Творческий процесс
0001310.png	История
0001311.png	Железнодорожный транспорт
0001312.png	:Категория:Сады и парки Киева
0001313.png	Животный мир
0001314.png	Северный Кавказ
0001315.png	провинция Тоскана, Италия
0001316.png	Компьютерная типографика
0001317.png	Другие висячие мосты
0001318.png	Переводчики Приморского края
0001319.png	Мидзуко куё
0001320.png	(зелёные);
0001321.png	Оборона Севастополя
0001322.png	Ссылки
0001323.png	Похороненные на кладбище Нордфридхоф (Мюнхен)
0001324.png	Планируемые
0001325.png	Фототермины
0001326.png	участвует в углеводном и жировом обменах;
0001327.png	«Джордж     Харрисон», 2016
0001328.png	Уильям
0001329.png	10 (число)
0001330.png	Нитра (комитат)
0001331.png	Контраст как передаточная характеристика
0001332.png	2. Распределение доходов.
0001333.png	См. также
0001334.png	Население
0001335.png	История Днепропетровской области
0001336.png	Климат
0001337.png	Изобразительное искусство СССР
0001338.png	Роткирх
0001339.png	Игровой стиль
0001340.png	Геологическая карта
0001341.png	Источники и литература
0001342.png	Генерал-поручик за взятие Измаила (25.03.1791)
0001343.png	Герцег
0001344.png	Анонимные произведения
0001345.png	Конструкторы бронетехники
0001346.png	Примечания
0001347.png	Официальные сайты федеральных округов:
0001348.png	Хосе Лесама Лима (ум. 1976), кубинский поэт, прозаик, эссеист.
0001349.png	Биография
0001350.png	Палеонтологический институт РАН
0001351.png	Изъявительное наклонение
0001352.png	Набатея
0001353.png	Благородные газы
0001354.png	Челлендж
0001355.png	На памятных монетах
0001356.png	Вентиляция
0001357.png	Формула Эйлера
0001358.png	Религиозные
0001359.png	Планеты Солнечной системы
0001360.png	Могила Анны Ахматовой
0001361.png	Умершие в 1702 году
0001362.png	Цхинвальское городское озеро
0001363.png	1 мая (День солидарности трудящихся)
0001364.png	Второе путешествие в Италию
0001365.png	(обл.)
0001366.png	Награждения
0001367.png	Любомудров И. «Введение в философию Герберта Спенсера» (1897)
0001368.png	Музей истории оружия.
0001369.png	Колониальный Дублин
0001370.png	Ссылки
0001371.png	Свойства
0001372.png	Вепсский язык имеет три живых диалекта:
0001373.png	Наиболее распространённые вопросы гинекологии
0001374.png	для любого .
0001375.png	Транспорт
0001376.png	Великий голод 1315-1317 годов подходит к концу.
0001377.png	Филология
0001378.png	Награждённые Почётной медалью острова Эллис
0001379.png	Поти (22 ноября 2008)
0001380.png	Древние времена и средние века
0001381.png	Сэйю: Кадзуса Мураи
0001382.png	Проблема образования агломератов
0001383.png	Местная еврейская община г. Нижнего Тагила «Алеф» (пр. Ленина, д. 4а);
0001384.png	Григорий Богослов
0001385.png	комплексные учебные словари
0001386.png	Сильные позиции:
0001387.png	Литература
0001388.png	дом творчества «Пицунда» союза кинематографистов и союза журналистов Грузии
0001389.png	Издания на английском языке
0001390.png	Населённые пункты городского округа город Йошкар-Ола
0001391.png	улица Бабушкина
0001392.png	См. также
0001393.png	Печатные издания
0001394.png	Достижения
0001395.png	Кафедра теории и методики физической культуры и спорта
0001396.png	Память
0001397.png	Скончались
0001398.png	Примечания
0001399.png	Символическое значение проскомидии
0001400.png	Разбиение полиэдра на симплексы называется симплициальным комплексом.
0001401.png	Асбест в энциклопедии «Мой город»
0001402.png	Бесконечная колонна
0001403.png	В древнем Риме Афродите соответствовала Венера.
0001404.png	профессор права и политической экономии Шимон Малевский
0001405.png	Промышленность
0001406.png	Экономика Зергияра
0001407.png	Официальный сайт администрации Кадуйского муниципального района
0001408.png	Выпускники Йенского университета
0001409.png	Приметы
0001410.png	Культура
0001411.png	Массовое убийство в начальной школе «Сэнди-Хук» (Коннектикут, США).
0001412.png	Губернаторы Теннесси
0001413.png	Начало взрослой карьеры
0001414.png	Командиры взводов в Великой Отечественной войне
0001415.png	Турки
0001416.png	В Таджикистане: Душанбе, Худжанд, Куляб
0001417.png	Основные различия аналоговой и цифровой электроники
0001418.png	Немецкая армия оставила Вильнюс.
0001419.png	Примечания
0001420.png	Литература
0001421.png	Начало эпидемии чумы, объявшей все восточные провинции Римской империи.
0001422.png	Мы разучились нищим подавать,
0001423.png	Ссылки
0001424.png	Награды и знаки
0001425.png	26 марта Демонстрация «чёрных пантер» в Тель-Авиве.
0001426.png	105-й элемент таблицы Менделеева дубний.
0001427.png	Основные марки автомобильных бензинов по ГОСТ 32513-2013:
0001428.png	Бобруйск, Белоруссия
0001429.png	вещественное число , удовлетворяет следующему условию:
0001430.png	Отравленные
0001431.png	Музей истории Обуховского завода (адрес: пр. Обуховской обороны, дом 122)
0001432.png	354 км: Кылэгъю (лв.)
0001433.png	Через город протекают реки Пярдомля (бассейн реки Сясь), Дымка и Рокша.
0001434.png	Искусство Тибета
0001435.png	Смоленск
0001436.png	Персональный маркетинг
0001437.png	Биография
0001438.png	Война
0001439.png	Математики по алфавиту
0001440.png	Родились
0001441.png	Биография
0001442.png	Полёты
0001443.png	Достопримечательности
0001444.png	Экология
0001445.png	См. также
0001446.png	Жалобы, приемлемость которых вызывает сомнения.
0001447.png	Синхронизация
0001448.png	Процессы над виновными
0001449.png	Похороненные в Отроч монастыре
0001450.png	Университетские города Германии
0001451.png	21 декабря
0001452.png	Иоганн Вольфганг фон Гёте
0001453.png	Национальная библиотека
0001454.png	Чехия
0001455.png	Поставский райисполком
0001456.png	Кало (Испания)
0001457.png	Ивацуки-хан ()
0001458.png	См. также
0001459.png	Другие жанры
0001460.png	Католические: Камилл, Симон.
0001461.png	См. также
0001462.png	ремонтно-механический завод
0001463.png	Библиофилы Российской империи
0001464.png	Далеко от своей деревушки,
0001465.png	Полуострова Испании
0001466.png	Гравитино
0001467.png	ГОСТ 12.1.010-76 ССБТ. Взрывобезопасность. Общие требования
0001468.png	Новые притчи и исцеления ()
0001469.png	См. также
0001470.png	Примечания
0001471.png	Стандартная модель
0001472.png	Обычные мобильные процессоры: 1000, 1066, 1133, 1200, 1266, 1333
0001473.png	Католичество
0001474.png	Со стороны репродуктивной системы: аменорея, азооспермия.
0001475.png	7 апреля
0001476.png	Ссылки
0001477.png	Ежегодно празднуются дни Салавата Юлаева
0001478.png	Карская область
0001479.png	Происхождение названия
0001480.png	Незападный утопизм
0001481.png	Собор Псковских святых
0001482.png	Международный транспортный коридор «Север-Юг»
0001483.png	Предоставление исходного кода
0001484.png	Вопросы реализации
0001485.png	Научная деятельность
0001486.png	Блестит на синеве густой и темной,
0001487.png	Взятие арагонцами Мурсии.
0001488.png	Мультипликатор
0001489.png	Депутаты Совета Союза 7-го созыва
0001490.png	Орден Креста Свободы 4-го класса с мечами (6 апреля 1918)
0001491.png	См. также
0001492.png	(3-е издание)
0001493.png	Родившиеся в 1671 году
0001494.png	Джемшиды
0001495.png	Династия Антонинов. Генеалогия
0001496.png	Донец
0001497.png	Аренда автомобиля представительского класса.
0001498.png	Новгородские тысяцкие
0001499.png	Реформы в России
0001500.png	Алкоголизм был утверждён ВОЗ как болезнь в 1952 году.
0001501.png	Лауреаты Императорской премии Японии
0001502.png	Примечания
0001503.png	Россия
0001504.png	Коллежские регистраторы
0001505.png	РИА Новости. Спортивное общество «Спартак»: история и традиции
0001506.png	Болоховская земля
0001507.png	Физико-географическая характеристика
0001508.png	Здесь, на Севере, хочу я жить и умереть.
0001509.png	Собор святого Джайлса
0001510.png	Литература
0001511.png	Список улиц Алатыря
0001512.png	Область проживания
0001513.png	Монархизм
0001514.png	ослабление обороноспособности и безопасности Российской Федерации
0001515.png	Примечания
0001516.png	Императорской Академии наук
0001517.png	Неавтоматическая фильтрация
0001518.png	Родились
0001519.png	Братская могила - с.Нижний Фиагдон
0001520.png	Ссылки
0001521.png	Кладбище советских воинов и партизан
0001522.png	Хранение см. Аминазин.
0001523.png	Народы Литвы
0001524.png	Лексикографы Российской империи
0001525.png	Примечания
0001526.png	Катализаторы
0001527.png	Забайкальское краевое училище искусств.
0001528.png	Память Анастасия Синаита;
0001529.png	Коэффициенты разложения  равны преобразованию Фурье
0001530.png	Чешские поэты
0001531.png	Золотая медаль королевского астрономического общества (1954).
0001532.png	Исторические материалы
0001533.png	Как минимум 5 из следующих симптомов должны быть представлены:
0001534.png	Католический приход св. Иосифа
0001535.png	Автор сочинений:
0001536.png	Родились
0001537.png	Восстанавливающие (редуцирующие) дисахариды
0001538.png	Шанбанг, Аруна
0001539.png	Сапфир державы Российской империи (195 карат)
0001540.png	Население по данным переписи населения 2022 года составляет 8500 человек.
0001541.png	Реализация
0001542.png	Небесная механика
0001543.png	Литераторы, известные под псевдонимами
0001544.png	Неискреннее исповедание грехов, напрасное призывание имени Божия
0001545.png	В список включены:
0001546.png	память святителя Германа, патриарха Константинопольского (740);
0001547.png	Арест
0001548.png	Внутрибольничные инфекции
0001549.png	Германские народы
0001550.png	По содержанию:
0001551.png	Примечания
0001552.png	Творчество
0001553.png	Расположение
0001554.png	Компания «Футурико»
0001555.png	Хэлфорд Дж. Маккиндер
0001556.png	Режиссёрский стиль
0001557.png	Общая информация
0001558.png	Контрапозитивная теорема.
0001559.png	Национальные домены верхнего уровня
0001560.png	Совместный бизнес с потомками Фогеларов
0001561.png	Джизакский государственный педагогический университет.
0001562.png	Общежития
0001563.png	Регулируемая рулевая колонка
0001564.png	Тебе присягаю на верность свою,
0001565.png	Промышленность
0001566.png	Председатель правления
0001567.png	События
0001568.png	Примечания
0001569.png	Примечания
0001570.png	Парковая улица
0001571.png	Национальный состав в 1897 году
0001572.png	Семья
0001573.png	Пилоты-инструкторы
0001574.png	Определения
0001575.png	Персоналии по алфавиту
0001576.png	Александр Беленов
0001577.png	Трисектрисы
0001578.png	Наблюдения и история Квадрантид
0001579.png	Ссылки
0001580.png	Члены Зала славы рок-н-ролла
0001581.png	лейтенант (19.02.1942),
0001582.png	Примечания
0001583.png	Улица Суворова
0001584.png	Совет Безопасности работает в следующих форматах совещаний:
0001585.png	ООО «Буран» (производство изделий из жести)
0001586.png	Социально-экономическая ситуация на Украине в конце 2004 года
0001587.png	Персоналии по алфавиту
0001588.png	История
0001589.png	Ссылки
0001590.png	Литература
0001591.png	ОАО «Ленстройдеталь ЛО Пикалёвское производство»
0001592.png	Медицинский колледж имени А. Л. Поленова;
0001593.png	Израильские шекели и лиры. Галерея выпусков
0001594.png	Оценки деятельности
0001595.png	История
0001596.png	Девичий День.
0001597.png	в более широком смысле: некая причина возникновения события вообще;
0001598.png	Немедикаментозные методы
0001599.png	Валерий Кубасов
0001600.png	аэропорт Лошиня
0001601.png	Генуэзская крепость Чембало
0001602.png	принято решение о вступлении в ЕС Норвегии.
0001603.png	Культура
0001604.png	Библиотечная горница «Традиции живая нить»;
0001605.png	Реформация
0001606.png	Сайт города Элиста
0001607.png	Сентябрь
0001608.png	Ссылки
0001609.png	Научная деятельность после возвращения
0001610.png	Изборск на сайте «Малые Города России»
0001611.png	Послы Франции в России
0001612.png	Развитие идей
0001613.png	2003 год в Канаде
0001614.png	Химическая промышленность
0001615.png	Кочевое и полукочевое скотоводство в Аравии
0001616.png	Физические свойства
0001617.png	Тройной орден (Португалия, 07.10.1854)
0001618.png	Новости, Афиша, События Кронштадта
0001619.png	губернаторов провинций,
0001620.png	бассейн левого притока Серебрянки Ивановского ручья
0001621.png	ЖБК-3;
0001622.png	Ссылки
0001623.png	Примечания
0001624.png	Апрель
0001625.png	302 км: Печеньга (пр)
0001626.png	Основные твердотельные активные приборы, используемые в электронных устройствах:
0001627.png	Острова Белеп
0001628.png	Логика и Философия науки
0001629.png	Поручик (25.04.1754)
0001630.png	Примечания
0001631.png	Наука и техника
0001632.png	Примечания
0001633.png	Фильмы о Грузии
0001634.png	Кудрявцев Алексей Сергеевич. Дата избрания: 24.04.2020
0001635.png	Экономика
0001636.png	народной правотворческой инициативы,
0001637.png	нарушение формы одежды,
0001638.png	Программное обеспечение для управления проектами
0001639.png	Примечания
0001640.png	Современное состояние
0001641.png	Январь: 2 января, 11 января, 20 января, 28 января, 30 января
0001642.png	Бихевиоризм
0001643.png	Почётный гражданин Улан-Удэ.
0001644.png	См. также: :Категория:Родившиеся в 1522 году
0001645.png	Россия
0001646.png	Концентрация частиц;
0001647.png	Недостатки оптических технологий
0001648.png	8 иммиграционных терминалов
0001649.png	Персоналии
0001650.png	Памятники:
0001651.png	Родились
0001652.png	Баянаульские горы
0001653.png	См. также
0001654.png	Варианты конструкции
0001655.png	Магнитная поляризуемость: 0,37(12) фм3.
0001656.png	Библиотеки
0001657.png	Примечания
0001658.png	Типографика
0001659.png	Дело Сычёва
0001660.png	Ачинский городской Дворец культуры
0001661.png	Сайт Коллегии и профкома студентов и аспирантов Львовской политехники
0001662.png	Вакуумно-люминесцентный индикатор
0001663.png	Примечания
0001664.png	река Фонтанка (Аничков мост)
0001665.png	Почётные доктора Эдинбургского университета
0001666.png	характеру физиологического воздействия ОВ на организм человека;
0001667.png	Реки Агинского района
0001668.png	Улицы
0001669.png	Мифологические персонажи по алфавиту
0001670.png	Политический статус и притязания на всю германскую территорию
0001671.png	Донской государственный технический университет,
0001672.png	Казахстанский электролизный завод
0001673.png	Среди прямых учеников Гильберта в Гёттингене были:
0001674.png	Этнические группы
0001675.png	Органы финансового регулирования
0001676.png	Тренеры ФК «Леон Сатурн»
0001677.png	Просмотрщики
0001678.png	Ограничение творческой свободы режиссёра и оператора на съёмочной площадке.
0001679.png	Белое платье Золушки
0001680.png	Примечания
0001681.png	Почётные члены РАО
0001682.png	Религиозные
0001683.png	Пятидесятничество
0001684.png	хемилюминесценция (в живых организмах она носит название биолюминесценция)
0001685.png	Топливо
0001686.png	Лётчики Великой Отечественной войны
0001687.png	Гипсовые вяжущие вещества
0001688.png	«Монетный бунт» в Париже.
0001689.png	Незаменимые
0001690.png	Примечания
0001691.png	Биография актёра.
0001692.png	См. также: :Категория:Родившиеся в 1911 году
0001693.png	Воздушная система
0001694.png	Глицерин ускоряет старение.
0001695.png	Похоронен в Одессе в нижнем храме Спасо-Преображенского собора.
0001696.png	Примечания
0001697.png	Выставки
0001698.png	Владимир Тихонов «Чудное мгновенье»
0001699.png	Неметаллы
0001700.png	Средний возраст проведения оперативного лечения от 6 месяцев до 2 лет.
0001701.png	Абай-Немеш, Оскар
0001702.png	Зона французского франка (КФА)
0001703.png	Европа
0001704.png	Политическая ситуация
0001705.png	Городской Дворец Творчества Детей и Молодёжи
0001706.png	Лишь накинув внешний образ, бхикшу подлинным не станет.
0001707.png	Реализация без ветвления
0001708.png	Колледж радиоэлектроники имени П. Н. Яблочкова
0001709.png	Месса для хора и оркестра (Флоренция, 3 августа 1776; утеряна).
0001710.png	Скончался ученый в Дрездене в 1938 году.
0001711.png	Сенаторы Итальянской Республики
0001712.png	Кёльн получает статус города
0001713.png	1980 год
0001714.png	См. также
0001715.png	Имена греческого происхождения
0001716.png	Мемориальная доска «Альпинистам блокадного Ленинграда».
0001717.png	Ударные и безударные гласные звуки произносятся одинаково отчётливо.
0001718.png	управление ходом реализации решения;
0001719.png	Ссылки
0001720.png	Охотники за динозаврами (2002)
0001721.png	Переводчики Уильяма Шекспира
0001722.png	Жизненный цикл проекта
0001723.png	Реклама в России
0001724.png	Культурные герои
0001725.png	дошкольные образовательные учреждения.
0001726.png	Примечания
0001727.png	Символическое значение проскомидии
0001728.png	Субрегиональное деление
0001729.png	Вымышленные массовые убийцы
0001730.png	«Посох» (Рига, 1925),
0001731.png	Функция Минковского
0001732.png	Примечания
0001733.png	Литература
0001734.png	Происхождение
0001735.png	Биография
0001736.png	Бывшие столицы
0001737.png	Адсорбция инертных газов и йода на фильтрах из активированного угля;
0001738.png	Ноябрь
0001739.png	Сулла в культуре
0001740.png	В православии
0001741.png	степень отражения в законодательстве целей, функций и задач центрального банка;
0001742.png	Литература Древней Руси
0001743.png	235 км: водоток падь Диргича
0001744.png	Геноцид конголезского населения в колониальный период
0001745.png	Ссылки
0001746.png	Примечания
0001747.png	Применение
0001748.png	События
0001749.png	Иваничев, Георгий Александрович
0001750.png	подозрительность или параноидные идеи;
0001751.png	Взаимоотношения с СССР
0001752.png	дюралюминий
0001753.png	Либерийцы
0001754.png	«Электроника 580»
0001755.png	Гипотеза Римана эквивалентна следующему равенству: .
0001756.png	Бронестекло
0001757.png	Болезнь и смерть
0001758.png	Сарматы проникают в Причерноморье.
0001759.png	Университет КАЗГЮУ
0001760.png	Равенна, Италия (с 1969 года).
0001761.png	Кредиты
0001762.png	Глобальная реставрация
0001763.png	Урало-Казахстанская археологическая экспедиция
0001764.png	В наши дни
0001765.png	Лучше быть красивой и богатой (1995);
0001766.png	Таблица подписей и ратификации
0001767.png	А у 4 сына Романова у Полуекта Каменского дети:
0001768.png	Местное самоуправление
0001769.png	Связанные определения
0001770.png	Статья об Ироде Великом и открытии его могилы на Иродионе
0001771.png	Сферическая метрика
0001772.png	Участники сражения под Фридландом
0001773.png	География
0001774.png	Салвадор: 1540 км
0001775.png	В открывшемся окне написать:
0001776.png	Фильмы Анджея Жулавского
0001777.png	На что способны женщины
0001778.png	Культурная деятельность
0001779.png	Режим работы
0001780.png	Биография
0001781.png	Внутригородские муниципальные образования
0001782.png	География
0001783.png	Скончались
0001784.png	Бауманская улица
0001785.png	Реки и стоки
0001786.png	ОАО УК «Сибагромаш»;
0001787.png	Семья
0001788.png	Кривые
0001789.png	2021: Попихин, Евгений Николаевич
0001790.png	Биография Татьяны Нестеренко  на сайте Министерства финансов РФ
0001791.png	Компонентная система 1С:Предприятия 7.7
0001792.png	Натрезимы
0001793.png	Памятники
0001794.png	Игнатий Ставропольский, святитель на сайте Русское православие
0001795.png	Мандат МККК
0001796.png	Тактильная память
0001797.png	Сквер Окский
0001798.png	ФГУП ВГТРК ГТРК «Орёл»
0001799.png	Острова Омбасе
0001800.png	Примечания
0001801.png	Инженерные заграждения
0001802.png	природные ресурсы;
0001803.png	Гуслица
0001804.png	Описание
0001805.png	Футболисты Российской империи
0001806.png	Инцидент на пресс-конференции
0001807.png	Ссылки
0001808.png	Бродский И. Двадцать сонетов к Марии Стюарт, 1977
0001809.png	Анализ бухгалтерского баланса проводится с помощью одного из следующих способов:
0001810.png	Вторжение на Украину
0001811.png	Сценарист
0001812.png	Изгнание
0001813.png	Язык орангутанов
0001814.png	Органы власти
0001815.png	Памятники и скульптуры
0001816.png	Программирование в машинных кодах
0001817.png	Первомайский проезд
0001818.png	Кубок 450-летия города Сантьяго
0001819.png	Новые предложения по стрелковой части, Вильно, 1886
0001820.png	См. также
0001821.png	В своём последнем на настоящий момент,  (2014), МГЭИК заявила:
0001822.png	Известные изотопы
0001823.png	Пряности
0001824.png	Умершие в 137 году
0001825.png	Литература
0001826.png	промежуточный перечень из 87 рубрик.
0001827.png	Педагог, предпочитаемый детьми
0001828.png	Сущность проблемного обучения
0001829.png	Епископ Сумской и Ахтырский, управляющий Полтавской епархией, Никодим (Кобзарь)
0001830.png	Примечание
0001831.png	Рельеф
0001832.png	Участники битвы за Днепр
0001833.png	Дворец культуры «Юбилейный»
0001834.png	История
0001835.png	Получение изолированного гена.
0001836.png	Местное самоуправление
0001837.png	Зенитная дуга
0001838.png	Промышленность
0001839.png	Углегорская ТЭС (3,6 ГВт)
0001840.png	Заслуженные артисты Казахской ССР
0001841.png	Ссылки
0001842.png	Сибирский институт черных металлов (с 1930 по 1933 гг.);
0001843.png	Перистерионская митрополия
0001844.png	Выращивание кофейного дерева в квартире.
0001845.png	Анизотропия фильтрационных свойств
0001846.png	Биография
0001847.png	Управление сложностью
0001848.png	Почитание
0001849.png	Биография
0001850.png	Некоторые архитектурные и конструктивные особенности здания:
0001851.png	Вариации и обобщения
0001852.png	Примечания
0001853.png	О Такэси Китано
0001854.png	Противопоказания
0001855.png	На территории района действует лагерь летнего отдыха «Соловьи».
0001856.png	Лазеры с ядерной накачкой
0001857.png	Приморский строительный колледж
0001858.png	Инна Сухарева, актриса театра и кино, детский аниматор.
0001859.png	Нумизматика
0001860.png	События
0001861.png	Снова в Японии
0001862.png	Папство
0001863.png	Эволюция защиты кистей рук
0001864.png	участник Матча всех звёзд ПБЛ 2011
0001865.png	Русская православная церковь
0001866.png	Ссылки
0001867.png	Псевдокардиналы
0001868.png	Житие Константина-Кирилла
0001869.png	Другое:
0001870.png	Мценск в топонимике
0001871.png	Золотой
0001872.png	С тех пор у нас в семье слово «Фламинго» стало склоняться легально.
0001873.png	Караччоло
0001874.png	Литература
0001875.png	Список особо охраняемых природных территорий Кемеровской области
0001876.png	Ссылки
0001877.png	Воинские звания
0001878.png	Большевики
0001879.png	Современные дирижабли
0001880.png	Физкультурно-оздоровительный комплекс ПГУАС, ул. Кирпичная, 1;
0001881.png	Отдел по делам рабочих;
0001882.png	У числа  простой закономерности не видно:
0001883.png	Сью Кливер, английская актриса.
0001884.png	Жорж Батай, «История глаза».
0001885.png	Лицензирование
0001886.png	Бирманцы
0001887.png	Социология
0001888.png	Члены Военного совета
0001889.png	Восточный Тимор: забытый геноцид, замалчиваемые проблемы
0001890.png	Страница об эвенках Китая в Китайском информационном интернет-центре
0001891.png	София Парнок (р. 1885), русская поэтесса, переводчица, литературный критик.
0001892.png	Хлориды, бромиды и иодиды (минералы)
0001893.png	29 июня
0001894.png	Заслуженные тренеры СССР
0001895.png	История компартии Чехословакии
0001896.png	Лорделу-ду-Ору
0001897.png	См. также
0001898.png	Литература
0001899.png	Рекопа Южной Америки
0001900.png	Скончались
0001901.png	Сочинения
0001902.png	Географическое положение
0001903.png	Сайт Кирилло-Белозерского монастыря
0001904.png	Белоруссия
0001905.png	Прогулочные суда - суда для отдыха. К таким судам относятся яхты
0001906.png	Межвоенный период
0001907.png	Литература
0001908.png	разработка условий обслуживания,
0001909.png	Зонная плавка
0001910.png	Народный календарь, приметы и фольклор Руси
0001911.png	Государственный переворот
0001912.png	История
0001913.png	Древняя история Мексики на сайте «Древняя Мезоамерика»
0001914.png	Государственные символы Франции
0001915.png	Классификация
0001916.png	на других языках
0001917.png	Наука
0001918.png	Таджибаев К. Сорок девушек. , ГИХЛ, 1956
0001919.png	Картинная галерея
0001920.png	Уравнения
0001921.png	Ссылки
0001922.png	Религиозные
0001923.png	Орден Почётного легиона:
0001924.png	Шамаш-мудаммик занял царский трон Вавилона.
0001925.png	Юрий Норштейн, советский и российский художник-мультипликатор.
0001926.png	Члены Прусской академии наук
0001927.png	Кладбища
0001928.png	Память
0001929.png	Примечания
0001930.png	В культуре
0001931.png	Литература
0001932.png	Участники Бородинского сражения
0001933.png	Биография и оперы Верди
0001934.png	Литература
0001935.png	Выпуклый анализ
0001936.png	Камчатская улица
0001937.png	Города-побратимы
0001938.png	Автогонщики Италии
0001939.png	Литература
0001940.png	Двоичные логические элементы
0001941.png	Удвой или сократи пополам
0001942.png	Прага (), Чехия
0001943.png	6 храмов.
0001944.png	Автор новой службы Иову Почаевскому и составитель службы Почаевской иконе.
0001945.png	История использования термина «догмат», «догма»
0001946.png	Эффект Новой Земли
0001947.png	В геральдике
0001948.png	Литература
0001949.png	Прекращение действия
0001950.png	69 Строительство. Строительные материалы. Строительно-монтажные работы
0001951.png	Примечания
0001952.png	Кибература
0001953.png	Биосинтез
0001954.png	Режиссёр
0001955.png	Кисе Воробьянинову,
0001956.png	командир бригады (с декабря 1936);
0001957.png	равномерно по .
0001958.png	Кинокомедии США
0001959.png	Критика
0001960.png	Современная история
0001961.png	Картина художника И. Лукомского «Клятва на берегу Волги».
0001962.png	Цельс
0001963.png	Литература
0001964.png	Список языков по численности говорящих
0001965.png	Почётное консульство Словацкой Республики в Красноярске
0001966.png	Заозерновский городской Совет депутатов:
0001967.png	Препараты, усиливающие секрецию инсулина:
0001968.png	Сайт о старом городе Владимире
0001969.png	Сайт администрации Самары
0001970.png	Воеводский, Владимир Александрович
0001971.png	Алгебраическим замыканием конечного поля  является поле .
0001972.png	Современность
0001973.png	Оренбургская область
0001974.png	Еремеева О. Мифопоэтика творчества Джима Моррисона
0001975.png	Живая Вологда: Вологда и Вологодский край в воспоминаниях
0001976.png	Хромосома
0001977.png	Личность и внешность Карла Великого в средневековых источниках
0001978.png	Специальные перечни для статистических разработок.
0001979.png	В царствование Анны Иоанновны
0001980.png	Птицы
0001981.png	Корпус морской пехоты США
0001982.png	Кюрасао (наряду с папьяменто)
0001983.png	Для решения уравнения в случае свободной частицы привлекается спинор
0001984.png	История биологии
0001985.png	Орден Святого Александра Невского (1818)
0001986.png	Примечания
0001987.png	Сухие игры вратарей в играх плей-офф за СКА Микко Коскинен 13 в 67 играх
0001988.png	Примечания
0001989.png	Некоторые эндемики Маврикия (вымершие)
0001990.png	Методика «шести сигм» основывается на следующих принципах:
0001991.png	См. также
0001992.png	Голландский диалект
0001993.png	Развитие первого полногласия
0001994.png	Родившиеся в Уппсале
0001995.png	Технологии кино и видео
0001996.png	ухудшение газообмена.
0001997.png	История
0001998.png	Канатную дорогу на вершину горы Машук
0001999.png	Страницы значений:Тёзки
0002000.png	Парад-алле. 1888
0002001.png	Определение
0002002.png	Выпускники Женевского университета
0002003.png	Поп-вокалисты США
0002004.png	Взаимодействие с другими лекарственными средствами
0002005.png	С сентября 1982 года до 1993 года штаб-квартира ООП была размещена в Тунисе.
0002006.png	По словам Рамзана Кадырова,
0002007.png	Настоящее время
0002008.png	при нейросифилисе
0002009.png	Бурана
0002010.png	Аффективное расстройство
0002011.png	Библейские сюжеты
0002012.png	Почётные граждане
0002013.png	Дирижирование
0002014.png	Применение гуаровой камеди в нефтебуровой промышленности
0002015.png	Члены Гёттингенской академии наук
0002016.png	многоугольники;
0002017.png	Археологические культуры
0002018.png	«Поминки по Финнегану»: апология перевода
0002019.png	игнитрон
0002020.png	Основные формы половой жизни
0002021.png	См. также
0002022.png	Эрнестинская линия Веттинов
0002023.png	Разделы фармакологии
0002024.png	Луговомарийский алфавит:
0002025.png	Физиологии человека и животных, патофизиологии, гистологии
0002026.png	Транспорт
0002027.png	Святые Украины
0002028.png	Результаты выборов депутатов 2019
0002029.png	Католические
0002030.png	Выставочная
0002031.png	Нередко «амфорами» также называют сосуды похожих форм других культур.
0002032.png	Археологи Германии
0002033.png	Шварёв, Александр Ефимович (11.10.1995, 231)
0002034.png	Искусственная жизнь
0002035.png	Японская музыка
0002036.png	Появились в 1936 году в Казахстане
0002037.png	Действия в Нидерландах
0002038.png	Доктора римского права
0002039.png	Факты из жизни
0002040.png	Русская кухня: холодец, заливное, бланманже, самбук
0002041.png	Авиация
0002042.png	Экранизации романов Франции
0002043.png	Источник: Мэддисон и другие (Гронингенский университет).
0002044.png	Антиковеды России
0002045.png	Описание
0002046.png	Русские войска выведены из Грузии.
0002047.png	Города на Днепре
0002048.png	Налоговый комитет при правительстве Республики Таджикистан
0002049.png	Ссылки
0002050.png	Летучие ароматные вещества
0002051.png	Ссылки
0002052.png	Младший Лейтенант Государственной Безопасности: П. Шилкин (ШИЛКИН)
0002053.png	Цензуру прессы, книг и фильмов
0002054.png	Изменение численности населения
0002055.png	История и география Нижегородской области
0002056.png	Погибшие космонавты
0002057.png	Семья
0002058.png	Горнолыжный спорт
0002059.png	Транспортные самолёты: 7 единиц
0002060.png	Скончались
0002061.png	Литература
0002062.png	Фотогалерея Антонова на сайте ГП «Антонов»
0002063.png	Персоны года
0002064.png	«Еврейская мелодия» (М. Лермонтов из Байрона)
0002065.png	Восточное Средиземноморье в древности
0002066.png	Примечания
0002067.png	Хронология жизни и творчества
0002068.png	Оболонско-Теремковская линия
0002069.png	История поисков
0002070.png	Сплавы железа
0002071.png	Объединённая учебно-тренировочная база хоккейного клуба «Динамо»
0002072.png	Многопоточность
0002073.png	После мягких согласных
0002074.png	География
0002075.png	Владимировка;
0002076.png	Епископы Русской православной церкви
0002077.png	память преподобного Авраамия Галичского, Чухломского, игумена (1375);
0002078.png	Томас Чонг, канадский и американский актёр и музыкант.
0002079.png	Люксембург
0002080.png	Преподаватели Бестужевских курсов
0002081.png	Ростислав Страшимирович
0002082.png	Усадьба Знаменское-Раёк
0002083.png	В турецком порту Джейхан будет открыт нефтепровод БТД
0002084.png	Нулевой километр
0002085.png	Наблюдательная астрономия
0002086.png	Калунг
0002087.png	Август
0002088.png	События
0002089.png	Спортивный комплекс «Олимп»;
0002090.png	История
0002091.png	Старо-Калинкин мост
0002092.png	Князья
0002093.png	Началась Эпоха Великих географических открытий.
0002094.png	Примечания
0002095.png	память преподобного Стефана Савваита (794);
0002096.png	Предельные нормативы концентрации
0002097.png	Партия экономических реформ Таджикистана;
0002098.png	Боккончини
0002099.png	Родились
0002100.png	Ссылки
0002101.png	Начало распространения
0002102.png	Евгения Шкиля «Гонка по кругу»;
0002103.png	Критика
0002104.png	Примечания: общие пометки
0002105.png	Парки
0002106.png	Постальвеолярный щёлкающий согласный
0002107.png	Бетанкур, Августин Августинович
0002108.png	Оксиды углерода
0002109.png	Известные носители
0002110.png	Действует Союз художников Южной Осетии.
0002111.png	Мелькрукк (мука, крупа, макаронные изделия, солод);
0002112.png	Теоретические концепции и социальное движение
0002113.png	Татуировка
0002114.png	Олимпийские победы Гиерона в конном беге.
0002115.png	Понятия философии Гегеля
0002116.png	Пущинский научный центр биологических исследований РАН (ФИЦ ПНЦБИ РАН)
0002117.png	член Международной академии наук
0002118.png	Сорок (единица счёта)
0002119.png	Русские эмигранты пятой волны в Израиле
0002120.png	сложение матриц, имеющих один и тот же размер;
0002121.png	Подготовка к проекту
0002122.png	Архитектура
0002123.png	Литература
0002124.png	Библиография
0002125.png	Русские поэты
0002126.png	Орден Святого Станислава 2 ст. (1865)
0002127.png	Описание полёта
0002128.png	Деньги Албании
0002129.png	Национальные домены верхнего уровня
0002130.png	Металлогения
0002131.png	Экология и рациональное природопользование.
0002132.png	Составное число
0002133.png	Почему такая реализация неустойчива?
0002134.png	Прочие сведения
0002135.png	Калибровочная симметрия (математика)
0002136.png	Полон верой и любовью,
0002137.png	Круглое (протокой соединяется с Купецким)
0002138.png	Экология
0002139.png	Примечания
0002140.png	Обзор
0002141.png	См. также: :Категория:Родившиеся 14 сентября
0002142.png	См. также: :Категория:Умершие в 847 году
0002143.png	Режиссёрские работы в кино
0002144.png	Туркменский национальный молодёжный театр имени Алп Арслана
0002145.png	Памятник «Сталевару».
0002146.png	Культурные столицы тюркского мира
0002147.png	Государственные награды России
0002148.png	Внешняя политика
0002149.png	Адреса
0002150.png	Структура композиционных материалов
0002151.png	Ссылки
0002152.png	Галицко-Волынское княжество
0002153.png	Литература
0002154.png	Состав и свойства
0002155.png	Скончались
0002156.png	Урбанизация
0002157.png	Депутаты Совета Национальностей 9-го созыва
0002158.png	Местоимение
0002159.png	Грузовые вагоны, цистерны и платформы, крытые вагоны изготавливались:
0002160.png	Сингальский
0002161.png	«Златые горы»
0002162.png	вопросительные частицы (ли, неужели, разве);
0002163.png	Существует ряд гипотез происхождения названия реки:
0002164.png	Примечания
0002165.png	Кочкуркина С. И., Линевский А. М. Курганы летописной веси. Петрозаводск, 1985
0002166.png	Кавалеры ордена Святого Владимира 2-й степени
0002167.png	Флигель-адъютант ()
0002168.png	Политические партии по алфавиту
0002169.png	Получение
0002170.png	Размах крыла: 16,7 м
0002171.png	Орден Святого апостола Андрея Первозванного
0002172.png	Библиография
0002173.png	Внутренняя структура
0002174.png	Обитает в приполярных областях в северном полушарии Земли.
0002175.png	Цилиндрические координаты
0002176.png	Генуя захватывает у венецианцев город Ханья на Крите.
0002177.png	Медики Первой мировой войны (Россия)
0002178.png	При передаче данных выделяют следующие логические последовательности:
0002179.png	Летом 1955 епископ Александр покинул Прешов и переехал в Москву.
0002180.png	Единицы измерения расстояния
0002181.png	Незавершённый мост по Крапивинской ГЭС у посёлка Зеленогорский;
0002182.png	В филателии
0002183.png	Действительный член Академии художеств СССР (1988)
0002184.png	Торговля
0002185.png	Географическое положение
0002186.png	Музеи
0002187.png	Редактор сообщений
0002188.png	: Анкара (11 декабря 2003)
0002189.png	Примечания
0002190.png	Псевдогермафродитизм
0002191.png	Лауреаты Каннского кинофестиваля
0002192.png	Идентификация
0002193.png	Участники Московской Хельсинкской группы
0002194.png	Трафаретная печать
0002195.png	Тантры
0002196.png	Биохимия химических элементов
0002197.png	Современный период
0002198.png	Обрезание
0002199.png	31 км: река Золотуха (Содема) (пр)
0002200.png	Список холодного оружия Красной Армии в Великой Отечественной войне
0002201.png	Холмы Рима
0002202.png	Ссылки
0002203.png	Суперортикон
0002204.png	Пауки
0002205.png	Андроньевский проезд
0002206.png	Суд над П. Сестием.
0002207.png	Примечания
0002208.png	Применение
0002209.png	Первые годы правления
0002210.png	Адреса в Санкт-Петербурге
0002211.png	Фотографии Снежинска
0002212.png	Свято-Троицкая церковь (разрушена),
0002213.png	: Этика, совершенство в поведении и дисциплине
0002214.png	Примечания
0002215.png	Столетний праздник пировать,
0002216.png	Институт комплексного анализа региональных проблем ДВО РАН
0002217.png	Тамега (пр.)
0002218.png	Сыма Чэнчжэнь, двенадцатый даосский патриарх школы Шанцин.
0002219.png	Одигитрии Кирилло-Белозерской.
0002220.png	Анатолий Ветров
0002221.png	Официальный сайт города Богота
0002222.png	Обратная функция:
0002223.png	Боевые единоборства
0002224.png	Комментарии
0002225.png	1980-е годы
0002226.png	Эффекты восприятия
0002227.png	История
0002228.png	Латинский текст (традиционная Климентинская редакция)
0002229.png	Блок «Единство»
0002230.png	Институты хиромантии
0002231.png	ФАТХ и ООП
0002232.png	Губернии, управляемые по «Общему учреждению губернскому»
0002233.png	Председатель: Новицкий, Геннадий Васильевич
0002234.png	Область значений .
0002235.png	Наличие закона и личная ответственность
0002236.png	Список ныне царствующих монархов
0002237.png	События
0002238.png	Россия
0002239.png	Абсорбция
0002240.png	Родились
0002241.png	Южный парк
0002242.png	Юлиана Никомидийская: 16 февраля
0002243.png	Примечания
0002244.png	Ссылки
0002245.png	Флора и фауна прибрежных районов
0002246.png	Тройственное
0002247.png	Оккультисты
0002248.png	Примечания
0002249.png	События
0002250.png	Лауреат журнала «Зинзивер» в категории «поэзия» (2008)
0002251.png	Северная подветвь
0002252.png	Литература
0002253.png	Культ и надписи
0002254.png	Его сыновья:
0002255.png	Значение деятельности
0002256.png	Статьи с эдитнотисом об осторожности при редактировании
0002257.png	Маршалловы Острова стали членом Международного валютного фонда (МВФ).
0002258.png	Французское золото
0002259.png	Независимость
0002260.png	Римское царство
0002261.png	Кавалеры ордена Святого Александра Невского
0002262.png	Физиология питания
0002263.png	Краевой ожоговый центр;
0002264.png	Скончались
0002265.png	Писатели по алфавиту
0002266.png	Риск передозировки минимален.
0002267.png	Сомони:
0002268.png	Персоналии по алфавиту
0002269.png	Абрамов Николай Викторович
0002270.png	Примечания
0002271.png	Чемпионат и Кубок Англии:
0002272.png	Мини-рынок в посёлке Северный;
0002273.png	Медаль «За заслуги в проведении Всероссийской переписи населения»
0002274.png	Гауптвахта
0002275.png	Медали
0002276.png	154 сельских территорий.
0002277.png	Предназначение скинии и храма в иудаизме
0002278.png	Консулы Квинт Элий Пет и Марк Юний Пенн (два плебея).
0002279.png	Таксономия
0002280.png	Расположение судов в порту Кронштадт
0002281.png	Корноуховский:
0002282.png	«Огненный год» (1942)
0002283.png	Релизы
0002284.png	Участники битвы за Москву
0002285.png	Литература
0002286.png	Опасность вдыхания паров
0002287.png	кутумбату и Кимакундучи: диалект областей Занзибара;
0002288.png	Мэри Истмен
0002289.png	Литература
0002290.png	Примечания
0002291.png	Общественная позиция
0002292.png	Военно-морские силы
0002293.png	Члены Американского философского общества
0002294.png	Биография
0002295.png	Межсезонье
0002296.png	Дачная улица
0002297.png	Михаил Лобанов (ум. 2016), русский советский писатель, литературовед, критик.
0002298.png	816 км: Красная
0002299.png	Примечания
0002300.png	Примечание: о сортировке
0002301.png	Городские маршруты
0002302.png	Подводный водопад
0002303.png	Адамиты
0002304.png	Примечания
0002305.png	Эл Джерро, американский джазовый музыкант и певец (ум. в 2017).
0002306.png	3-й Сибирский армейский корпус.
0002307.png	Документальные фильмы
0002308.png	Примечания
0002309.png	Структурные изменения
0002310.png	Города-побратимы
0002311.png	Мореплаватели Португалии
0002312.png	Дипломаты Великобритании
0002313.png	Вестник МГИМО-Университета
0002314.png	Затонная улица
0002315.png	1995: «Магазин игрушек»
0002316.png	Бронзовый призёр: 1978
0002317.png	Волоколамское шоссе
0002318.png	См. также
0002319.png	Автобус
0002320.png	Сфера услуг, обслуживание и строительство
0002321.png	В Дании выпущено пиво с открытыми исходниками
0002322.png	Государственный завод «Электроаппарат» имени Э. Тельмана,
0002323.png	Союз бельгийских композиторов
0002324.png	В Падуе
0002325.png	Протестантская революция
0002326.png	См. также
0002327.png	Византийское поселение
0002328.png	Саратовский 1-й проезд
0002329.png	История
0002330.png	Примечания
0002331.png	ГДРовские индейцы
0002332.png	События
0002333.png	Ботанический сад
0002334.png	Филиал АО «ЭР-Телеком Холдинг» в г. Саратове;
0002335.png	Судебная власть и прокуратура
0002336.png	Источники
0002337.png	Переводчики на русский язык
0002338.png	Почётные доктора Колледжа Смит
0002339.png	Не камням дорогим, ни злату, но Стеклу.
0002340.png	Аэрология
0002341.png	Омский государственный технический университет
0002342.png	Новогодняя кухня
0002343.png	24 мая 2002 года городская черта города была скорректирована.
0002344.png	Телевидение
0002345.png	В искусстве
0002346.png	Анемия Херрика (Геррика)
0002347.png	Инесса Юрьевна Черняховская.
0002348.png	Лингвогеография
0002349.png	Парк Соловьиная Роща
0002350.png	Учреждения дополнительного и специального образования:
0002351.png	Литература
0002352.png	Космонавтика
0002353.png	Танинтайи
0002354.png	Училища РКО
0002355.png	Мойка
0002356.png	Колонна
0002357.png	Биография
0002358.png	Художники-керамисты Испании
0002359.png	Установлены дипломатические отношения между Казахстаном и Латвией.
0002360.png	Ссылки
0002361.png	Примечания
0002362.png	Обладатель Суперкубка УЕФА: 2003, 2007
0002363.png	Распад Британской империи
0002364.png	СМИ, культура, искусство
0002365.png	Водный транспорт
0002366.png	Монополия
0002367.png	Евхаристия в различных конфессиях
0002368.png	самоутверждение (воодушевление);
0002369.png	«Персеполис»
0002370.png	Визуальное объектно-ориентированное программирование
0002371.png	Литература
0002372.png	психологическая симптоматика.
0002373.png	Финансирование
0002374.png	Ссылки
0002375.png	Медаль «Слава Адыгеи» (Республика Адыгея, 2007);
0002376.png	Наследники, не вступившие на престол (Россия)
0002377.png	о. Пийрисар
0002378.png	Спектрально-двойные звёзды
0002379.png	Драматурги Российской империи
0002380.png	Геше Потова, тибетский буддийский лидер, ученик Дромтонпы.
0002381.png	Институт математики, информационных технологий и физики
0002382.png	Примечания
0002383.png	Царь: Тулл Гостилий.
0002384.png	Умершие в арктической экспедиции
0002385.png	Общество
0002386.png	Состояния сеанса
0002387.png	Подозреваемые факторы риска
0002388.png	См. также
0002389.png	Отношение к религии
0002390.png	Комментарии
0002391.png	См. также
0002392.png	Критика
0002393.png	Источники
0002394.png	Политики Франции
0002395.png	Примечания
0002396.png	Опять начинаю сперва
0002397.png	Военачальники Древнего Рима
0002398.png	Ёко Канно принимала участие в записи почти всех альбомов Ольги, они дружили.
0002399.png	Литература
0002400.png	Из алкенов
0002401.png	Эндокринная нервная система
0002402.png	525 км: Большая Курья
0002403.png	Кордильеры
0002404.png	Айнский язык: Реликтовый язык с берегов Тихого океана
0002405.png	Мини-футбольные клубы
0002406.png	Французские дивизионные генералы Революционных и Наполеоновских войн
0002407.png	Дополнительная литература
0002408.png	Лечение злокачественных новообразований
0002409.png	Литература
0002410.png	Спектакль «Вишнёвый сад»
0002411.png	Луция Зедничкова, чешская актриса театра, кино и телевидения.
0002412.png	Тополь чёрный
0002413.png	Публикации
0002414.png	часть России
0002415.png	Декабрь
0002416.png	Частный космический полёт
0002417.png	В Ираке открыто нефтяное месторождение Киркук.
0002418.png	Вторая карабахская война (2020)
0002419.png	Голубые озёра;
0002420.png	Наталья (декабрь 1841), умерла через 2 дня после рождения.
0002421.png	Биография
0002422.png	Семь орденов Ленина:
0002423.png	События
0002424.png	См. также
0002425.png	Исследователи Арктики
0002426.png	Интернет-провайдер «Ситилинк»;
0002427.png	Управление оперативной подготовки
0002428.png	Иконы из собраний Государственной Третьяковской галереи
0002429.png	Орфографическая реформа португальского языка (1911)
0002430.png	Типы небесных тел
0002431.png	Масса тела более максимальной для прибора
0002432.png	перенесение мощей преподобных Зосимы и Савватия Соловецких (1566);
0002433.png	Исследователи процессов горения и взрыва
0002434.png	Ссылки
0002435.png	Графы Парижские
0002436.png	Натурное моделирование
0002437.png	Химическая промышленность края производит:
0002438.png	В Англии состоялась первая Королевская регата в Хенлее.
0002439.png	Длина: 10 м
0002440.png	25 апреля
0002441.png	Албина
0002442.png	синус ();
0002443.png	9-й год по эре правления луского князя Си-гуна.
0002444.png	Книга Георгия Гулиа «Сулла» (1971);
0002445.png	История появления
0002446.png	Выпускники Краснодарского высшего военного авиационного училища лётчиков
0002447.png	Материалы по новейшей истории Конго
0002448.png	(2003, показывался в Музее Гибли)
0002449.png	Книга Иудифи
0002450.png	Мушкетёр и фея (1975)
0002451.png	Царь: Анк Марций.
0002452.png	Религия
0002453.png	См. также
0002454.png	Азербайджан и Ямайка установили дипломатические отношения.
0002455.png	Города России
0002456.png	Основные исторические события
0002457.png	Начало карьеры
0002458.png	Сезонный полиморфизм
0002459.png	Образ Иерусалимского Храма
0002460.png	В физиологии и медицине
0002461.png	Литература
0002462.png	См. также
0002463.png	официальный сайт
0002464.png	Выпускники Московского авиационного института
0002465.png	Горбаневская Н. Мой Милош. М.: Новое издательство, 2012.
0002466.png	В обществе циркулируют ошибочные представления о презервативах.
0002467.png	Дворец культуры «Металлург» (1970)
0002468.png	Примеры
0002469.png	Мельба Эрнандес (председатель кубинского комитета солидарности с Вьетнамом);
0002470.png	0,16 а. е. с Земли 12 апреля 1947 года;
0002471.png	Пиратские корабли
0002472.png	Писатели России по алфавиту
0002473.png	Дания
0002474.png	Магнитные «квазимонополи»
0002475.png	Родившиеся в Архангелогородской губернии
0002476.png	2343 км: Кандыбулак
0002477.png	Фотохимическое разделение
0002478.png	Биография
0002479.png	Где и как правильно заправляться: 7 полезных советов
0002480.png	Похороненные в колумбарии Ваганьковского кладбища
0002481.png	Примечания
0002482.png	Мильковский муниципальный район
0002483.png	Кашгарцы
0002484.png	Известные носители
0002485.png	Примечания
0002486.png	Европа
0002487.png	Праздники
0002488.png	См. также
0002489.png	Примечания
0002490.png	Признаки и симптомы
0002491.png	Великое землетрясение Канто в Японии (1923).
0002492.png	Вадим Иванов
0002493.png	Почётные доктора Льежского университета
0002494.png	Шляхетские роды герба Погоня
0002495.png	См. также
0002496.png	Наиболее известные эпиграфы
0002497.png	Русские поэты
0002498.png	Возведён на Великоновгородскую кафедру из игуменов хутынских в 1389.
0002499.png	Худжандский институт точных наук и технологий
0002500.png	Образование
0002501.png	Тихоокеанский институт биоорганической химии имени Г. Б. Елякова ДВО РАН
0002502.png	Транспортные средства
0002503.png	Народы Ближнего Востока
0002504.png	Хайруллин, Газинур Гарифзянович (22.08.1996, 333)
0002505.png	основные части;
0002506.png	карачаевцы
0002507.png	Население
0002508.png	Визуальные символы
0002509.png	Православные
0002510.png	Административный департамент
0002511.png	Вазопись Древней Греции
0002512.png	Славистика
0002513.png	Литература
0002514.png	Главное военно-строительное управление МО СССР
0002515.png	Стоматологическая клиника
0002516.png	Клён остролистный
0002517.png	солнечные часы;
0002518.png	Список стандартных протоколов
0002519.png	Операция изменения размера динамического массива.
0002520.png	Описание гербов
0002521.png	Литература
0002522.png	Хирургический узел
0002523.png	Джини Фрэнсис, американская телевизионная актриса.
0002524.png	Доколониальный период
0002525.png	Зауральский колледж физической культуры и здоровья
0002526.png	Браславская гряда
0002527.png	Преображенское
0002528.png	Эдуард Бид Клэнси, бывший архиепископ Сиднея, Австралия;
0002529.png	Ссылки
0002530.png	Анжелика Каллио, латвийская и финская топ-модель.
0002531.png	Люди-олени (2014)
0002532.png	демонстрационные приборы.
0002533.png	Примечания
0002534.png	Клубные турниры УЕФА
0002535.png	Похороненные на Николо-Архангельском кладбище
0002536.png	Экономические идеологии
0002537.png	Междугородный транспорт
0002538.png	Литература
0002539.png	География
0002540.png	Литература
0002541.png	Э. Кулиева. Мой гений, мой ангел, мой друг. Нальчик: Эльбрус, 2002.
0002542.png	Члены Совета Федерации России (с 2000)
0002543.png	Композиторы по алфавиту
0002544.png	Хоу Цзин, передавшись Западной Вэй, изменил ей в пользу Лян.
0002545.png	В 4 луне луский посол Шу-гун поехал в Цзинь.
0002546.png	Телеканал «Пушкино ТВ»
0002547.png	Литература
0002548.png	Острая почечная недостаточность (ОПН)
0002549.png	Донбасстройизыскания
0002550.png	Лоренц и специальная теория относительности
0002551.png	Сторонние библиотеки
0002552.png	Мечеть
0002553.png	Состояние спорта в России
0002554.png	Ссылки
0002555.png	Храм в честь иконы Божией Матери «Умиление»
0002556.png	Операторы сотовой связи Великобритании
0002557.png	Бускарелло де Гизольфи
0002558.png	Астероиды диаметром менее 2 км
0002559.png	События
0002560.png	Ссылки
0002561.png	Соборная церковь Арзу-Хатун Арцруни
0002562.png	Металлы
0002563.png	Гаага, Нидерланды
0002564.png	высокая температура плавления;
0002565.png	Гласный герб
0002566.png	почтовое отделение
0002567.png	Местоимения
0002568.png	Дополнительная информация
0002569.png	Писатели СССР
0002570.png	Примечания
0002571.png	Форум
0002572.png	Водохранилища Вологодской области
0002573.png	Фактические руководители СССР
0002574.png	Способы определения
0002575.png	Умершие от холеры
0002576.png	Премия «Звезда Театрала-2012» в номинации «Легенда сцены»
0002577.png	Ссылки
0002578.png	Самолёты Сухого
0002579.png	Персоналии с синестезией
0002580.png	5) Методологическая
0002581.png	Арест
0002582.png	а численное решение имеет следующие характеристики:
0002583.png	Официальный сайт аэропорта на иврите.
0002584.png	Ранние керамические и металлургические культуры
0002585.png	В честь него была названа моторная лодка Пинской флотилии.
0002586.png	Методы ввода
0002587.png	Материалы
0002588.png	События
0002589.png	Потомки
0002590.png	Города Башкортостана
0002591.png	Усовая
0002592.png	Луговая улица (посёлок Рассудово)
0002593.png	гуминокериты
0002594.png	Полная переделка: Фантаст, роман. М., 1979;
0002595.png	Португалия
0002596.png	АО «Дека» (производство напитков, пива)
0002597.png	Скончались
0002598.png	Увлечения
0002599.png	Модели бронетехники
0002600.png	Совершенные числа
0002601.png	Легенды и устная история Новгорода
0002602.png	«Таинственная игра»
0002603.png	Детство и юность
0002604.png	Церковь Св. Йосафата (бывшая кирха, 1929)
0002605.png	Российско-германские отношения
0002606.png	Города-побратимы
0002607.png	Ирландия
0002608.png	Великий князь
0002609.png	Примечания
0002610.png	Похороненные в некрополе у Кремлёвской стены
0002611.png	Пломбирование кариозной полости
0002612.png	Организационная структура
0002613.png	Влияние на исламскую медицину
0002614.png	Почётные граждане Братиславы
0002615.png	Ртутный метод с жидким катодом
0002616.png	105,4 МГц Дорожное радио;
0002617.png	Города Древнего Израиля
0002618.png	Сражения в Германии
0002619.png	Биография
0002620.png	Примечания
0002621.png	Партизаны Белоруссии
0002622.png	Состояние торгово-экономических отношений
0002623.png	Притоки Немана
0002624.png	Биография
0002625.png	История
0002626.png	Использование в фототехнике
0002627.png	Белоруссия и Сербия
0002628.png	Самым популярным видом спорта является бейсбол.
0002629.png	В популярной культуре
0002630.png	Академические музыканты СССР
0002631.png	«Из рассказов о Шерлоке Холмсе» (1968, Николай Волков)
0002632.png	Поражения (3)
0002633.png	Лечение
0002634.png	Флаг городского округа
0002635.png	Октябрь
0002636.png	Скончались
0002637.png	Председатели Государственного Совета Удмуртской Республики
0002638.png	Проточный переулок
0002639.png	Две составные части высоты: предвысота и поствысота
0002640.png	9 марта Начало основной фазы Войны на истощение.
0002641.png	Климат
0002642.png	Новокузнецкий торгово-экономический техникум
0002643.png	Примечания
0002644.png	Примечания
0002645.png	События
0002646.png	Правители Алжира
0002647.png	Людмила Гордиенко (солистка вокалистка)
0002648.png	Любовь и влечение (эрос, ) к подлинно прекрасному.
0002649.png	Фёдор Иванович Тютчев
0002650.png	Психоактивные вещества
0002651.png	Подтверждение Лавуазье закона сохранения массы, открытого Ломоносовым.
0002652.png	Примечания
0002653.png	Кара-Мурза, Сергей Георгиевич
0002654.png	Бережной С. «Несколько главных слов (Что-то вроде апологии)» (эссе)
0002655.png	Культура
0002656.png	Последние годы правления Лотаря
0002657.png	Легенды России
0002658.png	Космонавтика
0002659.png	Нагорный Карабах
0002660.png	Орден Святого Александра Невского (29 августа 1834)
0002661.png	Баку, Азербайджан (1997)
0002662.png	Религия и преступность
0002663.png	Транспорт
0002664.png	Нечистая сила в славянской мифологии
0002665.png	Издание сочинений в Русском зарубежье
0002666.png	Аверьянов, Вячеслав Юрьевич (29.09.2001, 739)
0002667.png	Литература
0002668.png	Уховёртка живородящая
0002669.png	Валы Фанагорийской (Псевдофанагорийской) крепости, построенные в 1794 году.
0002670.png	Министры иностранных дел Российской империи
0002671.png	Звукооператор: Борис Венгеровский
0002672.png	Орден Людвига (Великое герцогство Гессен)
0002673.png	Техники боя в тансудо
0002674.png	Современная систематика
0002675.png	Описание каталога
0002676.png	Фильмы Анатолия Рыбакова
0002677.png	См. также
0002678.png	Абуль-Валид Абдул-Малик ибн Марван аль-Умайя (;
0002679.png	Пользователь нажимает ссылочный элемент веб-страницы;
0002680.png	Ссылки
0002681.png	Животные-космополиты
0002682.png	Физические величины
0002683.png	Корженёвский
0002684.png	Сократ
0002685.png	Главы Северной Осетии
0002686.png	Другое
0002687.png	Примечания
0002688.png	Мы возьмём,
0002689.png	Михаил Айзенберг на сайте "Московского книжного журнала"
0002690.png	Лицом к лицу (1924)
0002691.png	Памятные монеты
0002692.png	Константин Фёдорович Кривошеин получил чин прапорщика в 1805 году.
0002693.png	Операторы
0002694.png	Мин-ди
0002695.png	Литература
0002696.png	Всемирное наследие в Хорватии
0002697.png	Советский Энциклопедический Словарь, 4 изд., 1989.
0002698.png	Биография
0002699.png	Ссылки
0002700.png	С помощью троичной записи
0002701.png	Гимном стала песня «Клятва» () на стихи Марии Конопницкой.
0002702.png	Экономика
0002703.png	Похоронен на кладбище в Кёнигсберге.
0002704.png	Произведения
0002705.png	Многоборье, в комбинации с другими видами спорта
0002706.png	Литература
0002707.png	Хоккейный клуб «Кристалл»
0002708.png	Калинкин, Макар Евдокимович
0002709.png	В кинематографе
0002710.png	Литература
0002711.png	Родители четвёртой власти
0002712.png	«Армия Махди» снова в бою (август 2004)
0002713.png	кафедра информатики и информационных технологий;
0002714.png	Примечания
0002715.png	Использование минералов
0002716.png	Ссылки
0002717.png	Ссылки
0002718.png	Вульфер, архиепископ Реймса.
0002719.png	Битбокс
0002720.png	Легко разрушаемая
0002721.png	Образование алкинидов
0002722.png	Литература
0002723.png	Отдельные формирования:
0002724.png	Скончались
0002725.png	История
0002726.png	Памятник-самолёт МиГ-17
0002727.png	Советское время
0002728.png	Электростеклоподъёмники передних дверей
0002729.png	Сочинения
0002730.png	Художники романтизма
0002731.png	См. также
0002732.png	Нуклеосинтез
0002733.png	Бромная вода имеет жёлто-оранжевый цвет.
0002734.png	Кулинария
0002735.png	ДРАКОН
0002736.png	Базовые способы записи
0002737.png	Галерея портретов на монетах Северного Причерноморья
0002738.png	Другая тайна Норби (1984)
0002739.png	Литература
0002740.png	Встречные санкции
0002741.png	«Старик»
0002742.png	Этимология
0002743.png	Объединение Руси
0002744.png	Новомосковский административный округ:
0002745.png	Авиационные двигатели
0002746.png	Кавалер Большого креста ордена Звезды Румынии (Румыния, 2002 год)
0002747.png	См. также
0002748.png	Художники выставки «Дегенеративное искусство»
0002749.png	Побочные эффекты, общие для различных классов антидепрессантов
0002750.png	Населённые пункты
0002751.png	Переводы
0002752.png	Инструментарий
0002753.png	2000-х
0002754.png	новый разъём клавиатуры;
0002755.png	Исторические области России
0002756.png	Аманда Таппинг, канадская актриса.
0002757.png	Интервью, публичные выступления
0002758.png	Литература
0002759.png	Калужский филиал Финансового университета при правительстве РФ,
0002760.png	Патрокл
0002761.png	История
0002762.png	Примечания
0002763.png	Верцеллы
0002764.png	Комарова Ирина
0002765.png	Происхождение
0002766.png	Примечания
0002767.png	Яхромская городская больница
0002768.png	Благовещение Пресвятой Богородицы;
0002769.png	Максимальный уровень туйона в пищевых продуктах стран ЕС:
0002770.png	Гинандроморфизм
0002771.png	Политика
0002772.png	клеймор;
0002773.png	См. также
0002774.png	Независимые немецкие государства
0002775.png	Разновидности
0002776.png	Примечания
0002777.png	Топоним
0002778.png	Служба в довоенный период
0002779.png	Происхождение понятия «капитализм»
0002780.png	Хиппи
0002781.png	Гамильтоновы циклы ()
0002782.png	Со стороны пищеварительной системы: тошнота, изжога, диарея.
0002783.png	Образование Иракского султаната Сельджукидов.
0002784.png	Сначала к концу потока дописывают единичный бит.
0002785.png	Малайские пираты
0002786.png	Сезар Сампайо, бразильский футболист.
0002787.png	Богомол обыкновенный.
0002788.png	Дмитрий Жуков
0002789.png	Пфальцграфы Рейнские
0002790.png	Оборудование и программное обеспечение
0002791.png	Белорецкий район
0002792.png	Казацкая старшина
0002793.png	Античная философия
0002794.png	Перечень ЖНВЛП
0002795.png	Семья
0002796.png	Ссылки
0002797.png	Техника преодоления снежных склонов зависит от состояния снега.
0002798.png	Комментарий к «Государству»:
0002799.png	Пищевая промышленность
0002800.png	22 июля
0002801.png	Иностранные члены Сербской академии наук и искусств
0002802.png	соблазнённая речами;
0002803.png	Связь
0002804.png	Собственники
0002805.png	Животный мир
0002806.png	Административная граница
0002807.png	Примечания
0002808.png	Профессиональный союз
0002809.png	209 км: Чекала
0002810.png	уступка Россией в пользу Молдавии участка Бессарабии, прилегающего к Дунаю.
0002811.png	Никитины Б. П. и Л. А. Наши уроки, СПб., 1992, 30 000 экз.
0002812.png	Студийный микрофон;
0002813.png	Политические фильмы
0002814.png	Налоги
0002815.png	Элементы судового набора
0002816.png	Историки Германии
0002817.png	Течение
0002818.png	Депутаты Совета Союза от Удмуртской АССР
0002819.png	См. также
0002820.png	Учение Блаватской и Теософское общество
0002821.png	Награждения
0002822.png	К открытию станции метро «Адмиралтейская». Декабрь 2011 года.
0002823.png	Английское пиво
0002824.png	Перезахороненные из Данилова монастыря
0002825.png	Населённые пункты, упразднённые в 2015 году
0002826.png	В физике
0002827.png	создание бреши в обороне противника в местах, предназначенных для штурма.
0002828.png	Игумены Русской православной церкви
0002829.png	Дэвид Саутер, американский юрист, судья Верховного суда США.
0002830.png	Культура
0002831.png	Примечания
0002832.png	Портал «Новый Каменск»
0002833.png	Имя и мифология
0002834.png	Промышленность
0002835.png	Экономика
0002836.png	Тригонометрические тождества
0002837.png	Департамент государственных целевых программ и капитальных вложений
0002838.png	Примечания
0002839.png	Обладатели Арт Росс Трофи
0002840.png	Частные университеты:
0002841.png	Религия
0002842.png	«Вокализ» в исполнении Л. Закарян
0002843.png	Алтайский край,  граница Краснодарского края и Ростовской области,
0002844.png	Мемориальная доска воинам-портовикам.
0002845.png	Биография
0002846.png	Произведения, выпущенные под псевдонимом Шатан Бога:
0002847.png	Экономика
0002848.png	Примечания
0002849.png	Определение и классификация
0002850.png	Хабилитация
0002851.png	Направление подготовки:
0002852.png	Программа «Эксплорер»
0002853.png	Сунданцы
0002854.png	Неоязычество
0002855.png	Преподаватели Московской консерватории
0002856.png	Арабская лига чемпионов по футболу
0002857.png	Призы российского хоккея с шайбой
0002858.png	Депутаты Совета Союза 5-го созыва
0002859.png	Мизраб
0002860.png	Начальная скорость пули
0002861.png	Дворянские роды Российской империи
0002862.png	Фракия в древнегреческой мифологии
0002863.png	3-е восемнадцатиугольное число
0002864.png	760 км: без названия
0002865.png	Журналистки Латвии
0002866.png	644 км: Узакла (пр)
0002867.png	Классификация
0002868.png	Веки вечные.
0002869.png	, дайвьетский принц (Вьетнам).
0002870.png	Газовая плита
0002871.png	Организации, награждённые орденом Ленина
0002872.png	См. также: :Категория:Умершие в 1481 году
0002873.png	В 40 лет пророк Мухаммед стал пророком.
0002874.png	Биоэнергетическое целительство
0002875.png	Вершим мы пиром в честь твою.
0002876.png	Печатные издания
0002877.png	Размышления о философии Лао-цзы. Фрагменты из разных сочинений.
0002878.png	Топоним
0002879.png	Научно-фантастический фильм ужасов
0002880.png	Биография
0002881.png	Литература
0002882.png	на русском языке
0002883.png	Климат
0002884.png	В Чжоу в 9 луну стали плодоносить персики и миндаль.
0002885.png	Физтех-школа аэрокосмических технологий (ФАКТ)
0002886.png	рациональное агро- и аквахозяйство, защита экологии, безопасные продукты питания
0002887.png	Шквал (скоростная подводная ракета)
0002888.png	Выделяют четыре режима работы ГОСТ 28147-89:
0002889.png	Клавиатура: 63 клавиши
0002890.png	Сюжет о Т. Резвом на АТВ
0002891.png	Спорт
0002892.png	(1964, ЧССР)
0002893.png	Королевы Анны: см. Королева Анна
0002894.png	Скульпторы по алфавиту
0002895.png	Мировые ресурсы скандия
0002896.png	Некоторые следствия
0002897.png	Ноябрь
0002898.png	Воздушный
0002899.png	Пассажирский
0002900.png	Примечания
0002901.png	Художники-педагоги
0002902.png	Этнический состав
0002903.png	Литература
0002904.png	Регионоведение
0002905.png	Такая крутая (2010)
0002906.png	82 км: река Чанга (лв)
0002907.png	См. также
0002908.png	Давно желанного ждет гласа,
0002909.png	Парк грёз в Анчоле (1966)
0002910.png	Нелётная погода (муз. Я. Френкеля, сл. К. Ваншенкина)
0002911.png	Ссылки
0002912.png	См.: Французский язык в Камбодже, Французский язык во Вьетнаме.
0002913.png	География
0002914.png	«На подмостках сцены» (1956), реж. Константин Юдин
0002915.png	Попечители Харьковского учебного округа
0002916.png	Ссылки
0002917.png	Население
0002918.png	Литература
0002919.png	Табель о рангах
0002920.png	Наиболее влиятельные политические партии
0002921.png	Младший лейтенант (16 июля 1792 года);
0002922.png	Ссылки
0002923.png	Лига чемпионов КОНКАКАФ
0002924.png	Кунгурский филиал
0002925.png	Молдавский язык
0002926.png	Локоть, Анатолий Евгеньевич
0002927.png	Сравнение с аналогами
0002928.png	Фатьма-султан (1874)
0002929.png	Схемотехника
0002930.png	Гол (хоккей с шайбой)
0002931.png	Ссылки
0002932.png	Современный период (после 1967)
0002933.png	Ссылки
0002934.png	В каббале
0002935.png	Начало колонизации Англией Бахрейна.
0002936.png	Ипполит, Понтиан.
0002937.png	Литература
0002938.png	Поэты Испании
0002939.png	Берлинский кафедральный собор (Берлин, Германия)
0002940.png	Река протекает по территории 11 муниципальных образований:
0002941.png	Герой Советского Союза (25.08.1982);
0002942.png	Улица Станюковича есть также в Кронштадте.
0002943.png	Мальта
0002944.png	Плазма
0002945.png	Замужество и выход на политическую сцену
0002946.png	Белоцерковский филиал Киевского института бизнеса и технологий;
0002947.png	Прочие достопримечательности
0002948.png	Медиастилистика
0002949.png	Эпистемологический натурализм обсуждает источник веры, лежащей в основе знания.
0002950.png	Фортификационные сооружения
0002951.png	Финны
0002952.png	Упорный (1973)
0002953.png	Слова Книги Притчей Соломоновых ().
0002954.png	Сочинения для голоса
0002955.png	Номенклатура
0002956.png	Принцип работы
0002957.png	Этимология
0002958.png	Канцерогенность
0002959.png	Людмила Зайцева («Царевич Алексей», 1997)
0002960.png	Доступ в Фидо из Интернета
0002961.png	Примечания
0002962.png	Состав Временной комиссии
0002963.png	Публикации
0002964.png	Линкоры Великобритании
0002965.png	Месторождения
0002966.png	Толкование Устава
0002967.png	Второе правление
0002968.png	Святослав Всеволодович Трубчевский.
0002969.png	Воскресенский собор, 1859 год.
0002970.png	Сергей Степанченко
0002971.png	Туристические достопримечательности
0002972.png	Обретение мощей святителя Иннокентия (Кульчицкого), епископа Иркутского (1805);
0002973.png	Турецкий орден Османие 1 ст. ()
0002974.png	Редакторы России
0002975.png	Т. 6. Письма;
0002976.png	В возрасте 45 лет граждане России в последний раз меняют паспорт.
0002977.png	Царь Израилев
0002978.png	Гляциохронология
0002979.png	По целевой аудитории (дети, юноши, девушки, мужчины, женщины);
0002980.png	Доминикцы
0002981.png	построение греко-латинских квадратов;
0002982.png	Реки Дуванского района
0002983.png	Австралия
0002984.png	Литература
0002985.png	Авторское право в Швейцарии
0002986.png	Награждённые Грамотой СНГ
0002987.png	Ссылки
0002988.png	Черниговская областная станция переливания крови;
0002989.png	Избрание архонта из класса зевгитов в Афинах.
0002990.png	Погибшие в автомобильных катастрофах
0002991.png	Словообразование
0002992.png	Дифференциальная диагностика
0002993.png	Лауреат Пушкинской премии Фонда Альфреда Тепфера (2003).
0002994.png	Критика в США
0002995.png	Николай Максюта избран губернатором Волгоградской области.
0002996.png	Премьер-министры Израиля от партии «Ликуд»
0002997.png	Национальный костюм
0002998.png	Короли Венгрии
0002999.png	102,3 МГц Новое радио
0003000.png	Ноябрь
0003001.png	Планеты
0003002.png	Ступени лада
0003003.png	1 особый автономный регион Финляндии:
0003004.png	Один из исполнителей роли агента 007, Джордж Лезенби.
0003005.png	Амирис, древесина
0003006.png	Носители данных
0003007.png	Средства массовой информации
0003008.png	В Юникоде есть символ суммы .
0003009.png	ОАО «Силикат»,
0003010.png	Механизм действия
0003011.png	Таджикистан
0003012.png	Персоны года
0003013.png	Треугольник геронов. См. Геронов треугольник.
0003014.png	Коковинский Алексей Кириллович - воевода в Томске (1656).
0003015.png	Колыванский
0003016.png	Разработанные игры
0003017.png	Творчество
0003018.png	Католицизм
0003019.png	рота РХБЗ;
0003020.png	Епифань (пос.)
0003021.png	Литература
0003022.png	237 км: река Пандус (лв)
0003023.png	Бренда Ли (при рожд. Брэнда Мэй Тарпли), американская певица.
0003024.png	Независимая Греция
0003025.png	другое:
0003026.png	Нейролептики
0003027.png	Охота
0003028.png	фламберг;
0003029.png	Компоненты самосознания
0003030.png	Признак (логика)
0003031.png	Проповедь христианства в Индии
0003032.png	зубцовский (дорожаевский) диалект
0003033.png	Клубная карьера
0003034.png	Во внешней среде
0003035.png	Год Байкала
0003036.png	Со стороны пользователей
0003037.png	Публий Овидий Назон
0003038.png	БТР-130
0003039.png	Запон, бляха, застежка
0003040.png	Поддержка гомеопатии
0003041.png	АО «Карпатпрессмаш»
0003042.png	Иноязычные варианты
0003043.png	Промышленность
0003044.png	Эмблема
0003045.png	Извержение вулканов
0003046.png	Поход против славян
0003047.png	Малый Златоустинский переулок
0003048.png	Архитекторы Гатчины
0003049.png	Семиологический проект
0003050.png	Строителей, улица
0003051.png	Первая мировая война
0003052.png	С разбавленной серной кислотой:
0003053.png	Лауреаты Демидовской премии
0003054.png	Санья, провинция Хайнань, Китай (с 2011)
0003055.png	Фруктоза
0003056.png	устанавливали общую структуру органов госбезопасности;
0003057.png	Мигел Велозу
0003058.png	Семья
0003059.png	По типу чайного растения
0003060.png	Военачальники Северо-Восточной Руси
0003061.png	Экономика
0003062.png	Славянская ветвь языков: русские
0003063.png	Основные события
0003064.png	Церковная архитектура
0003065.png	Волостное правление
0003066.png	Гораций на мосту, доказавший важность индивидуальной доблести.
0003067.png	Книги
0003068.png	Министры финансов СССР
0003069.png	Умершие от холеры
0003070.png	началась Первая советско-финская война.
0003071.png	Герцогини Аквитании
0003072.png	Сквер имени Павлика Морозова.
0003073.png	Авторизованная биография
0003074.png	Иврит: , древнецерковнославянский
0003075.png	Католицизм
0003076.png	Центр нанотехнологий и материалов
0003077.png	Члены Шведской королевской академии наук
0003078.png	Капитан (20 августа 1793 года);
0003079.png	Кто убил легендарного комдива Николая Щорса?
0003080.png	Примечания
0003081.png	Асимметричная информация
0003082.png	Министерство обороны России
0003083.png	Дворец культуры «Октябрь» (просп. Ломоносова)
0003084.png	Атомный номер неодима
0003085.png	Письмо (письменность)
0003086.png	«Старый Китай» (1915)
0003087.png	См. также
0003088.png	Название
0003089.png	Населённые пункты
0003090.png	Биография
0003091.png	Ситуация с коррупцией
0003092.png	Структура
0003093.png	Проекты в СМИ
0003094.png	ногайский (с 1938)
0003095.png	Действительные члены ВУАН
0003096.png	Медаль НАСА «За общественные заслуги» ()
0003097.png	Список супругов монархов Португалии
0003098.png	Примечания
0003099.png	Принят закон СССР «О государственном предприятии (объединении)».
0003100.png	Знаменитые династии
0003101.png	Литература
0003102.png	Тестирование локализации
0003103.png	См. также
0003104.png	8 мая 2018 года президентом стал Карлос Альварадо Кесада.
0003105.png	История города
0003106.png	«Верю в семиструнную гитару» (1994);
0003107.png	Кельтская религия
0003108.png	Типы банаховых пространств
0003109.png	Структурная геология
0003110.png	Кавалер Ордена Святого апостола Андрея Первозванного (25.09.1808, Россия).
0003111.png	См. также
0003112.png	Физические свойства
0003113.png	Отрицательная насадочная линза:
0003114.png	По объёму ограничений
0003115.png	Семья
0003116.png	16-й год по эре правления луского князя Сян-гуна.
0003117.png	31 октября 1953 года р.п. Колыберово был включён в черту города Воскресенска.
0003118.png	Историки по алфавиту
0003119.png	По данным официального сайта.
0003120.png	События
0003121.png	30 марта
0003122.png	Герой Советского Союза (20 июля 1974)
0003123.png	Относится к лантаноидам.
0003124.png	Тактовые частоты (МГц): 266, 300
0003125.png	Роже Милла (Камерун), 42 года и 39 дней (1994)
0003126.png	Живулин Вадим Александрович
0003127.png	Ранние годы
0003128.png	Литература
0003129.png	Улица Далматовская в городе Кургане (пос. Чистое Поле).
0003130.png	Церковь Покрова Пресвятой Богородицы (д. Губино)
0003131.png	Терминология
0003132.png	Национальные
0003133.png	Европа
0003134.png	Для работы программы требуется:
0003135.png	Премьер-министр Португалии
0003136.png	Белорусы, братья родные!
0003137.png	Климат
0003138.png	Старая Басманная улица
0003139.png	Полуоткрытые дебюты
0003140.png	Районные центры Кемеровской области
0003141.png	Айос-Артемиос
0003142.png	Глагол «була» в тюркских языках имеет значение «течь», «мешать».
0003143.png	Кватернион, обратный по умножению к , вычисляется так:
0003144.png	Климат
0003145.png	Прасун (васи-вари)
0003146.png	Симптомы
0003147.png	17,3 км: Азовка
0003148.png	каменные;
0003149.png	2010-е
0003150.png	Ребекка Херпст, американская актриса.
0003151.png	Немецкие писатели
0003152.png	Баббиты
0003153.png	Информационный сайт города Салехард
0003154.png	Территориальное устройство
0003155.png	Водотрубные котлы
0003156.png	нарушение опорожнения желудка;
0003157.png	В 1935 г. в угольной промышленности зародилось стахановское движение.
0003158.png	89,6 «Новое Радио»
0003159.png	Западнофризский язык
0003160.png	Документы
0003161.png	Список участников русскоязычного раздела, о которых существуют статьи
0003162.png	С такой формой записи также зачастую проще работать (например, в ).
0003163.png	Производство рыбной продукции (пресервы, соления, копчености).
0003164.png	Хамамацу
0003165.png	Город Арпин получил римское гражданство без права избрания.
0003166.png	Танах
0003167.png	Биография
0003168.png	Арийский кулак
0003169.png	Мапуту, Мозамбик (20 марта 1982)
0003170.png	Авторы-исполнители России
0003171.png	Примечания
0003172.png	Население
0003173.png	Литература
0003174.png	Тарзан: самый популярный сериал Эдгара Берроуза
0003175.png	Алфавит и произношение
0003176.png	Польша
0003177.png	Синтаксис
0003178.png	Иван Никифорович Заволоко: жизнь и судьба. Резекне, 1998
0003179.png	Преподаватели механико-математического факультета МГУ
0003180.png	Знамения, 1914
0003181.png	Именины
0003182.png	Дмитрий Хохлов
0003183.png	Этимология
0003184.png	Выпускники Болонского университета
0003185.png	История
0003186.png	Трекинг нетмейла
0003187.png	Примечания
0003188.png	Остроленка (Польша)
0003189.png	Существует трёхмерный аналог  для пирамидальных чисел:
0003190.png	Литература
0003191.png	Чемпионом Англии по футболу стал «Ливерпуль»
0003192.png	Командиры рот в Великой Отечественной войне
0003193.png	научно-исследовательские институты
0003194.png	Молодечненский государственный колледж
0003195.png	Акрам Сулаймонзода  (с февраля 2020)
0003196.png	Орден Святой Анны 1-й степени (1894)
0003197.png	Минаевский проезд
0003198.png	Факультет иностранных языков
0003199.png	Салтыков А. Б., Избр. труды, М., 1962;
0003200.png	1-й Чемпионат СССР среди шахматных клубов (1988 год)
0003201.png	Бондарь
0003202.png	Экономика
0003203.png	Исчезнувшие республики
0003204.png	См. также: :Категория:Праздники 6 сентября
0003205.png	У младенцев
0003206.png	География
0003207.png	Блокирование наследования политики
0003208.png	Дворянский род от Рюрика
0003209.png	Начало лысенковщины
0003210.png	Примечания
0003211.png	Городской общественный транспорт
0003212.png	Природопользование
0003213.png	Пожелтение кожи (желтуха)
0003214.png	Сэйю: Риэ Танака
0003215.png	Пётр Оссовский (р. 1925), живописец, народный художник СССР, академик РАХ.
0003216.png	Характеристика
0003217.png	Медицинские аспекты
0003218.png	Галерея известных работ
0003219.png	кожно-венерологический диспансер
0003220.png	Физико-механические свойства
0003221.png	Скульптура «Кот без хвоста» от города-побратима Габрово
0003222.png	Приливы
0003223.png	Халонг
0003224.png	Никольский А. С., Паровозы серии С, изд. «Виктория», 1997
0003225.png	Патриархи Иерусалимские
0003226.png	мертворождённая дочь (1508)
0003227.png	Умершие в 1556 году
0003228.png	Крайние географические точки:
0003229.png	Послы США во Франции
0003230.png	Применение в криптографии
0003231.png	Издал автобиографию Блунчли (Нердл., 1884).
0003232.png	Развитие «правового государства»
0003233.png	Косуля в Карелии.
0003234.png	Обь в энциклопедии «Мой город»
0003235.png	История
0003236.png	По музыке
0003237.png	Агрономия
0003238.png	Конный памятник Ивану Грозному в Орле
0003239.png	Общая характеристика
0003240.png	Достижения
0003241.png	Избирательная система
0003242.png	Формула-1
0003243.png	Сквер танкистов первогвардейцев
0003244.png	Выпускники Театрального института имени Бориса Щукина
0003245.png	Королевство
0003246.png	Арат Сикионский, будущий стратег Ахейского союза
0003247.png	Примечания
0003248.png	Аарон Рэмзи, валлийский футболист.
0003249.png	Химическая промышленность
0003250.png	Искусствоведы Великобритании
0003251.png	Ссылки
0003252.png	Географическое положение
0003253.png	Астма
0003254.png	Детство
0003255.png	Временный резидент
0003256.png	Пленники в Османской империи
0003257.png	Двойные фамилии
0003258.png	А. и Б. Стругацкие. «Малыш»
0003259.png	Направленная кристаллизация
0003260.png	Литература
0003261.png	Городской молодёжный центр
0003262.png	Игра «Пять пиратов»
0003263.png	Композиция паркового ансамбля
0003264.png	Государственные праздники
0003265.png	Памятник Т-34.
0003266.png	Монархи, отрёкшиеся от престола
0003267.png	Культура
0003268.png	Христианская философия
0003269.png	производство прочих неметаллических минеральных продуктов:
0003270.png	Расчёт массового выброса вредных веществ.
0003271.png	Поволжский кооперативный институт (филиал Российского университета кооперации)
0003272.png	Электротехника
0003273.png	Погиб при разгерметизации спускаемого аппарата во время посадки «Союза-11».
0003274.png	Дерби и противостояния
0003275.png	Мифы об Афине
0003276.png	Рождественская церковь
0003277.png	2-я на 5-м ладу должна звучать в унисон с открытой 1-й.
0003278.png	Ссылки
0003279.png	память преподобномученика Евстратия Печерского, в Ближних пещерах (1097 год);
0003280.png	См. также
0003281.png	27 марта
0003282.png	Примечания
0003283.png	Напиток
0003284.png	Скончались
0003285.png	Выпускники Коимбрского университета
0003286.png	Ссылки
0003287.png	Богатыри
0003288.png	Хасковская область
0003289.png	также:
0003290.png	См. также
0003291.png	Астероиды, пересекающие орбиту Марса
0003292.png	Сайт администрации Болховского района
0003293.png	Определение
0003294.png	Примечания
0003295.png	Русскоязычный фан-сайт
0003296.png	Шартр
0003297.png	Стоматологическая клиника «Лечение и консультация», (ул. Молодёжная).
0003298.png	Сайт светлой памяти Михаила Евдокимова
0003299.png	Наука и образование
0003300.png	доктора медицины
0003301.png	Пострадавшие активы
0003302.png	Рыцарские ордена
0003303.png	Фестиваль проходил в районе Ильменской турбазы.
0003304.png	Служба у генерала Бонапарта
0003305.png	Ташкент состоит из 12 районов.
0003306.png	Города Забайкальского края
0003307.png	Математики по алфавиту
0003308.png	Орбита
0003309.png	бурение разведочных скважин,
0003310.png	Литераторы, известные под псевдонимами
0003311.png	В культуре и в произведениях искусства
0003312.png	Аун Сан (убит в 1947), бирманский генерал, политический деятель, революционер.
0003313.png	Транспортная улица (Москва) (на границе с Люберцами?)
0003314.png	г. Рузаевка - 42989
0003315.png	лауреаты Нобелевской премии в области литературы;
0003316.png	Литература
0003317.png	Громобой
0003318.png	Судебная медицина
0003319.png	Токсичность
0003320.png	Фотогалерея
0003321.png	Конкретные требования покупателя товара (услуги) по урегулированию рекламации.
0003322.png	Разновидности кораллов
0003323.png	Богородский 3-й переулок
0003324.png	Кроме упомянутых произведений, драмы:
0003325.png	«Египетская филология и археология» (Викде Руже);
0003326.png	12 звезд в венце Жены, облеченной в солнце ().
0003327.png	Языки Швейцарии
0003328.png	Вызов метода предка из перекрытого метода
0003329.png	, для численного и количественного анализа
0003330.png	для борьбы с легкобронированными целями
0003331.png	Футболисты по алфавиту
0003332.png	Консулы Гай Фульвий Плавтиан и П.Септимий Гета.
0003333.png	Чувашская мифология
0003334.png	Руководство
0003335.png	Обсерватория
0003336.png	Умершие в 1940-е годы
0003337.png	Краснознаменск (Московская область)
0003338.png	78 км: Чёрная (длина 51 км)
0003339.png	Округ Исикари
0003340.png	Выпускники Южнотихоокеанского университета
0003341.png	Особенности различных стилей
0003342.png	Примечания
0003343.png	Усечённый октаэдр
0003344.png	Сивяков переулок
0003345.png	Ваджраяна
0003346.png	Философские направления и школы
0003347.png	На обороте:
0003348.png	! Предложение
0003349.png	Панама
0003350.png	Дом-музей Иване Мачабели (бывшее село Тамарашени),
0003351.png	В культуре
0003352.png	Некоторые полезные ископаемые Русской равнины добываются уже множество столетий.
0003353.png	Богословы Германии
0003354.png	Смерть
0003355.png	Именем Абовяна названы улицы во многих городах мира:
0003356.png	Схожие роды
0003357.png	Примечания
0003358.png	Проприетарные:
0003359.png	2. Религия. Богословие.
0003360.png	Сганарель, или Мнимый рогоносец, комедия (1660)
0003361.png	«Долгая дорога к свободе» (автобиография),
0003362.png	Медицинский университет Астана
0003363.png	Пряжка повторного награждения к Железному кресту 1-го класса
0003364.png	Дьяра-Чечен
0003365.png	Современный период
0003366.png	отдел инновационных технологий
0003367.png	Описания и высказывания о ногайцах
0003368.png	Лужицкие филологи
0003369.png	Лютичи враждуют с поляками. Просят помощи немцев.
0003370.png	Портал Академгородок
0003371.png	Гигантоклеточный артериит
0003372.png	Чувствительность живых организмов к магнитному полю
0003373.png	Стадия 10: перенос фосфата с ФЕП на АДФ
0003374.png	Литература
0003375.png	Формирование
0003376.png	Литература
0003377.png	Происхождение монофелитства
0003378.png	В настоящее время она называется мертвая дорога и бездействует.
0003379.png	где  удовлетворяют уравнению
0003380.png	Первое чемпионство и послевоенные неудачи
0003381.png	Екатерингофка
0003382.png	Увлечения
0003383.png	Также имя Аида распространенно в казахском языке.
0003384.png	Еврейская фамилия
0003385.png	Научные достижения лаборатории
0003386.png	Орфографическая глубина
0003387.png	Потоотделение охлаждает тело посредством испарения.
0003388.png	Действия вестготских войск в Галлии
0003389.png	Квены
0003390.png	Мультимедиа
0003391.png	См. также
0003392.png	Защита пользователей
0003393.png	502 км: Берсианка (лв)
0003394.png	Лазерный диод
0003395.png	Литература
0003396.png	В марте 1848 года занял пост секретаря Временного правительства Ломбардии.
0003397.png	Ботаники по алфавиту
0003398.png	Субъективные
0003399.png	Тренеры ХК «Монреаль Канадиенс»
0003400.png	Фрагмент статьи Сьюзен Зонтаг Магический фашизм
0003401.png	Церковь «Христианская Миссия»
0003402.png	Литераторы, известные под псевдонимами
0003403.png	Голос кукабары (аудио)
0003404.png	Профессиональные
0003405.png	Биохимики Великобритании
0003406.png	«Значение устьиц в газовом обмене» (1897)
0003407.png	Населённые пункты Абдулинского городского округа
0003408.png	Музей в Монбудифе
0003409.png	Был упомянут в книге Альфреда Шклярского «Томек на тропе войны» (1959).
0003410.png	Районные ассоциации союзов
0003411.png	Администрация президента России
0003412.png	22 июня
0003413.png	Проблемы с объектами-заглушками
0003414.png	Самолёты Петлякова
0003415.png	«Центр развития детей и молодежи» (АУ ДО «ЦРД и М»)
0003416.png	Саммит ГУАМ 2017 года в Киеве и зона свободной торговли
0003417.png	Количество ядер: 2
0003418.png	Судебная власть
0003419.png	Басманная слобода
0003420.png	24-й год по эре правления луского князя Чжао-гуна.
0003421.png	Участники Сентябрьского восстания
0003422.png	«Бизнес-Вектор» и другие
0003423.png	Фармакологическое действие
0003424.png	Примечания
0003425.png	посёлок Дангара (Куй-Бульен, поздний неолит).
0003426.png	События
0003427.png	Академики АН СССР
0003428.png	Поход Тимура на Тохтамыша.
0003429.png	Логарифмические таблицы
0003430.png	Песня Александра Башлачёва «Мельница»
0003431.png	словенский
0003432.png	Хеви-метал
0003433.png	Эндоспоры
0003434.png	Примечания
0003435.png	Витебская область
0003436.png	Примечания
0003437.png	С 1964 года начали строить типовой больничный комплекс на 250 коек.
0003438.png	Смерть
0003439.png	Недостатки
0003440.png	Гексагональная: ,
0003441.png	«Вечные спутники» (1897)
0003442.png	Александров, Иван Гаврилович
0003443.png	Участники Семилетней войны
0003444.png	В цилиндрических координатах такие волны имеют вид
0003445.png	Города, выделявшиеся из состава другого города
0003446.png	Вторая англо-маратхская война
0003447.png	Список экорегионов Гватемалы
0003448.png	Стрелковое оружие
0003449.png	Павильон трех граций
0003450.png	Появились в 1945 году в России
0003451.png	Корби, Великобритания
0003452.png	14 июня был захвачен райцентр Ножай-Юрт.
0003453.png	Например:
0003454.png	Физико-географическая характеристика
0003455.png	Менуахинили
0003456.png	Экономика развития
0003457.png	Восставшие
0003458.png	Музей Новороссийска
0003459.png	Статус
0003460.png	Китай:
0003461.png	ЗАО «Уралгидромонтаж» (объявлен банкротом);
0003462.png	Смотрю и внемлю я, склоняясь пред тобой;
0003463.png	Переводы с немецкого на эстонский язык ряда произведений Шиллера, Гейне, Гёте
0003464.png	Сады и парки
0003465.png	Признание и наше время
0003466.png	Прижизненная критика
0003467.png	Николай Телешов (ум. 1957), русский советский писатель и мемуарист.
0003468.png	Сборная Кувейта
0003469.png	Воды быстрые Дуная
0003470.png	Племена Галлии
0003471.png	Северная промзона
0003472.png	История
0003473.png	Три мушкетёра одесского разлива. Воспоминания Николая Ващилина
0003474.png	Ещё одной ересью считается революционное учение Маздака (маздакизм).
0003475.png	Гильерме
0003476.png	на улице Курчатова
0003477.png	В Приморском крае расположены шесть заповедников:
0003478.png	Административно-политическое устройство
0003479.png	Органы власти
0003480.png	25 сентября
0003481.png	Литература
0003482.png	Доминион Канада объявил войну Германии.
0003483.png	Тигильский район
0003484.png	Образ в кино
0003485.png	Философия науки
0003486.png	лимнологическая катастрофа на озере Ньос, Камерун. Более 1700 жертв.
0003487.png	Персональный помощник «Алиса»;
0003488.png	Мифология, религия, философия о памяти
0003489.png	каждый положительный элемент является квадратом.
0003490.png	Демонология
0003491.png	Награждённые Рыцарским крестом Железного креста
0003492.png	В геометрии:
0003493.png	Курортный парк
0003494.png	См. также
0003495.png	Гормоны поджелудочной железы
0003496.png	Этимология
0003497.png	Эпизоотология
0003498.png	Литература
0003499.png	Мабиногион
0003500.png	Литература
0003501.png	Градуированный модуль
0003502.png	Защита арминианства
0003503.png	Циклотронные волны
0003504.png	В 1989 году численность населения города составляла .
0003505.png	Литература
0003506.png	Предприятие выпускало вискозную целлюлозу, обёрточную бумагу и др.
0003507.png	Радиотехника
0003508.png	«Восток: рубеж 80-х» (1983);
0003509.png	Аспирин показал некоторые улучшения в лечении ламинита у лошадей.
0003510.png	Динамика численности населения города:
0003511.png	Перечень ЖНВЛП
0003512.png	«Комсомолец и комсомолка» (1931)
0003513.png	Майкл Дудикофф, киноактёр.
0003514.png	См. также
0003515.png	Производство
0003516.png	Покасов В. П., Майоров М. В. Дворянский род Загряжских на Калужских землях
0003517.png	Кожа состоит из эпидермиса, дермы:
0003518.png	Артисты, известные под псевдонимами
0003519.png	Происхождение образа
0003520.png	Публикации
0003521.png	Социально-психологические методы в основе имеют опросы и социометрию
0003522.png	Конаково-1, улица
0003523.png	Географическое положение
0003524.png	микрорайон Ярмарка (население 11,9 тыс. чел., 2016);
0003525.png	Дополнительная литература
0003526.png	Спидвей-клуб «Полония Быдгощ».
0003527.png	В политике:
0003528.png	Космология
0003529.png	Персоналии:Берёзово
0003530.png	Литература
0003531.png	Благовещение в русской поэзии
0003532.png	Примечания
0003533.png	Движение «ревизионистов»
0003534.png	Святой источник
0003535.png	Примечания
0003536.png	Художники романтизма
0003537.png	еврейская община Александрии одобрила перевод постфактум;
0003538.png	В индустрии развлечений
0003539.png	Балтасар Балтасарович
0003540.png	См. также
0003541.png	Мультимедийная презентация
0003542.png	Биография
0003543.png	Теория сложности и хаоса
0003544.png	Продолжительность жизни в субъектах Российской Федерации
0003545.png	1 июля
0003546.png	Иностранные:
0003547.png	Терехово-2, улица
0003548.png	Оппозиция отказывается выполнять договорённости
0003549.png	Образование
0003550.png	Члены Австрийской академии наук
0003551.png	Карпатоукраинский торуньский говор восточноверховинской группы:
0003552.png	Обладатели Кубка мира по шахматам
0003553.png	Реки Киевской области
0003554.png	Биография
0003555.png	Йога и ислам
0003556.png	«Синяя тетрадь»
0003557.png	См. также
0003558.png	Нагрудный знак
0003559.png	роторные
0003560.png	Связь
0003561.png	Псков присоединён к Великому княжеству Московскому (1510).
0003562.png	Экстаз
0003563.png	Сентябрь
0003564.png	празднование в честь икон Божией Матери:
0003565.png	Географическое положение
0003566.png	Загрязнение среды
0003567.png	Гуттаперча
0003568.png	Картография
0003569.png	Вмиг Давыдова не стало!
0003570.png	Храм Святого Благоверного Великого Князя Александра Невского (снесён)
0003571.png	2 октября 1852 года произведён в вице-адмиралы.
0003572.png	Юристы по алфавиту
0003573.png	Примечания
0003574.png	Пусторослевы
0003575.png	Иммигрировавшие в Мексику из Испании
0003576.png	11 февраля
0003577.png	ТЦ Новочебоксарска
0003578.png	Сигнальные флаги
0003579.png	Отечественная война 1812 года в родной поэзии (Нижний Новгород, 1913)
0003580.png	У больных эпилепсией тофизопам может повышать порог судорожной готовности.
0003581.png	В 1975 году издан художественный маркированный конверт, посвященный писателю.
0003582.png	Православные кладбища
0003583.png	часть Канады
0003584.png	Лондон, Великобритания
0003585.png	Парламентские выборы в Исландии.
0003586.png	Ссылки
0003587.png	Противостояние с сыновьями
0003588.png	Расчёт алкоголя в крови
0003589.png	Промышленность
0003590.png	Топографическая карта
0003591.png	Населённые пункты
0003592.png	Балтийские народы
0003593.png	Этимология
0003594.png	«Плюс-минус» знак радикала,
0003595.png	Описание
0003596.png	Терминология
0003597.png	Лосиный переулок
0003598.png	обработки для фортепиано: Башкирские мелодии (12 пьес, 1950)
0003599.png	Примечания
0003600.png	Орвието, Италия
0003601.png	Примечания
0003602.png	Женское окончание в грамматике.
0003603.png	Еврейская община
0003604.png	Широкая улица
0003605.png	Биография
0003606.png	Таблица 7. Занятость населения в экономике Украины (по видам деятельности)
0003607.png	Порядок вычисления
0003608.png	Учился в Бреслау, Мюнхене и в Берлине (у Александра Брауна)
0003609.png	Революционеры России
0003610.png	Ленинский проспект
0003611.png	В искусстве
0003612.png	Планетология
0003613.png	Население
0003614.png	Рельеф
0003615.png	Литература
0003616.png	В данном случае , , откуда следует закон движения .
0003617.png	02 Библиотечное дело
0003618.png	Апата (Ложь)
0003619.png	Математики по алфавиту
0003620.png	Источники
0003621.png	В составе районов выделялись:
0003622.png	Новосибирская улица
0003623.png	«Плохая сохранность».
0003624.png	Высшая школа изобразительных искусств (основана в 1764)
0003625.png	География округа Морган (Иллинойс)
0003626.png	Погребения в каменных ящиках
0003627.png	Телеканалы:
0003628.png	Лауреаты премии Мариам Мирзахани по математике
0003629.png	Классификация
0003630.png	Основные виды ненасильственной смерти:
0003631.png	тематические сайты
0003632.png	Феоктистов, Константин Петрович ()
0003633.png	2 августа
0003634.png	Судебная власть
0003635.png	Позже родители с Анной переехали в уездный город Лубны Полтавской губернии.
0003636.png	Кирилл (Патриарх Московский и всея Руси),
0003637.png	Состав
0003638.png	Немецкие писатели
0003639.png	ООО «Малета» в составе ООО «Национальный винный терминал»;
0003640.png	Композиторы эпохи барокко
0003641.png	Централизованная лаборатория;
0003642.png	Персонажи повести «Хоббит»
0003643.png	Ссылки
0003644.png	Этимология
0003645.png	Список депутатских объединений
0003646.png	География общин
0003647.png	Капитуляция
0003648.png	Декабрь
0003649.png	Московский авиационный институт, филиал «Стрела»
0003650.png	Литература
0003651.png	В культуре
0003652.png	См. также
0003653.png	вентилятор, охлаждающий магнетрон и проветривающий камеру.
0003654.png	Примечания
0003655.png	Кузов
0003656.png	Мысли о религии и других предметах (слушать онлайн)
0003657.png	В послании к Евреям даётся определение ангелов:
0003658.png	Длина: 22,6 м
0003659.png	Пневматический институт
0003660.png	Компьютерные журналы
0003661.png	Религия
0003662.png	Фильмы о трэш-метале
0003663.png	Через вал Перекопский шагая,
0003664.png	Спорт
0003665.png	Высшая школа международного бизнеса
0003666.png	Убийцы СССР
0003667.png	Андрей Харитонов («Грехи отцов», 2004)
0003668.png	Рубиновый Кубок (2): 2011, 2016
0003669.png	Характеристика
0003670.png	Древние единицы измерения
0003671.png	Убитые в России
0003672.png	Исторический очерк
0003673.png	Избрание на царство
0003674.png	Йенский университет (Тюрингия)
0003675.png	Мобилизационная подготовка.
0003676.png	Монеты Ибак-хана
0003677.png	Галерея
0003678.png	Ссылки
0003679.png	Термодинамическое равновесие
0003680.png	История компьютерной техники
0003681.png	Примечания
0003682.png	Математика
0003683.png	См. также
0003684.png	Полёты космических кораблей «Союз»
0003685.png	ВАЗ-2107
0003686.png	Почётные граждане Кёльна
0003687.png	Первыми философами называют милетцев.
0003688.png	Расстройства эмоциональной сферы
0003689.png	Палауский
0003690.png	Китайское царство Чэн уничтожено войсками Восточной Цзинь
0003691.png	4 ноября
0003692.png	Роли, США (1989)
0003693.png	Вот как оценивает это наступление немецкий генерал фон Типпельскирх:
0003694.png	Транспорт
0003695.png	Общие сюжеты Библии и Корана
0003696.png	С востока территория страны ограничена .
0003697.png	Болетовые
0003698.png	Сальвадор Дали
0003699.png	Питание и режим реки
0003700.png	Управление интернетом
0003701.png	Инфраструктура
0003702.png	Революционный 1917 год
0003703.png	История винтовки, М., 1940.
0003704.png	Свойства
0003705.png	История авиации
0003706.png	Возникновение и развитие термина
0003707.png	Храм святителя Иннокентия Московского
0003708.png	Ссылки
0003709.png	Доктора богословия
0003710.png	Архитектурные памятники
0003711.png	Пиросмани в мировой культуре
0003712.png	Комментарии
0003713.png	1 вечерняя школа.
0003714.png	: Белград (2005)
0003715.png	См. также
0003716.png	Физические свойства
0003717.png	Богословы Германии
0003718.png	Генрих фон Клейст: «Роберт Гискар»
0003719.png	Католицизм
0003720.png	Кэтрин Маккормак, английская актриса.
0003721.png	Литература
0003722.png	ссылочные;
0003723.png	Починковская улица
0003724.png	Литература
0003725.png	Примечания
0003726.png	Москва
0003727.png	Литература
0003728.png	Бабыкин, Константин Трофимович
0003729.png	электрическая машина для дистанционной передачи информации об угле поворота.
0003730.png	Логорея
0003731.png	Лауреаты Государственной премии Литовской ССР
0003732.png	Итоги войны
0003733.png	Образ в кино
0003734.png	Литература
0003735.png	208 фронтовой запасный стрелковый полк
0003736.png	Наука в России
0003737.png	Хозяйки литературных салонов
0003738.png	Великое герцогство Мекленбург-Шверин
0003739.png	Сперматогенез
0003740.png	Португальское открытие
0003741.png	Норд-Ост. Неоконченное расследование. События, факты, выводы
0003742.png	Литература
0003743.png	Преимущества и недостатки фототранзисторов
0003744.png	Эзотерика Уэсибы
0003745.png	а о самом интимном не треплются.
0003746.png	и 17 уездов:
0003747.png	Ссылки
0003748.png	Удельная теплота плавления
0003749.png	Безопасность
0003750.png	Культура и образование
0003751.png	Обеспечение сохранности ценностей.
0003752.png	Примечания
0003753.png	Российская империя
0003754.png	Перестройка в СССР
0003755.png	Анальный секс
0003756.png	Пенго (язык Пенго)
0003757.png	Консулы-суффекты: Гай Клодий Лицин и Гней Сентий Сатурнин.
0003758.png	Звезда
0003759.png	Экспериментальные данные
0003760.png	Примечания
0003761.png	Преподаватели Новороссийского университета
0003762.png	Общественные деятели России
0003763.png	Орден Святого Андрея Первозванного (1839)
0003764.png	Биография
0003765.png	Медаль Алексея Леонова (Кемеровская область, 2015).
0003766.png	См. также: :Категория:Родившиеся в 1489 году
0003767.png	Литература
0003768.png	Примечания
0003769.png	Яндекс. Музыка
0003770.png	критику Беньямину Бухло за достижения в области художественной критики
0003771.png	Руководитель Белого движения
0003772.png	Районы
0003773.png	Станции
0003774.png	Литература
0003775.png	Современная активность интенсивных потоков
0003776.png	К скалярным типам данных относятся:
0003777.png	для растворения красителей при крашении кожи, бумаги, древесины, вискозы и др.
0003778.png	Книга Урантии
0003779.png	Регентша Анна Австрийская, королева-мать;
0003780.png	Консулы Плавтий Квинтилл (Квинтилий) и Марк Стаций Приск Лициний Италик.
0003781.png	Музыка, театр и кино
0003782.png	Примечания
0003783.png	Анна Герасимова. Труды и дни Константина Вагинова
0003784.png	Писатели фэнтези США
0003785.png	На парламентских выборах в Болгарии победил Народный блок Александра Малинова.
0003786.png	См. также
0003787.png	Центральное статистическое управление
0003788.png	Ссылки
0003789.png	Наиболее значительные из альбомов Колтрейна:
0003790.png	Этимология
0003791.png	Иранская мечеть.
0003792.png	память священномученика Василия Протопопова, пресвитера (1940).
0003793.png	Итоги правления
0003794.png	Герб символизировал принадлежность к Тобольской губернии.
0003795.png	Картина мелом (телесериал) (3 серия) (2011)
0003796.png	Тяжбы лучше вести и движенья неба искусней
0003797.png	Общественное мнение
0003798.png	Религиозные деятели Польши
0003799.png	Лен разделён на 10 коммун:
0003800.png	Андское сообщество
0003801.png	Армитаж (значения)
0003802.png	Детская поликлиника.
0003803.png	Через Испанию Моро уехал за океан в 1805 году и поселился в США.
0003804.png	Метательные ножи
0003805.png	Оператор-постановщик: Валерий Мюльгаут
0003806.png	Кафедра ботаники
0003807.png	Призы за фильм «Война и мир»:
0003808.png	майка чемпиона мира
0003809.png	Список компьютерных игр о Национальной хоккейной лиге
0003810.png	История предприятия
0003811.png	Германские генерал-фельдмаршалы
0003812.png	Статья на сайте книжной серии «Литературные памятники»
0003813.png	Чикаго обслуживают два крупных аэропорта и несколько мелких.
0003814.png	Персоналии:Башкортостан
0003815.png	Монетные законы
0003816.png	См. также
0003817.png	Отрывок Песни о Сигурде
0003818.png	Теннисисты на летних Олимпийских играх 2000 года
0003819.png	Топонимия
0003820.png	Литература
0003821.png	Примечания
0003822.png	Чуть позже переехал в Гейдельберг, где жил его сын. Там же и умер в 1883 году.
0003823.png	Упоминания в СМИ
0003824.png	Гамбург, Германия
0003825.png	Платонов, Андрей Платонович энциклопедия «Кругосвет»
0003826.png	Часовой пояс
0003827.png	участие в водно-солевом обмене, связано с потоотделением;
0003828.png	Примечания
0003829.png	Лица, подвергнутые санкциям со стороны России в связи с конфликтом на Украине
0003830.png	Зодиакальные созвездия
0003831.png	Именем были названы:
0003832.png	Мечи к Ордену Святого Андрея Первозванного (05.08.1855)
0003833.png	Источники
0003834.png	Всего депутатов 450 чел.
0003835.png	Другие труды Каннегитера:
0003836.png	Литература
0003837.png	Поташов, Валерий Серпионович (03.10.2016)
0003838.png	Цифры и факты
0003839.png	Республика Мальта
0003840.png	Библиография
0003841.png	длина клинка;
0003842.png	Бондовское и сферическое альбедо
0003843.png	Окисление
0003844.png	Поэтический словарь Квятковского
0003845.png	мудрые и неправедные души попадают в сферу жара;
0003846.png	Литература
0003847.png	Дискография Бернстайна
0003848.png	См. также
0003849.png	Внешний вид
0003850.png	Официальный сайт Брянской городской администрации
0003851.png	Московский открытый студенческий театр
0003852.png	Стабилизация изображения
0003853.png	Иоганн (ум.в младенчестве)
0003854.png	Пряности
0003855.png	Автомобильный транспорт
0003856.png	Семья
0003857.png	процедуры;
0003858.png	Фрирайд сноуборда
0003859.png	Компьютерные вирусы
0003860.png	Ичалковское сельское поселение - 2665
0003861.png	В Казахстане по состоянию на 2019 год имелось 48 посёлков городского типа ().
0003862.png	Мужские
0003863.png	Затинная пищаль
0003864.png	Синтез ароматических альдегидов
0003865.png	1994 поэт Сигитас Гяда
0003866.png	Топоним
0003867.png	2002 год в Юте
0003868.png	Алфавитно-цифровой терминал: 15ИЭ-00-013.
0003869.png	Память святого Егише Армянского.
0003870.png	установить драйверы устройства;
0003871.png	МЧС России;
0003872.png	Патогенез
0003873.png	Литий-титанатный аккумулятор
0003874.png	Оборудование
0003875.png	Участники Наполеоновских и Революционных войн
0003876.png	См. также
0003877.png	Личная жизнь
0003878.png	См. также
0003879.png	Территориальные воды
0003880.png	Завод нефтегазового оборудования «ТЕХНОВЕК»
0003881.png	Китайгородский проезд
0003882.png	Сити-менеджеры Улан-Удэ
0003883.png	Разведывательное сообщество США
0003884.png	077:21:18 Возобновление радиосвязи.
0003885.png	Планы расширения организации
0003886.png	См. также: :Категория:Умершие 1 марта
0003887.png	«Универсальная арифметика» (), 1707
0003888.png	Примечания
0003889.png	Сибиряк
0003890.png	Постройки, расположенные за крепостной стеной
0003891.png	Литература
0003892.png	Триасово-юрское вымирание
0003893.png	Климат
0003894.png	Население
0003895.png	12.30 в воскресенье
0003896.png	Маршрутизаторы
0003897.png	См. также
0003898.png	ООО ЭПО «Сигнал» (авиационное приборостроение и газовая продукция)
0003899.png	Фототермины
0003900.png	Биологическая терминология
0003901.png	Неявные знания:
0003902.png	Расчёты велись по формуле
0003903.png	ЗАО «Пикалёвские колбасы»
0003904.png	Пилотируемые полеты
0003905.png	«Магия любви» (, 1591);
0003906.png	Лексика
0003907.png	Основными задачами Экспертного совета являются:
0003908.png	Объекты, названные в честь Ярослава Мудрого
0003909.png	См. также
0003910.png	Острая токсичность
0003911.png	Хоккайдо
0003912.png	Мексиканские Соединённые Штаты
0003913.png	Примечания
0003914.png	«Спецназ» (2018)
0003915.png	Время учеников и другие вольные продолжения
0003916.png	Армянский государственный экономический университет
0003917.png	353 км: река Ольховка
0003918.png	суперблок.
0003919.png	Цхинвальское городское озеро
0003920.png	Ссылки
0003921.png	Жагалбайлы
0003922.png	Славянский колледж Национального авиационного университета (Центральная улица)
0003923.png	Кэтрин Мэнсфилд. Путешествие (рассказ)
0003924.png	Дефектология в Беларуси
0003925.png	Договоры
0003926.png	Члены Королевской инженерной академии Великобритании
0003927.png	Литература
0003928.png	Районы
0003929.png	Не требовать понимания работы аппаратного обеспечения.
0003930.png	Институт международного развития и партнерства
0003931.png	Антенна Грегори
0003932.png	События
0003933.png	Динамические запросы
0003934.png	Л.-Гв. Черноморского эскадрона (в составе Лейб-гвардии Казачьего полка),
0003935.png	Пауль Брайтнер
0003936.png	Герб и флаг Мариинско-Посадского района
0003937.png	Музей Революции,
0003938.png	Официальная страницы департамента туризма
0003939.png	Томасовский
0003940.png	Галерея
0003941.png	Вальтер Скотт. «Вудсток, или Кавалер» (1826).
0003942.png	Примечания
0003943.png	Литература
0003944.png	Природоохранная химия
0003945.png	Территориальное устройство
0003946.png	Лазерные исследования в России
0003947.png	Депутаты Совета Союза 11-го созыва
0003948.png	Новодвинск (городской округ);
0003949.png	Города
0003950.png	Победителем 139-й Олимпиады становится Иолаид из Аргоса.
0003951.png	Тесты простоты
0003952.png	Василий Аксёнов
0003953.png	Преподаватели Университета Кларка
0003954.png	Классы животных
0003955.png	Примечания
0003956.png	См. также
0003957.png	Колониальный орден Звезды Италии кавалер (28 апреля 1942, Королевство Италия)
0003958.png	Литература
0003959.png	Ссылки
0003960.png	Труды
0003961.png	Кандидаты в президенты Венгрии
0003962.png	Ссылки
0003963.png	«Поп-механика» (1984)
0003964.png	Катастеризмы
0003965.png	Вильманстрандский 86-й пехотный полк
0003966.png	Продолжительности периода ремиссии
0003967.png	Якорь Роджерса
0003968.png	Примечания
0003969.png	Культуры Абу-Шахрайна, Варки в Месопотамии. Развитие ирригационного хозяйства.
0003970.png	История
0003971.png	События
0003972.png	Примечания
0003973.png	Налычевский природный парк
0003974.png	Интервью программе «Избранное» (2007) на интернет-телеканале «Искусство ТВ»
0003975.png	Общественный транспорт Женевы
0003976.png	Транспорт
0003977.png	Булгары
0003978.png	Дьяконов, Михаил Александрович
0003979.png	Телевидение и радиовещание
0003980.png	Этимология
0003981.png	Социальная политика
0003982.png	Память святого Гунтрамна;
0003983.png	28 дней спустя
0003984.png	Биологи Польши
0003985.png	США и Европа
0003986.png	Альманах «Неволя»
0003987.png	Беляев, Спартак Тимофеевич
0003988.png	Сербский орден Белого орла 1-й ст.
0003989.png	Почтовое отделение
0003990.png	Ссылки
0003991.png	Выпускники Катанийского университета
0003992.png	Праздники и памятные дни
0003993.png	500 лет
0003994.png	Коллекционеру на заметку
0003995.png	Оренбургский народный музей защитников Отечества имени генерала М. Г. Черняева.
0003996.png	Фотоэлементы, фотоумножители
0003997.png	Ом (мантра)
0003998.png	Структура и звёздное население
0003999.png	Строгановская школа иконописи
0004000.png	Полтавские полковники
0004001.png	Старообрядческая Покровская церковь (бывшая Христорождественская церковь);
0004002.png	Выпускники Федерального университета Рио-де-Жанейро
0004003.png	Примечания
0004004.png	См. также
0004005.png	Почитание и память
0004006.png	Гимн Новороссийска
0004007.png	Янош Кадар (Венгрия, 25 мая 1987)
0004008.png	Неокружнический раскол и его преодоление
0004009.png	Преподаватели гимназии Шаффе
0004010.png	Малое и среднее предпринимательство
0004011.png	Понимание в философии
0004012.png	«Хищники» группы Пилигрим;
0004013.png	Колокольчики
0004014.png	Дисперсные системы, растворы
0004015.png	Другое
0004016.png	Артём Дзюба
0004017.png	Мидраш
0004018.png	См. также
0004019.png	Тимоти Далтон, английский актёр, один из исполнителей роли Джеймса Бонда.
0004020.png	Анна Аркадьевна Каренина (Облонская)
0004021.png	Геологическая обстановка
0004022.png	Путь в Париж
0004023.png	Примечания
0004024.png	Функции
0004025.png	академики (Аркесилай, Карнеад и другие) считают, что истину познать невозможно;
0004026.png	Природные источники
0004027.png	См. также
0004028.png	«Крупная проза». Александр Грищенко за повесть «Вспять».
0004029.png	Святые Шотландии
0004030.png	География
0004031.png	Литература
0004032.png	Ссылки
0004033.png	Нормативно-техническая документация
0004034.png	Мнемонические правила
0004035.png	Правила
0004036.png	Сети адаптивного резонанса
0004037.png	Фармакокинетика
0004038.png	Терминология
0004039.png	Китве-Нкана, Замбия
0004040.png	Эукариоты
0004041.png	Во главе МИДа России
0004042.png	Самаркандская область (с 1887 года)
0004043.png	Литература
0004044.png	Советские главы
0004045.png	Ссылки
0004046.png	Примечания
0004047.png	См. также: :Категория:Родившиеся в 1661 году
0004048.png	Малые Антильские острова
0004049.png	Конструкция
0004050.png	МУ «Экологический парк»,
0004051.png	Владимир Рюрикович Овручский;
0004052.png	Судебно-медицинская казуистика;
0004053.png	Экситоны и биэкситоны в нанотрубках
0004054.png	Премия имени Владислава Листьева (25 ноября 2010 года),
0004055.png	Иностранный член Венгерской академии наук (1983)
0004056.png	Члены Политбюро ЦК СЕПГ
0004057.png	Аристарх Венес, российский актёр театра и кино.
0004058.png	В Кишинёве работают представительства следующих международных организаций:
0004059.png	Пограничье
0004060.png	Выпускники юридического факультета МГУ
0004061.png	Релятивистские и гравитационные явления
0004062.png	Председатели Пермского (Молотовского) областного исполнительного комитета
0004063.png	Текущий состав
0004064.png	Кандидат в диктаторы
0004065.png	См. также
0004066.png	Моноблок
0004067.png	Орден Золотого коршуна 2 (5 августа 1895)
0004068.png	Части города в 1810 году
0004069.png	Интервью с Гарри Бардиным
0004070.png	Аэропорты Новосибирска
0004071.png	Техника Древнего мира
0004072.png	Медаль «За отвагу»
0004073.png	См. :Категория:Обер-гофмаршалы (Россия)
0004074.png	Флигель-адъютант к Его Величеству (Выс. пр. 26.11.1888)
0004075.png	Причины
0004076.png	В зависимости от содержания углерода чугуны делятся на:
0004077.png	Тихорецкий бульвар
0004078.png	Герб города является гласным.
0004079.png	«Драматургия». Анна Батурина за пьесу «Фронтовичка».
0004080.png	Два мира есть у человека:
0004081.png	Оренбургский губернаторский историко-краеведческий музей:
0004082.png	См. также: :Категория:События 11 мая
0004083.png	Пекинская опера
0004084.png	Лауреаты премии «Хьюго»
0004085.png	Телесериалы Бразилии 1976 года
0004086.png	орден Трудового Красного Знамени
0004087.png	Смольная улица
0004088.png	гамма-мотонейроны
0004089.png	Анархо-коммунисты
0004090.png	Примечания
0004091.png	Лу Чжи (империя Хань), учёный, историк, военный и государственный деятель.
0004092.png	Проливы Турции
0004093.png	Примечания
0004094.png	Семья
0004095.png	См. также
0004096.png	Хрустальный переулок
0004097.png	Состав
0004098.png	Группы католических святых
0004099.png	Теория алгоритмов
0004100.png	Изониазид и имипрамин
0004101.png	Иконография Иисуса Христа
0004102.png	Никита Нестеров
0004103.png	Похороненные на Старом кладбище церкви Святого Матфея
0004104.png	Гусине
0004105.png	Христианская практика иных языков
0004106.png	Мавзолей Каффаля Шаши
0004107.png	Тестировщик
0004108.png	УСТР-1
0004109.png	Дювалье в бонистике
0004110.png	Офицеры легиона
0004111.png	Религиозные
0004112.png	Генрих Гейне: уход от иудаизма и возвращение к нему
0004113.png	Писатели-модернисты
0004114.png	Члены Королевской академии испанского языка
0004115.png	Завалищин
0004116.png	В мире
0004117.png	Оператор: Кристофер Дойл
0004118.png	Сложение начальных частей двух и более слов
0004119.png	Авиакомпании, выполняющие регулярные рейсы (по состоянию на 20.11.2021):
0004120.png	Родились
0004121.png	История Пруссии
0004122.png	Суда по алфавиту
0004123.png	Другие значения
0004124.png	Музыканты группы «Алиса»
0004125.png	Отношения с Шейбанидами
0004126.png	Чёрная Речка
0004127.png	Примечания
0004128.png	Биография
0004129.png	Политика
0004130.png	телефильм «Борджиа» (, Великобритания, 1981), в роли Энн Луиз Ламберт.
0004131.png	Лауреаты премии Юлия Эдгара Лилиенфельда
0004132.png	Герои России и СССР
0004133.png	В музыке
0004134.png	Промышленность
0004135.png	Фортификационные сооружения
0004136.png	Практика выдвижения формально независимых кандидатов
0004137.png	Маломасштабные вихри
0004138.png	Иллюстрация Виктора Королькова «Доля и Недоля»
0004139.png	антисимметрично, то есть если  и  то
0004140.png	Пентозофосфатный путь
0004141.png	Комментарий к «Государству»:
0004142.png	формализованное описание технологии автоматизированного проектирования.
0004143.png	На эту тему можно выделить три основных вопроса:
0004144.png	Ссылки
0004145.png	Ссылки
0004146.png	Зеркальная антенна
0004147.png	Примечания
0004148.png	«Тайна золотых часов»
0004149.png	Центральный аппарат РККА состоит из следующих основных органов:
0004150.png	Поддержка потокового аудио
0004151.png	Древний период
0004152.png	Районный дворец культуры
0004153.png	Междикастерская комиссия по делам Церкви в Восточной Европе;
0004154.png	Пуантилизм
0004155.png	Официальные праздники
0004156.png	Средняя домашняя посещаемость матчей чемпионата России по сезонам:
0004157.png	Фракции Государственной думы Российской Федерации
0004158.png	Биография
0004159.png	Редакторы Российской империи
0004160.png	Гравитационный потенциал
0004161.png	Передовые исследования в области аэронавтики
0004162.png	Графы фон Корф (РИ)
0004163.png	С включением обмоток звездой
0004164.png	«Левый берег»
0004165.png	Епископы Русской православной церкви
0004166.png	Коэффициент размножения нейтронов
0004167.png	Фармакологическое действие
0004168.png	Петр Александрович (1799-?)
0004169.png	Женщины-лингвисты
0004170.png	3 л. -нь, -ынь(иинь): ахануудынь (братья их), колхозуудынь (их колхозы)
0004171.png	Неакринийская и Каламарийская митрополия
0004172.png	Член СХ СССР (1975)
0004173.png	1. По функциональному назначению:
0004174.png	Художественное кино
0004175.png	Православие
0004176.png	Установление празднования
0004177.png	На сегодняшний день в Орле работают 34 отделения почтовой связи.
0004178.png	Карматы после уплаты выкупа вернули в Мекку Чёрный камень Каабы
0004179.png	Орден Ленина (31.10.1988).
0004180.png	местные болезни, сгруппированные по анатомической локализации;
0004181.png	Пыталово с высоты птичьего полёта (видео)
0004182.png	Отделение оперативной техники
0004183.png	за лучшую музыку к фильму 2002 «Дикарка»
0004184.png	агранулярный (гладкий) эндоплазматический ретикулум.
0004185.png	Философия культуры
0004186.png	Официальный сайт Санкт-Петербургской Театральной Академии
0004187.png	История
0004188.png	астронавт ЕКА Андреас Могенсен.
0004189.png	Сербский народный календарь
0004190.png	(Россия)
0004191.png	части Красной армии начали штурм Рейхстага.
0004192.png	Городской историко-археологический музей «Рантава»
0004193.png	Производящая функция пирамидальных чисел имеет вид:
0004194.png	Историческая справка на сайте Архива РАН
0004195.png	Ляпидевский, Сергей Семёнович
0004196.png	Химическая технология
0004197.png	Почётный член Российской академии художеств.
0004198.png	Кэрри Отис, американская актриса и фотомодель.
0004199.png	Вписанной сферой называется сфера, касающаяся всех граней многогранника.
0004200.png	Реки, впадающие в Байкал
0004201.png	Депутаты Учредительного собрания Бразилии (1823)
0004202.png	Убийство Освальда
0004203.png	Для группового общения существует несколько возможностей.
0004204.png	Петровск-Забайкальский музей декабристов
0004205.png	Члены Либеральной партии Норвегии
0004206.png	См. также
0004207.png	Англиканские святые
0004208.png	География
0004209.png	Дед знаменитого немецкого ученого-географа Вальтера Кристаллера
0004210.png	Графы Каррик
0004211.png	Торфоперерабатывающая промышленность: Болонь, Приозёрный.
0004212.png	Образовательные фильмы
0004213.png	а) общее руководство всей политикой и народным хозяйством РСФСР;
0004214.png	Распределение
0004215.png	Германские руны
0004216.png	Летний сад, Михайловский сад и зелёные территории музея
0004217.png	Оломоуц, Чехия
0004218.png	Ижора
0004219.png	Заказник «Линдуловская роща»
0004220.png	Критогнат, один из галльских вождей 52 года до н. э., осажденных в Алезии
0004221.png	Стереометрия
0004222.png	Климат
0004223.png	Императоры России
0004224.png	Группы блюз-рока
0004225.png	ЦПКиО им. Маяковского в Екатеринбурге,
0004226.png	Члены Общества московских художников
0004227.png	Аахенское королевское высшее техническое училище
0004228.png	Список запусков
0004229.png	Энтони Уэйн
0004230.png	Дело Шалита
0004231.png	Министры торговли Российской Федерации
0004232.png	Память
0004233.png	ТЦ «Меридиан»;
0004234.png	Садарак, Нахичевань,
0004235.png	Владимир Богомолов:
0004236.png	Примечания
0004237.png	исполнительная власть,
0004238.png	Примечания
0004239.png	Национальный состав
0004240.png	Похороненные на Новодевичьем кладбище
0004241.png	Борисов, Белоруссия
0004242.png	«Хрусталёв, машину!» Алексея Германа-старшего,
0004243.png	генная инженерия
0004244.png	Литература
0004245.png	Зауральский колледж физической культуры и здоровья
0004246.png	Свято-Успенская церковь
0004247.png	Новиков, Алексей Иванович (20.07.1996, 320)
0004248.png	С 2012 года эпирубицин включён в Перечень ЖНВЛП.
0004249.png	Программное обеспечение (ПО). Подразделяется на общесистемное и прикладное:
0004250.png	Энциклопедия Арды (на английском языке)
0004251.png	Построение правильных многоугольников
0004252.png	Председатели ЦИК Азербайджанской ССР
0004253.png	: Себу
0004254.png	Города Нью-Джерси
0004255.png	Гуруваюр Кешаван
0004256.png	Примечания
0004257.png	Латынь и Греческий язык
0004258.png	Технологический процесс
0004259.png	Предпринимательницы
0004260.png	Иррационализм в современных философских системах
0004261.png	Авангардизм
0004262.png	См. также
0004263.png	Многие известные люди, такие как Джордж Буш публиковали свои плейлисты.
0004264.png	Биография
0004265.png	Поступление в СУНЦ НГУ
0004266.png	Хосе де Акоста, 1590
0004267.png	Дети:
0004268.png	Фототермины
0004269.png	Лейла Фернандес, канадская теннисистка.
0004270.png	Катехоламины
0004271.png	Критика гомеопатии
0004272.png	Литература
0004273.png	Кельтские языки
0004274.png	Сухопутные войска
0004275.png	Лесопитомник «Тихвинка»
0004276.png	См. также
0004277.png	Монгольские
0004278.png	Сетевые службы
0004279.png	Административное деление
0004280.png	Столицы европейских государств
0004281.png	Ссылки
0004282.png	Латинские поэты
0004283.png	Концертная тарантелла (), соч. 2
0004284.png	Рэндалл Гаррет, цикл фэнтези-детективов о сыщике лорде Дарси
0004285.png	1-го класса
0004286.png	Мэри Кустас, австралийская актриса, комедиантка и сценаристка.
0004287.png	Ивахненко
0004288.png	Российский государственный открытый технический университет путей сообщения
0004289.png	Участники освобождения Мелитополя
0004290.png	Ссылки
0004291.png	Семья
0004292.png	Рыночная экономика
0004293.png	Православие
0004294.png	В селе Николаевка родился Герой Советского Союза Кузьмин В. М.
0004295.png	Примечания
0004296.png	Заповедники
0004297.png	См. также
0004298.png	Климат
0004299.png	Мототакси
0004300.png	Ссылки
0004301.png	Советский антинорманизм
0004302.png	Катунь
0004303.png	Автобиография Абдуррахман-хана, эмира Афганистана, СПб., 1902.
0004304.png	Прометий является радиоактивным элементом. Является проводником.
0004305.png	Ленск;
0004306.png	Филиал Волго-Вятской академии государственной службы в Саранске.
0004307.png	Первые заместители председателя Правительства Российской Федерации
0004308.png	Опцион
0004309.png	Национальные и этнические религии
0004310.png	Заслуги, достижения и награды
0004311.png	Фамилия
0004312.png	Оптика
0004313.png	Линда Харди, французская актриса и модель.
0004314.png	В культуре и архитектуре
0004315.png	Великая Армения
0004316.png	Филипп фон Фелленберг (р. 1771), швейцарский просветитель, соратник Песталоцци.
0004317.png	Территории, оспариваемые Молдавией
0004318.png	Нелинейная динамика
0004319.png	Кэйко Мацуи, японская пианистка и композитор.
0004320.png	Фотографии Шанхая
0004321.png	Лука Синьорелли
0004322.png	Сёла и кочевья
0004323.png	Франция
0004324.png	Источники
0004325.png	Пайк, Питер:
0004326.png	Тетрис
0004327.png	Ссылки
0004328.png	бюст Героя Советского Союза Шади Шаимова (его именем названа улица).
0004329.png	На факультете 5 кафедр:
0004330.png	Военная деятельность
0004331.png	Материальный (осязательный)
0004332.png	Епархия Западной Америки
0004333.png	Застрелившиеся в Российской империи
0004334.png	которые говорят друг с другом,
0004335.png	В массовой культуре
0004336.png	НИЯУ МИФИ в других международных рейтингах
0004337.png	Красько Михаил Александрович
0004338.png	Примечания
0004339.png	Суды:
0004340.png	Модели деления на части света
0004341.png	невесомостью: невесомотерапия.
0004342.png	Озеро Большой Тассор
0004343.png	Транспортная инфраструктура
0004344.png	Лечение
0004345.png	Литература
0004346.png	Города-побратимы
0004347.png	Примечания
0004348.png	Текст
0004349.png	Память
0004350.png	6 отдельный батальон охраны
0004351.png	Награды
0004352.png	Дискография
0004353.png	Национальное бюро статистики Республики Молдова
0004354.png	Настоятели
0004355.png	Университет штата Небраска
0004356.png	Интересные факты
0004357.png	Ссылки
0004358.png	Спорт
0004359.png	Примечания
0004360.png	«ВТБ».
0004361.png	Транспорт
0004362.png	Углеводороды
0004363.png	Неправильные глаголы.
0004364.png	Калужская область,
0004365.png	Термоэлектрические материалы
0004366.png	Португальская республика
0004367.png	Сайты
0004368.png	И собака знает, что трава помогает.
0004369.png	Медаль Обороны Америки
0004370.png	Православные: Андрей, Капитолина, Марк, Нестор.
0004371.png	Верхнепышминский хлебокомбинат (уничтожен)
0004372.png	Отпадение Тортосы от Сарагосы.
0004373.png	Ленинградский сталепрокатный завод,
0004374.png	Биография
0004375.png	БАР (значения)
0004376.png	Энергетическая установка
0004377.png	калечить язык
0004378.png	Выпускники Киевской духовной академии
0004379.png	См. также
0004380.png	Примечания
0004381.png	Внешнеэкономические связи
0004382.png	Описание города
0004383.png	Члены Союза писателей СССР
0004384.png	Топографические карты
0004385.png	Город Караганда награждён орденом Трудового Красного Знамени.
0004386.png	Ялтинский историко-литературный музей (ЯИЛМ, Ялта, Пушкинская ул., 5)
0004387.png	Претор Македонии Тит Дидий одерживает победу над скордисками.
0004388.png	орден Карла Маркса (ГДР, 8.05.1975);
0004389.png	Методология создания двигателей.
0004390.png	Новосёлки, 1-я улица
0004391.png	Литература
0004392.png	Принцип действия
0004393.png	Православная церковь преп. Серафима Саровского (2015).
0004394.png	Примечания
0004395.png	Парки
0004396.png	Члены Первой палаты Генеральных штатов Нидерландов
0004397.png	Модельный ряд
0004398.png	Преступность
0004399.png	Физико-географическая характеристика
0004400.png	Ялмар Меллин (ум. 1933), финский математик.
0004401.png	Известные уроженцы
0004402.png	Внешние ресурсы
0004403.png	Ссылки
0004404.png	Математическая физика
0004405.png	Упорядоченное кольцо
0004406.png	Награждённые медалью Дарвина
0004407.png	2-й боевой отряд.
0004408.png	Фонология
0004409.png	Примеры афоризмов
0004410.png	Лауреаты Международной премии Мира
0004411.png	Декоративные деревья
0004412.png	Литература
0004413.png	пищевые добавки в корм скоту (глина монтмориллонитовая)
0004414.png	Норвежская школа ветеринаров
0004415.png	дистрибутивность: ,
0004416.png	Проспект Октябрьской Революции (Севастополь)
0004417.png	Комментарии
0004418.png	В Риме запрещена кастрация рабов.
0004419.png	История
0004420.png	Сложные парциальные приступы (Б), переходящие в генерализованные.
0004421.png	Промышленность
0004422.png	Международные
0004423.png	Правила шахмат
0004424.png	Языки США
0004425.png	Литература
0004426.png	Калина
0004427.png	Для нас как жизнь
0004428.png	Изобретено гладкое стекло.
0004429.png	Предки
0004430.png	Цинь (БРЭ, том 34)
0004431.png	Марк Антоний.
0004432.png	Чередования согласных в литературно-диалектных вариантах языка:
0004433.png	Религиозная жизнь
0004434.png	Футбольные клубы РСФСР
0004435.png	Критика
0004436.png	Звёздная астрономия
0004437.png	Рельеф
0004438.png	Население
0004439.png	Города на Белой (приток Камы)
0004440.png	Микрокредитование по странам
0004441.png	Пересечения
0004442.png	Титулы молодёжной команды
0004443.png	Декабрь
0004444.png	Мемуаристы Российской империи
0004445.png	Экономика
0004446.png	Экономисты России
0004447.png	Административное деление
0004448.png	Денис Васильевич
0004449.png	Признание и оценки
0004450.png	Император Ци Сяо Чжао-вэнь.
0004451.png	Футболист года в России по версии РФС: 2010.
0004452.png	Вандейский мятеж
0004453.png	Футбольные тренеры СССР
0004454.png	Туризм в Саудовской Аравии
0004455.png	Библиография
0004456.png	Другое
0004457.png	Сыда,
0004458.png	Беременность с абортивным исходом
0004459.png	Ссылки
0004460.png	Триумф Тита и Веспасиана.
0004461.png	Памятник жертвам фашизма
0004462.png	Пулемёты
0004463.png	Гегель и модерн
0004464.png	См. также
0004465.png	экваториальные,
0004466.png	Божества утренней зари
0004467.png	Колокольня Воскресенского собора
0004468.png	Примечания
0004469.png	История Ирана
0004470.png	Почётные граждане Кирова
0004471.png	История теорий света в хронологическом порядке
0004472.png	Классификатор
0004473.png	География
0004474.png	18 сентября
0004475.png	Семья
0004476.png	«Общественное мнение»
0004477.png	Музыкальные коллективы 1980-х годов
0004478.png	Иллюстрированная история Марии Стюарт
0004479.png	См. также
0004480.png	Личная жизнь
0004481.png	Подписавшие Предупреждение учёных мира человечеству
0004482.png	Выпускники Болонского университета
0004483.png	Жилые и общественные здания
0004484.png	медаль Кемеровской области «За честь и мужество» (2013 год, посмертно).
0004485.png	Горбаневской (1786).
0004486.png	(в хронологическом порядке):
0004487.png	Родились
0004488.png	Геннадий Юдин
0004489.png	Европа
0004490.png	Экономика
0004491.png	Персоналии
0004492.png	Ленин
0004493.png	Внук Лаша
0004494.png	кражи 478
0004495.png	Религиозные
0004496.png	Города-побратимы
0004497.png	Переходные металлы
0004498.png	порицание (злословие) в отношении того, к кому испытывается зависть.
0004499.png	Ниже приведены названия алгоритмов для скрытия данных в области преобразования:
0004500.png	Ваана, сын Хушая,
0004501.png	Мюзикл «Шахматы»
0004502.png	Палаты Бахорева. Ул. Красных партизан, д. 10.
0004503.png	Линц (), Австрия
0004504.png	Орден Бухарской звезды 1-й степени с бриллиантами (1893) (Бухарский эмират)
0004505.png	Население
0004506.png	Седиментология
0004507.png	Турнир городов
0004508.png	Действуют:
0004509.png	Омская митрополия
0004510.png	Примечания
0004511.png	Пермь и царские особы
0004512.png	Рак пищевода
0004513.png	182 сельских поселения.
0004514.png	Архитекторы Германии
0004515.png	Теоретико-правовой аспект
0004516.png	Советская научная фантастика
0004517.png	Древняя Ассирийская церковь Востока
0004518.png	Орденский замок крепости Рагнит
0004519.png	При обработке узла производятся следующие действия.
0004520.png	События
0004521.png	Строевая
0004522.png	Католические архиепископы Кентерберийские
0004523.png	Музей КУБа (Губаха)
0004524.png	Спорт
0004525.png	Ссылки
0004526.png	Способы задания группы
0004527.png	Диалекты
0004528.png	Его прижизненным именем было имя .
0004529.png	Преподаватели Казанской духовной академии
0004530.png	Массовые беспорядки в Кондопоге (2006)
0004531.png	«Настанет время», 1903
0004532.png	Дороги:
0004533.png	1935 Брюссель (Бельгия)
0004534.png	Политические партии
0004535.png	Несложная в использовании система шаблонов.
0004536.png	Ссылки
0004537.png	Примечания
0004538.png	Королевство Англия
0004539.png	Фильмография
0004540.png	Главные труды
0004541.png	Лазерный термоядерный синтез
0004542.png	30 мая 2015 года партия изменила устав и сменила название на «Республиканцы».
0004543.png	См. также
0004544.png	Пиратский круг
0004545.png	Физические законы
0004546.png	Бронзовый призёр (2): 2004, 2021
0004547.png	Литература
0004548.png	Кирпичные Выемки, улица
0004549.png	Дополнительное образование обеспечивают 9 учреждений:
0004550.png	Почётный член Российской академии художеств.
0004551.png	Партизаны Греции
0004552.png	Луговая улица (посёлок Внуково)
0004553.png	Романенко, Юрий Викторович,
0004554.png	Рок-музыка 1990-х годов
0004555.png	Войска, вернувшиеся из Египетского похода, занесли трахому из Египта в Европу.
0004556.png	Главные редакторы газет
0004557.png	Интернет-СМИ
0004558.png	Причины войны
0004559.png	Другие достопримечательности
0004560.png	Александр Серебров (р. 1944), советский космонавт, Герой Советского Союза.
0004561.png	Хабнарфьордюр, Исландия
0004562.png	Липецк: памятник святому Луке при больнице его имени
0004563.png	Диссоциативы
0004564.png	Литература по исследованию операций
0004565.png	Литература
0004566.png	Связь с Храмом Соломона
0004567.png	Члены КПСС
0004568.png	«Кярпят» (Оулу, Финляндия)
0004569.png	В России
0004570.png	Французский поэт Морис Сэв опубликовал цикл «Делия, предмет высшей добродетели».
0004571.png	Примечания
0004572.png	Преподаватели Тбилисской академии художеств
0004573.png	буккакэ.
0004574.png	Дарви Одраде
0004575.png	Нормы
0004576.png	Жиппон
0004577.png	Международная конвенция по поиску и спасанию на море
0004578.png	Коковцев Григорий Андреевич - стряпчий (1692).
0004579.png	Особые дидактические методы
0004580.png	Издания на русском языке
0004581.png	Хотогойтское ханство
0004582.png	Депортированные народы
0004583.png	Примечания
0004584.png	Этот отрезок можно представить как
0004585.png	Вывод формул
0004586.png	Вириат
0004587.png	Воздушный транспорт
0004588.png	Байт-код:
0004589.png	Государственные праздники
0004590.png	Апери смог ускорить сходимость цепной дроби для константы:
0004591.png	Примечания
0004592.png	Юдит Полгар, венгерская шахматистка, международный гроссмейстер.
0004593.png	Ветвления:
0004594.png	Норильский никель
0004595.png	Разработка проекта и процесс создания
0004596.png	Сюнеци, Степанос
0004597.png	Завод «Кавказкабель ТМ»;
0004598.png	Кузбасский парк. Парк в Ленинском районе города.
0004599.png	Памятник Мэттью Болтону, Джеймсу Уатту, Уильяму Мёрдоку в Бирмингеме.
0004600.png	Орден Святого Владимира 1-й степени (12.12.1823)
0004601.png	Достопримечательности
0004602.png	Действующий герб города Ельца утверждён 28 сентября 2004 года.
0004603.png	Ссылки
0004604.png	Ссылки
0004605.png	Педагоги
0004606.png	В кино
0004607.png	Тренеры ФК «Кайсериспор»
0004608.png	лезгины,
0004609.png	Музей «Бейт Хагдудим» («Еврейского Легиона»);
0004610.png	«Орфей в аду» Оффенбаха (1925, Московский театр музыкальной комедии)
0004611.png	Литература
0004612.png	Саксония;
0004613.png	Корпус Бенуа
0004614.png	Новообразования
0004615.png	«Феникс»;
0004616.png	Фармакологи СССР
0004617.png	Основана Красноуфимская крепость, ныне город Красноуфимск.
0004618.png	Маяк Эль Ханк.
0004619.png	Посёлки городского типа Московской области
0004620.png	Фильмы-мелодрамы США
0004621.png	Достижения
0004622.png	Николай Фадеечев (р. 1933), артист балета, педагог, народный артист СССР.
0004623.png	Комиссар:
0004624.png	Крышка;
0004625.png	3. Волнительно.
0004626.png	Транспорт
0004627.png	Самоназвание
0004628.png	Примечания
0004629.png	Родился в октябре 1711 года в Болльнесе, в Швеции.
0004630.png	Внешние связи
0004631.png	Литература
0004632.png	Фармакокинетика
0004633.png	Новосибирский городской драматический театр «На левом берегу»
0004634.png	Завод газомазутного горелочного оборудования «Факел»;
0004635.png	Перат. От Калхинии.
0004636.png	12 этических принципов Бахаи.
0004637.png	Полезные ископаемые
0004638.png	Литература
0004639.png	Приз «За волю к победе»
0004640.png	Ведийский санскрит
0004641.png	Музыкальные посвящения
0004642.png	Католицизм
0004643.png	Примечания
0004644.png	Татпуман
0004645.png	Эсперантида
0004646.png	22 июня
0004647.png	Значимые писатели 80-х
0004648.png	Экономика
0004649.png	5 декабря:
0004650.png	Детский парк
0004651.png	Эпизоотология
0004652.png	Православные: Варлаам, Ефрем, Ирина, Яков.
0004653.png	Символика
0004654.png	Три демократии
0004655.png	Карьера менеджера
0004656.png	Казань, Россия (2005)
0004657.png	История и этимология
0004658.png	Красный террор
0004659.png	Фильмы о Сиэтле
0004660.png	События
0004661.png	Берлинский центр информатики им. Конрада Цузе
0004662.png	Внешние ссылки
0004663.png	тропические породы леса,
0004664.png	Электрохимия
0004665.png	Костромская область
0004666.png	ХК АКМ выступает в ВХЛ
0004667.png	Не по все дни свадьба, не всегда коту Масленица.
0004668.png	Агрохимики Германии
0004669.png	Жужани разгромили столицу Тоба-Вэй.
0004670.png	Александр Ханов (ум. 1983), актёр театра и кино, народный артист СССР.
0004671.png	Применение
0004672.png	Бикфордов шнур
0004673.png	исконный греческий;
0004674.png	Браки, дети и династические связи
0004675.png	Формула для разности
0004676.png	Похороненные в Молдавии
0004677.png	Ссылки
0004678.png	Персоналии:Крымское ханство
0004679.png	Тельгте (Германия)
0004680.png	История
0004681.png	«Россия» (зал на 540 мест), закрыт на реконструкцию.
0004682.png	Ссылки
0004683.png	Применение
0004684.png	Российская Федерация
0004685.png	Кавалер саксонского военного ордена Святого Генриха (1810 год)
0004686.png	Крокодил Гена
0004687.png	«Севастопольская правда»,
0004688.png	Переходные металлы
0004689.png	Сейсмический момент землетрясения определяется как
0004690.png	Казахи в составе Российской империи и СССР
0004691.png	Дивизионный генерал
0004692.png	История
0004693.png	Борис Годунов (1987)
0004694.png	Белград, Сербия
0004695.png	Сельское хозяйство
0004696.png	В разные годы лауреатами Мемориальной премии им. Кира Булычёва становились:
0004697.png	Литература
0004698.png	Муниципалитеты
0004699.png	Общие сведения
0004700.png	География
0004701.png	В основе этого понятия лежат естественные представления о сравнении множеств:
0004702.png	Консул (единственный) Флавий Магн Аврелий Кассиодор Сенатор.
0004703.png	1356 км: Верхняя Мата (лв)
0004704.png	Текущий состав
0004705.png	История герба Добрянки
0004706.png	Ямского Поля, 1-я улица
0004707.png	некоторые эндотелиальные клетки.
0004708.png	В городе действуют несколько общественных объединений:
0004709.png	Международный день защиты бельков (см. бельковый промысел).
0004710.png	См. также: :Категория:Родившиеся в 1746 году
0004711.png	Дейвидас Шемберас
0004712.png	Химкинский лес (2010)
0004713.png	Болельщики
0004714.png	Фамилии, образованные от имени Казимир
0004715.png	Экспромты (всего 4)
0004716.png	Литература
0004717.png	История и этимология
0004718.png	См. также
0004719.png	Эффект Доплера
0004720.png	Биологическое значение
0004721.png	Астрономические обсерватории с телескопами и пр. оборудованием
0004722.png	Электронная ботаническая библиотека
0004723.png	Гессен-Дармштадт (частично, только землями к северу от реки Майн),
0004724.png	Малер (язык Малто)
0004725.png	Любынский
0004726.png	Обязательства
0004727.png	Туризм
0004728.png	Свинг
0004729.png	Классификация состояний
0004730.png	Квартеты
0004731.png	Игроки ФК «Локомотив-Казанка»
0004732.png	Литература
0004733.png	память преподобномученика Андроника (Сурикова), иеромонаха (1938 год);
0004734.png	Принцип эквивалентности
0004735.png	175 км: река Берёзовая (лв)
0004736.png	При работе КР580ВМ1 в режиме 0 выводы 15 и 28 должны оставаться свободными.
0004737.png	Литература
0004738.png	Джорджия
0004739.png	Минеральные добавки
0004740.png	Примечания
0004741.png	Заслуженные деятели науки Республики Дагестан
0004742.png	Ссылки
0004743.png	Все чемпионы
0004744.png	2001 год
0004745.png	2 февраля 1982 года посёлок Киевский получил статус рабочего посёлка.
0004746.png	Ринат Дасаев
0004747.png	местные божества.
0004748.png	Ингурская ГЭС
0004749.png	Чанселорсвиллская кампания
0004750.png	Кузбасская педагогическая академия
0004751.png	Семья
0004752.png	М.Видео;
0004753.png	Библиография
0004754.png	Выпускники Университета Витовта Великого
0004755.png	Физикальный осмотр
0004756.png	2000 год в Таджикистане
0004757.png	Московская область
0004758.png	Ослышка
0004759.png	Графито-водный реактор
0004760.png	Фармация
0004761.png	Закон о колдовстве (1735)
0004762.png	Реки Злинского края
0004763.png	Смерть
0004764.png	С 3 декабря 1953 года находился в составе Магаданской области.
0004765.png	Административное деление
0004766.png	Государственный строй
0004767.png	Окружность можно рассматривать как частный случай эллипса.
0004768.png	Астрономы Франции
0004769.png	См. также
0004770.png	Подводная
0004771.png	Китай
0004772.png	Водолаз,
0004773.png	Полное водоизмещение равно сумме водоизмещения порожнем и дедвейта.
0004774.png	Дневники и воспоминания
0004775.png	Примечания
0004776.png	Литература
0004777.png	болгарский орден «Святой Александр»
0004778.png	Герой Советского Союза (22.01.1944)
0004779.png	Алексей Григоров (202)
0004780.png	Примечания
0004781.png	Повести и романы
0004782.png	Юбилейная улица
0004783.png	37-й (2014)
0004784.png	Преподаватели Саратовской консерватории
0004785.png	Примечания
0004786.png	Продукция
0004787.png	Реки Эстонии
0004788.png	Награды других государств
0004789.png	Правители
0004790.png	Военная промышленность
0004791.png	Тюменская область
0004792.png	В Риме появился закон, запрещающий казнить рабов без суда.
0004793.png	Антипрогибиционизм в сфере наркотиков и ПАВ в США
0004794.png	Португальские писатели
0004795.png	Приазовский рабочий
0004796.png	ГЕРБ КНЯЗЕЙ ЗАЙОНЧЕК
0004797.png	Научная деятельность
0004798.png	Лингвогеография
0004799.png	См. также: :Категория:Родившиеся в 1291 году
0004800.png	Типы географических объектов
0004801.png	Иудаистическая мифология
0004802.png	Народы Словакии
0004803.png	Средний палец
0004804.png	Перекачка природного газа
0004805.png	Фенетика
0004806.png	См. также
0004807.png	мертворождённая дочь (1512)
0004808.png	для загрузки бункеров и регулируемого выпуска материалов из них.
0004809.png	Родились
0004810.png	Семитские народы
0004811.png	Злое число
0004812.png	Гастрономия
0004813.png	Иордания,
0004814.png	Элизабет
0004815.png	Усадьба Пущино
0004816.png	Мировая экономика
0004817.png	Ссылки
0004818.png	Упало лукавство царю Дмитрию на белу грудь.
0004819.png	Грузия
0004820.png	Идиом
0004821.png	Примечания
0004822.png	Плантации местных видов
0004823.png	Евстафий Мстиславич
0004824.png	Вступили на престол
0004825.png	Введение
0004826.png	Происхождение и семья
0004827.png	Вокзал относится к Октябрьской железной дороге.
0004828.png	Скончались
0004829.png	Спорт
0004830.png	Когда губернский регистратор,
0004831.png	Муниципальные образования Калязинского района
0004832.png	Роликовые коньки
0004833.png	Киргизская «тюльпановая революция»
0004834.png	Примечания
0004835.png	Женщина
0004836.png	женские: , , ,
0004837.png	Вяткин Дмитрий Фёдорович
0004838.png	Государственные деятели Финляндии
0004839.png	История
0004840.png	Литература
0004841.png	государственный контроль (надзор) и муниципальный контроль;
0004842.png	Стипе Плетикоса (125)
0004843.png	Росцелин, Иоанн
0004844.png	Российская Федерация
0004845.png	Белоруссия
0004846.png	Эпилепсия
0004847.png	Открытие белых карликов
0004848.png	Она способствует сокращению дистанции между гражданином и властью
0004849.png	Донецк является побратимом для следующих городов:
0004850.png	Другое использование
0004851.png	Пешеходные висячие мосты
0004852.png	Физиологическая роль
0004853.png	Ибн Зулак, историк Фатимидов.
0004854.png	Члены Палаты пэров Японии
0004855.png	Классическая однодневка
0004856.png	В состав чёрной металлургии входят следующие основные подотрасли:
0004857.png	схима
0004858.png	Зуевская ТЭС (1,2 ГВт)
0004859.png	родным братом богатой московской барыне Дарье Александровне Валуевой;
0004860.png	Машиностроители
0004861.png	Польша: Порядка 1000 особей в Беловежской пуще и Татрах.
0004862.png	Ссылки
0004863.png	Кафедра международного и конституционного права
0004864.png	в премьер-лиге (высший дивизион):
0004865.png	Общемировые базы данных СМИ
0004866.png	Первый японец, получивший Нобелевскую премию.
0004867.png	Деменьшин Вячеслав Павлович - председатель Филиала ФХР «Урал-Западная Сибирь»
0004868.png	«Ленинградские рассказы» (1942)
0004869.png	См. также
0004870.png	Без точных дат
0004871.png	Лиссабонское землетрясение (1755)
0004872.png	Державин, Гавриил Романович
0004873.png	Труды
0004874.png	В физике
0004875.png	Социальная история отечественной науки
0004876.png	География
0004877.png	В городе работают филиалы следующих вузов:
0004878.png	при переходах между уровнями  и ;
0004879.png	Кинотеатр «Орбита» (летний зал).
0004880.png	Защита
0004881.png	Родились
0004882.png	Примечания
0004883.png	Приметы
0004884.png	Природоохранная инженерия
0004885.png	И «Крымские прогулки» (1961):
0004886.png	Репин и «Мир искусства»
0004887.png	Литература
0004888.png	Китай
0004889.png	Пожарные Чикаго
0004890.png	Анноновые
0004891.png	Администрация города
0004892.png	Варенский
0004893.png	Элементарная частица
0004894.png	День таможенника Кыргызской Республики (31 декабря)
0004895.png	Города
0004896.png	См. также
0004897.png	Царь Израилев
0004898.png	Достопримечательности
0004899.png	2013 год:
0004900.png	10 февраля
0004901.png	Ссылки
0004902.png	В Киргизии
0004903.png	Афанасовское шоссе
0004904.png	Знаки альтерации
0004905.png	Армянская апостольская церковь
0004906.png	Нейтрализм
0004907.png	Персоналии по алфавиту
0004908.png	Места, названные в память о С. Разине
0004909.png	Коллекционеры Португалии
0004910.png	Известна также песня о Гришке-богохульнике:
0004911.png	Церемония открытия
0004912.png	Фишинг сегодня
0004913.png	Седьмая серия
0004914.png	Название
0004915.png	Собака-киборг  (с живым собачьим мозгом и кибернетическими лапами)
0004916.png	Административно-территориальное устройство
0004917.png	Тон в шведском может играть смыслоразличительную роль в словах-омонимах, напр.:
0004918.png	Поэты Литвы
0004919.png	Его внуком был прославленный греческий адмирал Павлос Кунтуриотис.
0004920.png	Военный инженер
0004921.png	Сбой в пути
0004922.png	Национальный состав
0004923.png	В городе Азове имеются учреждения культуры и искусства:
0004924.png	Первая мировая война
0004925.png	Помогает тем, кто желудком мается.
0004926.png	Примечания
0004927.png	Биография
0004928.png	Ссылки
0004929.png	Вычислительный центр им. А. А. Дородницына РАН
0004930.png	Ранние исследователи
0004931.png	Литература
0004932.png	Директор картины: Гарри Гуткин, Вячеслав Тарасов
0004933.png	Дуканов, Олег Михайлович (19.02.2000, 553)
0004934.png	другие награды
0004935.png	Общественные организации
0004936.png	Пасторы Российской империи
0004937.png	Газеты Германии
0004938.png	Состав и свойства
0004939.png	Доиндоевропейский субстрат
0004940.png	Россия
0004941.png	Коувола (Финляндия)
0004942.png	История
0004943.png	Кирпичная готика
0004944.png	гранатина (плод граната).
0004945.png	Семейство
0004946.png	Новая Уфа
0004947.png	События
0004948.png	Население
0004949.png	Произведения
0004950.png	См. также
0004951.png	Ссылки
0004952.png	Святые по алфавиту
0004953.png	Фильмы СССР 1972 года
0004954.png	Достижения
0004955.png	Немецкие поэты
0004956.png	«ДК Железнодорожников» и
0004957.png	Эмблема
0004958.png	Официальный сайт сенатора
0004959.png	Гезаторикс
0004960.png	А сроку было сорок сороков!..
0004961.png	См. также
0004962.png	Полковник штаба (13 июня 1795 года);
0004963.png	Питомник,
0004964.png	Литература
0004965.png	Литература
0004966.png	Уровни защиты
0004967.png	Последствия
0004968.png	Театральные режиссёры СССР
0004969.png	Физики по алфавиту
0004970.png	Формы острого пиелонефрита
0004971.png	сильная мучительная жажда;
0004972.png	Техника
0004973.png	Леонид Филатов, «Большая любовь Робин Гуда».
0004974.png	Казахский университет технологии и бизнеса (КазУТБ)
0004975.png	На Сергея капусту рубят.
0004976.png	Саксы
0004977.png	Архитектурный ансамбль
0004978.png	Шляхетские роды герба Карп
0004979.png	Дружба с Давидом
0004980.png	Памятники-монументы
0004981.png	Описание герба
0004982.png	Наследство
0004983.png	Присвоено следующим лицам:
0004984.png	Свойства внимания
0004985.png	Примеры
0004986.png	В мифологии
0004987.png	Киевское шоссе
0004988.png	Нуберу
0004989.png	Участники «Марша несогласных»
0004990.png	Кратные и дольные единицы
0004991.png	Умершие от ран
0004992.png	Писатели-фантасты Франции
0004993.png	Ташкентский государственный институт востоковедения
0004994.png	Ссылки
0004995.png	Сражения 1709 года
0004996.png	Начало эпохи античного искусства (завершилась к 500 году).
0004997.png	Справочник библиотекаря. 2-е изд. СПб., 2001
0004998.png	Сотрудники
0004999.png	Детали поверхности
0005000.png	Продукция компании
0005001.png	Члены Лондонского королевского общества
0005002.png	Браславская гряда
0005003.png	Роберт Трит Пейн
0005004.png	История
0005005.png	Ссылки
0005006.png	В 2015 году здесь открылась Новая сцена театра Вахтангова на 250  мест.
0005007.png	Типы коррозии
0005008.png	Секция
0005009.png	Взятие ворот (футбол)
0005010.png	Также дейтерий используется в нейтронных генераторах.
0005011.png	Классификация
0005012.png	Варианты
0005013.png	Депутаты Совета Союза 8-го созыва
0005014.png	Смерть
0005015.png	Дворянские роды, на гербах которых изображены львы
0005016.png	Ссылки
0005017.png	Ссылки
0005018.png	Теория гомотопий
0005019.png	Печатные СМИ
0005020.png	Организация Объединённых Наций
0005021.png	Алаша
0005022.png	Почётные граждане Тирасполя
0005023.png	Сравнимость чисел  и  записывается в виде формулы (сравнения):
0005024.png	Технически различают (как это делается и для других видов полей):
0005025.png	По физической природе неподвижной и подвижной фаз
0005026.png	Упразднённые
0005027.png	Вторая гражданская война в Чаде: началась битва за Нджамену.
0005028.png	Определения
0005029.png	Лауреаты Государственной премии РФ в области литературы и искусства
0005030.png	См. также
0005031.png	Связанные определения
0005032.png	Климат
0005033.png	Награды и премии
0005034.png	Все перечисленные альбомы вышли в видеоформате
0005035.png	Основные моменты критики шкал Стивенсона:
0005036.png	27 декабря 1973 года образованы Жарковский и Пеновский районы.
0005037.png	Осенью 1963 года эртильские футболисты заняли второе место в первенстве России.
0005038.png	Валентина Монахова (1932)
0005039.png	Литература
0005040.png	Стадия 7: перенос фосфатной группы с 1,3-бисфосфоглицерата на АДФ
0005041.png	Ты в службе верный семьянин.
0005042.png	Все минеральные вяжущие получаются по следующей технологии:
0005043.png	Воинские звания
0005044.png	Трио Мерхавим.
0005045.png	Мельник (значения)
0005046.png	Лексика
0005047.png	при недостатке кислорода:
0005048.png	Европейские ценности
0005049.png	Литература
0005050.png	Библиотеки
0005051.png	Награждён орденами Ленина, Трудового Красного Знамени (дважды) и Красной Звезды.
0005052.png	Чемпионат мира по футболу: 1970, 1994 (координатор), 1998 (серебро)
0005053.png	Плазма
0005054.png	Архитектура и достопримечательности
0005055.png	«Кратил»
0005056.png	Астрометрия
0005057.png	Италия
0005058.png	Геология
0005059.png	Рендеринг
0005060.png	Международный междисциплинарный проект «Вдумчивые чтения»
0005061.png	Российская империя
0005062.png	Города, которые ранее назывались в честь людей
0005063.png	Память
0005064.png	Участники Войны за польское наследство
0005065.png	Валерий Глазков («Немец», 2011).
0005066.png	Литература
0005067.png	Биометанол
0005068.png	Города Древней Руси
0005069.png	Экономика
0005070.png	Неправильные примеры названий:
0005071.png	В.Г. Олифер, Н.А. Олифер - Компьютерные сети. Принципы, технологии, протоколы
0005072.png	«Цзяолун» (КНР)
0005073.png	См. также
0005074.png	Монгольская операция (май-август 1921)
0005075.png	См. также
0005076.png	Отечество, Отечество, Восточный Тимор, наша Родина.
0005077.png	Строение органических молекул
0005078.png	Открытый хроматин
0005079.png	Революционные годы
0005080.png	Литература
0005081.png	Семья
0005082.png	Отсылки в искусстве
0005083.png	СССР заключает в Лондоне торговое соглашение с Великобританией.
0005084.png	Почётные граждане Калуги
0005085.png	Экономика
0005086.png	Спорт
0005087.png	Статья Виталия Колесника
0005088.png	Присоединение Кильвы к Оману.
0005089.png	Населённые пункты Гвардейского района (Калининградская область)
0005090.png	в составе Елизаветинской Библии, 1751
0005091.png	Бэкон и Оккам вернули в науку идею о дальнодействии.
0005092.png	ООО «Тверьоблэнерго»;
0005093.png	(вышел 11 августа 1937)
0005094.png	Виньетирование
0005095.png	Свободное кроссплатформенное программное обеспечение
0005096.png	Биография
0005097.png	Произведения монументального искусства
0005098.png	Армянская церковь Сурб Никогайос
0005099.png	Спорт
0005100.png	События
0005101.png	Гидрография
0005102.png	Причинами внутриутробных нарушений органа слуха могут быть:
0005103.png	Летняя улица
0005104.png	Ссылки
0005105.png	Начало военной операции НАТО в Югославии, продолжавшейся до 10 июня.
0005106.png	Влияние
0005107.png	Клубы КХЛ
0005108.png	с. Чириково, Турковский район, Саратовская область
0005109.png	Средства массовой информации
0005110.png	Примечания
0005111.png	Ссылки
0005112.png	По строению коры различают следующие группы:
0005113.png	Биохимическое общество (Россия)
0005114.png	Не гнал торговцев за порог
0005115.png	Преподобные
0005116.png	Верховный комиссар по делам национальных меньшинств
0005117.png	Коростень
0005118.png	28 марта
0005119.png	Реестр общих фондов банковского управления на сайте Банка России
0005120.png	1731 км: Танга
0005121.png	Примечания
0005122.png	Члены Союза писателей Москвы
0005123.png	Появились в 1944 году в Германии
0005124.png	Культура
0005125.png	Примечания
0005126.png	Революционеры Франции
0005127.png	Аноним. Деяния франков ().
0005128.png	Хасидские места
0005129.png	Модульное тестирование. Зачем, как и кто
0005130.png	улица в Вильнюсе в район Пашилайчяй ()
0005131.png	Физические свойства
0005132.png	Современный период
0005133.png	История развития класса
0005134.png	Хунну уничтожают наступающую китайскую армию. Набег на Хэси.
0005135.png	Мадагаскар,
0005136.png	В городе базируются профессиональные спортивные клубы:
0005137.png	горная система Большого Кавказа (Большой Кавказский хребет и Северный Кавказ),
0005138.png	Тайны древности. Варвары. Часть 1. Викинги.
0005139.png	Верстовой столб (набережная Верхнего пруда).
0005140.png	Необуддизм
0005141.png	подвид:
0005142.png	Журнал «Новочеркасскъ»
0005143.png	городской округ «поселок Палана»
0005144.png	Классическая механика
0005145.png	Католицизм
0005146.png	Эдгар Берроуз с циклом о приключениях Джона Картера на Марсе,
0005147.png	Репродуктивная система
0005148.png	См. также
0005149.png	16 июля
0005150.png	Доказательные же атрибуты сводятся к следующим положениям:
0005151.png	Сей храм трёх царствований изображение: Гранит, кирпич и разрушение.
0005152.png	Этимология
0005153.png	Лексика
0005154.png	Радиальная 1-я улица
0005155.png	Книги по футурологии
0005156.png	Формирование села
0005157.png	Апрель
0005158.png	Режиссёр: Кристофер Нолан
0005159.png	Белиз
0005160.png	Уильям Хэнди (р. 1873), американский композитор и музыкант, «отец блюза».
0005161.png	Личность
0005162.png	Православие
0005163.png	Населённые пункты Дебальцевского городского совета
0005164.png	Сергей Новиков
0005165.png	Информационная безопасность
0005166.png	Ссылки
0005167.png	СК «Энтузиаст» (бокс)
0005168.png	Витовт, великий князь Литвы с 1392.
0005169.png	Ссылки
0005170.png	Проблема устаревания носителей информации
0005171.png	Руководители
0005172.png	Ответная атака японцев
0005173.png	Биография на сайте французского парламента .
0005174.png	«Хабаровский краевой центр развития творчества детей и юношества».
0005175.png	Литература
0005176.png	Путь в Дамаск
0005177.png	Ссылки
0005178.png	Запорожская государственная инженерная академия
0005179.png	Ссылки
0005180.png	Нил Ерикусийский, преподобный. 29 (16) августа
0005181.png	масса, кг;
0005182.png	Выпускники ИППК МГУ
0005183.png	Посмертная судьба
0005184.png	«Венера-Экспресс»: итоги основной миссии
0005185.png	Тюркские народы Китая
0005186.png	Северный административный округ:
0005187.png	Народный театр драмы Дома работников просвещения (вместимость 140 чел.).
0005188.png	Работы
0005189.png	Список непризнанных и частично признанных государств
0005190.png	Дипломаты Российской империи
0005191.png	Попечительский совет
0005192.png	Председатели Правительства РФ
0005193.png	Ссылки
0005194.png	Цветовой охват моделей устройств вывода
0005195.png	Физико-географические сведения
0005196.png	«Производители изгоев»
0005197.png	Радио
0005198.png	Медаль «За заслуги» (ФМС) (2008);
0005199.png	Происхождение и история рода
0005200.png	Медаль «За Одру, Нису и Балтику» (Польша)
0005201.png	Символы
0005202.png	Системы Аманта и Пурниманта
0005203.png	Промышленность
0005204.png	Спорт
0005205.png	Возможные формулировки
0005206.png	Ссылки
0005207.png	Лауреаты национального конкурса ТЭФИ:
0005208.png	Ссылки
0005209.png	ООО «Строительная компания «Мост-Восток»;
0005210.png	См. также
0005211.png	Литература
0005212.png	Органы дыхания
0005213.png	Красногвардейский
0005214.png	каждый одномерный симплекс (отрезок) делится пополам;
0005215.png	1953 год в СССР
0005216.png	Подчинение Киевской Руси
0005217.png	Демография
0005218.png	Сражения Австрии
0005219.png	Игорь Мишин (2010)
0005220.png	Токсичность
0005221.png	Отличия от других суперпозиций
0005222.png	С осторожностью
0005223.png	Брюсов и филателия
0005224.png	История
0005225.png	Чемпионат России
0005226.png	Виноградов, Павел Владимирович (10.04.1998, 449)
0005227.png	Планируется, исполняется и управляется.
0005228.png	Пусть дана одномерная эллиптическая задача:
0005229.png	Доказательства
0005230.png	На военном руководстве
0005231.png	учебная команда Управления войск НКВД охраны тыла Действующей армии
0005232.png	Грива
0005233.png	Телепередачи СССР по алфавиту
0005234.png	Представители рода
0005235.png	Консерватория Сан-Франциско
0005236.png	Стиль игры
0005237.png	Научные версии:
0005238.png	Литература
0005239.png	«Парменид»
0005240.png	Награды и отличия
0005241.png	Литература
0005242.png	Известен природный амид уксусной кислоты, являющийся минералом.
0005243.png	Использование второго постулата
0005244.png	В 1 луне князь Малого Ци прибыл в Лу за телом княгини Шу-цзи и увёз его с собой.
0005245.png	Президентские выборы 2012 года
0005246.png	Другая деятельность
0005247.png	Литература
0005248.png	Доколониальная организация жителей Ниуэ
0005249.png	Пол Мартин стал премьер-министром Канады.
0005250.png	Новосибирский городской драматический театр «На левом берегу»
0005251.png	Дискография
0005252.png	Заключённые Петропавловской крепости
0005253.png	См. также: :Категория:Родившиеся в 1229 году
0005254.png	Творчество и наследие
0005255.png	Литература
0005256.png	Советские диссиденты
0005257.png	Феба (амазонка)
0005258.png	Ухань, Китай (1998)
0005259.png	Памятник «Голубь мира» (1965).
0005260.png	91 укрепленный район (91 УР)
0005261.png	Творчество
0005262.png	Входит в международную организацию стран АКТ.
0005263.png	Транспорт
0005264.png	Физико-географическая характеристика
0005265.png	Матч ТВ;
0005266.png	Солнце и Земля
0005267.png	154-й отдельный пулемётно-артиллерийский батальон
0005268.png	Вена,
0005269.png	И не погубит ливень и зной.
0005270.png	Северо-Енисейский лесхоз;
0005271.png	Бронзовый призёр (2): 2017, 2021
0005272.png	Литература
0005273.png	Официальный сайт проекта «Юнона»
0005274.png	Столбищи, 294
0005275.png	Лос-Анджелес, США
0005276.png	Статьи в категории «Сайты, посвящённые компьютерным играм»
0005277.png	Использование в бытовой технике
0005278.png	Альфа Центавра
0005279.png	Примечания
0005280.png	Известные случаи отравления таллием
0005281.png	См. также
0005282.png	Скутеретта
0005283.png	Умершие в местах лишения свободы
0005284.png	Могилёв, Белоруссия (2001)
0005285.png	Умер в Париже и был похоронен на кладбище Монмартр.
0005286.png	О быте:
0005287.png	Литература
0005288.png	История
0005289.png	Конец существования АК
0005290.png	12 января
0005291.png	Хамаг дэлхийн шударга улстай
0005292.png	Официальный сайт производителя
0005293.png	Драфт
0005294.png	В 1964 году в должности министра без портфеля заложил фундамент порта Мангалор.
0005295.png	Награждён орденом Ленина.
0005296.png	Железнодорожный транспорт
0005297.png	Теорема Ван-Обеля о треугольнике
0005298.png	Гражданская война на Шри-Ланке
0005299.png	Драматурги русского авангарда
0005300.png	Источники
0005301.png	«Сцены парижской жизни»
0005302.png	Проекты
0005303.png	Обращение к элементам массива
0005304.png	Никколо Йоммелли умер 25 августа 1774 года в городе Неаполе.
0005305.png	Число (лингвистика)
0005306.png	Владивосток
0005307.png	Запоминающие устройства
0005308.png	Воздушные парады
0005309.png	Второй закон Ньютона имеет вид:
0005310.png	Деятели либерализма
0005311.png	Методы контрацепции
0005312.png	Судьба наследия
0005313.png	Литература
0005314.png	Уркеш
0005315.png	Мат (шахматы)
0005316.png	Собор спасения нации
0005317.png	См. также
0005318.png	Орден Святой Анны 3-й степени.
0005319.png	Кавалер Большого креста с бриллиантами ордена «Солнце Перу» (2008)
0005320.png	Ранняя версия исходного черновика версии 1.0 1992 года Тима Бернерса-Ли
0005321.png	Примечания
0005322.png	«Гоголь и чёрт» М., 1906, она же «Гоголь. Творчество, жизнь и религия»» (1909)
0005323.png	Материальное соотношение
0005324.png	Животноводство
0005325.png	мучеников Маврикия и 70 воинов: Фотина, Феодора, Филиппа и иных (ок. 305);
0005326.png	«Синергетика» в словарях
0005327.png	Публикации
0005328.png	Творчество
0005329.png	Анатомы Германии
0005330.png	Характеристика природных зон Саратовской области
0005331.png	Профессора Императорского Казанского университета
0005332.png	По интерпретации, она была гетерой и очаровывала гостей.
0005333.png	1 марта
0005334.png	Почётный диплом университета Падуи (Италия, 1980)
0005335.png	Даудов, Закир Алиевич (19.04.2000, 632)
0005336.png	Источники
0005337.png	Литература
0005338.png	Транспорт
0005339.png	«Ведун и ведьма» (альманах «Комета», изд. Н. Щепкиным; отдельно, Москва, 1851);
0005340.png	Азербайджан
0005341.png	Воинские звания
0005342.png	Дубли
0005343.png	В Лукояновском районе функционируют 10 промышленных предприятий:
0005344.png	Небоскрёбы высотой от 450 до 499 метров
0005345.png	Литература
0005346.png	Нулевой километр
0005347.png	Родившиеся в 1019 году
0005348.png	Вторая мировая война: подавление немецкими войсками Варшавского восстания.
0005349.png	Мелисса Джордж, австралийская актриса.
0005350.png	Литература
0005351.png	Станция скорой медицинской помощи
0005352.png	Персоналии:Древняя Русь
0005353.png	Региональный финансово-экономический институт,
0005354.png	Информация о Кирибати для туристов
0005355.png	вялопротекающая шизофрения;
0005356.png	Крупица Константин Константинович
0005357.png	Сражения в России
0005358.png	Антропологи России
0005359.png	Телерадиовещание всех телекомпаний из Останкино было прекращено.
0005360.png	Мужские имена
0005361.png	История
0005362.png	Этимология
0005363.png	Римские консулы десятилетия
0005364.png	Примечания
0005365.png	Маломерная топология
0005366.png	Авторы водевилей
0005367.png	Радиолюбители
0005368.png	Грозный стал одним из крупнейших промышленных центров Кавказа.
0005369.png	Брянский завод теплоизоляционных материалов;
0005370.png	Организации России, самостоятельно присуждающие учёные степени
0005371.png	Арабо-израильский конфликт.
0005372.png	Илья Старинов (р. 1900), советский военный деятель, партизан-диверсант.
0005373.png	Признание преследования заявителя политически мотивированным
0005374.png	Первые разработки
0005375.png	Ректоры
0005376.png	Память
0005377.png	Телевидение:
0005378.png	В январе 2004 заключён международный договор .
0005379.png	«М.видео»
0005380.png	Англоязычный портал о Сэлинджере
0005381.png	Воздушный транспорт
0005382.png	Персоналии по алфавиту
0005383.png	См. также
0005384.png	Примечания
0005385.png	Структура и свойства
0005386.png	Князь хунну Усы грабит Бинчжоу.
0005387.png	Язкурель, сын Якмени
0005388.png	Обоснование символики
0005389.png	Известные уроженцы
0005390.png	В эмиграции
0005391.png	Методологический натурализм
0005392.png	Минералы железа
0005393.png	Праздник Весны и труда (с 1 на 2 мая)
0005394.png	Умершие в 1900 году
0005395.png	Чебаркульский завод «Союзтеплострой» (АО «ЧЗС»),
0005396.png	Благовещение Пресвятой Богородицы;
0005397.png	Информационные технологии
0005398.png	Электроны в атоме
0005399.png	Религиозная жизнь
0005400.png	Семья
0005401.png	День защитника Отечества в Киргизии
0005402.png	Предмет изучения
0005403.png	В 2019 году из перечня населённых пунктов была исключена деревня Грачи.
0005404.png	Основание Лампсака.
0005405.png	Философы науки
0005406.png	Купцы Российской империи
0005407.png	Примечания
0005408.png	Барокко
0005409.png	Гидрология
0005410.png	Андреева ночь. Гадальный день. Святой Андрей. Андрей Первозванный.
0005411.png	Поход на Новгород
0005412.png	Герцоги де Вальми
0005413.png	Применение
0005414.png	Имбецильность
0005415.png	Орфография
0005416.png	Кирилл Воробьев (52-ой общий)
0005417.png	Мотоциклетный руль
0005418.png	Ссылки
0005419.png	Римское царство
0005420.png	Ролевые
0005421.png	Фамилия Остен
0005422.png	Тетрация с показателем 2
0005423.png	10 января
0005424.png	Полёты космических кораблей «Союз»
0005425.png	Путём взаимодействия кислотных оксидов с водой:
0005426.png	Платяной педикулёз
0005427.png	Нобелевские премии
0005428.png	Пфенниг
0005429.png	Галогеналканы
0005430.png	География
0005431.png	Серповидноклеточная анемия
0005432.png	Биография
0005433.png	Ледниковые формы рельефа
0005434.png	Аламудунский район,
0005435.png	Фамильярное или дружественное обращение к постороннему человеку мужского пола.
0005436.png	Новороссийск
0005437.png	точь-в-точь;
0005438.png	Музыканты Екатеринбурга
0005439.png	Последние годы жизни
0005440.png	Родились
0005441.png	Шенк умер в 1306 году, ибо в 1307 году его брат Лютольд упоминается без Конрада.
0005442.png	Персоналии по алфавиту
0005443.png	двигательной установки и системы автопилотирования (опционально),
0005444.png	Литература Просвещения
0005445.png	Аэропорту Дели в 1986 году было присвоено имя Индиры Ганди.
0005446.png	Кофеин усиливает анальгезирующий эффект.
0005447.png	Члены Зала славы научной фантастики и фэнтези
0005448.png	Нормативная база
0005449.png	Гарфилд 2: История двух кошечек (2006)
0005450.png	Центральная
0005451.png	Вставайте, люди русские!
0005452.png	Датский орден Слона (20.09.1859);
0005453.png	Похороненные на Миусском кладбище
0005454.png	Фернихоу, Колоратура для гобоя и фортепиано (1966)
0005455.png	Сериал «Красная площадь» (2004 год, актёр Юрий Саранцев).
0005456.png	Примечания
0005457.png	Отлучённые от церкви
0005458.png	Фильмы, спродюсированные Барбарой Брокколи
0005459.png	Библиография
0005460.png	Некрич А. М. 22 июня 1941 года
0005461.png	Вознаграждённые усилия любви
0005462.png	Создание колокола
0005463.png	Литература
0005464.png	Притоки Северной Двины
0005465.png	Происхождение
0005466.png	Культура
0005467.png	События, связанные со средой
0005468.png	Даны в порядке фактического написания.
0005469.png	Геометрия колеса
0005470.png	Сибиряки (значения)
0005471.png	Менструальные циклы
0005472.png	Звёзды эфира (2005)
0005473.png	Советская эпоха
0005474.png	Полномочия
0005475.png	Носители фамилии
0005476.png	Спортивные объекты
0005477.png	Награды
0005478.png	Экспериментальные музыкальные коллективы
0005479.png	В 4 луне, в день гэн-сюй, умер луский сановник Шу Хуань.
0005480.png	Научные исследователи
0005481.png	Онлайн-калькулятор для оценки риска развития сердечно-сосудистых заболеваний
0005482.png	Ахеменидские сатрапии
0005483.png	матчевые
0005484.png	Например, сильно псевдопростые числа по основанию 2 образуют последовательность:
0005485.png	Великая Отечественная война
0005486.png	Самантабхадра (Будда)
0005487.png	«Принцесса Турандот» (Гоцци)
0005488.png	Восстание бедняков в Аргосе («аргосский скитализм»).
0005489.png	Лишённые медали «За безупречную службу»
0005490.png	Дополнительное образование: повышение квалификации, ДПО и ДО
0005491.png	МиГ-3 на сайте "Уголок неба"
0005492.png	Торговые наименования
0005493.png	1939 Проблема «христианского социализма»
0005494.png	Вымышленные дворяне
0005495.png	Награды
0005496.png	В процессе лечения необходимо производить анализы крови и мочи.
0005497.png	Рин ап Майлгун, король Гвинеда (ум. 580)
0005498.png	В культуре и религии
0005499.png	26 октября Мирный договор с Иорданией.
0005500.png	Голография, Лазерные дисплеи;
0005501.png	Памятники
0005502.png	Биография
0005503.png	Факты
0005504.png	Ссылки
0005505.png	После ноября 1917
0005506.png	Еггогология
0005507.png	Также на реке расположены аалы Доможаков, Райков.
0005508.png	Образ в кино
0005509.png	Климат
0005510.png	Общественные организации финнов-ингерманландцев
0005511.png	Известные хироманты
0005512.png	15 февраля 1624 года уехал в Москву.
0005513.png	У истоков национальной кубинской литературы стоял Хосе Мария
0005514.png	Коммутативность:
0005515.png	Литература
0005516.png	До революции 1917 года этот район относился к Богородскому и Бронницкому уездам.
0005517.png	4. Башня Сапожника
0005518.png	За любовь, за великое братство
0005519.png	Лежава И. Г. Ле Корбюзье. Восприятие пространства
0005520.png	Освободительная война
0005521.png	инфекции брюшной полости (в том числе перитонит);
0005522.png	Бухарест в искусстве
0005523.png	В последние годы жизни преподавал в Техасском университете.
0005524.png	Приметы
0005525.png	Творческая деятельность
0005526.png	«Крещение Литвы» (фрагмент)
0005527.png	Причины самоубийств
0005528.png	Группировка и сортировка значений
0005529.png	Официальный сайт музеев Нюрнберга
0005530.png	Профессора иврита (Кембриджский университет)
0005531.png	Для детей
0005532.png	Письменные источники
0005533.png	Другие сферы применения
0005534.png	Здравоохранение
0005535.png	обобщённые перестановки.
0005536.png	В основном русские и мордва-эрзя.
0005537.png	Камилла («Гораций» Корнеля, 1823);
0005538.png	для волны в одномерном пространстве:
0005539.png	Рейтинг-лист топ-5 игроков России (ноябрь 2021)
0005540.png	См. также
0005541.png	Памятник молодогвардейцу Борису Главану (1981)
0005542.png	Литература
0005543.png	13 сентября 2018 года был похоронен в Аккре.
0005544.png	Телефония
0005545.png	В математике
0005546.png	Фонд Хованского
0005547.png	(подъезд к дер. Коккорево)
0005548.png	Начало правления
0005549.png	Источники
0005550.png	Спектроскопическая теория.
0005551.png	Открытие клеточного строения растений Робертом Гуком.
0005552.png	Змеевик (медальон)
0005553.png	Антерос (Антэрот)
0005554.png	Установлены дипломатические отношения между Колумбией и Азербайджаном.
0005555.png	Сильное (недисимилятивное)
0005556.png	Римская курия
0005557.png	Ссылки
0005558.png	Медицинские
0005559.png	Состав ноэмы
0005560.png	Общеобразовательные и дошкольные
0005561.png	Писатели фэнтези США
0005562.png	По типу клапана 2 ступени
0005563.png	Клубы КХЛ
0005564.png	Каталог нот для гобоя
0005565.png	441 Еврипид впервые побеждает на театральных состязаниях.
0005566.png	Упразднение монархии
0005567.png	Смолопласт
0005568.png	«За освоение целинных земель»
0005569.png	дистанционно
0005570.png	Гробница Септимии Галлы ();
0005571.png	Ссылки
0005572.png	Изгнание кызылбашей и персов. Поднятие авторитета Грузии в Закавказье
0005573.png	Столбищенский, в состав которого вошли:
0005574.png	Население
0005575.png	Каманин Иван Михайлович
0005576.png	Конструкция
0005577.png	Непозиционные системы счисления
0005578.png	Техника
0005579.png	Посвящение женщин
0005580.png	Подробные фотографии ДВК 3м (корзина, платы, блок питания, клавиатуры)
0005581.png	Туризм
0005582.png	Текущее состояние дел
0005583.png	Храм Святого Викентия де Поля
0005584.png	Процесс разработки программного обеспечения
0005585.png	Литературоведы России
0005586.png	Литература
0005587.png	Пер-Ноэль после Второй мировой войны
0005588.png	Кала-и-Муг
0005589.png	- грамматика
0005590.png	Левиафан
0005591.png	Ширина колеи узкоколейных дорог
0005592.png	Германцы и кельты
0005593.png	Официально запрещена работорговля в Сибири.
0005594.png	Хунну
0005595.png	Магадан в энциклопедии «Мой город»
0005596.png	Перечень ЖНВЛП
0005597.png	Экономика
0005598.png	Памятники
0005599.png	Религиозные
0005600.png	Епископы Газы
0005601.png	уравнения сводятся к
0005602.png	Районы
0005603.png	Юрий Никифоров
0005604.png	Государственное устройство
0005605.png	Мелисса Понцио, американская телевизионная актриса.
0005606.png	Информационные системы
0005607.png	Литература
0005608.png	Мелодия
0005609.png	Рефлексивность. Для любого
0005610.png	Больница в Ашдоде
0005611.png	Апрель
0005612.png	Орден Белого орла (Польша, 1922)
0005613.png	Вклад в филателию
0005614.png	орден Трудового Красного Знамени
0005615.png	Боги по алфавиту
0005616.png	По типу интерфейса подключения:
0005617.png	Наиболее известные организации дополнительных степеней:
0005618.png	Спорт
0005619.png	Детская школа искусств
0005620.png	Валютная политика
0005621.png	Ссылки
0005622.png	См. также: :Категория:Умершие в 1077 году
0005623.png	Физика
0005624.png	иностранные:
0005625.png	Домингес,
0005626.png	Священные города
0005627.png	Философы по алфавиту
0005628.png	Примечания
0005629.png	Биография
0005630.png	Лексика
0005631.png	Ссылки
0005632.png	Хонгза-Вьетнам
0005633.png	построение моделей для обоснования решений;
0005634.png	Где люди ходят насупившись и сумные.
0005635.png	Источники
0005636.png	Почётные доктора Мадридского университета Комплутенсе
0005637.png	Черёмушки
0005638.png	Праздники и памятные дни
0005639.png	Высокоопасное вещество
0005640.png	Ссылки
0005641.png	празднование в честь иконы Божией Матери, именуемой «Нечаянная Радость»;
0005642.png	19 января
0005643.png	Примечания
0005644.png	Местное самоуправление осуществляется на основании Устава.
0005645.png	Москва и Подмосковье
0005646.png	Скончались
0005647.png	Ссылки
0005648.png	Перезахороненные
0005649.png	Азад Кашмир (спорная территория)
0005650.png	Конгрессы в Троппау и Лайбахе
0005651.png	Календарь
0005652.png	Критическая масса
0005653.png	Персоналии:Московский театр сатиры
0005654.png	Литература
0005655.png	Фамилия
0005656.png	Голы Пеле в Бразилии
0005657.png	Роберт Брамбо
0005658.png	Сказки Неманского края. Вильнюс: Гослитиздат, 1952. 126 с.
0005659.png	Ссылки
0005660.png	для любого ,
0005661.png	Праздники
0005662.png	Литература
0005663.png	Шалон
0005664.png	Похороненные на Новодевичьем кладбище
0005665.png	8 км: Каменка (левый, длина 110 км),
0005666.png	кинотеатр «Спутник»;
0005667.png	Параметры планеты
0005668.png	Персоналии:Архангельский собор (Московский Кремль)
0005669.png	Мифологическая школа
0005670.png	Начинательные глаголы
0005671.png	См. также
0005672.png	В почте и филателии
0005673.png	Начало наполеоновских войн
0005674.png	Сентябрь
0005675.png	География
0005676.png	физкультурно-оздоровительный комплекс «Рекорд»;
0005677.png	Дополненная реальность
0005678.png	Ссылки
0005679.png	Собор святого Иосифа в Могилёве (разрушен в 1930-х годах).
0005680.png	Реки Славского района
0005681.png	Предки
0005682.png	Этимология
0005683.png	Котельнический 3-й переулок
0005684.png	Достопримечательности
0005685.png	Песнь о Хлёде
0005686.png	1731 км: Танга
0005687.png	Динамика численности населения
0005688.png	Достопримечательности
0005689.png	Проекты
0005690.png	Структура ДонНУ имени Стуса (Винница)
0005691.png	История
0005692.png	Примерный расчет подтопления мировых территорий
0005693.png	Плотность населения
0005694.png	Депортированные народы
0005695.png	«Домашняя учительница»
0005696.png	Луизианский креольский язык
0005697.png	Бозок (союз огузских племён)
0005698.png	Транспорт
0005699.png	Международный день охраны озонового слоя.
0005700.png	временное лишение оружия;
0005701.png	Елбакита,
0005702.png	Трудовой кодекс Российской Федерации на сайте СПС «Гарант»
0005703.png	месторождения боратов в магнезиальных скарнах:
0005704.png	Примечания
0005705.png	Ссылки
0005706.png	Примечания
0005707.png	Футбол
0005708.png	Фолклендское сражение
0005709.png	Ссылки
0005710.png	Имена людей
0005711.png	Татарская АССР (1920)
0005712.png	Образование
0005713.png	Финансовая устойчивость
0005714.png	Одним из современных направлений эпидемиологии является  ().
0005715.png	Усинское месторождение марганца
0005716.png	Археологические объекты в Турции
0005717.png	Ссылки
0005718.png	Дворец молодёжи «Строитель»;
0005719.png	Телевидение
0005720.png	Скончались
0005721.png	Комментарии
0005722.png	Степень свободы выражения грамматических значений
0005723.png	Муниципальный методический центр г. Пыть-Ях
0005724.png	«Сведения из теории детерминантов» (1866)
0005725.png	Родились
0005726.png	Национальный состав
0005727.png	Развитие прото-панка
0005728.png	Мемориальная доска (ул. Василевского, 25) в микрорайоне Сахарово, Тверь.
0005729.png	Кариатида
0005730.png	Лётчики-испытатели СССР
0005731.png	Географическое положение
0005732.png	Металлургия
0005733.png	память преподобного Иеронима Блаженного, Стридонского (420);
0005734.png	Литература
0005735.png	Транспорт
0005736.png	Классическая механика
0005737.png	Ирина Богушевская, советская и российская певица, поэтесса, композитор.
0005738.png	См. также
0005739.png	Барышский завод металлической кровли
0005740.png	Присоединение к Бранденбургу небольшой территории к юго-востоку от Берлина.
0005741.png	Литература
0005742.png	Литература
0005743.png	Экономика
0005744.png	Фамагуста (под контролем ТРСК).
0005745.png	Судила Иванкович
0005746.png	Запорожская улица
0005747.png	Германия и Польша
0005748.png	См. также
0005749.png	Андерс Яррид, шведский теннисист, экс-первая ракетка мира в парном рейтинге.
0005750.png	Культура
0005751.png	Переполнение буфера
0005752.png	Бета-версии
0005753.png	Достопримечательности
0005754.png	Композиторы Российской империи
0005755.png	Планы развития
0005756.png	Происхождение
0005757.png	Интернет-портал СНГ
0005758.png	Бюст на Аллее Героев Московского парка Победы (Санкт-Петербург).
0005759.png	Стратегический маркетинг
0005760.png	Экономика
0005761.png	Комментарии
0005762.png	Контактные (непосредственно при соприкосновении)
0005763.png	Нина Искренко (ум. 1995), русская поэтесса.
0005764.png	На русском языке
0005765.png	Европа: в Бургундии люди начали охотиться на лошадей.
0005766.png	Примечания
0005767.png	Багын хайран наснаасаа
0005768.png	Литература
0005769.png	Вторая экспедиция
0005770.png	Скончались
0005771.png	Верховный Совет РСФСР объявил Рождество выходным днём.
0005772.png	Майкопский медицинский колледж (ММК).
0005773.png	Семейства млекопитающих
0005774.png	Архитекторы неоготики
0005775.png	Никита Баженов
0005776.png	Церковная хоровая музыка
0005777.png	вероятность  оказаться монохромным в  не больше
0005778.png	Президенты Международного Комитета Красного Креста
0005779.png	Ссылки
0005780.png	Скончались
0005781.png	Нидерландский Военный орден Вильгельма, большой крест
0005782.png	Заслуженные артисты Литовской ССР
0005783.png	Орден Чёрного орла (апрель 1807)
0005784.png	Широкополосный доступ в Интернет в Черкесске предоставляют следующие провайдеры:
0005785.png	Примечания
0005786.png	Победа
0005787.png	Железный крест 2-го класса
0005788.png	Список премьер-министров Финляндии
0005789.png	Подробные характеристики процессоров
0005790.png	Купальни Роффе;
0005791.png	Бергамо, Италия (1989 год);
0005792.png	Депутаты Верховного Совета Молдавской АССР
0005793.png	Философия и теория познания
0005794.png	Уравнение первого рода
0005795.png	Прочие территории
0005796.png	Педро Родригес, испанский футболист, чемпион мира (2010) и Европы (2012).
0005797.png	Три вектора проблем урбанистической трансформации в цифровую эпоху:
0005798.png	Народный артист РСФСР (1968)
0005799.png	Здания и сооружения набережной Фонтанки
0005800.png	Ремейк
0005801.png	Ираклий Квирикадзе на сайте журнала «Сеанс»
0005802.png	Депутаты Верховного Совета СССР 11-го созыва
0005803.png	Крещение в ранней Церкви
0005804.png	Хоф (), Германия
0005805.png	Неослависты
0005806.png	Ссылки
0005807.png	Обратите внимание, что кавычки вокруг левой части необязательны.
0005808.png	Палестинская национальная администрация и террор
0005809.png	Россия
0005810.png	Еремовка
0005811.png	Ссылки
0005812.png	Ссылки
0005813.png	Местное самоуправление осуществляется на основании Устава.
0005814.png	Младшие ветви
0005815.png	Литература
0005816.png	Литература
0005817.png	(Южная Азия)
0005818.png	Античные писатели, чьи труды дошли до нашего времени
0005819.png	Каролинги
0005820.png	Традиции Пакистана
0005821.png	«Начертание общей фармакологии» (М., 1835);
0005822.png	Литература
0005823.png	Государственное (общественное) состояние.
0005824.png	Большой крест ордена Белого льва (Чехия, 2000)
0005825.png	Военно-морской флот Туркменистана
0005826.png	В 6 луне столица княжества Сюй была перенесена в город Жун-чэн.
0005827.png	Связь
0005828.png	НПО Элсиб
0005829.png	Стероиды
0005830.png	неудачи на работе, в учёбе;
0005831.png	Водный транспорт
0005832.png	Памятник в Черкесске
0005833.png	Музыкальные коллективы, появившиеся в 1982 году
0005834.png	Доминика
0005835.png	Личная жизнь
0005836.png	Достопримечательности
0005837.png	Акустические системы
0005838.png	Лауреаты премии «Серебряная лента» за лучшую режиссуру
0005839.png	Религиозные деятели Украины
0005840.png	Художники Украины
0005841.png	Американские лётчики Второй мировой войны
0005842.png	поселение Троицк
0005843.png	Литература
0005844.png	Гарем
0005845.png	Промышленность
0005846.png	В кино
0005847.png	Фигурное катание (подробнее)
0005848.png	Прочие учебные корпуса
0005849.png	Комментарии
0005850.png	См. также
0005851.png	Сельхозтехникум (бывшая мыза Рябово),
0005852.png	Литература
0005853.png	Электронное архивирование
0005854.png	Уездный город
0005855.png	(архивировано на 14 мая 2014)
0005856.png	Палестино-израильский конфликт
0005857.png	Тверь,
0005858.png	латышский
0005859.png	Храм Успения Пресвятой Богородицы (с. Константиново)
0005860.png	Графы Арля
0005861.png	Хань и Хунну:
0005862.png	Родившиеся в 1946 году
0005863.png	Показания
0005864.png	В Японии
0005865.png	4, Фрэнк Лэмпард, против «Дерби Каунти», 12 марта 2008.
0005866.png	стационарный;
0005867.png	Рядовые сотрудники живут в спальных районах:
0005868.png	Из других сочинений Евклида сохранились:
0005869.png	Международный общеевропейский союз
0005870.png	Донорство спермы
0005871.png	Действуют 5 маршрутов маршрутного такси, идущих в ближайшие сёла района.
0005872.png	Михаил Бахтин
0005873.png	Дипломаты Литвы
0005874.png	Остара
0005875.png	Серовский рабочий
0005876.png	Ишемическая болезнь сердца с приступами стенокардии
0005877.png	Ядерные взрывные устройства
0005878.png	Примечания
0005879.png	День города и фестиваль народного творчества
0005880.png	Ботанический сад Кёнигсбергского университета
0005881.png	тёмно-зелёный.
0005882.png	Свято-Троицкий собор (Троицкая площадь, д. 7);
0005883.png	В 2022 году средний надой молока от коровы - 9644 кг (в 2021 - 8769 кг).
0005884.png	Каган
0005885.png	Видимая фаза Луны на Северном полюсе зависит от времени года:
0005886.png	Храм Архангела Михаила;
0005887.png	Нижний Манхэттен
0005888.png	Литература
0005889.png	памятник «Три гвоздики» (угол улиц Ленина и Гражданская);
0005890.png	Виктор Цой в художественной литературе
0005891.png	Почётные граждане Кюстендила
0005892.png	В море впадают крупные реки Юкон и Анадырь, а также Агиапук.
0005893.png	Берлога
0005894.png	Труды
0005895.png	Каталог советских и белорусских часов «Электроника»
0005896.png	Вариации и обобщения
0005897.png	Адам Мицкевич,
0005898.png	Погибшие в Гражданскую войну в России
0005899.png	Правовые основы
0005900.png	Национальные
0005901.png	Грэмпс Виггинс
0005902.png	Ссылки
0005903.png	Ссылки
0005904.png	В Элисте, в его честь названа гимназия.
0005905.png	Антинорманисты
0005906.png	«Нет мира, кроме как в согласии,
0005907.png	Умершие от пневмонии
0005908.png	Климат
0005909.png	Рантье
0005910.png	Оценка и анализ
0005911.png	Косвенные предсказания
0005912.png	Применение
0005913.png	Белорусский язык
0005914.png	Терновка
0005915.png	Половой диморфизм
0005916.png	Скончались
0005917.png	Филоматы
0005918.png	проходчики шахт
0005919.png	Израильский портал культуры
0005920.png	Список консульских и дипломатических представительств в России
0005921.png	Маврикий Евстафиевич
0005922.png	Описание гербов
0005923.png	Левобережная Украина
0005924.png	Владимир Губарев (ум. 2022), советский и российский писатель-фантаст, журналист.
0005925.png	Либеральная теология
0005926.png	Золотое сечение и гармония в искусстве
0005927.png	Галерея
0005928.png	Литература
0005929.png	Почётные граждане
0005930.png	ООО "АП «Соловьёвское»,
0005931.png	Не нарушать сценария акции и точно исполнять всё, что в нём указано.
0005932.png	Ссылки
0005933.png	Официальный сайт городского поселения Икша
0005934.png	Менделеевск, Россия
0005935.png	См. также
0005936.png	Босфор в искусстве
0005937.png	Гистология
0005938.png	История
0005939.png	Полуденный ветер в этот день сулит добрый урожай яровых.
0005940.png	по нейроэтологии
0005941.png	Документы историко-статистического характера
0005942.png	Праздники:
0005943.png	Прикладная статистика
0005944.png	Нобелевская премия мира вручается с 1901 года.
0005945.png	Литература
0005946.png	Антрациклины
0005947.png	коммутативность: ;
0005948.png	Документы о подготовке Конвенции и её «материальных» протоколов
0005949.png	Выделяется мощная морская отрасль с сетью портов и вспомогательных сооружений.
0005950.png	Редакторы Литвы
0005951.png	Медаль «В память 1000-летия Казани» (2006 год)
0005952.png	Женский баскетбольный и волейбольный клуб «Уралочка-НТМК»
0005953.png	Переведённые на русский
0005954.png	Биография
0005955.png	Бой за Шевардинский редут
0005956.png	Проектируемый 222-й проезд
0005957.png	Особые указания
0005958.png	Важнейшие события
0005959.png	Водолей может означать:
0005960.png	Религия
0005961.png	Блог по Аквагриму
0005962.png	Теплоизоляция стены выполняется следующими способами:
0005963.png	«Красная перчатка» (1888). Водевиль.
0005964.png	Примечания
0005965.png	Ното Симомура-хан ()
0005966.png	Примечания
0005967.png	Звания и разряды
0005968.png	В 1911 году сменил имя на «Йенс Арнольд Дидерик Йенсен Бильдсё» ().
0005969.png	Святые
0005970.png	мкр. «Клязьма»
0005971.png	Музыка
0005972.png	1967 год
0005973.png	Туберкулёз лёгких
0005974.png	«Двенадцать дней» (музыка Игоря Николаева, слова Андрея Вознесенского)
0005975.png	«Вестник Республиканского хореографического училища»
0005976.png	Микроорганизм
0005977.png	Сурско-Литовское
0005978.png	Шелапутинский переулок
0005979.png	Дуаньбин (поединки на коротком оружии)
0005980.png	Рыцари ордена Полярной звезды
0005981.png	Почвы
0005982.png	Литература
0005983.png	Основные единицы СИ
0005984.png	Гипотезы теории относительности
0005985.png	Церковные уставы
0005986.png	Производство в России
0005987.png	«Билайн»,
0005988.png	20-я дивизия (Брауншвейг, АО Люнебург, АО Хильдесхайм)
0005989.png	Святые
0005990.png	«Колыбельная для брата» (1979)
0005991.png	Я так мила.
0005992.png	Литература
0005993.png	Национальный состав
0005994.png	Пародисты Российской империи
0005995.png	Латышский
0005996.png	Герпетический энцефалит
0005997.png	Дом культуры
0005998.png	Канонизированные монархи Грузии
0005999.png	Праздники и памятные дни
0006000.png	Литература
0006001.png	Артериальная гипотензия
0006002.png	В 5 луне луский гун вернулся из похода на Ци.
0006003.png	Ссылки
0006004.png	Экономика
0006005.png	Родились
0006006.png	Православные: Евтропий, Тигрий, Тихон, Михаил.
0006007.png	Умершие в 1406 году
0006008.png	Египет
0006009.png	ММК им. Ильича
0006010.png	Происхождение названия
0006011.png	(Нидерланды)
0006012.png	Нобелевская премия по физике (1983)
0006013.png	Короли Наварры
0006014.png	Производная Пеано
0006015.png	терминологический
0006016.png	См. также
0006017.png	23 июня
0006018.png	В 1924 году в Бурятии было 10 библиотек и 49 изб-читален.
0006019.png	Тмутаракань
0006020.png	Перестройка в СССР.
0006021.png	Термины «богословие» и «теология» в русском языке
0006022.png	меня увлёк, и я начал сызнова».
0006023.png	Окончательное завоевание Хэси табгачами.
0006024.png	Ссылки
0006025.png	Ребекка Херпст, американская актриса.
0006026.png	Китай начинает выплату дани киданям.
0006027.png	Населённые пункты
0006028.png	Историческая серия «ТМ». СПУТНИКИ СЕРИИ «КОСМОС», МАРИНА МАРЧЕНКО
0006029.png	Сайт районной газеты «Вести трёхречья»
0006030.png	Культурное влияние и признание
0006031.png	Награды ЧМ
0006032.png	Часовой пояс
0006033.png	древнерусское слово «рама» означавшим «границу, примыкавшую к лесу»;
0006034.png	Вентральная область покрышки
0006035.png	Депрессия у детей встречается реже, чем у взрослых. Симптомы у детей таковы:
0006036.png	Императорские экзамены
0006037.png	Избран иностранным членом Американского философского общества.
0006038.png	Родились
0006039.png	Наш Гагарин
0006040.png	Частотные диапазоны
0006041.png	В настоящее время известно три наиболее вероятных скульптурных портрета Суллы:
0006042.png	Война с антигелугпинской коалицией
0006043.png	См. также
0006044.png	Список работ
0006045.png	Юлий Цезарь (фильм, 1953)
0006046.png	Поэзия и проза
0006047.png	Настоятели Соловецкого монастыря
0006048.png	Породы кроликов
0006049.png	Системное тестирование
0006050.png	Брук Лопес, американский баскетболист.
0006051.png	Сиреневая улица (деревня Рассудово)
0006052.png	Другое
0006053.png	Труды
0006054.png	Въсташа волсъви в Суждали
0006055.png	Физическая энциклопедия
0006056.png	Отряды лучепёрых рыб
0006057.png	создал комбинаторику как науку.
0006058.png	Архитектура Второго Болгарского царства.
0006059.png	Мобилизация венчурного капитала
0006060.png	Определение метра
0006061.png	Список авиационных заводов России
0006062.png	Директора Института российской истории РАН
0006063.png	Ранние годы
0006064.png	Документы
0006065.png	Свойства Гунгнира
0006066.png	В 1918 году произошло Арское восстание.
0006067.png	Наоми Уоттс, британская актриса и продюсер.
0006068.png	Орден Святого Андрея Первозванного ()
0006069.png	Музеи
0006070.png	Обозначение:
0006071.png	Рельеф
0006072.png	Ольга Зарубина, русская советская певица и актриса.
0006073.png	Виды токарных станков
0006074.png	Революционеры США
0006075.png	Населённые пункты Московской области
0006076.png	Электронная демократия
0006077.png	Золотой треугольник
0006078.png	Литература
0006079.png	Ртутный барометр
0006080.png	Медаль «За службу в Народной Армии»
0006081.png	Чернигов (), Украина
0006082.png	Борджигины
0006083.png	Валентин Смирнитский («Последняя встреча», 2010; «Петля Нестерова», 2015)
0006084.png	Синтаксический шум
0006085.png	Достопримечательности
0006086.png	Климат
0006087.png	«На лесной тропе» (1975)
0006088.png	Муниципалитеты Таррагоны
0006089.png	История
0006090.png	Фильмы США 1997 года
0006091.png	Внутренняя точка
0006092.png	См. также
0006093.png	Хронология руководства:
0006094.png	Междугородные маршруты
0006095.png	Города Калининградской области
0006096.png	Первый проход:
0006097.png	Скончались
0006098.png	Хронология
0006099.png	Примечания
0006100.png	Августинцы-каноники
0006101.png	горизонталь пишется слева направо;
0006102.png	Простые числа , для которых биномиальный коэффициент .
0006103.png	Коломенский завод выпустил свой последний паровоз П36-0251.
0006104.png	«Учебная книга латинского языка» (М., 1829);
0006105.png	Первоуральское рудоуправление
0006106.png	Биография
0006107.png	Писатели Сербии
0006108.png	Терминология
0006109.png	Герой Венгерской Народной Республики;
0006110.png	Преподаватели Люблянского университета
0006111.png	Судебные процессы с участием Рутерфорда
0006112.png	2 февраля
0006113.png	Эмират Дубай является известным туристическим центром на Ближнем Востоке.
0006114.png	Малоярославец, Калужская область, Россия
0006115.png	Акведук в виде тоннеля;
0006116.png	Париж
0006117.png	Фильмы
0006118.png	Террористический акт в Аксу
0006119.png	Отдельные издания:
0006120.png	Неонатология
0006121.png	Спортивно-оздоровительный комплекс «Смена»
0006122.png	Старые клячи (2000),
0006123.png	Теодор
0006124.png	ООО «КОМЛАЙН» Услуги связи и интернет.
0006125.png	Литература
0006126.png	Хирурги Франции
0006127.png	Изотопы
0006128.png	Небесная механика
0006129.png	Правители
0006130.png	Испанская гитара
0006131.png	Бокеевы, дворяне
0006132.png	Эмульсия фотографическая
0006133.png	Награды и номинации
0006134.png	Проблема отождествления
0006135.png	Официальный сайт ВОЗ на русском языке
0006136.png	Особая позиция Японии по территориальной принадлежности южной части острова
0006137.png	Похороненные в Госларе
0006138.png	Источники
0006139.png	Кинокомедии США
0006140.png	Биография
0006141.png	Пожар на пароходе «Генерал Слокам» (1904).
0006142.png	Монтаж аппаратуры подводной сигнализации.
0006143.png	Международные суды
0006144.png	Лауреаты Нобелевской премии мира
0006145.png	эпидемический (Экономо)
0006146.png	Детский отдых
0006147.png	Древняя Македония
0006148.png	В Москве действует военно-исторический музей «Кутузовская изба».
0006149.png	Примечания
0006150.png	Дигомское поле
0006151.png	Новый 1-й переулок
0006152.png	Члены Гёттингенской академии наук
0006153.png	См. также: :Категория:Умершие 12 июля
0006154.png	Вакуумные электронные лампы с подогревным катодом
0006155.png	Древнегреческие историки
0006156.png	Примечания
0006157.png	А всё ж остался дураком.
0006158.png	регулируемый
0006159.png	Функции
0006160.png	Издание собраний сочинений в русском переводе
0006161.png	Транспорт
0006162.png	Белоруссия
0006163.png	Мемуаристы Российской империи
0006164.png	Алексеевск
0006165.png	Примечания
0006166.png	Ссылки
0006167.png	Вооружённые силы
0006168.png	Производство: Межрабпом-Русь, Москва, СССР
0006169.png	Определители
0006170.png	Дворцовые перевороты
0006171.png	твердофазная ферментация;
0006172.png	14: библиотека наборов символов
0006173.png	лазеротерапия
0006174.png	Техника молодёжи. Винтокрылы
0006175.png	8-я часть (за Земляным городом, частично Сущёвская и Мещанская части)
0006176.png	Названия
0006177.png	Родились
0006178.png	Индия
0006179.png	Норма снабжения запасов
0006180.png	Жан Ангулемский
0006181.png	Государственное устройство США
0006182.png	Микрорайон Сходня:
0006183.png	«Берлинская эпиграмма» (1945)
0006184.png	Городской транспорт
0006185.png	Банковский сектор
0006186.png	«Из книги Лунь-Ю (Беседы мудрецов)»
0006187.png	Кодекс Рохонци
0006188.png	Выпускники Катанийского университета
0006189.png	Музыканты психоделического рока
0006190.png	Выпускники филологического факультета МГУ
0006191.png	Книги
0006192.png	Происходил из старинного дворянского рода Кологривовых. Родился в 1827 году.
0006193.png	Принцип ведения охоты
0006194.png	Посвещенный Марриконе Эннио
0006195.png	Кергелен
0006196.png	Кинокомпозиторы СССР
0006197.png	Газеты делятся:
0006198.png	Телевидение
0006199.png	Деятели единоверия
0006200.png	Органы власти
0006201.png	Культура
0006202.png	65 и более лет: 0,75 мужчины на 1 женщину.
0006203.png	Почему Россия не Америка
0006204.png	Наши любимые роли Георгия Вицина
0006205.png	История
0006206.png	Эти правила не следует путать с ещё двумя законами Кирхгофа в химии и физике.
0006207.png	Краснодарский краевой театр кукол;
0006208.png	Ссылки
0006209.png	Почётные доктора Болонского университета
0006210.png	Общие сведения
0006211.png	в Минске (Белоруссия) есть улица и переулок Болотникова
0006212.png	Сабин (хан Болгарии).
0006213.png	Войны Финляндии
0006214.png	Г. Ганзбург. О веризме.
0006215.png	Логистика
0006216.png	Большой крест ордена Звезды Румынии (2003)
0006217.png	ООО «Полевое»
0006218.png	Соколовский, Николай Антонович
0006219.png	История
0006220.png	1980-е
0006221.png	Название
0006222.png	Литературная критика
0006223.png	Безнадзорные дети
0006224.png	Известные преподаватели ФУПМ
0006225.png	Мишель Уэльбек, французский писатель.
0006226.png	Статьи
0006227.png	документ представляет собой осмысленный текст;
0006228.png	определение и назначение сетевых адресов компьютерам и устройствам сети;
0006229.png	Петуховский литейно-механический завод (закрыт)
0006230.png	Сильвия
0006231.png	Дискография
0006232.png	5) развлекательная сфера
0006233.png	Рисовальные принадлежности
0006234.png	Китай
0006235.png	ВВС Украины
0006236.png	Список супруг византийских императоров
0006237.png	Мемориальный парк «Победа».
0006238.png	Примечания
0006239.png	Ссылки
0006240.png	горелки (горелок)
0006241.png	Примечания
0006242.png	Пешеходная зона вдоль Северного бульвара
0006243.png	первая буква обозначает материал полупроводника:
0006244.png	Усиливает действие стимуляторов центральной нервной системы.
0006245.png	Семья
0006246.png	Около 1526 года, возможно, побывал в Италии.
0006247.png	Правовой департамент
0006248.png	Спорт
0006249.png	Подписан Египетско-израильский мирный договор.
0006250.png	повышения эффективности социальной защиты нетрудоспособного населения,
0006251.png	Культурное наследие
0006252.png	Национальный состав
0006253.png	Мужские имена
0006254.png	Медаль Роберта Нойса
0006255.png	502 км: река Вохонка
0006256.png	Депутаты Законодательной думы Томской области
0006257.png	, где , ,
0006258.png	Роль в обществе
0006259.png	Персоналии:Союздетфильм
0006260.png	Рост числа покупателей,
0006261.png	Ссылки
0006262.png	Крупнейшие радиоканалы:
0006263.png	Горы и сношения
0006264.png	Выборочно:
0006265.png	Литература
0006266.png	В Новороссийске расположены консульства:
0006267.png	Ссылки
0006268.png	Образ в литературе и искусстве
0006269.png	Литература
0006270.png	Примечания
0006271.png	Мосты через Адмиралтейский канал
0006272.png	ТВ-сериалы
0006273.png	Спортивная карьера
0006274.png	В 1991 году здание кирхи сгорело.
0006275.png	Российские военные объекты в СНГ
0006276.png	Чайко, Александр Юрьевич (??.??.2020)
0006277.png	Внешний вид
0006278.png	Церковь св. Михаила (1856 г.)
0006279.png	Почётное Консульство Греции, пр. Мустакиллик (бывш. ул. Пушкина), 88
0006280.png	Война Рима с Саппинатами.
0006281.png	Биоцентризм
0006282.png	Женщины по вечерам и ночью при лучине чесали, дёргали, сучили, наматывали пряжу.
0006283.png	Примечания
0006284.png	Выпускники Виленского университета
0006285.png	Министры Дании
0006286.png	География
0006287.png	Карта как основа географических исследований
0006288.png	Брестский мир
0006289.png	Военно-морской флаг Российской Федерации
0006290.png	Размеры поликарбоната
0006291.png	События без точных дат
0006292.png	Историки Армении
0006293.png	13 марта 1832 года хиротонисан во епископа Курского и Белгородского.
0006294.png	Сочинения
0006295.png	См. также
0006296.png	Описание
0006297.png	Не смешивать с гепарином (риск преципитации).
0006298.png	Пингвины в геральдике
0006299.png	6: строковые порты
0006300.png	Примечания
0006301.png	Мурманск, Россия (2015)
0006302.png	Ветряная оспа;
0006303.png	Семья и дети
0006304.png	Почётные доктора университета Витовта Великого
0006305.png	Появились в 1934 году в России
0006306.png	Имена на фасаде и в памяти
0006307.png	Дворянские роды, на гербах которых изображены львы
0006308.png	Ольга Пашкова, советская и российская актриса театра и кино.
0006309.png	История
0006310.png	Лев Аннинский: "Запах керосина - запах жизни" (о поэзии Елены Крюковой)
0006311.png	К моменту гибели на счету аса воздушной разведки было свыше 250 боевых вылетов.
0006312.png	Награды
0006313.png	Семейные портреты. Судьбы детей
0006314.png	Примечания
0006315.png	Обладатели Кубка мира по шахматам
0006316.png	Талисман
0006317.png	Наиболее распространённые виды спама
0006318.png	Биография на страничке «Герои и антигерои»
0006319.png	Аэропорты
0006320.png	Компрессия звука
0006321.png	Реверси
0006322.png	Никита, мученик (17 декабря ст. ст.)
0006323.png	История
0006324.png	Перспективы
0006325.png	594 км: водоток прот. Тихий Полой
0006326.png	История
0006327.png	26 июня
0006328.png	Люмьер
0006329.png	В кинематографе
0006330.png	Ссылки
0006331.png	В журнале, издававшемся Московским обществом сельского хозяйства:
0006332.png	Древние народы Азербайджана
0006333.png	О структуре Коммунистической партии Китая на сайте «Удивительный Китай»
0006334.png	Сергей Прокудин-Горский (р. 1863), русский фотограф, химик, изобретатель.
0006335.png	Другие достижения
0006336.png	Примечания
0006337.png	Тренеры ФК «Астана» (2009)
0006338.png	Экономические термины
0006339.png	Авиньон становится папским владением.
0006340.png	смешанные.
0006341.png	Корабли
0006342.png	Недостатки
0006343.png	литература и искусство,
0006344.png	10 географических районов;
0006345.png	Артюхов Виталий Григорьевич
0006346.png	Объекты, названные в честь Георгия Димитрова прижизненно
0006347.png	Иватаны
0006348.png	Протоколы транспортного уровня
0006349.png	См. также
0006350.png	Техника и технология
0006351.png	Все видео Льва Термена на одной странице
0006352.png	См. также
0006353.png	Виваро-альпийский язык
0006354.png	История
0006355.png	Оценка игры боулера осуществляется на основании следующих параметров:
0006356.png	Тематические ресурсы
0006357.png	Водород
0006358.png	Клишированное описание действий: перемещение героя на «ковре-самолёте»;
0006359.png	Примечания
0006360.png	вера в Аллаха,
0006361.png	Ссылки
0006362.png	Кафедра общей химии;
0006363.png	Муар многокрасочной печати
0006364.png	Индивидуальные души вечны и какое-то время наполняют материальные тела.
0006365.png	Многоразовые проездные билеты
0006366.png	Независимые Филиппины
0006367.png	Президенты Шри-Ланки
0006368.png	От полей и землицы родной.
0006369.png	Область исследования 02.00.17 Математическая и квантовая химия
0006370.png	Лухский район (Лух)
0006371.png	Газеты и журналы
0006372.png	Государственные награды:
0006373.png	Театры, основанные в 1977 году
0006374.png	Население
0006375.png	Министерство сельского хозяйства и животноводства Аргентины
0006376.png	22 апреля
0006377.png	Посёлок Амангельды
0006378.png	Сараево (), Босния и Герцеговина (1972)
0006379.png	Кинокомедии 1997 года
0006380.png	Депутаты Верховного Совета РСФСР 1-го созыва
0006381.png	Амальтея (спутник Юпитера)
0006382.png	Ловушка переключения задачи
0006383.png	Вагонное депо Шарья (ЛВЧД-6)
0006384.png	Начало строительства Бамбергского собора (1004).
0006385.png	Автоморфное число
0006386.png	Похороненные в Латвии
0006387.png	Вид жуков-усачей , оса  и вид пчёл  названы в его честь.
0006388.png	Псевдоэпиграфия
0006389.png	Общественная деятельность
0006390.png	Наклонения
0006391.png	рис.4. Псевдотройки
0006392.png	Скончались
0006393.png	Вхождение в состав Российского государства
0006394.png	Центральный аппарат РККА состоит из следующих основных органов:
0006395.png	Телеграмма Витте в МИД 5 августа 1905 года:
0006396.png	Индексы цен и дохода
0006397.png	23 сентября
0006398.png	Примечания
0006399.png	Первое замужество
0006400.png	Биография
0006401.png	Чайковский в энциклопедии «Мой город»
0006402.png	См. также
0006403.png	«Стеклянная улитка» (), 1998
0006404.png	три ряда (серии) согласных (звонкие, глухие и эмфатические);
0006405.png	Детские писатели по алфавиту
0006406.png	См. также: :Категория:Умершие в 1087 году
0006407.png	Герцогство Урбино было присоединено к папским владениям.
0006408.png	Иностранный почётный член Американской академии искусств и наук (1972)
0006409.png	Поп-музыканты СССР
0006410.png	Ан-225 Мрия
0006411.png	Маргарит Зейда Жеффрар
0006412.png	Джанни Моранди, итальянский певец и музыкант.
0006413.png	выделенным компонентом аппаратного обеспечения.
0006414.png	Женские имена
0006415.png	История
0006416.png	229 км: Чернушка (Ивановка) (лв)
0006417.png	Национальные
0006418.png	Культура и образование
0006419.png	Применение
0006420.png	Еврейские обрядовые предметы
0006421.png	Биография
0006422.png	«Ильвес» (Тампере, Финляндия)
0006423.png	Биография
0006424.png	Первый полёт
0006425.png	Атомные ледоколы
0006426.png	Направления в балете:
0006427.png	Волюнтаризм (философия)
0006428.png	Историки Великобритании
0006429.png	История
0006430.png	Виды и типы
0006431.png	Ювелирные сапфиры
0006432.png	Центр детского и юношеского творчества
0006433.png	Литература
0006434.png	Интерпретация
0006435.png	Начало выступления
0006436.png	Примечания
0006437.png	Международные Шагаловские дни
0006438.png	Режим вставки (), в котором производится ввод текста.
0006439.png	Расстройства эмоциональной сферы
0006440.png	На Капитолийском холме в Риме освящены Храм Венеры Эриксинской и Храм Ума.
0006441.png	Спортивная карьера
0006442.png	Награждённые медалью Дэви
0006443.png	Коммунизм
0006444.png	Фонтан памяти Казначеева;
0006445.png	14 сентября
0006446.png	Микропрограмма
0006447.png	КСЦ «Можга»
0006448.png	Католицизм
0006449.png	Свежий валежник может использоваться в качестве топлива.
0006450.png	1933 Страсть
0006451.png	Европейская живопись
0006452.png	Игровые хиты
0006453.png	Изгнанные из Северного Китая кидани захватили Семиречье и Восточный Туркестан.
0006454.png	Умершие от рака поджелудочной железы
0006455.png	Видные представители
0006456.png	Рондаш
0006457.png	Политическая корректность ()
0006458.png	Библиография
0006459.png	Союз Т-2
0006460.png	Храм Спасо-Преображенский Сергия Радонежского,
0006461.png	Большие куски шельфового льда отламываются и превращаются в айсберги.
0006462.png	Использование на монетах
0006463.png	умершего слава.
0006464.png	В антигитлеровскую коалицию входили:
0006465.png	Государственное устройство
0006466.png	Имена греческого происхождения
0006467.png	См. также
0006468.png	Участники второй итало-эфиопской войны
0006469.png	Личная инфляция
0006470.png	Американский бульдог сегодня
0006471.png	Эсперанса (1988)
0006472.png	Финансовые услуги
0006473.png	Предки
0006474.png	Бифункторы и мультифункторы
0006475.png	Аллергия на латекс
0006476.png	Сецская волость
0006477.png	Христа Короля и Св. Тересы Младенца Иисуса () в Павильнисе (улица Шварёйи 3)
0006478.png	Начало работы над «Книгой Мормона»
0006479.png	Выпускники Стэнфордской медицинской школы
0006480.png	11 марта
0006481.png	Музеи логистики
0006482.png	Глифосат (гербицид, использующийся для борьбы с сорняками)
0006483.png	Театральный коллектив «Эксперимент»
0006484.png	разум
0006485.png	Известные уроженцы
0006486.png	построить модель выпадения снега и модель таяния снега.
0006487.png	Осиповичское гетто
0006488.png	Культура
0006489.png	называются
0006490.png	Авторы энциклопедий и словарей
0006491.png	Сомнамбулизм (снохождение)
0006492.png	Областной музей истории народного образования
0006493.png	Преображенская церковь за верхом (Церковь спаса за верхом)
0006494.png	Образование
0006495.png	Магнитно-мягкие сплавы
0006496.png	Орден Ленина
0006497.png	Дж. Г. Стокс сформулировал правило Стокса.
0006498.png	Капище
0006499.png	В этот день крестьяне сажают горох и ранний картофель.
0006500.png	Воинские звания
0006501.png	Ананьина, Юлия Васильевна
0006502.png	Ролик
0006503.png	Личная страница Евгения Бунимовича на сайте «Эха Москвы»
0006504.png	Жерман посвящён в духовный сан.
0006505.png	Сен-Мартен,
0006506.png	Религиозные
0006507.png	Оперативно-разыскное управление (ОРУ)
0006508.png	Разложение азидов
0006509.png	Гамильтоны
0006510.png	Похороненные на Арлингтонском национальном кладбище
0006511.png	Дальномер
0006512.png	Машиностроительный и механико-технологический техникумы (г. Кимры)
0006513.png	См. также
0006514.png	Умершие от бронхита
0006515.png	Солдаты
0006516.png	«Поэзия». Анна Логвинова за цикл стихотворений «За пазухой советского пальто».
0006517.png	Примечания
0006518.png	Деятельность у Маркса
0006519.png	Параллельные вычисления
0006520.png	Носители, известные по имени
0006521.png	Курортный парк
0006522.png	(в пер.)
0006523.png	Теория элит
0006524.png	Антонио Маседа
0006525.png	Два ордена «Георгий Димитров» (1976, 1983);
0006526.png	Новосибирский государственный университет
0006527.png	Примечания
0006528.png	Иж-М14 для многодневных соревнований
0006529.png	Протоиереи Русской православной церкви
0006530.png	Скончались
0006531.png	Национальные
0006532.png	Интервью с Ахмадинежадом о Холокосте
0006533.png	Арест и следствие
0006534.png	Ссылки
0006535.png	Правовой статус
0006536.png	Экспертные системы
0006537.png	Действительные члены АН УССР
0006538.png	Слон в разных странах, в шахматах, имеет самые разные названия:
0006539.png	Аш (), Чехия
0006540.png	Древнегреческие философы
0006541.png	Воздушный транспорт
0006542.png	Стиль, характер, привычки
0006543.png	Родились
0006544.png	Среди монахов основанного ими монастыря в лике преподобных были прославлены
0006545.png	Событийный туризм
0006546.png	В 1601 году посёлок получил магдебургское право.
0006547.png	Первое американское турне
0006548.png	Председатели Правительства РФ
0006549.png	Действия в Испании
0006550.png	Дж. Уолтон
0006551.png	Труды
0006552.png	Примечания
0006553.png	Примечания
0006554.png	Корсары
0006555.png	Существует несколько парсеров для разных викисловарей:
0006556.png	Основные улицы: Коммунаров, Парковый проезд.
0006557.png	В 2019 году занял 31 место в рейтинге вузов России по версии РАЭКС.
0006558.png	Ядовитый мёд
0006559.png	Примечания
0006560.png	См. также
0006561.png	Тройная классификация дхарм
0006562.png	Рынок антиквариата на улице Дунтай Лу
0006563.png	Как Де-Рибас с казаками Измаил взяли
0006564.png	Экранизации произведений Бориса Акунина
0006565.png	Голод на Руси.
0006566.png	История предприятия
0006567.png	В январе 1989 года численность населения составляла 12 943 человека.
0006568.png	Она гарантирует широкий диапазон личной свободы и прав человека
0006569.png	Древнегреческие историки
0006570.png	Музыка
0006571.png	Правители
0006572.png	Источники
0006573.png	Известные представители
0006574.png	Матильда Хантингдонская
0006575.png	Средняя Азия:
0006576.png	Система ПРО территории страны «Таран»
0006577.png	Синдром нарушения целостности восприятия собственного тела
0006578.png	системы управления контентом ().
0006579.png	Литература
0006580.png	Турция
0006581.png	Биологические особенности
0006582.png	Бойцовая улица
0006583.png	Сухайб ар-Руми, сподвижник исламского пророка Мухаммеда.
0006584.png	Заметим, что , где  принимает только положительные значения.
0006585.png	Филэллины
0006586.png	Похороненные в парижском Пантеоне
0006587.png	Ссылки
0006588.png	Радиоактивные элементы
0006589.png	Председатели Центрвоенсовета Китая
0006590.png	Расширение границ биосферы и выход в Космос.
0006591.png	20 января
0006592.png	Благоверных князей Петра и Февронии.
0006593.png	Патриархальная семья
0006594.png	Именины
0006595.png	1288 км: Иста (пр)
0006596.png	Чехия является членом Совета Европы, Организации Объединённых Наций.
0006597.png	Примечания
0006598.png	«Отелло» Дж. Верди (1978)
0006599.png	Османская империя
0006600.png	Дополнительными аксиомами являются следующие:
0006601.png	Примечания
0006602.png	Баркар Александр
0006603.png	металлургическое производство,
0006604.png	Кавалеры киргизского ордена «Курманжан Датка»
0006605.png	Совместное ведение хозяйства и обмен опытом
0006606.png	Первая помощь
0006607.png	Судоверфь,
0006608.png	Сахарный диабет
0006609.png	Классификация
0006610.png	Метонов цикл
0006611.png	Реформа науки: взгляд изнутри.
0006612.png	Вселенские соборы
0006613.png	Присоединение черниговских земель
0006614.png	Музеи
0006615.png	Реки Умбрии
0006616.png	Описание
0006617.png	Орден «За боевые заслуги» МНР (1964).
0006618.png	Генетическая структура
0006619.png	Стихи Г. Адамовича
0006620.png	Похороненные на Никольском кладбище Александро-Невской лавры
0006621.png	Литература
0006622.png	Главное управление РККА.
0006623.png	Чехармехаль и Бахтиария
0006624.png	Контакт
0006625.png	Судьба семьи Принципов
0006626.png	Гигантский Магелланов телескоп
0006627.png	Литература
0006628.png	Примечания
0006629.png	Сослагательное наклонение:
0006630.png	Пиренейский полуостров
0006631.png	Фонтан-памятник Тюменской области
0006632.png	Персоналии:Византия
0006633.png	Фильмы об экстрасенсах
0006634.png	Полковники (Российская Федерация)
0006635.png	Национальные
0006636.png	Клиническое значение
0006637.png	Чехи попросили Генриха согласиться на брак Яна Люксембургского с Элишкой.
0006638.png	Сремски-Карловци, Сербия
0006639.png	Юлий Цезарь:
0006640.png	Награды и звания
0006641.png	2023 год
0006642.png	Производство в России
0006643.png	В математике
0006644.png	Преподаватели Школы наук Массачусетского технологического института
0006645.png	Члены Баварской академии наук
0006646.png	Отображение  называется равномерно непрерывным на подмножестве  если:
0006647.png	Космическая философия К. Э. Циолковского
0006648.png	злое число
0006649.png	Также функционирует «Моршанский городской рынок»
0006650.png	Разработка дизайна
0006651.png	Примечания
0006652.png	Биография
0006653.png	вспомогательная школа;
0006654.png	Официальный сайт муниципалитета
0006655.png	Задержки сигнала, вызванные его прохождением через элементы цифровых микросхем.
0006656.png	Районные центры Ханты-Мансийского автономного округа
0006657.png	Цари Спарты
0006658.png	Боги календарных сезонов
0006659.png	Религия и мифология
0006660.png	8 января
0006661.png	Иов Анзерский, преподобный Русской церкви.
0006662.png	Оленеводство
0006663.png	Визимар (330-е годы). Погиб в сражении с готами в Дакии.
0006664.png	См. также
0006665.png	Литература
0006666.png	Литература
0006667.png	См. также
0006668.png	Колмогоровская сложность
0006669.png	США и модернизация шахской армии
0006670.png	Мечеть Мухаммад Юсуф Байходжи угли (1909)
0006671.png	сопровождение дальнейшего движения груза, прошедшего таможенную границу.
0006672.png	Упразднённые городские поселения Нижегородской области
0006673.png	Значение воды для возникновения и сохранения жизни
0006674.png	Экранизации
0006675.png	Склонение числительных «два», «три», «четыре», «пять»:
0006676.png	Культура и искусство
0006677.png	Всеукраинский благотворительный фонд имени Петра Калнышевского
0006678.png	Коммерческие транспортные средства
0006679.png	Формулировка
0006680.png	«Дружеское увещевание» (1956, США)
0006681.png	Главные тренеры
0006682.png	Кинотеатр «Родина»
0006683.png	Возможная замена трамваем
0006684.png	Наиболее распространёнными являются следующие типы расчётных схем арок:
0006685.png	Тяхтвере,
0006686.png	Театр Корша
0006687.png	Биография
0006688.png	Транспорт
0006689.png	Прогнозирование
0006690.png	Источники
0006691.png	ВРК в Октябрьской революции
0006692.png	Примечания
0006693.png	Турнир посвящённый Дню работников нефтяной и газовой промышленности (1): 2004
0006694.png	Размножение
0006695.png	Оценки
0006696.png	Биография
0006697.png	ассоциативность: ;
0006698.png	где импульс
0006699.png	Изотопы
0006700.png	Фармакологическое действие
0006701.png	Государственный переворот
0006702.png	Чеченский государственный театр юного зрителя;
0006703.png	Театр абсурда в России
0006704.png	Все методы контрацепции
0006705.png	Перезахороненные
0006706.png	Скорпионницы
0006707.png	Содружество Независимых Государств (СНГ)
0006708.png	Моторная улица
0006709.png	российские
0006710.png	Агенты чжоуского вана убили в Чу царевича Чжао.
0006711.png	На 01.01.2020 численность скота во всех категориях хозяйств составила:
0006712.png	к материалистическому монизму (Х. Де Руа, Б. Спиноза),
0006713.png	Достопримечательности
0006714.png	Гугиев Геннадий Анатольевич (с 17 ноября 2017 года)
0006715.png	4 декабря
0006716.png	Основоположники национальной письменности и литературы
0006717.png	Процессы работы с данными
0006718.png	Учился в Бреслау, Мюнхене и в Берлине (у Александра Брауна)
0006719.png	«Вокруг Луны» (1869),
0006720.png	Западный район (Соцгород)
0006721.png	Категории воздушных судов гражданской авиации в соответствии с правилами ИКАО
0006722.png	Киевский поход
0006723.png	Лесбиянство
0006724.png	Война за независимость Венгрии (1848-1849)
0006725.png	Название
0006726.png	Описание полёта
0006727.png	Орден Святого Иосифа, большой крест (Великое герцогство Тосканское, 1850)
0006728.png	1046 км: Мукдакачи
0006729.png	Примечания
0006730.png	См. также: :Категория:Родившиеся в 1742 году
0006731.png	История религии и религиоведение
0006732.png	1980-е годы в Киеве
0006733.png	Транспорт
0006734.png	Американская революция
0006735.png	Экономика
0006736.png	утверждает военную доктрину России;
0006737.png	1-я Его Величества батарея
0006738.png	Условия мира
0006739.png	Структура Университета
0006740.png	Литература
0006741.png	История театра
0006742.png	Богини в римской мифологии
0006743.png	Кавалер Ордена Святых Михаила и Георгия (3 июля 1918)
0006744.png	Уренгой
0006745.png	924 км: Солянка
0006746.png	Выпускники 4-й Московской гимназии
0006747.png	Литература
0006748.png	См. также
0006749.png	Примечания
0006750.png	«Альдебаран» (1931)
0006751.png	Рейтинг шахматисток за всю историю блиц
0006752.png	Название
0006753.png	Обеспечение дозревания лимфоидных клеток и превращение моноцитов в макрофаги.
0006754.png	средства технического обслуживания, транспортировки и хранения.
0006755.png	Выпускники Ташкентского театрального института
0006756.png	Дайджест мыльных опер
0006757.png	Рэйвен Гримасси. Викка. Древние корни колдовских учений. М., 1999
0006758.png	Звегинцев В. А. Теоретическая и прикладная лингвистика. М.: Просвещение, 1968.
0006759.png	Исчезли в 850 году
0006760.png	СПК «Новый путь»
0006761.png	Кот Бегемот
0006762.png	Канцлер Российской империи
0006763.png	Наука и образование
0006764.png	Рифмизация;
0006765.png	Веб-страница о фильме «Топаз»
0006766.png	Персоналии:Иудаизм
0006767.png	Персоналии:Томская губерния
0006768.png	Библиография
0006769.png	Постановка: Андрей Бенкендорф, Владислав Фурман
0006770.png	Комитеты
0006771.png	Святые и блаженные католической церкви. Крупнейший русскоязычный каталог святых
0006772.png	Информационное общество
0006773.png	Значение для Египта
0006774.png	Население
0006775.png	Литература
0006776.png	Политические философы
0006777.png	Начало политической деятельности.
0006778.png	Сравнение законов об авторском праве России и Украины
0006779.png	Рыцарское звание
0006780.png	Фасилитация
0006781.png	Экономика
0006782.png	Головокружение
0006783.png	Чёрно-белые документальные фильмы
0006784.png	Населённые пункты по алфавиту
0006785.png	Галерея
0006786.png	Скорпонок
0006787.png	Имена греческого происхождения
0006788.png	Актёры театра Румынии
0006789.png	Члены Болонской академии наук
0006790.png	Центр водных видов спорта, Кириши;
0006791.png	называет Гумилёва одним из предшественников фолк-хистори.
0006792.png	Члены Французской академии наук
0006793.png	Средства массовой информации
0006794.png	Литература
0006795.png	Лейб-гвардии Московского полка (с 8 ноября 1910 года),
0006796.png	Улица Степана Разина в Курске
0006797.png	Участники Троянской войны
0006798.png	См. также
0006799.png	Ссылки
0006800.png	Рейхсляйтеры
0006801.png	Тенденции в цифровой фотографии. Часть 3 (ПЗС-матрицы)
0006802.png	Появились в 1637 году
0006803.png	15 августа (Успение Богородицы и одновременно «День Матери»)
0006804.png	Физические свойства
0006805.png	пьяница
0006806.png	Дополнение к «Сочинениям»
0006807.png	Сопряжение возбуждения и сокращения
0006808.png	Жилищно-коммунальные службы
0006809.png	Ромбододекаэдр
0006810.png	Умершие от рака предстательной железы
0006811.png	Примечания
0006812.png	Образование
0006813.png	Прохоровка
0006814.png	Новосибирск, Россия (26 июня 2009 года)
0006815.png	Дом ксендза (1912).
0006816.png	Ссылки
0006817.png	Общественно-политическая газета «Нейские вести»
0006818.png	Персоны года
0006819.png	Представление через числа Белла:
0006820.png	Эксплуатация
0006821.png	См. также
0006822.png	Статьи
0006823.png	память Екатерины Шведской;
0006824.png	Журавли. М., Детская литература, 1983 (в соавторстве с Т. Мавриной)
0006825.png	Дмитрий Штофф (Штоффенков)
0006826.png	Литература
0006827.png	Примечания
0006828.png	Антофагаста, Чили
0006829.png	Северная Германия
0006830.png	1958 год в Хабаровском крае
0006831.png	Автобусный транспорт
0006832.png	Флаги с изображением коронованных львов
0006833.png	Биография
0006834.png	Бродвейские мюзиклы
0006835.png	Дисковые однозадачные операционные системы
0006836.png	Информационно-познавательный сайт города Атырау
0006837.png	Теории объектных отношений
0006838.png	Сторонник конституционной монархии и теории общественного договора.
0006839.png	часть России
0006840.png	Кладка без использования раствора
0006841.png	Вненадельная земля.
0006842.png	Иммунная система
0006843.png	Исторические сведения о Бурятии
0006844.png	Строительство метрополитена
0006845.png	Триумф диктатора за победу над вейянами у Фиден.
0006846.png	Албания и Молдова вступили в Совет Европы.
0006847.png	Философия права
0006848.png	Рекордсмены по числу проведённых игр
0006849.png	Открытие Турксиба
0006850.png	История античной эстетики. Высокая классика. 1-е изд.: : Искусство, 1974;
0006851.png	Барретт
0006852.png	Награды и звания
0006853.png	Военные корабли Черноморского флота Российской империи
0006854.png	Выражение общественного мнения
0006855.png	Эфирное масло
0006856.png	На юго-востоке Мексика граничит с Гватемалой (871 км) и Белизом (251 км).
0006857.png	Персоналии:Гана
0006858.png	Японская эстетика
0006859.png	В Польше вступила в силу реформа административно-территориального деления.
0006860.png	Философский камень
0006861.png	Художественные фильмы
0006862.png	Пищевая промышленность; выращивание зерновых, овцеводство.
0006863.png	Мадмуазель Клерон умерла 25 января 1803 года в Париже.
0006864.png	Противопоказания
0006865.png	Бельгия
0006866.png	Каго но нака но тори ва
0006867.png	Экуменизм
0006868.png	Эвакуация
0006869.png	27 Христианство
0006870.png	Ссылки
0006871.png	Римская республика
0006872.png	орден «Серебряная звезда» (Сирия, 1987);
0006873.png	Скончались
0006874.png	Частная вирусология
0006875.png	Комментарии
0006876.png	Источники
0006877.png	Сайт Днепропетровского АСК.
0006878.png	Юрий Энтин, советский и российский поэт, драматург, поэт-песенник.
0006879.png	Митсого
0006880.png	авиаторы
0006881.png	Крупногабаритный багаж
0006882.png	1 апреля
0006883.png	Ружинский район
0006884.png	право на передачу или перевод акций;
0006885.png	Реки Ростовского района
0006886.png	Члены Американского философского общества
0006887.png	Ссылки
0006888.png	Основываясь на работе протоколов, можно разделить их по двум основным критериям:
0006889.png	Телевидение
0006890.png	Имя Льва Бакста носит одна из улиц в Гродно.
0006891.png	Кафедра математического анализа и теории функций
0006892.png	Монографии
0006893.png	Примечания
0006894.png	Ялта () (с 2008 года)
0006895.png	Дмитрий Сергеевич Лихачёв, советский и российский учёный (ум. в 1999).
0006896.png	111 км: Атавка
0006897.png	Члены Леопольдины
0006898.png	Так как по теореме Пифагора , то выполнено .
0006899.png	Первоисточники
0006900.png	Рельеф
0006901.png	Аэростаты
0006902.png	Орден Святого Станислава 1-й ст. (1902);
0006903.png	Апрель
0006904.png	Райсальцы (Райсальский креольский язык. Сан-Андрес-и-Провиденсия)
0006905.png	Лазаревич А. Лунный Сон (легенда). 1989.
0006906.png	Устройства отопления и кондиционирования пассажирского салона и кабины водителя;
0006907.png	Ссылки
0006908.png	См. также
0006909.png	Объекты, названные в честь святых
0006910.png	Квантовая радиофизика
0006911.png	анксиолитический, или транквилизирующий;
0006912.png	Примечания
0006913.png	Фридрих Горенштейн
0006914.png	Действующие ПХГ группы Газпром:
0006915.png	Примечания
0006916.png	Октябрь: осенняя ярмарка.
0006917.png	Этимология и вариации
0006918.png	венчурные фонды
0006919.png	Украина
0006920.png	Подрезковская 1-я улица
0006921.png	Советский быт
0006922.png	Историко-краеведческий сайт о Костанае и Костанайской области
0006923.png	Электрическую дугу, используемую для сварки металлов, называют сварочной дугой.
0006924.png	сопрограммы;
0006925.png	Переименованные населённые пункты России
0006926.png	Современное федеративное устройство России
0006927.png	Персоналии
0006928.png	Учебно-производственный центр профессионального образования «Амикаро».
0006929.png	Экономика
0006930.png	См. также
0006931.png	Музей творчества Туве Янссон «Музей муми-троллей».
0006932.png	Строфика
0006933.png	Ссылки
0006934.png	Курсы подготовки специалистов
0006935.png	Рекомендуемая литература
0006936.png	«Парижское кафе» (1890-е), Государственная Третьяковская галерея.
0006937.png	Георгиевская улица
0006938.png	Фильмы Павла Арсенова
0006939.png	Прочее
0006940.png	Теория чисел
0006941.png	С ним отцов наших в дымных вагонах
0006942.png	Статьи с эдитнотисом об осторожности при редактировании
0006943.png	Путешественники Великобритании
0006944.png	Хоккей на траве
0006945.png	Бартошице
0006946.png	член Дублинского королевского общества (1886);
0006947.png	Состав Танаха
0006948.png	Серхио Бускетс, испанский футболист, чемпион мира (2010) и Европы (2012).
0006949.png	Юзеф Слушка, польный гетман литовский.
0006950.png	Транспорт
0006951.png	Литература
0006952.png	Китай:
0006953.png	Сольнок, Венгрия (2013)
0006954.png	Почётный член  и Американского метеорологического общества.
0006955.png	588 км: река Уркан (нижний приток) (пр)
0006956.png	Спасский тупик
0006957.png	Социальное поведение
0006958.png	Сентябрь. Начата сборка уникального крана грузоподъёмностью 380 тонн.
0006959.png	4 ландшафтных комплексных заказника:
0006960.png	Лабораторные исследования
0006961.png	Полтавский национальный педагогический университет имени В. Г. Короленко,
0006962.png	Белобров В. А. Традиционная русская система мер длины. Краткое описание.
0006963.png	Члены Французской академии наук
0006964.png	Факультет пищевой инженерии (ФПИ)
0006965.png	демографическая
0006966.png	Карта с указанием улиц Иркутска  Роскартография, 1997
0006967.png	Джейми Дорнан, британский актёр.
0006968.png	Сенаторы Франции
0006969.png	Вепрь Ы
0006970.png	Сторонники ненасилия
0006971.png	Индуизм
0006972.png	Структура
0006973.png	1-я Его Величества батарея
0006974.png	Курорты Литвы
0006975.png	Бари, Италия
0006976.png	Биография
0006977.png	Лесная улица (рабочий посёлок Киевский)
0006978.png	Православные
0006979.png	Литература
0006980.png	Создан футбольный клуб «Порту».
0006981.png	Тубалары
0006982.png	Источники
0006983.png	При использовании большого избытка ацетона реакция смещается вправо.
0006984.png	Получение
0006985.png	Вуканово Евангелие
0006986.png	Прочая деятельность.
0006987.png	Биографии тех, кто делает ремиксы. Русские ремиксы, 2011.
0006988.png	Занятие должности бессрочного диктатора
0006989.png	Брайан Кеннеди, ирландский певец и композитор.
0006990.png	Главы Череповца
0006991.png	Известные преподаватели
0006992.png	коксохимическая промышленность (производство кокса, коксового газа и пр.);
0006993.png	Население
0006994.png	Академия интерлингвы
0006995.png	Для хора
0006996.png	Официальный сайт города Усолье-Сибирское
0006997.png	Противопоказания
0006998.png	Подробная история портера
0006999.png	Арест на вклад
0007000.png	Литература
0007001.png	Автономные области Таджикской ССР
0007002.png	Калькутта, Индия
0007003.png	резинотехнических изделий
0007004.png	Документальные фильмы
0007005.png	Мемуаристы русского зарубежья
0007006.png	Одинцово
0007007.png	Амфениколы
0007008.png	Три округа Пенсильвании становятся колонией Делавэр.
0007009.png	Факты
0007010.png	Сатюкова 1-я
0007011.png	Официальный сайт фильма
0007012.png	Статьи с эдитнотисом об осторожности при редактировании
0007013.png	И его-то похитил мудрец Прометей,
0007014.png	Композиторы Средневековья
0007015.png	Выпускники 2-ой физико-математической школы
0007016.png	История
0007017.png	пять орденов Ленина (22.02.1938, 21.03.1940, 21.02.1945, 18.02.1955, 18.02.1970)
0007018.png	Мифология алтайцев
0007019.png	Бывшие поселения
0007020.png	Виды авиации России с соответствии с Воздушным кодексом РФ:
0007021.png	Галерея
0007022.png	Демография
0007023.png	Примечания
0007024.png	Сноски
0007025.png	Почётные доктора Оттавского университета
0007026.png	О погоде
0007027.png	Юрий Михайлович Агеев. Детство Расула Гамзатова. 2012.
0007028.png	Генная инженерия человека
0007029.png	Классическая механика
0007030.png	Юридические аргументы
0007031.png	Валинор
0007032.png	Минеральные вяжущие
0007033.png	Население
0007034.png	Болонская псалтырь
0007035.png	Языки
0007036.png	1086 км: Уэс-Кёнё
0007037.png	Жёлчный пузырь и жёлчные протоки
0007038.png	1261 км: Порыш (131 км)
0007039.png	Орджоникидзевское
0007040.png	Биография
0007041.png	Призёры и лучшие снайперы чемпионатов СССР
0007042.png	Литература
0007043.png	Правнуком Завиши был Ян Амор Тарновский, основатель города Тернополя.
0007044.png	Конгломерат
0007045.png	противовирусную химиотерапию;
0007046.png	Песня прыгуна в высоту (ТВ Болгарии «Вместо интервью», 1975)
0007047.png	Кёльнер Хайе (после 3-го места во 1-й Бундеслиге)
0007048.png	Парк «Куракина Дача»
0007049.png	Музей археологии и этнографии Алтая
0007050.png	Механизмы пульсаций
0007051.png	Казвин
0007052.png	Корсиканцы
0007053.png	Ссылки
0007054.png	Хунвэйбины в Пекине обстреляли британское посольство.
0007055.png	С точки зрения здоровья можно определить два уровня артериального давления:
0007056.png	Мельбурн, Австралия (19 марта 1984)
0007057.png	Группа «Демократическая автономия»: 23 депутата
0007058.png	Персидские философы
0007059.png	История названия
0007060.png	Французские писатели
0007061.png	Литературная деятельность
0007062.png	Увеличение королевского домена
0007063.png	Русская православная церковь
0007064.png	Первое упоминание термина «посадник».
0007065.png	Умершие от пневмонии
0007066.png	Военачальники по алфавиту
0007067.png	Малый Кубок мира
0007068.png	Безопасность
0007069.png	Декларация о независимости
0007070.png	У млекопитающих различают несколько отделов толстой кишки:
0007071.png	«Евангелие от Ессеев»
0007072.png	Источники
0007073.png	Ссылки
0007074.png	Образ и память
0007075.png	Наследие
0007076.png	Примечания
0007077.png	один знак в последовательность знаков;
0007078.png	Культ предков
0007079.png	В геральдике
0007080.png	Транспорт
0007081.png	История
0007082.png	Профессорское кладбище (Калининград)
0007083.png	Органы местного самоуправления
0007084.png	Чжан Сяогуан ()
0007085.png	Факультет фотоники
0007086.png	День работников дошкольного образования
0007087.png	Мохаммед-шах Каджар
0007088.png	общие принципы права
0007089.png	Ахтопол
0007090.png	Мемуары
0007091.png	Алекс ван Вармердам, голландский актёр и кинорежиссёр.
0007092.png	Давление на журналиста в Вологде
0007093.png	Сквер имени Болдина
0007094.png	Примечания
0007095.png	Классификация экземы
0007096.png	ООО БалАП
0007097.png	Население
0007098.png	Чернышёв, Сергей Леонидович (р. 1955)
0007099.png	Клубные цвета
0007100.png	По преданию, основана апостолом Варнавой в 47 году.
0007101.png	История
0007102.png	В то же время однозначного толкования термина «харалуг» нет.
0007103.png	Тахогенератор
0007104.png	Выпускники Бакинского высшего общевойскового командного училища
0007105.png	Публикации
0007106.png	Ссылки
0007107.png	Города Крыма
0007108.png	В румынской Сучаве прошел фестиваль русинов (10.06.2006)
0007109.png	В литературе
0007110.png	Классы светимости
0007111.png	Эдинбург
0007112.png	Дочь (род. 1931), погибла во время блокады Ленинграда.
0007113.png	Обсуждение системы ИСТИНА
0007114.png	как решения ( и  соответственно) системы функциональных уравнений:
0007115.png	Президиум Генерального совета
0007116.png	Изобретения СССР
0007117.png	1219 км: Малая Белая
0007118.png	19.03.01 Биотехнология;
0007119.png	Орден «Ожерелье Нила» (январь 1971, ОАР);
0007120.png	Примечания
0007121.png	Происхождение термина
0007122.png	Прочее
0007123.png	Похороненные на Антакальнисском кладбище
0007124.png	Бронзовый бюст установлен на родине, в Москве.
0007125.png	Генералы от инфантерии (Российская империя)
0007126.png	Место гибели св. Григориса
0007127.png	Награды и почётные звания
0007128.png	Дивясь его силе;
0007129.png	Особые указания
0007130.png	Памятник в Житомире (Украина).
0007131.png	См. также
0007132.png	См. также
0007133.png	13 Донская казачья дивизия
0007134.png	Для инструмента с оркестром
0007135.png	Бытовые отходы
0007136.png	Православие
0007137.png	Творчество
0007138.png	-кобордизм
0007139.png	Джуманиязов Б. «Махамбет» (первая постановка)
0007140.png	Примечания
0007141.png	Примечания
0007142.png	Спонсоры и партнёры
0007143.png	Министры иностранных дел Баварии
0007144.png	Война со свевами
0007145.png	12-е простое число.
0007146.png	Похороненные на Армянском кладбище (Москва)
0007147.png	2010-е
0007148.png	, где
0007149.png	Память
0007150.png	Современность
0007151.png	Количество монет и банкнот в обращении
0007152.png	Родители
0007153.png	Музей города Пензы;
0007154.png	413 км: Молодо
0007155.png	Физико-географическая характеристика
0007156.png	Португало-египетская война
0007157.png	Описание
0007158.png	Берлинская стена построена (1961).
0007159.png	См. также
0007160.png	Театры Москвы
0007161.png	Центральный (),
0007162.png	тошнота, рвота;
0007163.png	Синдром Ваарденбурга
0007164.png	Дерби
0007165.png	память преподобного Илариона Псковоезерского, Гдовского (1476 год);
0007166.png	Фазовые переходы
0007167.png	Население
0007168.png	Православие
0007169.png	Высокий горный массив Рувензори расположен на восточных границах страны.
0007170.png	ТЦ «ДАРЦ»
0007171.png	Выпускники Витватерсрандского университета
0007172.png	Литература
0007173.png	Мобильные
0007174.png	Театр и исполнительское искусство
0007175.png	Примечания
0007176.png	Публикации
0007177.png	гистограммы которого нужно построить.
0007178.png	Сергей Крылов, российский певец, шоумен и актёр.
0007179.png	Животный мир
0007180.png	История и фотографии Финляндского вокзала
0007181.png	В службе:
0007182.png	Осака, Япония
0007183.png	Раскладки клавиатуры
0007184.png	Варлам Шаламов. Переписка со Львом Копелевым
0007185.png	Кто первым ступит на Луну?
0007186.png	Система аварийного спасения
0007187.png	Орнамент по регионам
0007188.png	Офицер ордена Почётного легиона (Франция, 2004).
0007189.png	Существительное
0007190.png	Аппарат Совета Федерации
0007191.png	Промышленная площадка
0007192.png	Кафедра теоретической физики
0007193.png	См. также
0007194.png	Перемирие Афин и Спарты на 5 лет.
0007195.png	См. также
0007196.png	См. также
0007197.png	Похороненные на Новодевичьем кладбище
0007198.png	Бутан: единственная страна мира, на всей территории которой запрещено курение.
0007199.png	Депутаты рейхстага (нацистская Германия)
0007200.png	1467 год в Крыму
0007201.png	в Париж прибыл золотой запас Польши, эвакуированный от немцев.
0007202.png	9 октября (футбольный клуб)
0007203.png	тоннели предприятия «Апатит»;
0007204.png	Инженерные заграждения
0007205.png	Населённые пункты
0007206.png	Именины
0007207.png	Сергей Ковалец
0007208.png	Летающие игрушки
0007209.png	См. также
0007210.png	Примечания
0007211.png	Землетрясение
0007212.png	ГОСТ 6266-97 Листы гипсокартонные. Технические условия
0007213.png	плавательный бассейн «Парус»;
0007214.png	Примечания
0007215.png	«Бесы»
0007216.png	Фильмы об экономистах
0007217.png	Эксплуатируются следующие модели подвижного состава:
0007218.png	«Крылья Советов»
0007219.png	Сын Лотаря Людовик король Аквитании
0007220.png	История
0007221.png	хранит Государственную печать Чешской Республики
0007222.png	Термин назван в честь немецкого математика Бернхарда Римана.
0007223.png	Жак Пикар (р. 1922), французский изобретатель и исследователь морских глубин.
0007224.png	Родившиеся в 1430 году
0007225.png	Города Белоруссии
0007226.png	Авторы Энциклопедического словаря Гранат
0007227.png	Литература
0007228.png	Культура
0007229.png	Кобяков Д. А. Театр в Тифлисе с 1845 по 1856 год.
0007230.png	История создания «Сто лет одиночества»
0007231.png	Тюменская область
0007232.png	Следствия закона
0007233.png	Синтаксис:
0007234.png	Литература
0007235.png	Растительность и животный мир
0007236.png	Жидовин
0007237.png	Отличительные особенности
0007238.png	Административно-территориальное устройство
0007239.png	Кокосовый субстрат
0007240.png	В 1973 году создана первая телестудия.
0007241.png	Брестское государственное областное училище Олимпийского резерва
0007242.png	Интересные факты
0007243.png	Почитание
0007244.png	Переименования географических названий в Турции
0007245.png	Совместимость
0007246.png	Литература
0007247.png	Средневековые монеты
0007248.png	Написал романы и повести:
0007249.png	Вертикальное развитие
0007250.png	В филателии
0007251.png	Курбский А. М. «История о великом князе Московском»
0007252.png	Неофициальное программное обеспечение
0007253.png	Литература
0007254.png	Православие
0007255.png	История
0007256.png	Физико-географическое положение
0007257.png	Описание
0007258.png	Старик Хоттабыч и Сидорелли
0007259.png	Зыряновский
0007260.png	Институт гравитационной физики Общества Макса Планка, Гольм, Германия
0007261.png	Сезар Франк (ум. 1890), бельгийский композитор и органист.
0007262.png	Чаще всего используется ортогональная проекция.
0007263.png	Дума Астраханской области имеет следующую структуру:
0007264.png	Перевод статьи «Новый подход к веб-приложениям»
0007265.png	Книги о Новочеркасске
0007266.png	См. также: :Категория:Родившиеся в 1913 году
0007267.png	таможенные карты
0007268.png	Библиография
0007269.png	Галерея
0007270.png	Столицы южноамериканских государств
0007271.png	аминергические, содержащие биогенные амины (например, серотонин, дофамин);
0007272.png	Нервная система
0007273.png	Члены Союза художников СССР
0007274.png	Примечания
0007275.png	Политические
0007276.png	Символ веры методистской церкви.
0007277.png	В 1810-х гг. в Грузино им была построена колокольня.
0007278.png	Преображенский приказ
0007279.png	«Гербы России» Александров (телесериал, 1999-2005)
0007280.png	Е. Н. Строганова
0007281.png	Полезные ископаемые
0007282.png	Кафедра международных комплексных проблем природопользования и экологии;
0007283.png	Британский блюз
0007284.png	Драматурги Испании
0007285.png	Рапалло
0007286.png	Память апостола Варфоломея совершается:
0007287.png	Реформа 1975 года
0007288.png	ТНВ (Республика Татарстан)
0007289.png	Пятидесятница на разных языках
0007290.png	Персоналии:Ленфильм
0007291.png	Нурлан Балгимбаев стал премьер-министром Казахстана.
0007292.png	создания демонстрационного диска;
0007293.png	Сельское хозяйство
0007294.png	См. также
0007295.png	Уфимская духовная семинария
0007296.png	Черткова Г. С. Барнав, Бабёф: два взгляда на французскую революцию
0007297.png	Экономика
0007298.png	Транспорт Приморского края
0007299.png	24 января
0007300.png	Публичная критика псевдонауки
0007301.png	Яватаяма-хан ()
0007302.png	Литература
0007303.png	Труппа
0007304.png	1937 год
0007305.png	Желудок расположен под диафрагмой в левом подреберье и надчревной области.
0007306.png	Библиография
0007307.png	Станислав Микульский (р. 1929), польский актёр театра и кино.
0007308.png	Талмуд
0007309.png	Фотографы, снимающие моноклем
0007310.png	Хуантинцзин
0007311.png	Визуальные эффекты
0007312.png	Влияние автотранспорта
0007313.png	Факультет информатики
0007314.png	Философы Ливии
0007315.png	В битве при Рокруа французская армия полностью разгромила испанские войска.
0007316.png	Литература
0007317.png	профессионально-техническое торгово-кулинарное училище
0007318.png	Реакция Дюма
0007319.png	375 км: река Обихингоу (лев.)
0007320.png	Байкальск в энциклопедии «Мой город»
0007321.png	Итальянское вторжение в Абиссинию
0007322.png	Хор «В молитвах неусыпающую Богородицу» (1893)
0007323.png	«Третья модернизация Казахстана: глобальная конкурентоспособность»
0007324.png	Литература
0007325.png	Александра Лебединская, российская актриса и режиссёр-постановщик.
0007326.png	Наиболее часто встречающиеся, почти канонические дополнительные условия:
0007327.png	Этельберт признан правителем англосаксов.
0007328.png	Рукописи Библии
0007329.png	Ранняя версия
0007330.png	Культура периода Эдо
0007331.png	Александр Вдовин («Орлова и Александров», 2015)
0007332.png	Сахалинский филиал Дальневосточного геологического института ДВО РАН
0007333.png	Медаль «За взятие Берлина»
0007334.png	Умершие в 1848 году
0007335.png	Известные представители
0007336.png	История Казахстана. Научная периодика
0007337.png	19 июля:
0007338.png	Рекордсмены по дальности полёта
0007339.png	Отличия искусства от науки:
0007340.png	фитотерапия
0007341.png	Септуагинта использует термин «ад» в местах, где еврейский текст имеет «шеол».
0007342.png	Раздача неимущим римлянам вновь приобретённой земли.
0007343.png	Пяндж
0007344.png	Свойства
0007345.png	Театр «Багателла» (Краков)
0007346.png	«Нова Доба»;
0007347.png	Депутаты Верховного Совета СССР 10-го созыва
0007348.png	«Главная гончарная мастерская» Центральной Азии
0007349.png	Зенит (фотоаппаратура)
0007350.png	Примечания
0007351.png	Литературные особенности
0007352.png	«Детройт»
0007353.png	Ссылки
0007354.png	Флора и фауна
0007355.png	Ссылки
0007356.png	«Малороссийская губерния» («Киевская Старина», 1889)
0007357.png	Эволюция стрекозоподобных насекомых
0007358.png	Последствия
0007359.png	Члены Национального зала славы изобретателей
0007360.png	Семитские народы
0007361.png	Ссылки
0007362.png	Александр Македонский. Киллер мафии
0007363.png	Башня водолечебницы.
0007364.png	Пхеньянское метро
0007365.png	Центр ориенталистики
0007366.png	Инсайт
0007367.png	Качественный анализ карбоновых кислот
0007368.png	Нигер;
0007369.png	Видео: «исполнение на иранском таре»
0007370.png	Промышленность
0007371.png	государственный природный заказник краевого значения Борисовское плато
0007372.png	Детская школа искусств,
0007373.png	Распространение
0007374.png	В изобразительном искусстве
0007375.png	Дигорская районная типография.
0007376.png	Индия
0007377.png	Озвучивание мультфильмов
0007378.png	Россия
0007379.png	Топоним
0007380.png	Ядерные реакторы.
0007381.png	В филателии
0007382.png	Русь под монголо-татарским игом
0007383.png	Примечания
0007384.png	Галерея
0007385.png	Персоналии по алфавиту
0007386.png	содержит все, кроме одного, натуральные числа.
0007387.png	Изобретатели Российской империи
0007388.png	Буэнос-Айрес, Аргентина
0007389.png	Индекс подгруппы  в группе  обычно обозначается .
0007390.png	Константиновский завод металлургического оборудования.
0007391.png	Руководящий состав
0007392.png	Качество печати струйных принтеров характеризуется:
0007393.png	Помимо тестостерона, другие андрогены включают:
0007394.png	Национальный состав
0007395.png	Генерал-премьер. Умер Ариэль Шарон
0007396.png	Литература
0007397.png	Удвоение куба
0007398.png	Деятели феминизма Великобритании
0007399.png	Умершие 6 июня
0007400.png	Казнённые в 1920 году
0007401.png	Вирусы как живые организмы
0007402.png	25 августа
0007403.png	Физико-географическая характеристика
0007404.png	Римско-католический приход Воздвижения Святого Креста.
0007405.png	Спортивные достижения
0007406.png	История появления первых СМИ в городе
0007407.png	Гродненский областной Дом ребёнка
0007408.png	Православные: Николай, Северин, Сергей, Денис.
0007409.png	Как субстанция
0007410.png	В честь Вермеера был назван сыр «Милнер Вермеер».
0007411.png	Такие уравнения называются волновыми.
0007412.png	Сайт администрации города Кольчугино
0007413.png	Планирование эксперимента
0007414.png	В США выпущено новое исправленное стандартное издание Библии.
0007415.png	В составе Российской Федерации
0007416.png	Ференц Кёльчеи и его гимн на сайте Венгерского культурного центра в Москве
0007417.png	«Япик»;
0007418.png	Переводчики прозы и драматургии на немецкий язык
0007419.png	История создания
0007420.png	Ссылки
0007421.png	Смерть и похороны
0007422.png	Сайт «Канцелярия Главы Российского Императорского Дома»
0007423.png	Военные трактаты Китая
0007424.png	Библиотеки Санкт-Петербурга
0007425.png	Элисиан
0007426.png	Жертвоприношение Исаака
0007427.png	В Институте истории материальной культуры
0007428.png	Факультет инноваций и высоких технологий (ФИВТ)
0007429.png	В январе 1924 года перенёс инфаркт.
0007430.png	Финансовые услуги
0007431.png	Реальные исторические деятели, действующие в сериале
0007432.png	на других языках
0007433.png	Города инков
0007434.png	Мытарства блаженной Феодоры
0007435.png	Население
0007436.png	кардинал Этьен де Пуасси (1369-1373);
0007437.png	Горелик Иван Иванович
0007438.png	По расположению станции делятся на:
0007439.png	Сёла и кочевья
0007440.png	Вымышленные персонажи
0007441.png	Семья
0007442.png	Единицы измерения времени
0007443.png	Главные тренеры
0007444.png	Морфология
0007445.png	Политическое устройство
0007446.png	Сужение и продолжение функции
0007447.png	Два объекта, между которыми существует изоморфизм, называются изоморфными.
0007448.png	Формат турнира
0007449.png	Цитогенетика
0007450.png	Примечания к таблице:
0007451.png	В Москве на Красной площади принята Клятва молодёжи СССР (1966).
0007452.png	Содержание галахи
0007453.png	Восточная улица (деревня Фоминское)
0007454.png	«День, когда убили Кеннеди» (документальный телефильм, Россия, 2013).
0007455.png	сила есть мера механического действия на данное материальное тело других тел.
0007456.png	Катастрофа Ан-12 в Комсомольске-на-Амуре.
0007457.png	Ангарская нефтехимическая компания;
0007458.png	Примечания
0007459.png	Нерис:
0007460.png	Центристская фракция
0007461.png	Природно-климатические зоны
0007462.png	173. Пимену Великому, прп.
0007463.png	Февраль
0007464.png	География
0007465.png	Расправа над оппозицией (Декабрьские убийства) в Суринаме.
0007466.png	Одесса, Украина;
0007467.png	Командующие Петербургским военным округом
0007468.png	Ювяскюля (Финляндия)
0007469.png	Характер Дирихле
0007470.png	Райан Филипп, американский актёр.
0007471.png	Приставки СИ
0007472.png	Атлантида
0007473.png	память Максимилиана Тебесского;
0007474.png	Территориальные споры РФ и прибалтийских стран
0007475.png	Побочные эффекты и осложнения
0007476.png	Родился .
0007477.png	Коллектив «Митра» и альбом «Пыльная быль»
0007478.png	Улан-Удэ, Россия
0007479.png	Примечания
0007480.png	Религиозные
0007481.png	История Руси в 1326 году
0007482.png	28 августа 2018 года проект переведён в состояние первой бета-версии.
0007483.png	для стерилизации изделий медицинского назначения;
0007484.png	Пианисты Российской империи
0007485.png	Члены Государственного совета Российской империи
0007486.png	Персоналии по алфавиту
0007487.png	Структура матча
0007488.png	Орден Святого Владимира 2-й степени (12.12.1855)
0007489.png	Литература
0007490.png	Консулы-суффекты: Квинт Поппей Секунд и Марк Папий Мутил.
0007491.png	Предприятие «Балаково Карбон Продакшн»
0007492.png	память святой мученицы Бибианы (около 363 года);
0007493.png	Труды
0007494.png	Экссудативное воспаление
0007495.png	Тернополь (Украина)
0007496.png	Красная книга Ульяновской области
0007497.png	взрывных травм,
0007498.png	переизд.: М., Наука. 1993.
0007499.png	Кубок немецкой лиги
0007500.png	Народное просвещение
0007501.png	Генетика
0007502.png	Государственный ансамбль бального танца Тамбовской области «Цвета радуги»
0007503.png	Гомельский дворцово-парковый ансамбль
0007504.png	Юниорский теннис
0007505.png	Великобритания
0007506.png	10 февраля 2016 Фёдор Чистяков сообщил об отмене концертов в Крыму:
0007507.png	Сухайб ар-Руми, сподвижник исламского пророка Мухаммеда.
0007508.png	Почётная грамота от председателя Городской Думы города Калуги
0007509.png	Литература
0007510.png	Литература
0007511.png	Хранение
0007512.png	Взаимодействие с другими российскими политическими партиями
0007513.png	Персоналии:Сионизм
0007514.png	Выпускники Морского кадетского корпуса
0007515.png	Ссылки
0007516.png	объявления и инструкции обработки, включая их атрибуты ()
0007517.png	Общая периодизация
0007518.png	«Синема Стар Рио»
0007519.png	Инструктор-космонавт-испытатель (1995)
0007520.png	Осенью поход Чжэн на Сун.
0007521.png	Передние и задние корешки сливаются в спинномозговой (спинальный) нерв.
0007522.png	Дегидратация
0007523.png	Биография
0007524.png	газета «Нонпарель».
0007525.png	субъекты сетевого маркетинга
0007526.png	б) его номер делится на 900 с остатком 200 или 600.
0007527.png	Благодаря поддержке европейских держав получить северное побережье Чёрного моря.
0007528.png	Полурослики Средиземья
0007529.png	Бонни Паркер (род. 1910), партнёрша Клайда Бэрроу.
0007530.png	Местное самоуправление
0007531.png	Список адмиралов (начальников штаба Морских сил самообороны Японии):
0007532.png	Естественные риски
0007533.png	Обновления кодов
0007534.png	Магазин Зингера, памятник истории и культуры регионального значения.
0007535.png	Здание бывших митрополичьих покоев
0007536.png	Природа и охрана окружающей среды
0007537.png	«Поморские ответы» отвечают на 106 вопросов
0007538.png	Награды научных учреждений и географических обществ:
0007539.png	Захоронения
0007540.png	Политические партии Финляндии
0007541.png	Консонантное письмо
0007542.png	Свергнутые монархи
0007543.png	Англия
0007544.png	Фараон (титул)
0007545.png	Пехота
0007546.png	Теле- и радиовещание осуществляет Дальневосточный региональный центр РТРС.
0007547.png	Сельское хозяйство
0007548.png	Население
0007549.png	Культура Древней Греции
0007550.png	См. также:
0007551.png	Сохранившиеся пьесы
0007552.png	25 эстонский пехотный батальон СС ()
0007553.png	Беззвучной музыкой плывет, благоухая.
0007554.png	Рождение
0007555.png	Теософия и антропософия в России
0007556.png	Варламовский бор
0007557.png	Речной
0007558.png	Саксонцы
0007559.png	Йомен
0007560.png	Предусмотрены также их центрированные варианты.
0007561.png	Библиография по теме «История репрессий в СССР»
0007562.png	Художники-пейзажисты России
0007563.png	Кропивницкий имеет ряд микрорайонов:
0007564.png	Топографические карты
0007565.png	Студенческие годы и научная деятельность
0007566.png	Корреспонденция
0007567.png	Ски-альпинизм
0007568.png	Пресбургский мирный договор
0007569.png	Творческая деятельность
0007570.png	Скончались
0007571.png	Религиозный состав
0007572.png	Согласные
0007573.png	Современный персидский
0007574.png	«Буратино и солнце»
0007575.png	Руководители администрации
0007576.png	Медиафасад
0007577.png	О компании
0007578.png	Ссылки
0007579.png	Государственные награды
0007580.png	Уголовное преследование
0007581.png	Местоположение могилы на Преображенском еврейском кладбище Санкт-Петербурга
0007582.png	События
0007583.png	загрузка операционной системы (ОС);
0007584.png	Сопутствующие потребности
0007585.png	Уравнение
0007586.png	Реки Алданского района
0007587.png	В 2003 году город принимал Южнотихоокеанские игры, уже третьи в истории Сувы.
0007588.png	Долина Шаксгама (спорная территория)
0007589.png	Перегудов Егор
0007590.png	от второго брака
0007591.png	Индуистские монастыри
0007592.png	См. также:
0007593.png	Население
0007594.png	Награды
0007595.png	Александр Николаевич Коркин,
0007596.png	Фиксирование рекордов
0007597.png	Примечания
0007598.png	Языки Бельгии
0007599.png	ВСК «Десантник»
0007600.png	Умершие от оспы
0007601.png	Часто арго отождествляется с понятием тайный язык.
0007602.png	дальняя (стратегическая);
0007603.png	Писатели Украины
0007604.png	Примечания
0007605.png	Ядерные взрывные устройства
0007606.png	Члены Московского археологического общества
0007607.png	Персоналии:Рыбинск
0007608.png	Фармакодинамика
0007609.png	Русские
0007610.png	В искусстве
0007611.png	Всемирные волнения религиозных общин из-за предрекаемого конца света.
0007612.png	Литература
0007613.png	Города Айовы
0007614.png	История Чехии
0007615.png	Лукас Лейва, бразильский футболист.
0007616.png	Коммутируемое напряжение.
0007617.png	См. также
0007618.png	См. также: :Категория:События 12 июня
0007619.png	Бернар Кушнер
0007620.png	См. также
0007621.png	Рюриковичи по алфавиту
0007622.png	Ляо Хуа, генерал царства Шу
0007623.png	Туллио Пинелли (р. 1908), итальянский писатель и сценарист.
0007624.png	Намибийцы любят добавлять в блюда травы и специи, готовить мясо на гриле.
0007625.png	Гумбаз
0007626.png	8 ноября
0007627.png	Часовой пояс
0007628.png	Примечания
0007629.png	треугольным и биквадратным;
0007630.png	Завод Котельно-вспомогательного оборудования и трубопроводов (ЗКВОиТ)
0007631.png	Марченко, Нина Петровна
0007632.png	«Божественная комедия» Данте
0007633.png	память преподобного Давида Солунского (ок. 540);
0007634.png	Гауптман З., Грефе Ю., Ремане Х. Органическая химия. С. 676.
0007635.png	2599 км: Пилка
0007636.png	Районные центры Кемеровской области
0007637.png	в Охотском море с жертвами среди экипажа затонула буровая платформа «Кольская».
0007638.png	Их жалобно-стенящий глас.
0007639.png	Лауреат Царскосельской художественной премии (1997).
0007640.png	Ссылки
0007641.png	События
0007642.png	Фолксономия
0007643.png	Фильмы о Чаплине
0007644.png	Статья В. Вихновича «Евреи и жиды»
0007645.png	Расточитель (1867)
0007646.png	Самоубийцы, отравившиеся газом
0007647.png	Финансирование
0007648.png	Глагольные инфиксы также широко употребительны в китайском языке.
0007649.png	Полянский переулок
0007650.png	Сельское хозяйство
0007651.png	Биография
0007652.png	Сказки и рассказы для детей
0007653.png	Абуль-фарадж и его «Книга занимательных историй»
0007654.png	Военная служба
0007655.png	Ссылки
0007656.png	Балтийский завод (1940, 1985);
0007657.png	Культура и достопримечательности
0007658.png	Литература
0007659.png	«Вид берега Делоса с Энеем» (1672), Лондон, Национальная галерея
0007660.png	Реконструкция. Виды:
0007661.png	Примечания
0007662.png	См. также
0007663.png	Примечания
0007664.png	Техпроцесс, нм: 45
0007665.png	Площадь территории района на момент упразднения составляла .
0007666.png	Самыми боеспособными вооружёнными силами в НАТО являются Вооруженные Силы США.
0007667.png	Восьмая звезда
0007668.png	Дизельная электростанция на острове Валаам.
0007669.png	Альтернативные периодические таблицы
0007670.png	Фильмография
0007671.png	Математическая физика
0007672.png	401 км: Малая Какша (лв.)
0007673.png	«Чужой голос» (1949)
0007674.png	См. также
0007675.png	Население
0007676.png	Дипломатический словарь. М.,1984, с.81
0007677.png	Суммарный коэффициент рождаемости в мире
0007678.png	Африка
0007679.png	Белорусский алфавит
0007680.png	Живопись
0007681.png	Председатели ландстинга Дании
0007682.png	Образование и наука
0007683.png	Преподаватели Марбургского университета
0007684.png	Богодухновенность и непогрешимость Библии.
0007685.png	Память
0007686.png	Персоналии:Кировский завод
0007687.png	Крис Пайн, американский актёр («Звёздный путь»).
0007688.png	Публицистика
0007689.png	Ранние годы
0007690.png	В честь Эвридики назван астероид (75) Эвридика, открытый в 1862 году.
0007691.png	Шарлотта Пфеффер (Германия)
0007692.png	Книги под редакцией У. Эко
0007693.png	7 канал;
0007694.png	Олимпийский огонь
0007695.png	Культ Ваагна получил распространение в армянском неоязычестве.
0007696.png	Завод ДСП;
0007697.png	Второй закон Ньютона
0007698.png	Военные чины
0007699.png	Эмульгаторы
0007700.png	Борта
0007701.png	Сочинения
0007702.png	Почётные доктора Национального университета Тукумана
0007703.png	28 крестьянских (фермерских) хозяйств;
0007704.png	Типы парусных судов
0007705.png	Отосклероз
0007706.png	Толубко, Владимир Фёдорович (25 марта 1983)
0007707.png	Скряга из Саардама. Рассказы. Издательство Гиза, 1927;
0007708.png	Литература
0007709.png	См. также: :Категория:Родившиеся в 1814 году
0007710.png	и  в Венесуэле.
0007711.png	Антон Миранчук
0007712.png	1023 км: река без названия
0007713.png	Острова Тихого океана
0007714.png	Водные объекты Хоккайдо
0007715.png	Калязин.
0007716.png	Образует отдельную административную единицу со статусом провинции.
0007717.png	полигон 33-го ЦНИИИ Минобороны России;
0007718.png	Сверхвысшее профессиональное образование
0007719.png	Литература
0007720.png	Доктора философии
0007721.png	Учение о психологических законах
0007722.png	Внутреннее строение и геология
0007723.png	Ссылки
0007724.png	Примечания
0007725.png	«Борис Ельцин. Отступать нельзя» (Россия, Первый канал, 2016).
0007726.png	Ссылки
0007727.png	Академии
0007728.png	Биполярное аффективное расстройство
0007729.png	«Вторник. Реклама-бизнес»
0007730.png	Провозглашена независимость Мадагаскара.
0007731.png	(переиздания 1913 и 1933 годов)
0007732.png	Молодёжный футбол
0007733.png	Примечания
0007734.png	Прочее
0007735.png	Боровая улица
0007736.png	Выпускники Первого кадетского корпуса
0007737.png	Электронные СМИ
0007738.png	На иностранных языках
0007739.png	Автомобильные маршруты
0007740.png	Художественные галереи
0007741.png	агулы
0007742.png	География
0007743.png	Ссылки
0007744.png	Учёные, в честь которых названы физические единицы измерения
0007745.png	Конфликты 1842 года
0007746.png	История
0007747.png	Мифические существа в древнегреческой мифологии
0007748.png	В селении Шалиб (Шали) Чародинского района.
0007749.png	Культурно-социальная политика
0007750.png	Гераклит Эфесский
0007751.png	Непищевое применение сахара
0007752.png	Примечания
0007753.png	Далмаций Младший.
0007754.png	Августовский путч
0007755.png	Сыгранный контракт
0007756.png	Учёба
0007757.png	Замок
0007758.png	Академические музыканты Российской империи
0007759.png	Комментарии
0007760.png	Республиканский фестиваль национальных культур
0007761.png	Именины
0007762.png	Деятельность отца Георгия (Александра Пухатэ)
0007763.png	История
0007764.png	Работа над романом
0007765.png	Материал несущих конструкций
0007766.png	Народный календарь, приметы и фольклор Руси
0007767.png	Скончались
0007768.png	Приметы
0007769.png	Примечания
0007770.png	Правление в империи Цин
0007771.png	В кинематографе
0007772.png	В Миякинском районе 96 населённых пунктов.
0007773.png	Литература
0007774.png	Примечания
0007775.png	Награды
0007776.png	кучевое облако,
0007777.png	Эфталиты проиграли войну в Индии.
0007778.png	Министры иностранных дел Российской империи
0007779.png	барьерные рифы
0007780.png	487 км: Уфа (пр) (дл. 918 км)
0007781.png	Города, награждённые орденом Ленина
0007782.png	Железная леди (фильм, 2011)
0007783.png	Почётные граждане Белграда
0007784.png	прозрачность бизнеса.
0007785.png	Транспорт
0007786.png	См. также
0007787.png	Возвращение в Россию
0007788.png	Новосибирский музей железнодорожной техники
0007789.png	Дальневосточный государственный университет
0007790.png	Ранние работы
0007791.png	Испанские писатели
0007792.png	Водяной пар
0007793.png	Перекрёстный шах
0007794.png	Биография
0007795.png	Земледелие
0007796.png	Хозяйство «Гелиос» (производство кисло-молочных, колбасных изделий);
0007797.png	Кафедра источниковедения отечественной истории
0007798.png	Администрация
0007799.png	Образование
0007800.png	Неравенство Гюйгенса
0007801.png	Серия о Хорнблауэре.
0007802.png	2-е Читинское городское благочиние
0007803.png	Городской пруд Екатеринбурга
0007804.png	История современных израильских поселений
0007805.png	При системном действии вызывает повышение артериального давления.
0007806.png	Литература
0007807.png	Культура
0007808.png	«Драматургия». Николай Средин за пьесу «Звезды на песке».
0007809.png	Анатомия человека
0007810.png	Бульвар Трубникова
0007811.png	Витторио Гассман (р. 1922), итальянский актёр театра и кино, кинорежиссёр.
0007812.png	Архитекторы Вильнюса
0007813.png	Номер версии
0007814.png	Мейлих Е., Иоганн Штраус. Из истории венского вальса, 2 изд., Л., 1964.
0007815.png	Новые возможности в версии 6.0
0007816.png	Примечания
0007817.png	Топоним
0007818.png	Определение в дифференциальной геометрии
0007819.png	1998 3-е место в категории «Лучший научно-фантастический писатель всех времён»;
0007820.png	Трасса
0007821.png	Сто дней и второе отречение
0007822.png	где: ;
0007823.png	Диагностика
0007824.png	Умер в 1560 году, похоронен в часовне Собора Парижской Богоматери.
0007825.png	Деятели культуры и искусства, репрессированные в СССР
0007826.png	Александро-Мариинская областная клиническая больница ул. Татищева, 2;
0007827.png	В последние годы жизни преподавал в Техасском университете.
0007828.png	Цыгане
0007829.png	Литература
0007830.png	Таблица соответствий информационных кодов стран.
0007831.png	Технологии
0007832.png	Письма Гедимина
0007833.png	Награждённые медалью Хьюза
0007834.png	Юлия Борисова
0007835.png	Оператор-постановщик: Валерий Мюльгаут
0007836.png	Основан Солигалич.
0007837.png	Начало творчества
0007838.png	реакцией организма на обезболивающие препараты;
0007839.png	Происхождение и история рода
0007840.png	Примечания
0007841.png	Преподаватели Реформатского училища (Санкт-Петербург)
0007842.png	Ссылки
0007843.png	Ссылки
0007844.png	См. также
0007845.png	См. также
0007846.png	Португальские поэты
0007847.png	память мученика Иоанна Мервского;
0007848.png	События
0007849.png	Примечания
0007850.png	Прилагательное
0007851.png	Алгоритм кодирования и декодирования
0007852.png	Великие экономисты до Кейнса
0007853.png	Молодечненский государственный колледж
0007854.png	Православная церковь воскрешения св. прав. Лазаря (2016).
0007855.png	Корякия на сайте Минприроды
0007856.png	Компиляторы Ады
0007857.png	Литература
0007858.png	Ссылки
0007859.png	Буддийская мифология
0007860.png	Ссылки
0007861.png	с заменой
0007862.png	Бета-терапия
0007863.png	Милость преподобного Серафима, 1934
0007864.png	Шахматисты Украины
0007865.png	Сэтцу
0007866.png	Последние монархи государств
0007867.png	Мифология, религия, философия о памяти
0007868.png	Туберкулёз на Украине
0007869.png	Послы Российской Федерации в Белоруссии
0007870.png	Современный кириллический алфавит
0007871.png	Примечания
0007872.png	Математика
0007873.png	Описание
0007874.png	Преподаватели Политехнической школы
0007875.png	Проблемы определения
0007876.png	память священномученика Александра Елоховского, пресвитера (1918);
0007877.png	Скелет земноводных
0007878.png	Известные представители
0007879.png	Бизнес-модели
0007880.png	Фильмы-мелодрамы Великобритании
0007881.png	Ахмед Ясави
0007882.png	Литьё по выплавляемым моделям
0007883.png	Храм Взыскание погибших.
0007884.png	Крест Заслуги
0007885.png	Послевоенные годы
0007886.png	Важнейшие события
0007887.png	Воинские звания Вооружённых сил СССР
0007888.png	Смешанные языки
0007889.png	Персоналии по алфавиту
0007890.png	Примечания
0007891.png	Обладатель (7): 1963, 1969, 1989, 1990, 1994, 2003, 2007
0007892.png	Научно-исследовательские суда «Сергей Вавилов» и «Академик Сергей Вавилов»
0007893.png	Центр современного искусства «Табачная фабрика»
0007894.png	Теория Галуа
0007895.png	Примечания
0007896.png	В Москве открыта библиотека украинской литературы
0007897.png	Монеты Германии
0007898.png	Болховской
0007899.png	Художники, принимавшие участие в совместных выставках Митьков в разное время:
0007900.png	Образование
0007901.png	Биография
0007902.png	Литература
0007903.png	Учебные пособия и научные труды
0007904.png	По степени дифференцировки опухолевых клеток
0007905.png	Кузьмины (Оренбургские)
0007906.png	В геометрии
0007907.png	Текущие статьи и интервью на портале Фонда «Политика»
0007908.png	эллиптические: ;
0007909.png	Капитан гвардии (30.08.1848);
0007910.png	Попытки интерпретации языка
0007911.png	Исследователи Австралии и Океании
0007912.png	давление на грудь, затруднённое дыхание и боль;
0007913.png	Зодиак
0007914.png	Дискография
0007915.png	10, 17, 18, 24, 30 апреля
0007916.png	1201-1300 место в Международном рейтинге «Три миссии университета»
0007917.png	Холодная война
0007918.png	Взаимный фонд
0007919.png	Прочее
0007920.png	Горбаневской (1786).
0007921.png	Океанариум в отеле «Атлантис»
0007922.png	Глезин Эдуард «Январская весна»
0007923.png	Примечания
0007924.png	См. также
0007925.png	Телепередачи 1-го канала Останкино
0007926.png	Границы Калачинского района изменялись несколько раз, начиная с 1935 года.
0007927.png	Цезаризм
0007928.png	Левин
0007929.png	Расписание движения поездов по станции Броды
0007930.png	Авторы вселенной Конана
0007931.png	Сельская улица (деревня Красная Пахра)
0007932.png	Переименование в РПР и перерегистрация по новому закону «О политических партиях»
0007933.png	Также Владимир Высоцкий писал:
0007934.png	Топонимы
0007935.png	Официальный сайт
0007936.png	Усы у человека
0007937.png	Язык ассемблера
0007938.png	Культура и искусство
0007939.png	Памятники
0007940.png	Ссылки
0007941.png	Командующие Каспийской флотилией
0007942.png	См. также
0007943.png	Население
0007944.png	Железнодорожный мост (Галицы)
0007945.png	История
0007946.png	Ал-Хорезми
0007947.png	два ордена Трудового Красного Знамени (29.8.1955; 28.8.1964)
0007948.png	Похороненные в Галле (Саксония-Анхальт)
0007949.png	Воинские звания Вооружённых сил Франции
0007950.png	В 1786 году в Казани было открыто Главное Народное училище.
0007951.png	Ссылки
0007952.png	ООО «Стройвесс» (строительство жилых и нежилых зданий);
0007953.png	Ветер (Александр Алов, Владимир Наумов, 1958)
0007954.png	Русское барокко
0007955.png	Члены русской национальной фракции
0007956.png	11 самых коротких понтификатов
0007957.png	Второй поход
0007958.png	Победы, улица
0007959.png	Самые необычные здания музеев в мире
0007960.png	Владимир Бесчастных
0007961.png	Синтетические материалы
0007962.png	Данные водного реестра
0007963.png	Гражданская война в Сомали
0007964.png	Сахарный диабет 2-го типа
0007965.png	Сюжет
0007966.png	Дом купца Рябинина
0007967.png	История космонавтики
0007968.png	Среди основных задач были:
0007969.png	Похороненные в Майкопе
0007970.png	Шансонье
0007971.png	Другие животные
0007972.png	Последние годы
0007973.png	Скончались
0007974.png	Этимология
0007975.png	Храм Рождества Пресвятой Богородицы (1866-1869), ул. Свято-Афанасьевская, 112
0007976.png	Другие виды:
0007977.png	Доспехи
0007978.png	Ссылки
0007979.png	Взаимодействие с электронными оболочками
0007980.png	Источники:,,,,,,
0007981.png	Растафарианство
0007982.png	Винтовая симметрия
0007983.png	Женщины-президенты
0007984.png	Училища РКО
0007985.png	Форма
0007986.png	События
0007987.png	Шелли Конн, английская телевизионная актриса.
0007988.png	См. также
0007989.png	Примечания
0007990.png	Развитие компетенций сотрудников и молодых учёных.
0007991.png	Оптимальный интервал суток
0007992.png	Населённые пункты Елизовского района
0007993.png	«На куличках» (1913)
0007994.png	Администрирование компьютерных сетей
0007995.png	Пресса
0007996.png	Примечания
0007997.png	Связь и СМИ
0007998.png	Храм Святой Великомученицы Татьяны (студенческий городок СевГУ).
0007999.png	В Таджикистане состоялся первый тур парламентских выборов.
0008000.png	Разгром Делоса пиратами.
0008001.png	Своими друзьями называл: Игоря Митюкова, Эдуарда Шифрина.
0008002.png	Послевоенное время
0008003.png	См. также
0008004.png	Так, чёрные листовые чаи подразделяют на четыре основные категории:
0008005.png	Экономическая клиника
0008006.png	Обязанности
0008007.png	Кутателадзе С. С. Александров и современность
0008008.png	Уклад жизни
0008009.png	Монархи, погибшие в бою
0008010.png	Похороненные на Ваганьковском кладбище
0008011.png	Вейвлеты
0008012.png	Литература
0008013.png	История
0008014.png	лейтенант (08.09.1941),
0008015.png	Ботаническое описание
0008016.png	Компиляторы Паскаля
0008017.png	Арчи Панджаби, британская актриса
0008018.png	12 августа. Международный день молодёжи
0008019.png	Примечания
0008020.png	Награды
0008021.png	Авиаконструкторы по алфавиту
0008022.png	1519 км: Сюзьва
0008023.png	Литература
0008024.png	Предложенные Бернсом законопроекты на сайте Библиотеки Конгресса
0008025.png	Экспериментальная авиация
0008026.png	93 км: Секур (лв.)
0008027.png	Перечень стандартов
0008028.png	Димитровград, Болгария
0008029.png	Теория вероятностей
0008030.png	Орас Верне (ум. 1863), французский художник-баталист.
0008031.png	4 октября, 28 октября
0008032.png	Академия наук искусств Боснии и Герцеговины
0008033.png	Примечания
0008034.png	медаль «100 лет профсоюзам России» (ФНПР)
0008035.png	измены со стороны партнёра;
0008036.png	Население
0008037.png	Латышский и латгальский языки
0008038.png	Деянира. От Алфеи (версия).
0008039.png	Планируется построить вертолётодром на южной окраине города.
0008040.png	Китайские фамилии
0008041.png	Ещё два музея расположены в Тотемском районе:
0008042.png	Изменение слова по падежам называется склонением.
0008043.png	Похороненные в Казани
0008044.png	Дважды Герой Советского Союза (1962, 1970).
0008045.png	Почётные доктора Университета Мармара
0008046.png	Литература
0008047.png	Ссылки
0008048.png	Отставка с поста главнокомандующего ВСЮР
0008049.png	Население
0008050.png	рипперские группы иногда занимаются фэнсабом;
0008051.png	См. также
0008052.png	История
0008053.png	Трубопроводы
0008054.png	Руководство
0008055.png	ценные бумаги, в том числе через ПИФы;
0008056.png	Сравнение с другими препаратами
0008057.png	Маскировочная сеть
0008058.png	Языки
0008059.png	Очищение трибуната и Законодательного корпуса
0008060.png	Зеркальные нейроны
0008061.png	Улицы в городах Балтийске и Североморске (с 1991 года) и Риге (с 2016).
0008062.png	Парейдолия коррелирует с креативностью (творческими способностями) человека.
0008063.png	Связи с общественностью
0008064.png	Церковь Аракелоц
0008065.png	Самолёты-памятники АН-2 установлены в следующих странах:
0008066.png	Первое упоминание об аварах в Причерноморье.
0008067.png	Доу, Томас Милли
0008068.png	История
0008069.png	Ссылки
0008070.png	Правильные примеры названий:
0008071.png	К МЭИ относится также стадион «Энергия», хладоцентр, бассейн и др.
0008072.png	Лисий культ
0008073.png	композитор  (Англия)
0008074.png	Кутузовский переулок
0008075.png	Плакатисты России
0008076.png	Императивное программирование
0008077.png	Типографские знаки
0008078.png	Кармит Бачар, американская певица, танцовщица, модель.
0008079.png	Нумерация алгоритмов играет важную роль в их исследовании и анализе.
0008080.png	Персоны года
0008081.png	См. также
0008082.png	Его жизнь описана Епифанием Кипрским.
0008083.png	25 января после бункеровки «Адмирал Макаров» вернулся для проводки плавбазы.
0008084.png	Гнедич
0008085.png	Вайнштейн Игорь Владимирович
0008086.png	Лопухин Михаил Васильевич - воевода в Серпейске (1678).
0008087.png	Противопоказания
0008088.png	Персоналии:Марфо-Мариинская обитель
0008089.png	Наука
0008090.png	газета «Куйбышевец»
0008091.png	Порточки (1910)
0008092.png	Водно-моторный спорт
0008093.png	Экономическое развитие
0008094.png	Литература
0008095.png	Царь: Анк Марций.
0008096.png	Иудейские государства
0008097.png	Скончались
0008098.png	Другие сочинения для голоса и фортепиано
0008099.png	На баллистических транзисторах
0008100.png	Ссылки
0008101.png	Финансовые рынки
0008102.png	Старейший музыкальный фестиваль в Литве.
0008103.png	Пищеварительные ферменты
0008104.png	Научное издание «Сказок»:
0008105.png	Награды
0008106.png	Экспериментальная кольцевая железная дорога ВНИИЖТ
0008107.png	Маха Вачиралонгкорн, король Таиланда
0008108.png	Выпускники медицинского факультета Московского университета
0008109.png	Скончались
0008110.png	Потёмкинские деревни
0008111.png	Доктрина
0008112.png	Монгольская империя
0008113.png	Простые числа Мерсенна
0008114.png	Окаяма-хан ()
0008115.png	теорема сформулирована в категорической (безусловной) форме;
0008116.png	Существует два варианта обжима разъёма на кабеле:
0008117.png	Храм в честь Св. мч. Антония архиеп. Архангельского (остров Краснофлотский).
0008118.png	Маврикий (наряду с английским)
0008119.png	Скелет земноводных
0008120.png	Архитектура
0008121.png	Ссылки
0008122.png	См. также
0008123.png	Классификация
0008124.png	Новые записи старых песен
0008125.png	Список высших учебных заведений
0008126.png	Борьба с Едигеем
0008127.png	Преосвященный Ириней имел:
0008128.png	Авторы-исполнители СССР
0008129.png	Малоохтинское православное кладбище;
0008130.png	Носители, известные по имени
0008131.png	Заслуженный мастер спорта СССР (1970);
0008132.png	Клипы
0008133.png	События
0008134.png	История партии
0008135.png	Возникновение
0008136.png	К основным государственным символам относятся:
0008137.png	География
0008138.png	Калинковичи-Житковичи-Лунинец
0008139.png	Примечания
0008140.png	Пятничный календарь
0008141.png	Характерные отличия от более позднего (дешифрованного) линейного Б:
0008142.png	Умершие от голода
0008143.png	копровый
0008144.png	Список притоков Северского Донца.
0008145.png	Управление государственной безопасности
0008146.png	, поэтический рассказ в 7 песнях (Будапешт, 1883)
0008147.png	Преимущественное право на приобретение акций, отчуждаемых акционерами общества:
0008148.png	Антисионизм
0008149.png	Командиры Королевского танкового полка
0008150.png	Память
0008151.png	«Шантеклер» (Певец зари) (1904). Драма, 4 акта.
0008152.png	От имени Ирана происходит самоназвание современных жителей страны:  )  ) «арий».
0008153.png	Сунь Укун
0008154.png	Славянофильство и славянская идея
0008155.png	и другой строй в различных языках.
0008156.png	Клочков, Евгений Викторович (14.03.2000, 605)
0008157.png	Классовая борьба
0008158.png	340 км: река без названия
0008159.png	Курорты Крыма
0008160.png	Конфликт с Екатеринбургом
0008161.png	Грузино-южноосетинский конфликт
0008162.png	Православие
0008163.png	Сексуальность и возраст
0008164.png	95 является полупростым числом.
0008165.png	Архитектура
0008166.png	Примечания
0008167.png	Известные уроженцы, жители
0008168.png	Выявление зависимостей между структурой органических веществ и их свойствами
0008169.png	Путешественники Российской империи
0008170.png	Населённые пункты Чебоксарского района
0008171.png	Ассоциация инженеров-гидроэнергетиков (Россия)
0008172.png	Ютта Мюллер
0008173.png	Структура консерватории
0008174.png	Задонка;
0008175.png	Татарстан,
0008176.png	Арканское учение
0008177.png	Цивилизации Азии и Средиземноморья
0008178.png	На русском языке
0008179.png	Алексей Кручёных (р. 1886), поэт, художник, теоретик русского футуризма.
0008180.png	Воздушное сообщение
0008181.png	Развитие телемедицины в мире
0008182.png	Поэты Андалусии
0008183.png	Стадион «Труд», ФОК по МЖ «Стрела»
0008184.png	Некоторые публикации:
0008185.png	Электронная промышленность России
0008186.png	Примечания
0008187.png	Андре Моруа (1951, 1957),
0008188.png	Районы
0008189.png	Ноябрь
0008190.png	Умершие от инфаркта миокарда
0008191.png	Память
0008192.png	Гипохлориты
0008193.png	Месторождения и добыча
0008194.png	Валуа
0008195.png	Выпускники Казанской духовной академии
0008196.png	Открыт аттракцион в 1989 году.
0008197.png	Калеви Ахо Концерт для фагота с оркестром (2004)
0008198.png	Члены Палаты представителей от штата Огайо
0008199.png	На английском
0008200.png	Население
0008201.png	Высшая школа церковной музыки (основана в 1949)
0008202.png	Климат
0008203.png	Достопримечательности
0008204.png	Вещественные;
0008205.png	Летне-осенний треугольник
0008206.png	Умершие от рака
0008207.png	Выпускники Вятской духовной семинарии
0008208.png	резонансные;
0008209.png	Транспорт города
0008210.png	Брянский областной театр юного зрителя.
0008211.png	Разработка каталога инновационных разработок.
0008212.png	Ворошиловский мост.
0008213.png	МЖД Ярославское 3-й км, проезд
0008214.png	Родились
0008215.png	Самородные элементы, сплавы и интерметаллические соединения
0008216.png	Именины
0008217.png	Национальный парк Сагарматха
0008218.png	ареальная, по культурно-историческим ареалам (месту распространения);
0008219.png	Молокане в Мексике
0008220.png	Достоевисты
0008221.png	Награждённые Георгиевской медалью
0008222.png	Храмы, построенные в 1868 году в России
0008223.png	Похороненные на кладбище Сент-Женевьев-де-Буа
0008224.png	Римская империя
0008225.png	Психотропное действие
0008226.png	Биография
0008227.png	Белорусские поэты
0008228.png	Редакционная политика
0008229.png	Братья Жемчужниковы
0008230.png	Фрасимах
0008231.png	Примечания
0008232.png	Михай без особого труда подчинил Трансильванию.
0008233.png	Сайт музея-панорамы «Рацлавицкая битва»
0008234.png	История создания и развития
0008235.png	Промышленность
0008236.png	«Публий Корнелий Сципион» Леонардо Винчи (1722 год);
0008237.png	История медиевистики
0008238.png	В 2016 году вдова Масхадова Кусама вернулась в Чечню.
0008239.png	Азербайджанские
0008240.png	Уязвимость реализаций квантовой системы
0008241.png	Физико-математическая
0008242.png	Николай Охлопков
0008243.png	19 июля
0008244.png	«Завещание пса-скотинки» (1937)
0008245.png	См. также
0008246.png	Некоторые очерки и мемуары
0008247.png	Красные евреи
0008248.png	Католические святые
0008249.png	Расположение
0008250.png	Примитивные полусовершенные числа
0008251.png	Таблицы ссылок-мнемоник
0008252.png	транспортным машиностроением, состоящим в свою очередь из следующих отраслей:
0008253.png	Мариса Рамирес, американская телевизионная актриса.
0008254.png	Гобино и национал-социализм
0008255.png	Первая экспедиция в Абиссинию
0008256.png	Ссылки
0008257.png	Залели, уйгурский поэт.
0008258.png	Классификации малых планет
0008259.png	Смежный мост
0008260.png	Правила шахмат
0008261.png	ОАО «Пинский завод средств малой механизации»
0008262.png	Задача первая. Обуздать бюрократию! Провести комплексные политические реформы!
0008263.png	декларативные
0008264.png	кончанские старосты
0008265.png	Словакия
0008266.png	Со стороны репродуктивной системы: азооспермия, аменорея.
0008267.png	Города Запорожской области
0008268.png	Официальный сайт ОАО «ГТС СТ»
0008269.png	Примечания
0008270.png	Бархат амурский
0008271.png	Мерцалова М. Костюм разных времен и народов: в 4 т. М.: Академия моды, 2001.
0008272.png	Залаэгерсег, Венгрия
0008273.png	квартал «Филино»
0008274.png	Средние века и эпоха Возрождения
0008275.png	Умершие от малярии
0008276.png	Судьи Германии
0008277.png	Русский национализм
0008278.png	«Туман»
0008279.png	Другие значения
0008280.png	Фильмы о журналистах
0008281.png	Епископы Нарни
0008282.png	Император Никеи
0008283.png	Кое-что о его единокровном младшем брате.
0008284.png	Генерал-адъютанты (Российская империя)
0008285.png	Комментарии
0008286.png	объекты, прочно связанные с землёй
0008287.png	Спорт
0008288.png	Патер В. Ренессанс, М., 1912.
0008289.png	Сиреневый бульвар
0008290.png	Литература
0008291.png	Сочетаемость с частями речи
0008292.png	5 мая 1955 г. Медведчиковский сельсовет упразднён.
0008293.png	Языковые контакты
0008294.png	Борис Поздняков
0008295.png	Николай Дементьев
0008296.png	Литература
0008297.png	Сетевые протоколы
0008298.png	Хондзё-хан ()
0008299.png	Примечания
0008300.png	Функциональный анализ
0008301.png	Оптические компоненты для обработки информации
0008302.png	Экономисты Великобритании
0008303.png	Святой Православной и Католической церквей.
0008304.png	Болезнь
0008305.png	Награды и номинации
0008306.png	Гардемарины:
0008307.png	Императорская корона к Ордену Святого Станислава 2 ст. (1867)
0008308.png	Соматостатин
0008309.png	Происхождение
0008310.png	Таджикский государственный педагогический университет им. С.Айни
0008311.png	Олойтрох
0008312.png	МГТУ:
0008313.png	Рельеф и топография
0008314.png	Генерал Корнилов пришёл к заключению, что:
0008315.png	Химические свойства
0008316.png	Журналы
0008317.png	См. также: :Категория:Умершие в 1731 году
0008318.png	Римское царство
0008319.png	чрезмерная влажность или сухость воздуха,
0008320.png	Транспорт
0008321.png	Символы Одесского городского головы
0008322.png	Исторические области Древней Греции
0008323.png	Теоретическая механика
0008324.png	Театр одного актёра «Крик» Михаила Мельника,
0008325.png	Сентябрь
0008326.png	Памятник Ахматовой в городе Таормина (Сицилия, Италия).
0008327.png	Высшее актёрское училище им. А. Моисеи;
0008328.png	Историки по алфавиту
0008329.png	20 марта 2013 в городе Мейтхила начались антимусульманские погромы.
0008330.png	Литература
0008331.png	Пейдж Турко, американская актриса.
0008332.png	Панк-рок-музыканты СССР
0008333.png	См. также
0008334.png	Преподаватели Технологического института Флориды
0008335.png	Шкура белого медведя (1979)
0008336.png	Основные минеральные формы бора:
0008337.png	Военно-Морской Флот (Указ от 25.09.1944);
0008338.png	День Революции () (в високосные годы канун дня равноденствия)
0008339.png	Экономический
0008340.png	Дисконтная доходность
0008341.png	Ленинский район
0008342.png	Литература
0008343.png	Транспортная инфраструктура
0008344.png	Нерестюк, Игорь Михайлович (13.06.1996, 297)
0008345.png	Андронов, Анатолий Васильевич (16.01.1998, 430)
0008346.png	Общины
0008347.png	Плодовые деревья
0008348.png	88 км: Малая Кордяга
0008349.png	Похороненные в Тульской области
0008350.png	Примечания
0008351.png	Жаккар. Краткая биография на русском языке
0008352.png	Ссылки
0008353.png	Выпускники Центральной средней школы (Филадельфия)
0008354.png	Папы и антипапы
0008355.png	2217 км: Воровская
0008356.png	Арабские географы
0008357.png	История Гатчины
0008358.png	Н. К. Рерих
0008359.png	Примечания
0008360.png	Флаг Казахской ССР
0008361.png	Астрофизика
0008362.png	дискретные транзисторы;
0008363.png	События
0008364.png	Некоторые канатные дороги в мире
0008365.png	Клинопись
0008366.png	Лучший бомбардир: 2002
0008367.png	Программное обеспечение
0008368.png	Классическая латынь
0008369.png	Литература
0008370.png	Главные дирижёры симфонического оркестра Шведского радио
0008371.png	Верховные боги
0008372.png	Формы
0008373.png	Примечания
0008374.png	Распространение и образ жизни
0008375.png	Финансы
0008376.png	Венера Каллипига
0008377.png	Уравнения Лагранжа (гидромеханика)
0008378.png	Пивоварение и квасоварение
0008379.png	Апофеоз
0008380.png	Примечания
0008381.png	3 февраля: премьера оперы Россини «Семирамида»
0008382.png	См. также (статьи, где упоминается окружность девяти точек)
0008383.png	Терский район
0008384.png	Алексин, Россия
0008385.png	«Олимпик Марсель»
0008386.png	Работа в Сенате
0008387.png	Исследования русской блогосферы от Яндекса: осень 2006, осень 2007, весна 2009.
0008388.png	Основная статья: Ульяновская область в филателии
0008389.png	Фармакодинамика
0008390.png	Турецкое господство и колониализм
0008391.png	26 декабря Израильтяне похищают в Египте новый советский радар.
0008392.png	Свято-Вознесенская церковь (пос. Яковлевка)
0008393.png	Аварская кухня
0008394.png	Председатель:
0008395.png	Генерал-майор Свиты (26.11.1852);
0008396.png	четырежды орден Ленина (3 марта 1945);
0008397.png	Большой крест железного креста
0008398.png	Недостатки
0008399.png	Примечания
0008400.png	МКБ-9
0008401.png	Радиовещание
0008402.png	Большая флейта
0008403.png	134 купцов гостиной сотни
0008404.png	Военно-учебные заведения
0008405.png	Драматурги Великобритании
0008406.png	Осложнения
0008407.png	Общее образование
0008408.png	Тигры
0008409.png	средней школе в г. Белинском Пензенской области
0008410.png	Ссылки
0008411.png	Свободные компиляторы и интерпретаторы
0008412.png	Практическое использование
0008413.png	консекрация и акты благодарения и надежды:
0008414.png	Классификация
0008415.png	Текст Танаха
0008416.png	Эквивалентное представление
0008417.png	Экономика
0008418.png	Члены-корреспонденты Петербургской академии наук
0008419.png	Доставка пенсий на дом.
0008420.png	Литература
0008421.png	Литература
0008422.png	Улицы по алфавиту
0008423.png	Музей Даргавс.
0008424.png	Бешеная фигура
0008425.png	Существующие
0008426.png	Бушмен и Бушман
0008427.png	Ссылки
0008428.png	Примечания
0008429.png	Артериальная гипертензия, глаукома, беременность, период лактации.
0008430.png	Василий Первухин, советский и российский хоккеист.
0008431.png	Примечания
0008432.png	Система гражданской обороны
0008433.png	Память
0008434.png	В составе Олимпийской сборной СССР провёл 3 матча.
0008435.png	Мемориал памяти ликвидаторам техногенных катастроф;
0008436.png	специальная;
0008437.png	Известные люди
0008438.png	Пешечные окончания
0008439.png	323-й гвардейский миномётный полк (майор Холкин, Борис Павлович)
0008440.png	Калория
0008441.png	Показания
0008442.png	Ипподром;
0008443.png	Союз арабского Магриба (САМ)
0008444.png	Награды и премии
0008445.png	Военно-исторический музей Войск и Сил на Северо-Востоке
0008446.png	где  не зависят от координат в обычном пространстве.
0008447.png	Азербайджанское высшее военное училище имени Гейдара Алиева;
0008448.png	Авиация
0008449.png	Множества  включены в систему .
0008450.png	Примечания
0008451.png	(Бразилия)
0008452.png	Филиалы
0008453.png	См. также: :Категория:Родившиеся в 1807 году
0008454.png	Биография
0008455.png	Примечания
0008456.png	В 1971 году защитил кандидатскую диссертацию по психологии.
0008457.png	Краткий обзор
0008458.png	Руководство по основам обучения (1972).
0008459.png	Иоасаф (индийский царевич)
0008460.png	Болгарские писатели
0008461.png	Соотношение кинетической и внутренней энергии
0008462.png	Отдел по делам рабочих;
0008463.png	Города-побратимы
0008464.png	Атлас автомобильных дорог Саратовской области. Саратов, 2000.
0008465.png	Примечания
0008466.png	В 1947 году был введён в эксплуатацию завод «Легмаш».
0008467.png	Климентовский переулок
0008468.png	Отзывы о деятельности и трудах Андрея Кураева
0008469.png	Лингвистический энциклопедический словарь. М., «Советская Энциклопедия», 1990.
0008470.png	Кавалер Большого креста ордена Сантьяго (Португалия, 1918)
0008471.png	Марина Аграновская Идиш, брат немецкого
0008472.png	Другое
0008473.png	Литература
0008474.png	Ссылки
0008475.png	Борис Степанцев (р. 1929), советский режиссёр-мультипликатор.
0008476.png	Едисан
0008477.png	Крупные исследователи в биофизике
0008478.png	Ферми-жидкость
0008479.png	Снопковский парк
0008480.png	История
0008481.png	Театральный разъезд
0008482.png	Выпускники Кембриджского университета
0008483.png	Научная деятельность
0008484.png	Здравоохранение и социальная защита
0008485.png	Кафедра интенсивного изучения английского языка
0008486.png	Тексты
0008487.png	Национальный состав
0008488.png	Сагов Исмаил 2008
0008489.png	Общая информация
0008490.png	Длительность процессов в природе
0008491.png	ТНК России
0008492.png	подземный взрыв (под поверхностью земли);
0008493.png	Барханный кот
0008494.png	В культуре
0008495.png	Сайт университета телекоммуникаций
0008496.png	Засулич, Вера Ивановна, использовавшая в том числе псевдоним Тётка
0008497.png	Консулы Публий Катий Сабин и Публий Корнелий Ануллин.
0008498.png	Ссылки
0008499.png	Упоминание в письменных источниках
0008500.png	Тростник и Оливковое дерево
0008501.png	большая провинция Этидзэн ()
0008502.png	Прочее
0008503.png	Правовые акты РФ
0008504.png	Главные труды епископа Иоанна:
0008505.png	Имеется автокасса (филиал Апшеронского автовокзала).
0008506.png	Серия «Таланты»
0008507.png	Иноплеменничья башня
0008508.png	Для анализа полимеров используют различные методы:
0008509.png	События
0008510.png	Осенью 2010 года покинул пост мэра после выборов в Городскую Думу.
0008511.png	Ода генералу Муравьёву
0008512.png	Бубновый валет
0008513.png	Города Черногории
0008514.png	изъязвления лимфоидной бляшки при брюшном тифе
0008515.png	Предпосылки
0008516.png	Квантовая механика
0008517.png	Примечания
0008518.png	Название «Трудно быть богом» также носит одна из песен группы «Ария».
0008519.png	Потомки Гёте
0008520.png	Праздники 9 марта
0008521.png	Альбом вышел двумя изданиями, с разницей в полгода (германское и российское).
0008522.png	Биография
0008523.png	Кислород
0008524.png	Петелина,
0008525.png	Димитрий Ростовский так характеризует сочинение Иоанна:
0008526.png	Налоговая льгота
0008527.png	на севере с Вытегорским районом;
0008528.png	Имеются службы такси:
0008529.png	Керсти Кальюлайд () 2016-
0008530.png	Ян Длугош
0008531.png	Корабли, построенные на заводе «Севмаш»
0008532.png	Вики (значения)
0008533.png	Памятники монументального искусства и воинской славы
0008534.png	Национальная академия Святой Цецилии (, основана в 1585 году)
0008535.png	Кодекс 1918 года
0008536.png	Семитские эпиграфические надписи
0008537.png	Метод Доплера
0008538.png	Другие типы затмений
0008539.png	Графы и герцоги де Валуа
0008540.png	Право на частную собственность
0008541.png	с максимальным числом прыжков 30:
0008542.png	Филологи Франции
0008543.png	Дом молитвы Церкви христиан адвентистов седьмого дня;
0008544.png	Отделение математики
0008545.png	Электронно-спектроскопические методы анализа альдегидов
0008546.png	Центральное многообразие
0008547.png	Ати мей утайа пурана витантам
0008548.png	Родившиеся 29 марта
0008549.png	Примечания
0008550.png	Перечисление
0008551.png	Константин Филатов. Памяти Владимира Мефодьевича Башунова
0008552.png	Ксения Мстиславна, вышла замуж за Брячислава Давыдовича, князя изяславского.
0008553.png	География
0008554.png	Памятники Томска
0008555.png	События
0008556.png	Первое вторжение османских войск в Венгрию.
0008557.png	Обратная решётка
0008558.png	биологические особенности и лесоводственные свойства лесных пород и насаждений,
0008559.png	по 5 земельным «оконным» программам по региональным программам радиостанциями:
0008560.png	Никель-63
0008561.png	Рукописи
0008562.png	Действительные члены Эконометрического общества
0008563.png	Косовские албанцы захватили город Ораховац (Юго-Запад Косово).
0008564.png	Элегический дистих
0008565.png	Упадок Детройта
0008566.png	Первый канал,
0008567.png	откуда получается:
0008568.png	Съёмки
0008569.png	Румыния вступила в Совет Европы.
0008570.png	Опытно-конструкторское бюро (ОКБ)
0008571.png	Детство и учёба в МГПИ имени Ленина
0008572.png	Начальный период войны
0008573.png	Другие подсистемы
0008574.png	Например,  соответствует  или .
0008575.png	Кинотеатр «Космос».
0008576.png	Балет
0008577.png	Светлогорская ТЭЦ
0008578.png	С 1912 года статский советник.
0008579.png	Форум Августа (), 2 до н. э.
0008580.png	При использовании большого избытка ацетона реакция смещается вправо.
0008581.png	Похороненные на Смоленском православном кладбище
0008582.png	По действиям войск (сил) делился на:
0008583.png	Враца (Болгария)
0008584.png	Топоним
0008585.png	События
0008586.png	Николь Бехари, американская актриса.
0008587.png	Генеральная совокупность
0008588.png	Композиторы по алфавиту
0008589.png	память преподобномученика Ефрема Нового (1426);
0008590.png	БТР-123
0008591.png	Площадь равнобедренной трапеции через её стороны
0008592.png	Антитела к ВИЧ-1 и ВИЧ-2 в сыворотке крови в норме отсутствуют.
0008593.png	Альбертин (рифт)
0008594.png	Казахстан
0008595.png	«Суммарный алфавит» для языков СССР
0008596.png	Литературная деятельность
0008597.png	Биография
0008598.png	Подробные характеристики процессоров
0008599.png	Остров Мэн попадает под шотландское господство.
0008600.png	группа «Русалка» (для фонтана в Казани),
0008601.png	Максим Осипенко (111)
0008602.png	Исследования нейтрино
0008603.png	Восточно-Памирский с центром в Мургабе
0008604.png	В 1970-х годах в районе планировалось построить город Тутальск.
0008605.png	Личная жизнь
0008606.png	орден Октябрьской Революции (10.03.1981)
0008607.png	Инфекционное заболевание
0008608.png	Бразилия в энциклопедии «Кругосвет»
0008609.png	Украинская ССР
0008610.png	Цикл «Космическая Одиссея»:
0008611.png	Русские эмигранты первой волны во Франции
0008612.png	Юрий Шевчук: Родина не имеет отношения к «Единой России»
0008613.png	Родившиеся в Батуми
0008614.png	Лишение титулов
0008615.png	См. также
0008616.png	Лауреат литературных премий
0008617.png	Источники гражданского права
0008618.png	Турнир четырёх (1): 1996
0008619.png	Фотосинтез
0008620.png	Бытовые отходы
0008621.png	Отчёт ЦРУ, обнародованный в 2010 году
0008622.png	Биография
0008623.png	Историческое развитие анатомии человека как науки
0008624.png	Военная политика
0008625.png	Ссылки
0008626.png	Асахияма-хан ()
0008627.png	Превращение в рабочий посёлок
0008628.png	лишать людей урожая и превращать их в вурдалаков;
0008629.png	Официальный сайт
0008630.png	В самом конструировании материи он отмечает три момента.
0008631.png	Мемориал Аварайрской битве
0008632.png	Биография
0008633.png	Родились
0008634.png	Литература
0008635.png	Оценка и отбор наилучших идей экспертами.
0008636.png	Члены КПСС
0008637.png	Примечания
0008638.png	Междугородный транспорт
0008639.png	Регулярные культурные мероприятия
0008640.png	Павел Дацюк, российский хоккеист.
0008641.png	болезнь Рандю-Ослера
0008642.png	Литература
0008643.png	36 год, 36 год до н. э., 1936 год
0008644.png	Память
0008645.png	Другое
0008646.png	Иностранная военная помощь Финляндии
0008647.png	Генерал-майоры Свиты
0008648.png	После смерти Сергея Образцова в 1992 году театру было присвоено его имя .
0008649.png	Появление в Риме шёлка.
0008650.png	Германская империя
0008651.png	Массовый параллелизм;
0008652.png	Районы
0008653.png	Урбанизация
0008654.png	Канашский автоагрегатный завод (КААЗ)
0008655.png	186 км: Узнезя
0008656.png	Корней Чуковский. «О Власе Дорошевиче»
0008657.png	История
0008658.png	Нейролингвисты
0008659.png	Литература
0008660.png	Окончание второго президентского срока Саакашвили
0008661.png	Сайсарский округ
0008662.png	Примечания
0008663.png	Военная техника
0008664.png	Примечания
0008665.png	См. также: :Категория:Родившиеся 14 сентября
0008666.png	Геродотом дважды упомянуты Киммерийские переправы.
0008667.png	Наука
0008668.png	Падеж
0008669.png	См. также
0008670.png	История
0008671.png	Однако
0008672.png	Галерея ветхозаветных царей
0008673.png	Бобровская Юлия Сергеевна
0008674.png	Литература
0008675.png	Гауссовы координаты
0008676.png	«Гувернёр», 1996 (роман)
0008677.png	Альфред Розенберг,
0008678.png	2 марта
0008679.png	Печатные труды
0008680.png	австрийский крест за 25-летнюю службу (1876);
0008681.png	Медеа
0008682.png	В современных принтерах
0008683.png	Высшие
0008684.png	Города, награждённые орденом Ленина
0008685.png	Примечания
0008686.png	Роман «Эликсиры сатаны» () (1815)
0008687.png	Кафедра международных комплексных проблем природопользования и экологии;
0008688.png	Святители
0008689.png	Лиза Бойл, американская актриса, фотомодель, фотограф.
0008690.png	Мемориал Берлин-Хоэншёнхаузен (бывшая тюрьма Штази)
0008691.png	кирпичные;
0008692.png	Награды и почётные звания
0008693.png	Первое правительство Тимошенко
0008694.png	Кафедра дизайна и медиатехнологий
0008695.png	Мост в деревне Добрая
0008696.png	С гермооболочкой, недостроенные.
0008697.png	Себуанский язык
0008698.png	Православные: Акулина, Георгий, Даниил, Егор, Юрий.
0008699.png	Пастырская служба в армии, государственных больницах и тюрьмах;
0008700.png	Иранские кочевые народы
0008701.png	Департамент регионального развития
0008702.png	См. также: :Категория:Умершие в 1068 году
0008703.png	Опубликована в 1803 году Уильямом Уоллесом в английском журнале .
0008704.png	Население
0008705.png	Награды и признание
0008706.png	Панама
0008707.png	Средние века и Новое время
0008708.png	Интересные факты
0008709.png	Герои Первой мировой войны
0008710.png	Эльсуорт Келли
0008711.png	режиссёра: Е. Ремизова, Самуил Хахам
0008712.png	родным братом богатой московской барыне Дарье Александровне Валуевой;
0008713.png	Здуньска-Воля, Польша
0008714.png	Производство
0008715.png	Телекоммуникации и СМИ
0008716.png	Фарадея
0008717.png	Папские университеты.
0008718.png	Днепровско-Донецкий,
0008719.png	Замечания
0008720.png	Военно-Осетинская дорога
0008721.png	Персоналии по алфавиту
0008722.png	Завершено строительство Версальского дворца.
0008723.png	Литература
0008724.png	Место погребения Евы
0008725.png	Юрий Каюров на сайте «Культура Саратова»
0008726.png	Зельекопы
0008727.png	Командная строка
0008728.png	Воздушный транспорт
0008729.png	Трубецкой Евгений Николаевич Энциклопедия «Всемирная история»
0008730.png	На красных девок,
0008731.png	Крупнейшие производители фотоэлементов в 2012 году:
0008732.png	Муравейник
0008733.png	Другое программное наполнение
0008734.png	Молодая гвардия
0008735.png	Литература
0008736.png	Младшие ветви династии
0008737.png	Духовенство
0008738.png	О переводах (1959)
0008739.png	Нефтехимическая промышленность
0008740.png	Храм преподобного Серафима Саровского (2000)
0008741.png	Обзор
0008742.png	Веб-сайт, посвящённый Махатме Ганди
0008743.png	Системных администраторов можно разделить на несколько категорий:
0008744.png	Министры инфраструктуры Украины
0008745.png	Приволжский городской Дом культуры
0008746.png	В Польше вермахт вышел на Вислу и форсировал реку Сан.
0008747.png	Дисперсия любой случайной величины неотрицательна:
0008748.png	Мифология алтайцев
0008749.png	гандбол;
0008750.png	Ссылки
0008751.png	Также в 1799 году упразднены губернские дворянские собрания.
0008752.png	Другие религии
0008753.png	Одномандатные округа
0008754.png	Софи Лорен (1966),
0008755.png	Преподаватели Демидовского лицея
0008756.png	Эподы
0008757.png	Фармакокинетика
0008758.png	Архив Егора Гайдара
0008759.png	Два сына:
0008760.png	Примечания
0008761.png	Ссылки
0008762.png	Кубизм
0008763.png	Министр финансов
0008764.png	Цикл о приключениях космического рейнджера .
0008765.png	Родители:
0008766.png	Центр культуры и досуга «Дружба»
0008767.png	Участники Крымской войны (Великобритания)
0008768.png	История
0008769.png	Православная литература
0008770.png	Против пехоты
0008771.png	кулонометрия
0008772.png	Геройский уголок  (новая версия сайта )
0008773.png	Психопатия
0008774.png	В Месопотамии наблюдают комету Галлея.
0008775.png	Централизованная библиотечная система
0008776.png	Получение королевской короны
0008777.png	Долгожители Великобритании
0008778.png	Вписанная и вневписанные в треугольник окружности
0008779.png	Красногвардейский район, Россия
0008780.png	471 тысяча тонн финика (6-й по величине производитель в мире);
0008781.png	См. также
0008782.png	Населённые пункты Называевского района
0008783.png	Структура
0008784.png	Почётные члены Петербургской академии наук
0008785.png	Кубок Гагарина
0008786.png	Победы отрядов «Хермании» во главе с Висенте Перисом над дворянами.
0008787.png	Биография
0008788.png	Военачальники Древней Руси
0008789.png	Отрицательные формы рельефа
0008790.png	советская сборная по хоккею выиграла «Кубок Вызова» (11 февраля).
0008791.png	память Гуго Клюнийского.
0008792.png	Государственное и административное устройство:
0008793.png	Ссылки
0008794.png	Варна, Болгария (с 25 августа 1995 года)
0008795.png	Исполнительная власть Самоа сосредоточена в руках главы государства.
0008796.png	Награды
0008797.png	События
0008798.png	детский лагерь «Омега».
0008799.png	Дополнительный объектив как насадочная линза
0008800.png	Пифагор прибыл в Кротон.
0008801.png	Внутренние порты
0008802.png	Выпечка
0008803.png	Завод по производству минераловатного утеплителя (ООО «Изомин»)
0008804.png	Кварцы
0008805.png	Примечания
0008806.png	Телевидение
0008807.png	Звёзды с экзопланетами
0008808.png	Пьер Оссиан Бонне
0008809.png	клиника внутренних болезней,
0008810.png	Саудовская Аравия
0008811.png	Минный офицерский класс
0008812.png	Предшествующие события
0008813.png	Его дети: (от неизвестных матерей) Меланиппа.
0008814.png	История
0008815.png	Литература
0008816.png	Длинные доменные имена
0008817.png	Екатеринбург
0008818.png	Городища Казахстана
0008819.png	Советская литература
0008820.png	Современное восприятие
0008821.png	Ссылки
0008822.png	После освобождения Линетт Фромм проживает в городе Марси, штат Нью-Йорк.
0008823.png	История календаря на Руси и в России
0008824.png	См. также
0008825.png	Этимология
0008826.png	Примечания
0008827.png	рентгеновское излучение
0008828.png	Улица Чернова и Бертовский переулок - примыкание.
0008829.png	Ссылки
0008830.png	Блез Паскаль
0008831.png	Кинооператоры Франции
0008832.png	Метрология
0008833.png	дидактический эпос,
0008834.png	Начало работы Первого Ватиканского Собора.
0008835.png	Работы Линнея после возвращения в Швецию
0008836.png	Ссылки
0008837.png	Директора Пулковской обсерватории
0008838.png	Изумруды
0008839.png	История
0008840.png	Родившиеся в Конье
0008841.png	Ссылки
0008842.png	Сон Иакова
0008843.png	кинетика и механизм сложных химических реакций,
0008844.png	Зиярат в шиизме
0008845.png	Казбеги
0008846.png	Поведение муравьёв (обзоры последних открытий и статей)
0008847.png	Используемые архитектуры нейросетей
0008848.png	Изобретения
0008849.png	Состав экономических районов
0008850.png	Финалист (4): 1967, 2008, 2015, 2016
0008851.png	Ботанический сад Марбургского университета (Марбург, Пруссия)
0008852.png	2 гипермаркета «Магнит»
0008853.png	девятка и другие.
0008854.png	Храм Непорочного Зачатия Девы Марии
0008855.png	Казанский государственный энергетический университет
0008856.png	Усачёв, Юрий Владимирович ()
0008857.png	Лауреаты Царскосельской художественной премии
0008858.png	Курганский филиал Академии труда и социальных отношений;
0008859.png	Возникновение первых АТС происходило параллельно и независимо в США и в России.
0008860.png	Скульптура
0008861.png	в тексте (в смысле «способ связи») употребляют выражение «электронная почта»;
0008862.png	Библиография
0008863.png	Члены Западно-Сибирского отдела Императорского русского географического общества
0008864.png	Персонажи
0008865.png	Города воинской славы
0008866.png	Немецкий музей упаковки ().
0008867.png	Местное самоуправление осуществляется на основании устава.
0008868.png	Государственный академический театр имени Моссовета
0008869.png	Отделения:
0008870.png	География
0008871.png	Похороненные на Центральном кладбище Вены
0008872.png	Выпускники Первой Санкт-Петербургской гимназии
0008873.png	Семейства лучепёрых рыб
0008874.png	Городской
0008875.png	Яновский К. Доклад на учёном совете ИЭПП (2005)
0008876.png	Фильмы студии «Межрабпом-Русь»
0008877.png	4-я серия
0008878.png	«Новая Эвридика», роман Маргерит Юрсенар (1931)
0008879.png	сопоставляет каждому объекту  объект
0008880.png	Литература
0008881.png	Почётные доктора Оксфордского университета
0008882.png	Города-побратимы
0008883.png	Статут
0008884.png	Творчество
0008885.png	Генерал-полковник
0008886.png	Примечания
0008887.png	Наследие Британской империи
0008888.png	Физическая химия
0008889.png	1726 год
0008890.png	Биография
0008891.png	3 ноября
0008892.png	Министерство сельскохозяйственной, продовольственной и лесной политики
0008893.png	Соединения калия
0008894.png	Награды
0008895.png	Цепи, состоящие из резисторов
0008896.png	Проблемы с безопасностью
0008897.png	Правила игры
0008898.png	Примечания
0008899.png	Гибридное ядро
0008900.png	Религиозные
0008901.png	игры на набор очков во взятках (кончинка, бура, козёл);
0008902.png	Гамильтонова система
0008903.png	Метод
0008904.png	Логический парадокс
0008905.png	Память святого Эвазия, епископа Брешии;
0008906.png	Профилактика
0008907.png	Родившиеся 4 июня
0008908.png	Мемориальный комплекс «Парк Победы» на Соколовой горе, в который входят:
0008909.png	Деление недвижимости:
0008910.png	Авиационные термины
0008911.png	Композиторы по алфавиту
0008912.png	В кино
0008913.png	Командиры корпусов в Первой мировой войне (Россия)
0008914.png	Личная жизнь
0008915.png	Средства отсчёта текущего времени (автономные)
0008916.png	Талиа, да будет прав,
0008917.png	Ректоры вузов России
0008918.png	Король и королева
0008919.png	См. также
0008920.png	Сайт администрации Болховского района
0008921.png	Эволюция
0008922.png	Артиллерийские орудия форта «Красная Горка»
0008923.png	Треугольники в астрономии
0008924.png	Оператор: Виктор Офицеров
0008925.png	См. также
0008926.png	Лиха беда хлеба нажить, а с хлебом можно жить.
0008927.png	Ружья
0008928.png	Члены Лондонского королевского общества
0008929.png	разъём процессора (ЦПУ),
0008930.png	Население
0008931.png	Чжухай (Китай)
0008932.png	Единицы измерения длины в физике
0008933.png	Фильм «Ширли-мырли»
0008934.png	Перечень исторических городов России
0008935.png	Район Солнцево г. Москва (2007)
0008936.png	Медный термит
0008937.png	Учреждение префектур и административная реформа.
0008938.png	Александр Жуков
0008939.png	Монументы и скульптуры
0008940.png	Образование
0008941.png	Родились
0008942.png	Внешняя (?) задолженность:
0008943.png	Биография
0008944.png	Высочайшая благодарность (1905);
0008945.png	Гольяновская улица
0008946.png	Отряды насекомых
0008947.png	Контркультура 1990-х годов
0008948.png	Писатели Норвегии
0008949.png	Такара
0008950.png	Выпускники Центральной музыкальной школы
0008951.png	Гидросамолёт (поплавковый или лодка);
0008952.png	И на русском и коми звучат языках,
0008953.png	ул. Энергетическая, д. 10, корп. 1,
0008954.png	Литература
0008955.png	Победитель Лиги чемпионов УЕФА: 2006
0008956.png	Суммарный коэффициент рождаемости в странах СНГ
0008957.png	Умершие от чумы
0008958.png	Похороненные на Троекуровском кладбище
0008959.png	Кафедра медицинской биологии и генетики
0008960.png	91,3 МГц (1 кВт)
0008961.png	Литература
0008962.png	Китай официально исключил гомосексуальность из перечня психических заболеваний.
0008963.png	Награды
0008964.png	Вьетнамский музей этнологии
0008965.png	См. также
0008966.png	Церковь евангельских христиан-баптистов «Спасение» (ул. Серикбаева)
0008967.png	Флора
0008968.png	Озвучивание
0008969.png	Шахматно-шашечный клуб;
0008970.png	Апрель
0008971.png	Типы спутников
0008972.png	Рёв белухи
0008973.png	События
0008974.png	Начало правления Васишки в древнем Кушане.
0008975.png	Правление
0008976.png	Кавалеры ордена Драгоценного жезла
0008977.png	Преимущества десятичной позиционной системы
0008978.png	Работа в кино
0008979.png	Растениеводство
0008980.png	Гражданская война
0008981.png	Примечания
0008982.png	Кобринское гетто
0008983.png	1038 км: Мышега (лв)
0008984.png	См. также
0008985.png	Ардонский музей истории города, культуры, и образования,
0008986.png	Международная деятельность
0008987.png	Средства массовой информации
0008988.png	Генуэзская крепость Чембало
0008989.png	Источник энергии
0008990.png	Герои России и СССР
0008991.png	Литература
0008992.png	Примечания
0008993.png	Общая теория относительности (1915)
0008994.png	С момента возникновения христианства появлялись учения с иным пониманием ада.
0008995.png	Поэты Швейцарии
0008996.png	Реальный газ
0008997.png	Литература
0008998.png	Проконсулы Цизальпийской Галлии
0008999.png	Основные цели и задачи
0009000.png	Государства и территории, основанные в 1973 году
0009001.png	1930-х
0009002.png	Название
0009003.png	Песня группы «Электрические партизаны» «Звезда и Автомат».
0009004.png	Институт международного права ().
0009005.png	Деятельность в годы Холокоста
0009006.png	Максаков, Александр Иванович
0009007.png	Способы приготовления
0009008.png	Альбертинская линия Веттинов
0009009.png	Домены 2 уровня
0009010.png	«Неистовства» и познание мира
0009011.png	Примечания
0009012.png	Механика
0009013.png	Другие интересные места
0009014.png	Фронтовые корреспонденты Великой Отечественной войны
0009015.png	Университеты Красноярска
0009016.png	Сочинения для голоса с фортепиано
0009017.png	Менкье
0009018.png	История
0009019.png	Пасха на различных языках
0009020.png	Политическая экономия
0009021.png	позиционная
0009022.png	Климат
0009023.png	Источники
0009024.png	Почётные граждане
0009025.png	Деревянные шпалы
0009026.png	Хосеп Гвардиола, испанский футболист, олимпийский чемпион (1992), тренер.
0009027.png	Национальные домены верхнего уровня
0009028.png	Уховёртка обыкновенная
0009029.png	Библиография
0009030.png	Актёры и актрисы Театра-студии киноактёра
0009031.png	В России:
0009032.png	Римская республика
0009033.png	Грехи
0009034.png	НИКТИ тракторных и комбайновых двигателей
0009035.png	Источники
0009036.png	Комментарии
0009037.png	Внешняя торговля товарами 2015 года представлена в таблицах:
0009038.png	Список штатов США по суммарному коэффициенту рождаемости
0009039.png	Члены КПСС
0009040.png	иностранные:
0009041.png	Щёлкин, Кирилл Иванович.
0009042.png	Демонстрация возможностей
0009043.png	Византийские императоры
0009044.png	Алонзо Чёрч разработал лямбда-исчисление.
0009045.png	Выпускники Йенского университета
0009046.png	Ансамбль народной музыки "Дмитровские рожечники"
0009047.png	1940-е годы
0009048.png	Литература
0009049.png	Умершие 25 ноября
0009050.png	Примечания
0009051.png	Рекомендуемая литература
0009052.png	Герб Текутьевых
0009053.png	«Две судьбы 2. Голубая кровь» на сайте «Энциклопедия отечественного кино»
0009054.png	Композиторские школы
0009055.png	Скульптура и памятники
0009056.png	Радио Ардзаганк (103.50)
0009057.png	Отечественная война 1812 года
0009058.png	Скончались
0009059.png	Релятивистская механика
0009060.png	Вторая мировая война. В изгнании
0009061.png	Климат
0009062.png	Школьная улица (Крюково)
0009063.png	Храм им. Св. апостола Андрея Первозванного на площади Первостроителей
0009064.png	Словообразование
0009065.png	Примечания
0009066.png	природные и синтетические органические полимерные материалы;
0009067.png	Комаррское восстание
0009068.png	Целочисленные последовательности
0009069.png	В Чехии появилась письменность
0009070.png	«Воспитатель человечества Толстой» (1960),
0009071.png	Варнава с Марком отплывает на Кипр, а Павел с Силой в Малую Азию ()
0009072.png	Варианты и примеры
0009073.png	Бирюков С. Року укор. М., 2003
0009074.png	Писистрат отправлен в изгнание на остров Эвбея.
0009075.png	медали
0009076.png	ООО «Буревестник и К»
0009077.png	Общие сведения о конструкции одежды
0009078.png	Если птицы вьют гнезда на солнечной стороне домов, значит лету быть холодным.
0009079.png	Туризм
0009080.png	Вымышленные события
0009081.png	Литература
0009082.png	Центральная городская библиотека им. М. Горького
0009083.png	Задачники:
0009084.png	память преподобномученицы Марии (Цейтлин), монахини (1938);
0009085.png	В православной церкви
0009086.png	Суханов, Максим Александрович (с 1985 года)
0009087.png	Философия эпохи Возрождения в библиотеке философского факультета МГУ
0009088.png	Финансовый сектор
0009089.png	Солто
0009090.png	Ссылки
0009091.png	Музыка
0009092.png	Синтаксис
0009093.png	Полиглоты
0009094.png	яркость-контраст;
0009095.png	Советское время
0009096.png	Действительные государственные советники Российской Федерации 1-го класса
0009097.png	Мемуаристы русского зарубежья
0009098.png	Важнейшими трассами являются:
0009099.png	Лётчики-испытатели СССР
0009100.png	Литература
0009101.png	Литература
0009102.png	Карфагенское письмо
0009103.png	Хоменко Николай Васильевич
0009104.png	Трубопроводный
0009105.png	Описание Большого государственного герба Российской империи 1882 года
0009106.png	Официальный сайт
0009107.png	центробежные насосы
0009108.png	«Розовый» период
0009109.png	Родились
0009110.png	Игроки-рекордсмены
0009111.png	География
0009112.png	Министры иностранных дел Индии
0009113.png	Католическая церковь византийско-славянского обряда в Польше
0009114.png	«Паяцы» Р. Леонкавалло
0009115.png	Примечания
0009116.png	Железнодорожный транспорт Санкт-Петербурга
0009117.png	Император Цезарь Август: Армия, Война, Политика. СПб.: Алетейя, 2001. 278 с.
0009118.png	Литература
0009119.png	Лев Озеров (р. 1914), русский советский поэт, переводчик, критик.
0009120.png	Винфрид побывал в Риме и получил имя Бонифаций.
0009121.png	Деятели феминизма России
0009122.png	Примечания
0009123.png	Другая легенда, популярная у скопцов:
0009124.png	Исторические германские государства
0009125.png	Похороненные на кладбище Флунтерн
0009126.png	См. также
0009127.png	Гибридные технологии
0009128.png	Математика
0009129.png	Ссылки
0009130.png	Магнитный меридиан
0009131.png	Эмуляция
0009132.png	Подсказки для изменения плана выполнения запроса.
0009133.png	Основная статья:
0009134.png	«О земледельных орудиях» (1785; 2-е изд. 1791; 3-е изд. 1879);
0009135.png	Комментарии
0009136.png	Биография
0009137.png	Безопасность
0009138.png	Способ применения
0009139.png	Ересиарх Севир был поставлен Антиохийским патриархом.
0009140.png	Орден Ленина (1990)
0009141.png	Силовая установка
0009142.png	Примечания
0009143.png	Появились в 1997 году в России
0009144.png	70 км: Бея (длина 71 км)
0009145.png	Нарушения средств общения
0009146.png	Гольдбаха
0009147.png	Родились в Острогожске
0009148.png	Бюст И. Алтынсарину.
0009149.png	Город Белово отнесён правительством РФ к категории моногородов.
0009150.png	Перелом в Гражданской войне. Битва при Геттисберге
0009151.png	Джованни
0009152.png	Лукойл-Инжиниринг
0009153.png	История
0009154.png	Стимпанк
0009155.png	Литература
0009156.png	Юность и начало литературной карьеры
0009157.png	Католические: Христофор, Яков.
0009158.png	29-е простое число а также простое число Чена.
0009159.png	Города-миллионеры
0009160.png	Уйти в твой древний зной и в нежность
0009161.png	Потребности
0009162.png	Временное правительство России (1917)
0009163.png	Геофизики
0009164.png	Булева алгебра.
0009165.png	Киаксар разбил скифов и выгнал их из Мидии. Объединение мидийских племён.
0009166.png	Примечания
0009167.png	Дипломаты Российской империи
0009168.png	«О коннице»
0009169.png	Управление впечатлениями
0009170.png	Пятистопный ямб:
0009171.png	Двойной фистинг
0009172.png	Подвижной состав
0009173.png	«Омская область на карте»
0009174.png	Святители
0009175.png	Клуб любителей шахмат
0009176.png	Медицинские процедуры
0009177.png	январь 1936:
0009178.png	Точнее,
0009179.png	футурологическая
0009180.png	Ссылки
0009181.png	Депутаты Совета Союза 10-го созыва
0009182.png	Олимпийцы
0009183.png	Куньлунь Ред Стар
0009184.png	МКС-43
0009185.png	Диодор Сицилийский
0009186.png	партия Демократический союз, включившая это положение в свою программу
0009187.png	Классификация
0009188.png	См. также: :Категория:Умершие в 1915 году
0009189.png	Статистика населения
0009190.png	Крепление к камере
0009191.png	Культура и образование
0009192.png	факультет элитного образования и магистратуры;
0009193.png	Станции Ярославского региона Северной железной дороги
0009194.png	Христианская иконография
0009195.png	Личная жизнь
0009196.png	Виды средневековых пиратов и пиратов нового времени
0009197.png	Выпускники Оксфордского университета
0009198.png	Образована 13 июня 1934 года.
0009199.png	Примечания
0009200.png	Праздники и памятные дни
0009201.png	См. также
0009202.png	В 1814 году начато строительство Воскресенского собора. Закончено в 1842 году.
0009203.png	Примечания
0009204.png	Детекторы ядерных излучений
0009205.png	экспериментальные
0009206.png	В районе работают 22 библиотеки с книжным фондом 202700 томов, 1 музей
0009207.png	Банк «Пойдём»
0009208.png	Кафедра археологии
0009209.png	5 октября
0009210.png	«Березина, или Последние дни Швейцарии»
0009211.png	Профессиональная деятельность
0009212.png	Орден Красной Звезды (10.08.1944)
0009213.png	Социальное поведение
0009214.png	Курский фронт
0009215.png	Королёв Павел Эдуардович;
0009216.png	Ссылки
0009217.png	Атаульф разбил узурпаторов Иовина и Себастиана и прислал их головы Гонорию.
0009218.png	Основные работы
0009219.png	Трансфермиевые химические элементы
0009220.png	Виды одноразовых шприцев, используемых на территории России
0009221.png	Закон о дальневосточном гектаре
0009222.png	Поддержка рабочей копии
0009223.png	В Москве
0009224.png	Реставрация Преображенской церкви
0009225.png	природные драгоценные камни;
0009226.png	на русском языке
0009227.png	Сокращения
0009228.png	Персоналии:Театр на Малой Бронной
0009229.png	Начало карьеры
0009230.png	Рав (амора).
0009231.png	Литература
0009232.png	Средняя категория (одна ось высшего порядка)
0009233.png	Рыло, медник
0009234.png	Памятники Берегова:
0009235.png	История
0009236.png	Австрийский Королевский венгерский орден Святого Стефана, большой крест (1844).
0009237.png	Фракция Единство в ГД РФ 3 созыва
0009238.png	Семья
0009239.png	Примечания
0009240.png	луговомарийский язык
0009241.png	В Дербенте проживает большая многотысячная шиитская диаспора.
0009242.png	Циклон Бхола, самый смертоносный тропический циклон в истории (1970).
0009243.png	Теория государства и права
0009244.png	Скорость точки:
0009245.png	Литература
0009246.png	Административно-территориальное деление
0009247.png	Примечания
0009248.png	Кевин Глендалохский, ирландский святой.
0009249.png	Рукописи
0009250.png	Сочинения
0009251.png	Изобразительное искусство
0009252.png	Примечания
0009253.png	Родились
0009254.png	Радио «Эхо Москвы», передачи с участием Гарри Каспарова
0009255.png	Телекран
0009256.png	Литература
0009257.png	Пресненский Вал, улица
0009258.png	Примечания
0009259.png	Увлечения и хобби
0009260.png	Теченьем времени превечный,
0009261.png	В черте города расположены четыре парковых зоны отдыха:
0009262.png	В пакетиках
0009263.png	Текстовый редактор
0009264.png	Примечания
0009265.png	Святой Дуб на берегу Мяделки
0009266.png	Литература
0009267.png	Средства тушения: распылённая вода, воздушно-механическая пена.
0009268.png	Потомки Завулона
0009269.png	2. Часовня в честь Покрова Пресвятой Богородицы при ЦРБ;
0009270.png	Ссылки
0009271.png	Победитель: 2008
0009272.png	Новосибирский филиал Томского экономико-юридического института
0009273.png	Цифровая фотография
0009274.png	как инсектицид в отравленных приманках для уничтожения тараканов;
0009275.png	Политическая деятельность
0009276.png	Восстание против монголов в Грузии и на севере Армении. Жестоко подавлено.
0009277.png	Поход Синаххериба в северо-западные горные области Элама.
0009278.png	Саскачеван
0009279.png	Субъекты мирового хозяйства
0009280.png	итальянский
0009281.png	КФ 2.7.1
0009282.png	Толкачик
0009283.png	Большой крест Французского ордена Почётного легиона (26.03.1908)
0009284.png	См. также
0009285.png	Умершие в 1855 году
0009286.png	Соблюдение прав человека в отношении ЛГБТ
0009287.png	Академические музыканты Австрии
0009288.png	Именины
0009289.png	Железные дороги Российской империи
0009290.png	Абдулла Алиш (р. 1908), татарский советский писатель, антифашист;
0009291.png	скажите пожалуйста,
0009292.png	Действительные члены Петербургской академии наук
0009293.png	Правительственные награды Российской Федерации
0009294.png	Салаватская мечеть Ихлас.
0009295.png	Награды и звания
0009296.png	Принцип относительности
0009297.png	в градах, минутах, секундах;
0009298.png	Реки Камешковского района
0009299.png	Измир (), Турция (1999)
0009300.png	Память о Барклае-де-Толли
0009301.png	Литература
0009302.png	Особенно заметно в митаннийском арийском:
0009303.png	Страх в культуре
0009304.png	в случае, если полученный буфер занят, ждёт его освобождения;
0009305.png	Техника
0009306.png	Доминанта
0009307.png	Награды
0009308.png	Награды и премии
0009309.png	По эллипсу;
0009310.png	На могиле святого Валентина в Риме возведена базилика.
0009311.png	Александр Жаров (р. 1904), советский поэт.
0009312.png	Стероидные гормоны
0009313.png	Спорт
0009314.png	См. также
0009315.png	Публикации
0009316.png	Часовой пояс
0009317.png	Солнечная архитектура
0009318.png	Зулькадары
0009319.png	Примечания
0009320.png	Пауки, богомолы (Крейн)
0009321.png	Фильмы о детях
0009322.png	Сыновья:
0009323.png	Верх-Исетский пруд (Екатеринбург)
0009324.png	Нейтронное оружие
0009325.png	Прочей подчинённости
0009326.png	Я пришёл дать вам волю (1971)
0009327.png	Препарат несовместим с алкоголем.
0009328.png	См. также
0009329.png	Время проведения хаджа
0009330.png	Нейромедиаторы и клеточные рецепторы
0009331.png	Кинематограф
0009332.png	В математике
0009333.png	Восстановление Длинной стены Анастасия.
0009334.png	Экономическая политика
0009335.png	Примечания
0009336.png	Приспособление для удержания бариевой клизмы
0009337.png	песня «Стюардесса по имени Жанна»
0009338.png	Генерал-майоры (Российская империя)
0009339.png	Цхинвальское городское озеро
0009340.png	Калий в организме человека
0009341.png	Зенит (фотоаппаратура)
0009342.png	Тифлис
0009343.png	Психологи Австрии
0009344.png	Письменности коренных народов Америки
0009345.png	Социолингвистическая характеристика
0009346.png	Заключённые Петропавловской крепости
0009347.png	Отдельные виды:
0009348.png	Культура
0009349.png	Проституция в Европе
0009350.png	Музыка
0009351.png	Простые модули
0009352.png	Динамические возможности.
0009353.png	Железнодорожный транспорт
0009354.png	Государственные деятели Испании
0009355.png	Лагранжева плотность преобразуется таким же образом, , так
0009356.png	научно-техническая библиотека (с фондом более 700 тыс. единиц хранения);
0009357.png	Орден Святого Владимира 3-й ст. (6 декабря 1907);
0009358.png	Дуэнде
0009359.png	1297 км: Березуйка (лв)
0009360.png	События
0009361.png	Конфликт с Ансамблем песни и пляски ВВ МВД России
0009362.png	Большой толковый словарь Владимира Чернышёва
0009363.png	Шаньюй южных хуннов Чжан.
0009364.png	Государство Сефевидов
0009365.png	Детство и юность в Провансе
0009366.png	Шапошников Борис Михайлович на сайте Министерства обороны Российской Федерации
0009367.png	Ссылки
0009368.png	Дом правительства Киргизской ССР;
0009369.png	500 отдельный зенитный арт дивизион
0009370.png	Пятнадцатый сезон
0009371.png	Институт леса им. В. Н. Сукачёва СО РАН
0009372.png	Факты
0009373.png	«Цари, чьи эпонимы разрушены»
0009374.png	Биография
0009375.png	События
0009376.png	См. также
0009377.png	См. также
0009378.png	Литература
0009379.png	Особые указания
0009380.png	Постоянные рубрики:
0009381.png	Место, где располагался дом, в котором жил А. П. Чехов в 1883-1884 гг.;
0009382.png	Покровский кафедральный собор 1788 года,
0009383.png	Заслуженный деятель искусств Узбекской ССР (1967)
0009384.png	Примечания
0009385.png	Типы групп Ли
0009386.png	Во Франции введено клеймение золотых изделий.
0009387.png	Ссылки
0009388.png	В кариотипе 70 хромосом.
0009389.png	Маркетплейс
0009390.png	Парфюмерные ингредиенты
0009391.png	Остатки крепостной стены периода Османского владычества
0009392.png	«Нова молодь Черкащини»;
0009393.png	1922-1949 Первые годы
0009394.png	Назарово в энциклопедии «Мой город»
0009395.png	Журавлиное болото,
0009396.png	Примечания
0009397.png	оз. Кукас
0009398.png	Католицизм
0009399.png	межпластовые;
0009400.png	Примечания
0009401.png	Гостевая
0009402.png	Реки Хабаровска
0009403.png	Русские драматурги
0009404.png	Российские архивы входят в число крупнейших архивов мира.
0009405.png	Салафистская группа проповеди и джихада (Алжир)
0009406.png	Церемония вручения Нобелевской премии.
0009407.png	Поэты Ирака
0009408.png	Примечания
0009409.png	Министр иностранных дел
0009410.png	Ци Гун - работа с энергией, текущей в организме,теле человека.
0009411.png	Савайи:
0009412.png	Экология
0009413.png	Белайт,
0009414.png	избирательным мутизмом
0009415.png	Интересный факт
0009416.png	Закат кинокарьеры
0009417.png	Декабрь
0009418.png	Бассейн Кубни
0009419.png	История
0009420.png	Евангельская символика
0009421.png	Наполеоновские войны
0009422.png	толкания по реке в составе каравана или одиночного лихтера
0009423.png	Административное деление
0009424.png	Ряд разделов астрофизики выделяется по специфическим методам исследования.
0009425.png	Рельеф
0009426.png	Участвующие в трансляции
0009427.png	Ссылки
0009428.png	Дифференциальная геометрия и топология
0009429.png	Музеи и галереи
0009430.png	Биография
0009431.png	Премии
0009432.png	на русском языке
0009433.png	Вышневолоцкая водная система
0009434.png	Флорин
0009435.png	Описание
0009436.png	См. также: :Категория:Родившиеся в 1717 году
0009437.png	Китайская Народная Республика:
0009438.png	Экономика
0009439.png	См. также
0009440.png	Способ фотообеззараживания воды.
0009441.png	Недостатки
0009442.png	Противопоказания
0009443.png	Чистокровные динго не лают, но способны рычать и выть как волк.
0009444.png	В других областях
0009445.png	Тропа Голицына
0009446.png	Почётные доктора Университета имени Я. А. Коменского
0009447.png	Дата дана по новому стилю:
0009448.png	Краткий исторический очерк о ногайцах
0009449.png	Кэтлин Робертсон, канадская актриса кино и телевидения.
0009450.png	Галерея
0009451.png	Персоналии:Клименецкий монастырь
0009452.png	См. также
0009453.png	пением,
0009454.png	Серебряный призёр: 1997 (зона «Центр»)
0009455.png	Литература
0009456.png	Биография
0009457.png	Физико-географическая характеристика
0009458.png	прусский орден Короны 2 ст. (1864)
0009459.png	Государственные деятели Франции
0009460.png	Региональные сцены
0009461.png	Литература
0009462.png	Разворот и въезд в технологические разрывы разделительной полосы;
0009463.png	Футболисты, сыгравшие 100 и более матчей
0009464.png	Фамилия
0009465.png	Царствуй на славу,
0009466.png	Избыточное число
0009467.png	Послы Российской империи в Дании
0009468.png	См. также: :Категория:События 10 апреля
0009469.png	Парадигма (философия)
0009470.png	Математика в Древнем Египте
0009471.png	Общественная деятельность
0009472.png	Шляхетские роды герба Равич
0009473.png	Поэты по алфавиту
0009474.png	Условия наблюдения
0009475.png	Чудское озеро
0009476.png	Ссылки
0009477.png	Профессии сферы услуг
0009478.png	Математические операции
0009479.png	История права России
0009480.png	Генерал-майоры Свиты
0009481.png	Шахтёрская правда
0009482.png	Нарушения цикличности сна и бодрствования
0009483.png	Стриппер
0009484.png	Кербер
0009485.png	В музыке
0009486.png	Общие сведения
0009487.png	Ервандидская Армения
0009488.png	Литература
0009489.png	Ван Ман отменяет некоторые реформы.
0009490.png	«Остров Гваделупа»
0009491.png	См. также
0009492.png	Политические партии
0009493.png	Движение в массовой культуре
0009494.png	Гундоров
0009495.png	Избрание 10 архонтов в Афинах.
0009496.png	Ансамбль санатория. 1939 г.
0009497.png	Дошкольное и среднее образование
0009498.png	Например:
0009499.png	Полоцкая ГЭС
0009500.png	Примечания
0009501.png	Виктор Соколов
0009502.png	Спортивные (гоночные).
0009503.png	Вторая мировая война
0009504.png	гримальдийская
0009505.png	В философии
0009506.png	«Мемориальный мост Мемфис-Арканзас» (построен в 1949);
0009507.png	подполковник (1-я пол. 1942)
0009508.png	Мессения полностью занята спартанцами в ходе Первой Мессенской войны
0009509.png	Достопримечательности
0009510.png	Другие персонажи
0009511.png	Предприятия чёрной металлургии России
0009512.png	Эллинистическая философия
0009513.png	Санкт-Петербургский государственный университет
0009514.png	Съезд
0009515.png	Участники Венгерской войны
0009516.png	Атомная физика
0009517.png	Федеральные вооружённые силы
0009518.png	Транспорт
0009519.png	Опа (богиня жатвы и плодородия)
0009520.png	Плотность энергии в этом приближении равна
0009521.png	Наука и образование
0009522.png	Памятник Вечной Славы. 1970 г.
0009523.png	Свободные системы управления сайтами
0009524.png	1398 Тельшяй
0009525.png	1-я Ватутинская улица
0009526.png	1970-е годы
0009527.png	земснаряды,
0009528.png	Примечания
0009529.png	Писатели Испании
0009530.png	Технологии кино и видео
0009531.png	Детская литература
0009532.png	Медики Франции
0009533.png	Города, названные в честь людей
0009534.png	Система согласных датского языка имеет следующие особенности:
0009535.png	Системы для крупных предприятий
0009536.png	Культура и искусство
0009537.png	Жорж Шарпак (р. 1924), французский физик, лауреат Нобелевской премии (1992).
0009538.png	Военный лётчик 1-го класса (28 января 1982),
0009539.png	Свойства
0009540.png	Стандартная модель
0009541.png	См. также
0009542.png	Социальная сфера
0009543.png	Последние годы. Самоубийство
0009544.png	Краснодарский ипподром
0009545.png	Вильнюс
0009546.png	Основные события
0009547.png	игровой зал - 438,5 кв.м.
0009548.png	См. также
0009549.png	Сохранение суверенитета и целостности России.
0009550.png	Руководство покупателя видеокарты: основные характеристики видеокарт
0009551.png	В озере обитают пескарь, карп, выпущены раки, которые прижились.
0009552.png	Культура
0009553.png	Этиология
0009554.png	Библиография
0009555.png	Дания
0009556.png	Многозначные логики
0009557.png	Онтогения минералов
0009558.png	Лёсден
0009559.png	См. также
0009560.png	Первое радио 105.6
0009561.png	Иммерсивность
0009562.png	Литература
0009563.png	Национальные
0009564.png	Внешний облик
0009565.png	Нательный крест, тельник, крестик, распятие
0009566.png	Факториал может быть задан следующей рекуррентной формулой:
0009567.png	Литература
0009568.png	Роман: 40 000 слов или более (вручается с 1966 по настоящее время)
0009569.png	Говорухин, Станислав Сергеевич
0009570.png	Транспорт
0009571.png	Растительность
0009572.png	Ранние годы
0009573.png	Реки Луганской области
0009574.png	Полетаев Владимир Владимирович
0009575.png	Ведомственные награды
0009576.png	См. также
0009577.png	Государственный герб Республики Коми
0009578.png	Амаркорд
0009579.png	Развитие кости происходит двумя способами:
0009580.png	Съёмки
0009581.png	Городская детская поликлиника
0009582.png	Футуродизайн-методология
0009583.png	Сайт Санкт-Петербургской археологической экспедиции
0009584.png	Муаровый узор
0009585.png	Слова о добрых и злых жёнах
0009586.png	Умершие от пневмонии
0009587.png	Методологическая ненаучность
0009588.png	См. также: :Категория:Умершие в 1816 году
0009589.png	Скончались
0009590.png	Бакинский государственный университет;
0009591.png	Туркменистан после эпохи Ниязова
0009592.png	События
0009593.png	«Философы и философишки» (1889)
0009594.png	«Нет ничего глупее желания всегда быть умнее всех» (Франсуа де Ларошфуко);
0009595.png	По мнению врачей того времени:
0009596.png	Должны ли мы говорить то, что думаем, и думать то, что говорим?
0009597.png	Известные люди
0009598.png	2005 год на Украине
0009599.png	Хронология основных событий
0009600.png	Гондвана
0009601.png	Интуиционистская логика.
0009602.png	Маэдзава, Юсаку ()
0009603.png	Силькеборг, Дания
0009604.png	Е. Афонасин. Казусы римского права
0009605.png	Скончались
0009606.png	музыкального образования
0009607.png	Примечания
0009608.png	Орден Святого Владимира 2-й ст. (1911)
0009609.png	Солнечная энергия может применяться в различных химических процессах. Например:
0009610.png	Дилатация и эвакуация
0009611.png	Исследования
0009612.png	парабульбарная (раствор вводится в область под глазным яблоком)
0009613.png	Ссылки
0009614.png	Письменность
0009615.png	Телесериалы России 2000-х годов
0009616.png	(в пер.)
0009617.png	Архиерейство в Чернигове
0009618.png	эйфория
0009619.png	Искусствоведы России
0009620.png	Объектно-реляционные
0009621.png	Пилява
0009622.png	Особые указания
0009623.png	«Интелком»;
0009624.png	Решки монет разных государств
0009625.png	Музыкальные коллективы 1990-х годов
0009626.png	Книги
0009627.png	См. также
0009628.png	Молодёжный мост
0009629.png	Фототермины
0009630.png	Ссылки
0009631.png	Физико-географическая характеристика
0009632.png	Гибель коммунизма и постсоветизм
0009633.png	Транзисторы
0009634.png	Ку (все слова (исключая обсценные) в фильме Кин-дза-дза)
0009635.png	Экстремизм
0009636.png	См. также
0009637.png	Древнейшая история
0009638.png	биологическая концепция власти;
0009639.png	Символика города
0009640.png	Сайт муниципального образования «Бежецкий район» Тверской области
0009641.png	Примечания
0009642.png	Казахский национальный университет искусств
0009643.png	Тип ролевой кодировки
0009644.png	Владимир Кантор о Чернышевском как о христианском мыслителе
0009645.png	Почётные доктора Санкт-Петербургского гуманитарного университета профсоюзов
0009646.png	Кинокомпозиторы США
0009647.png	Карта города
0009648.png	Языки Франции
0009649.png	Ковар
0009650.png	Повесть Эрнеста Сетона-Томпсона «Королевская Аналостанка» (1915)
0009651.png	Неуместное доверие на стороне клиента
0009652.png	Свердловский театр оперы и балета:
0009653.png	Музей истории СО РАН
0009654.png	Другое
0009655.png	Владения
0009656.png	Единая система конструкторской документации (ЕСКД)
0009657.png	Внутренняя безопасность
0009658.png	Фильмы-мелодрамы Франции
0009659.png	Кадровая политика
0009660.png	Примечания
0009661.png	42 рабочих посёлка;
0009662.png	История
0009663.png	Шадрин, Роман Александрович (01.12.1995, 246)
0009664.png	Населённые пункты
0009665.png	Версия 2.0
0009666.png	Литература
0009667.png	Награды
0009668.png	Составлен первый хронограф.
0009669.png	Завершение съёмок «Ворона»
0009670.png	Банковское дело и торговля
0009671.png	Белградский мост
0009672.png	Дом-музей Хемингуэя
0009673.png	Пролекарства
0009674.png	Биография
0009675.png	Академические лицеи
0009676.png	Храм во имя Казанской иконы Божией Матери,
0009677.png	Описано в 1883 году Георгом Кантором.
0009678.png	Примечания
0009679.png	Заготовка кормов ведётся в следующих хозяйствах округа:
0009680.png	Общественные деятели Российской империи
0009681.png	«Знак воина» (1996)
0009682.png	Коллектив поэтов
0009683.png	Награды
0009684.png	Зоологи Германии
0009685.png	Полковники (Российская Федерация)
0009686.png	Широко распространённые платформы, использующие байт-код:
0009687.png	Население
0009688.png	Миф о споре СССР и Польши за бренд «водка»
0009689.png	Фоссилии, описанные в 1952 году
0009690.png	Список генералам по старшинству
0009691.png	«Забава Путятишна», комическая опера в 4-х действиях и 5 картинах.
0009692.png	Например, число сто три представляется в десятичной системе счисления в виде:
0009693.png	Фрагменты
0009694.png	История Капетингов
0009695.png	Полтавская область
0009696.png	Ссылки
0009697.png	Метионин и его производные в фармакологии
0009698.png	Поэма «Амадеида»
0009699.png	Более точные значения (источник: лист лабораторного анализа)
0009700.png	Работает Витебская областная филармония.
0009701.png	См. также
0009702.png	21 августа:
0009703.png	поддержка сельских библиотек.
0009704.png	Здания и сооружения Василеостровского района
0009705.png	Топоним
0009706.png	Члены Союза кинематографистов СССР
0009707.png	Примечания
0009708.png	Броварской спортивный портал
0009709.png	Коэффициент отражения
0009710.png	Которский муниципалитет
0009711.png	Вобаш (США)
0009712.png	Олимпийские чемпионы от Камеруна
0009713.png	Содружество актёров Таганки
0009714.png	Гельма
0009715.png	Члены движения «Солидарность»
0009716.png	Примечания
0009717.png	Лауреаты международной премии имени Христо Ботева
0009718.png	Ратуша (внутри музей города, смотровая площадка) и ратушная площадь;
0009719.png	Ссылки
0009720.png	Велосипедные и мотоциклетные такси
0009721.png	Средства массовой информации
0009722.png	Нарвские Триумфальные ворота на сайте «Музеи России»
0009723.png	Родившиеся в Кобелякском уезде
0009724.png	В 1949 году в черту Сарапула вошёл посёлок городского типа Симониха.
0009725.png	Виды бюджетов
0009726.png	Медаль «Участнику военной операции в Сирии» (2016)
0009727.png	Велесова книга
0009728.png	Римская Слава Античное военное искусство
0009729.png	Привольный
0009730.png	Выпускники Колумбийского университета
0009731.png	Особняк Хлебниковых
0009732.png	Примечания
0009733.png	Литература
0009734.png	Функции в организме
0009735.png	Противостояния с уфимским «Салаватом Юлаевым» носят название «Зелёное дерби».
0009736.png	«Убийство в Фоулкс-Рэте»
0009737.png	Озёрная улица
0009738.png	252 км: Юрюзань (длина 404 км)
0009739.png	Коллиматор
0009740.png	Обеспечение электроэнергией
0009741.png	Русскоязычные ресурсы об Оттаве
0009742.png	Известные жители и уроженцы
0009743.png	Емельян Пугачёв
0009744.png	Лодзь, Польша (2004)
0009745.png	Галит
0009746.png	Прочие
0009747.png	Музей телевидения (ГТРК «Ставрополье»);
0009748.png	Сайт журнала Металлы
0009749.png	Фонды недвижимости
0009750.png	См. также: :Категория:Умершие в 834 году
0009751.png	В европейских кубках:
0009752.png	Приобретение «Сибнефти» и алюминиевые войны
0009753.png	Пущена в эксплуатацию дорога Сеченово-Сергач.
0009754.png	См. также: :Категория:Умершие в 1716 году
0009755.png	Эстафеты
0009756.png	Карты Таро
0009757.png	Памятник маме
0009758.png	Общая характеристика
0009759.png	Человеческая кожа
0009760.png	Члены-корреспонденты Петербургской академии наук
0009761.png	Театры, награждённые орденом Трудового Красного Знамени
0009762.png	Древний мир и Средние века
0009763.png	11 августа, 16 августа, 17 августа;
0009764.png	Электронный журнал «Полилог-2» (полностью посвящён Сапгиру)
0009765.png	1 и 2 блоках (дубльблок) Ровенской АЭС
0009766.png	Фотоника
0009767.png	События без точных дат
0009768.png	9 августа
0009769.png	Учение
0009770.png	Чайковский П. И. «Черевички»
0009771.png	Минчо
0009772.png	Цитоплазматический матрикс увеличивается в количестве;
0009773.png	Алгебраические кривые
0009774.png	См. также
0009775.png	Белозерское княжество
0009776.png	1979 год
0009777.png	Телефонный передатчик
0009778.png	Язык и письменность
0009779.png	2 апреля
0009780.png	Юстин Мученик. Диалог против Трифона ().
0009781.png	1992 год
0009782.png	Литература
0009783.png	Примечания
0009784.png	Спорткомплекс «Салют»
0009785.png	Википедия:Статьи со ссылками на статьи об отдельных числах
0009786.png	Китайское письмо
0009787.png	Источники
0009788.png	Диссоциативные (конверсионные) расстройства (устар. «истерия»)
0009789.png	Планы объединения Балашихи и Железнодорожного вызвали протесты их жителей.
0009790.png	Клубный футболист года по версии УЕФА: 2002
0009791.png	В биологии
0009792.png	Обзорная и научная литература
0009793.png	В последние годы существования СССР началось строительство Люблинской линии.
0009794.png	Экономика
0009795.png	Неонол
0009796.png	Бронза (1): 2005
0009797.png	Родились
0009798.png	Писатели Польши
0009799.png	Многоальтернативность решений.
0009800.png	Экономика
0009801.png	Гаити (наряду с гаитянским креольским)
0009802.png	Биография
0009803.png	Статья 4. Право не быть судимым или наказанным дважды.
0009804.png	Катастрофа Ил-14 под Сталинградом.
0009805.png	Уравнение Эренфеста
0009806.png	Джеймс Кэвизел, американский актёр.
0009807.png	11 июля
0009808.png	старшие.
0009809.png	420-е годы
0009810.png	Руниверс Электронная энциклопедия по истории России
0009811.png	Цифровые технологии
0009812.png	Города Эфиопии
0009813.png	До войны в городе был театр. Во время войны театр был эвакуирован в Чистополь.
0009814.png	Мощь Великого
0009815.png	1910-е годы: неоклассицизм и неорусский стиль
0009816.png	Хобби и резонанс
0009817.png	Памятники
0009818.png	Сангха
0009819.png	Газета «Донецкие новости»
0009820.png	Мандельштам и музыка
0009821.png	Дальнейшее признание
0009822.png	Аналоговые электромеханические вольтметры
0009823.png	Промышленность
0009824.png	12 учеников в Ефесе, на которых сошел Святой Дух ().
0009825.png	Мавзолей Ленина (1924).
0009826.png	Награды
0009827.png	Создание
0009828.png	История
0009829.png	профессиональный этикет;
0009830.png	Примечания
0009831.png	а) в природе,
0009832.png	Португалия
0009833.png	Ботаники по алфавиту
0009834.png	Апрель
0009835.png	В 1881 году в Симбирске родился Керенский.
0009836.png	Зеркальные фотоаппараты
0009837.png	Право на имя в России
0009838.png	Теория чисел
0009839.png	Туризм
0009840.png	Произведение любого рационального числа на ноль равно нулю.
0009841.png	по степени риска,
0009842.png	Художники:
0009843.png	Парковая улица
0009844.png	На Украине выделяют три нефтеносных района:
0009845.png	Сроки осмотра офтальмолога недоношенных детей:
0009846.png	и другую информацию.
0009847.png	Использование дрожжей в современной биотехнологии
0009848.png	Иван Вазов
0009849.png	Нарышкин бастион
0009850.png	Монеты
0009851.png	Влияние
0009852.png	Скальвы
0009853.png	Лауреаты премии «Икар»
0009854.png	Отдел литературы по библиотековедению, библиографоведению и книговедению (ОБЛ);
0009855.png	выполнять в связи с этим роль исходных принципов для практической деятельности.
0009856.png	Похороненные в некрополе у Кремлёвской стены
0009857.png	Литература
0009858.png	1) Океан
0009859.png	Литература СССР
0009860.png	Бритвы
0009861.png	Ссылки
0009862.png	Дворянские роды Испании
0009863.png	Научное гигиеническое сопровождение в России обеспечивается системой институтов:
0009864.png	Польская армия (2 пехотных и 2 кавалерийских дивизии, с артиллерией),
0009865.png	Водные ресурсы
0009866.png	Мастера натюрморта
0009867.png	Теория языков программирования
0009868.png	Выпускники Симферопольской мужской казённой гимназии
0009869.png	Энциклопедии на русском языке
0009870.png	Примечания
0009871.png	коронация великого герцог Тосканы Леопольд Габсбург.
0009872.png	Следствия
0009873.png	Вторая империя
0009874.png	Транспортирование и метаболизм
0009875.png	Литература
0009876.png	Обладатель (2): 1945, 1946
0009877.png	создание, чтение и удаление файлов;
0009878.png	Родились
0009879.png	Марксисты
0009880.png	Азимов в научной фантастике
0009881.png	Телесериалы
0009882.png	Населённые пункты Шекснинского района
0009883.png	Енисейск традиционно был местом ссылки.
0009884.png	Медитационная музыка
0009885.png	Кокни
0009886.png	См. также
0009887.png	В 1606 году город был вновь разграблен татарами.
0009888.png	Физики Индии
0009889.png	Выпускники Военной академии Генерального штаба
0009890.png	Примечания
0009891.png	В медицине
0009892.png	Термины и понятия аниме и манги
0009893.png	Жидкость
0009894.png	21 марта
0009895.png	Официальный сайт
0009896.png	Созидательные силы
0009897.png	Премьер-министры, вступившие в должность в 2004 году
0009898.png	Четыре чуда Юи
0009899.png	Примечания
0009900.png	Размножение
0009901.png	Стояние на реке Угре (1408)
0009902.png	Стратовулканы
0009903.png	10 наиболее популярных проектов
0009904.png	Тегаллиано, Марчелло
0009905.png	См. также
0009906.png	Решето Сундарама
0009907.png	Ссылки
0009908.png	Воспоминания
0009909.png	Вахдат-1
0009910.png	Литература
0009911.png	Кэрри, Нэнси Джейн (США)
0009912.png	Положение и общая характеристика
0009913.png	Высевки
0009914.png	Ледовый комплекс «Арена Сити»
0009915.png	Косплей
0009916.png	Патологические процессы
0009917.png	Нахтигал Р. Славянские языки, пер. со словен., М., 1963.
0009918.png	Видеомагнитофоны
0009919.png	Имастасер, Ованес
0009920.png	Своевременное лечение заболевания лёгких;
0009921.png	Психотические расстройства
0009922.png	«Винни-Пух и Гёте: Борис Заходер глазами жены и читателей»
0009923.png	Память
0009924.png	Название
0009925.png	43 муниципальных района,
0009926.png	Электромеханический (ЛЭМИ),
0009927.png	Басов, Николай Геннадиевич
0009928.png	Сайт Генерал Родимцев
0009929.png	Ссылки
0009930.png	Римская республика
0009931.png	река Лагмач (пр)
0009932.png	Характер
0009933.png	Родились в Острогожске
0009934.png	Список деталей поверхности Титана
0009935.png	Наполеоновские вторжения
0009936.png	См. также
0009937.png	Карташёв Степан Васильевич - стольник царицы Прасковьи Фёдоровны (1686-1692).
0009938.png	Генная онтология
0009939.png	Члены Леопольдины
0009940.png	См. также: :Категория:Родившиеся в 803 году
0009941.png	ВРП и экономика ЮФО
0009942.png	Завод по производству минераловатного утеплителя (ООО «Изомин»)
0009943.png	Романы
0009944.png	Похороненные на Введенском кладбище
0009945.png	Ударение
0009946.png	Применение
0009947.png	Покрытие кода
0009948.png	Военный союз Англии и Пруссии. Фридрих внезапно напал на Саксонию.
0009949.png	Богданов-Березовский, Михаил Валерьянович
0009950.png	Происхождение
0009951.png	Никита Баженов
0009952.png	Чебаркуль в энциклопедии «Мой город»
0009953.png	Музыкальные коллективы из Лос-Анджелеса
0009954.png	Население
0009955.png	Кретингский район
0009956.png	Отдел регистрации актов в финансовой и экономической сферах
0009957.png	Города-побратимы
0009958.png	Просодия
0009959.png	Университет «Одиннадцатое марта» ()
0009960.png	Входит в список ФИФА 100
0009961.png	Фотогалерея Антонова на сайте ГП «Антонов»
0009962.png	Традиции
0009963.png	Антипатр из Тарса
0009964.png	Коллекционеры Австрии
0009965.png	211 км: река Мерлана (лв)
0009966.png	Я улыбаюсь тебе (муз. Э. Колмановского, сл. И. Гофф)
0009967.png	память Девы Марии Лурдской;
0009968.png	Применение
0009969.png	Примечания
0009970.png	Гостиницы
0009971.png	Литература
0009972.png	«Зубрёнок»
0009973.png	«Отче наш»:
0009974.png	Ниже представлен список обладателей звания «Почётный гражданин города Мозырь»:
0009975.png	Интернет-организации
0009976.png	Добрый бык,
0009977.png	В метеорологии
0009978.png	Идёт удалый бог, Ярило-молодец,
0009979.png	Скандалы
0009980.png	Литература
0009981.png	Главный герой повести Михаила Казовского «Русские Гавайи» (М., «Подвиг», 2016).
0009982.png	Белое море
0009983.png	Ссылки
0009984.png	Такатори-хан ()
0009985.png	А. Жид
0009986.png	Формулировка
0009987.png	! Греческийфонетикадословный перевод
0009988.png	Олимпийские чемпионы от СССР
0009989.png	Аналоговая обработка сигналов
0009990.png	Основные версии
0009991.png	Двести лет славному роду.
0009992.png	Новым председателем Совета министров Италии стал Аминторе Фанфани.
0009993.png	См. также
0009994.png	микрорайон Цветы
0009995.png	Дочь Бела (Данте называет его Агенором).
0009996.png	События
0009997.png	побуждение (субъект предлагает объекту некое вознаграждение за подчинение);
0009998.png	Совет народных уполномоченных Финляндии (1918)
0009999.png	Площадь Клок Тауэр