0000000.png	Межамериканский банк развития (фин.)
0000001.png	вертолёты: всех типов, в частности Ми-2, Ми-8, Ми-171.
0000002.png	Интересные факты
0000003.png	Поэтессы Российской империи
0000004.png	Сила инерции
0000005.png	Орден Ленина (26 февраля 1958 года).
0000006.png	три ордена Трудового Красного Знамени (в том числе 1959)
0000007.png	Тибетское правительство в изгнании
0000008.png	Реакции радикального замещения
0000009.png	Возникновение галисийского языка
0000010.png	Жанна Лозинская
0000011.png	Королевский гепард
0000012.png	Царствование
0000013.png	См. также
0000014.png	Лечебница
0000015.png	Правление короля Лудда (из книги Ч. Поулсена «Английские бунтари»)
0000016.png	Ссылки
0000017.png	мелкоузловой, или мелконодулярный цирроз (диаметр узлов от 1 до 3 мм)
0000018.png	Список руководителей Турции (архивная копия 2020-03-21)
0000019.png	Была ли в России революция
0000020.png	Весьма простые: Сеймур, пёс Пуч, кот Персиваль.
0000021.png	Применение
0000022.png	Сжатие и комбинаторика
0000023.png	Компенсация
0000024.png	История
0000025.png	Планировка территории
0000026.png	фильтрующие порошки для пива, масел, соков, матирующие добавки в лаки и краски;
0000027.png	Телеведущие России
0000028.png	Литература
0000029.png	Примечания
0000030.png	См. также
0000031.png	Религиозные деятели Византии
0000032.png	всех минимальных разрезов графа;
0000033.png	Алматы Менеджмент Университет
0000034.png	Другое
0000035.png	Чужой огонь
0000036.png	См. также
0000037.png	Седьмой,
0000038.png	Индастриал-рок-группы
0000039.png	Алтайцы
0000040.png	Орден Святого Георгия 1-й степени (Россия, 30.08.1813)
0000041.png	Для газовых плит, водогрейных колонок в пищевой промышленности.
0000042.png	Кингпост;
0000043.png	Программное обеспечение
0000044.png	Грозовая энергетика
0000045.png	Администрация Муниципального района Илишевский район Республики Башкортостан
0000046.png	Книга пророка Амоса
0000047.png	В этом браке родилось восемь детей (шесть сыновей и две дочери):
0000048.png	Список произведений
0000049.png	Пасторы Германии
0000050.png	Национальный состав
0000051.png	15 марта
0000052.png	Происхождение цветов
0000053.png	Средневековье
0000054.png	Клавдии Нероны
0000055.png	Биография
0000056.png	Примечания
0000057.png	Комментарии
0000058.png	Машиностроители
0000059.png	Коллекция
0000060.png	Литература
0000061.png	Стенобионты
0000062.png	Литература
0000063.png	Еврейская община
0000064.png	Административно-территориальное устройство
0000065.png	Вознесенская церковь.
0000066.png	Почётные члены РАО
0000067.png	Шпицберген
0000068.png	2) антропогенез;
0000069.png	Официальный сайт Национального собрания Сан-Томе и Принсипи
0000070.png	Посольство в империи Агоюнлу
0000071.png	Япония: фирмы выплачивают премии некурящим сотрудникам.
0000072.png	Язычество
0000073.png	Апокалиптическая и постапокалиптическая
0000074.png	Показано проведение комбинированной иммуносупрессивной терапии
0000075.png	Гаванский университет
0000076.png	Ванчес
0000077.png	Идеальный абзац
0000078.png	Пик славы
0000079.png	Институт комплексного анализа региональных проблем ДВО РАН (ИКАРП ДВО РАН).
0000080.png	передаёт управление программе.
0000081.png	Профессиональная подготовка
0000082.png	Участники «Евровидения-2000»
0000083.png	Факты
0000084.png	Академики РАМН
0000085.png	Картер, Концерт для гобоя с оркестром
0000086.png	Половцы
0000087.png	Италийские народы
0000088.png	Северная жилая часть
0000089.png	Языки Ирака
0000090.png	Каракалла
0000091.png	Зона покупки символизируется появлением соответствующего значка.
0000092.png	Биография
0000093.png	Происхождение
0000094.png	383 км: река Чека (лв)
0000095.png	Кошице, Словакия
0000096.png	Комментарии
0000097.png	Чёрная Лахта
0000098.png	Недопуск к выборам (2016)
0000099.png	Производные единицы СИ
0000100.png	Кирши Данилова, «Древние русские стихотворения» (изданы в 1804, 1818 и 1878);
0000101.png	Первые годы правления
0000102.png	Зимой в Лу отмечен урожайный год.
0000103.png	Библиография
0000104.png	Ссылки
0000105.png	Исполнительная власть
0000106.png	Сергей Шакуров («Наследница по прямой», 1982)
0000107.png	Литература
0000108.png	Национальный институт статистики
0000109.png	Археология в Великобритании
0000110.png	Источники
0000111.png	Адреса
0000112.png	Первая чеченская война: начало штурма Грозного федеральными войсками.
0000113.png	Интервью с Розой Отунбаевой 24 марта 2005: «Это не крестьянское восстание»
0000114.png	Академики Болгарской академии наук
0000115.png	Ивано-Франковский краеведческий музей
0000116.png	Научные журналы
0000117.png	Показывает, на сколько ещё часов или дней хватает завода пружины.
0000118.png	Бювет источника «Нарзан» «Желябовский». 1960 г.
0000119.png	Кафедра физики и методики обучения физике
0000120.png	Новосёлки, 4-я улица
0000121.png	2 ордена Отечественной войны 1-й степени
0000122.png	Кондрашёвский тупик
0000123.png	Осознавание
0000124.png	г) параметры перехода;
0000125.png	Агенты с поведением, основанным на модели.
0000126.png	Католические священники Хорватии
0000127.png	Специальность «теология» в современной России
0000128.png	Классификация
0000129.png	Глоссарий сайта Московской Патриархии
0000130.png	Родились
0000131.png	Игроки сборной Грузии по футболу
0000132.png	Университеты
0000133.png	Гостиницы
0000134.png	Поэзия
0000135.png	Флора Альп
0000136.png	Политическая деятельность
0000137.png	Правительство
0000138.png	Римский форт под Висбаденом (Германия) взят Аллеманами (примерная дата).
0000139.png	Ссылки
0000140.png	Литература
0000141.png	Орден Святого Станислава 1-й степени (1883 год)
0000142.png	Революционеры Украины
0000143.png	Юрий Коханец,
0000144.png	Обладатель приза «Золотой мяч» как лучший футболист Европы: 1998
0000145.png	Функционирование
0000146.png	Мстислав Романович Старый Киевский;
0000147.png	Физические системы
0000148.png	Кейт Куинн. «Хозяйка Рима»
0000149.png	Текст сказки «Иван Соснович»
0000150.png	Изотопы
0000151.png	Газоразрядные электронные лампы
0000152.png	25 января:
0000153.png	Интернет-казино
0000154.png	Севастопольский военно-исторический музей-заповедник
0000155.png	Побочное действие
0000156.png	Национальный юридический университет им. Ярослава Мудрого
0000157.png	Джек Кирби (ум. 2004), американский писатель, художник и редактор комиксов.
0000158.png	Юность
0000159.png	Чёрный круг
0000160.png	Рейтинги
0000161.png	Ведийский санскрит
0000162.png	Уравнение в полярной системе
0000163.png	Прусская золотая шпага, украшенная алмазами (1835).
0000164.png	Железнодорожный транспорт
0000165.png	Доксорубицин в форме порошка для инъекций включен в Перечень ЖНВЛС.
0000166.png	См. также
0000167.png	Физико-химические свойства
0000168.png	Персоналии по алфавиту
0000169.png	Кто? Стихи, 1930 (2-е изд. 1931; 3-е изд. 1934, 4-е изд. 1936)
0000170.png	Религиозная принадлежность населения:
0000171.png	Бундук, или гимнокладус двудомный
0000172.png	Троицкая церковь при Троицком монастыре
0000173.png	Титулы
0000174.png	В 3500 метрах от железнодорожного вокзала находится Бременский аэропорт.
0000175.png	Католицизм
0000176.png	Национальный состав
0000177.png	Драматурги Нидерландов
0000178.png	Арабский
0000179.png	Другие синтетические антибактериальные средства
0000180.png	Культура
0000181.png	Совместно да будем крепить наше достояние.
0000182.png	Ребёнок.
0000183.png	См. также
0000184.png	Четыре темперамента в комиксах Херлуфа Бидструпа
0000185.png	Обычное использование кокосового волокна включает:
0000186.png	Китайская хоккейная лига
0000187.png	Иезуитские редукции
0000188.png	Сайт порта Силламяэ
0000189.png	Водные объекты Рузского городского округа
0000190.png	Литераторы, известные под псевдонимами
0000191.png	Дао Физики Капра, Фритьоф 1975
0000192.png	Число делится на 10 тогда и только тогда, когда оно оканчивается на цифру 0.
0000193.png	Умершие от пневмонии
0000194.png	Подписание в Лондоне британско-советского торгового соглашения.
0000195.png	Книги о Стиве Джобсе на русском языке:
0000196.png	В больничный комплекс Ветлужского района входят:
0000197.png	Формальное определение
0000198.png	Собрания исторических документов и статистические сборники
0000199.png	Дискография
0000200.png	Орден Короны 1-го класса
0000201.png	Дань памяти
0000202.png	Цибульникова Людмила
0000203.png	Буйки
0000204.png	Ор. 56. «Из песен Оссиана», 3 музыкальные картины (1925): партитура.
0000205.png	Контргамбит Альбина
0000206.png	и многочисленных журнальных статей.
0000207.png	письма полевой почты и др.
0000208.png	Примечания
0000209.png	Одышка;
0000210.png	Зависимость
0000211.png	Биография
0000212.png	Вторая гражданская война в Судане
0000213.png	Семья. Школьные годы.
0000214.png	Депутаты Верховного Совета РСФСР 2-го созыва
0000215.png	Участники Бородинского сражения
0000216.png	Начало
0000217.png	Генерал-губернаторы виленские (литовские)
0000218.png	Посольство России в Люксембурге
0000219.png	Левашкин А. Картинки из истории тубы в России.
0000220.png	Дилемма Гольдмана
0000221.png	Бабье лето, бабье лето.
0000222.png	Патофизиология
0000223.png	Преподаватели Вифанской духовной семинарии
0000224.png	Музыкальные коллективы, распавшиеся в 2018 году
0000225.png	Примечания
0000226.png	Более высокая скорость;
0000227.png	Примечания
0000228.png	Литовские писатели
0000229.png	Умершие в Глазго
0000230.png	Металлургические вузы
0000231.png	Деонтическая модальность
0000232.png	Андерс Яррид, шведский теннисист, экс-первая ракетка мира в парном рейтинге.
0000233.png	Культура
0000234.png	Новое время
0000235.png	Родились
0000236.png	средняя школа в городе Алматы, Казахстан.
0000237.png	Согласно переписи 1989 года численность населения составляла .
0000238.png	Пользовался большим личным уважением даже в рядах противников.
0000239.png	21 км: Ноздрига (правый)
0000240.png	В литературе и искусстве
0000241.png	Ссылки
0000242.png	В 1 луне луский гун прибыл в Цзинь, летом вернулся.
0000243.png	Персоналии:Спецслужбы США
0000244.png	Информационное общество
0000245.png	Образование и исследования
0000246.png	Этнический состав
0000247.png	Мемуаристы СССР
0000248.png	Кюбзовцы
0000249.png	Примечания
0000250.png	Жилища
0000251.png	Исторические здания
0000252.png	Сводный бюджет
0000253.png	: Анталья (2002)
0000254.png	Гамильтон (аэропорт, Австралия)
0000255.png	Литература
0000256.png	(Бергамо и Альбино, Италия)
0000257.png	Минеральные воды: Терсинка.
0000258.png	школа Юный моряк
0000259.png	Примечания
0000260.png	Арест
0000261.png	(2010, показывался в Музее Гибли)
0000262.png	Моделирование
0000263.png	Централизованные вычисления
0000264.png	См. также:  (нем.)
0000265.png	Прямое действие (теория)
0000266.png	Времена жизни
0000267.png	Вавилонский календарь
0000268.png	Политические партии
0000269.png	Аудиокниги
0000270.png	Избранное. Москва, Гослитиздат, 1950. 419 с.
0000271.png	Население
0000272.png	Препараты второй линии для лечения рассеянного склероза
0000273.png	Наиболее распространённые природные зоны (с севера на юг):
0000274.png	Наука в Древней Месопотамии
0000275.png	Памятники архитектуры
0000276.png	6) проверка правильности решения проблем.
0000277.png	Поэты России
0000278.png	Подготовка
0000279.png	Выпускники Мичиганского университета
0000280.png	Китай
0000281.png	Гвадалахара (), Мексика
0000282.png	См. также
0000283.png	Марочник металлов и сплавов (более 1600 марок металлов и сплавов)
0000284.png	Этимология
0000285.png	Древний мир и Средние Века
0000286.png	Райс Э., Траут Д.. Маркетинговые войны
0000287.png	Образование
0000288.png	Чипсеты
0000289.png	Губернский город
0000290.png	Примечания
0000291.png	Сочинения
0000292.png	Наука самолётопоклонников
0000293.png	Число Рейнольдса
0000294.png	Ссылки
0000295.png	Родившиеся в Конье
0000296.png	География
0000297.png	Достижения
0000298.png	Психофармакология
0000299.png	Дача в Сестрорецке на набережной реки Сестры, 49.
0000300.png	Высота грот-мачты от главной палубы до топа: 46,3 м
0000301.png	Спектакль
0000302.png	Бирлик (российская общественная организация)
0000303.png	Вячеслав Шевченко. Сценография Кеплера.
0000304.png	должны проводиться с особой тщательностью и только под пристальным
0000305.png	Первое путешествие Мунго Парка
0000306.png	Инкубационный период
0000307.png	Промышленность
0000308.png	Висенте Мьера
0000309.png	интронизация патриарха Московского и всея Руси Кирилла.
0000310.png	Ведьма (1834)
0000311.png	«Армия АлисА»
0000312.png	Языки
0000313.png	Государственный финансовый контроль
0000314.png	Примечания
0000315.png	Дюртюлинский
0000316.png	Примечания
0000317.png	Космический корабль «Союз-34»
0000318.png	Ссылки
0000319.png	Нереализованные проекты
0000320.png	Старокалужское шоссе
0000321.png	Примечания
0000322.png	Средние специальные учебные заведения
0000323.png	Квартеты
0000324.png	Примечания
0000325.png	Место захоронения
0000326.png	Плантации без уточнения данных
0000327.png	Судостроение;
0000328.png	Толленон
0000329.png	Города-побратимы
0000330.png	Литература
0000331.png	Диллингхем
0000332.png	Метрология
0000333.png	Залив Эльданна ()
0000334.png	Творческое наследие
0000335.png	Некоторые вирусы и черви;
0000336.png	Степени сравнения прилагательных
0000337.png	Проблема перевода на русский язык
0000338.png	746 км: Юргамыш
0000339.png	Населённые пункты
0000340.png	Эпоха Саманидов
0000341.png	Сетевой жаргон
0000342.png	Дом культуры «Строитель»
0000343.png	Понятия политической философии
0000344.png	Религиозные
0000345.png	История фразы «Рояль в кустах».
0000346.png	Кузнецкий культурно-досуговый комплекс «Нескучный сад»;
0000347.png	Что свои готовы руки
0000348.png	См. также
0000349.png	Ссылки
0000350.png	Научная деятельность ННГУ
0000351.png	26 ноября
0000352.png	Общественные и научные награды:
0000353.png	Орден Ленина (1982)
0000354.png	Трудовое право
0000355.png	Переход в Китай
0000356.png	Пхеньянский железнодорожный музей
0000357.png	Дмитрий Александрович
0000358.png	Монастырь Замка
0000359.png	Гидронимы древней Европы
0000360.png	Цифровое вещание
0000361.png	Память
0000362.png	Поэты Литвы
0000363.png	Порт Южный.
0000364.png	Состав экспедиции
0000365.png	С 1523 года по 1529 год Багдад был во власти курдов.
0000366.png	Производные единицы СИ
0000367.png	Правители
0000368.png	Реки, впадающие в Атлантический океан (Африка)
0000369.png	Примечания
0000370.png	Порядок совершения проскомидии
0000371.png	Комментарии
0000372.png	Описание интерфейса
0000373.png	Рода войск
0000374.png	2020-е
0000375.png	Императорский дворец Киото, резиденция императоров в течение сотен лет;
0000376.png	Педагогические профессии
0000377.png	Агранулоцитоз
0000378.png	Экономика
0000379.png	Официальный сайт Научного центра СКГМИ (ГТУ)
0000380.png	Известные носители
0000381.png	Персоналии:Методизм
0000382.png	Переводы литературы и поэзии на вепсский язык
0000383.png	Действует 6 отделений почтовой связи.
0000384.png	У Сергея и Софии трое детей:
0000385.png	Псковская областная универсальная научная библиотека
0000386.png	В кино
0000387.png	Объекты культурного наследия
0000388.png	Половцы взяли три города: Песочен, Переволоку и Прилук.
0000389.png	Организации России, самостоятельно присуждающие учёные степени
0000390.png	Джеймс Джоуль
0000391.png	История
0000392.png	Искусство модернизма
0000393.png	Образование носовых;
0000394.png	диктовка и запись писем;
0000395.png	Половой диморфизм
0000396.png	«Торжество Пресвятой Богородицы» (Порт-Артурская) (1904).
0000397.png	или ;
0000398.png	установление их взаимосвязей с различными физико-химическими параметрами
0000399.png	2002 год в России
0000400.png	Примечания
0000401.png	Критика
0000402.png	Панслависты
0000403.png	Родившиеся в Казанской губернии
0000404.png	Средства массовой информации
0000405.png	Национальные
0000406.png	Югорский проезд
0000407.png	Вывод с использованием производной по направлению. Частный пример
0000408.png	Майоры (США)
0000409.png	Осуждённые по антигомосексуальному законодательству
0000410.png	МБУ ДО «ДЮЦ» (Детско-Юношеский Центр)
0000411.png	Неопифагореизм
0000412.png	Канарские острова
0000413.png	Транспортная система России
0000414.png	Победитель: 1964, 1985
0000415.png	В Белгороде действует 9 кинотеатров:
0000416.png	Городская библиотека «Гавань» (Заводская ул., 3).
0000417.png	ПСРЛ, т. 7. Воскресенская летопись. СПб., 1856. 544 с.
0000418.png	Александра Попова, улица
0000419.png	Сверхтекучесть
0000420.png	Статьи, начинающиеся со слова День
0000421.png	МегаФон
0000422.png	Классификация правительств
0000423.png	Приключения бобрёнка
0000424.png	Примечания
0000425.png	Сирийский кризис
0000426.png	Литература
0000427.png	Особенности
0000428.png	Образование
0000429.png	В 1977 году здесь был построен и введен в эксплуатацию Ковельский мясокомбинат.
0000430.png	Анатолий Котенёв («Главный», 2015)
0000431.png	Газета «Компаньон и К»
0000432.png	«Блудный сын» (1929, там же).
0000433.png	Броуновское движение
0000434.png	Научные конференции УдГУ
0000435.png	Нижнее Шулгоярви
0000436.png	Ссылки
0000437.png	Рельеф
0000438.png	Биология
0000439.png	Литература
0000440.png	Отъезд из России
0000441.png	миелобластный,
0000442.png	Умершие в 449 году до н. э.
0000443.png	Примечания
0000444.png	Пролекарства
0000445.png	Сценарии
0000446.png	«Дип Квест» (США)
0000447.png	Основание:
0000448.png	Примечания
0000449.png	Фестиваль детского творчества в Приморско
0000450.png	Общественные деятели Российской империи
0000451.png	Исключен из списков умершим 25 декабря 1825 года.
0000452.png	фотографу из Мали Малику Сидибе за пожизненный вклад в искусство
0000453.png	Угол подъёма
0000454.png	4-е место в списке «10 лучших фэнтези-фильмов» списка «10 фильмов из 10 жанров».
0000455.png	Сент-Джордж
0000456.png	Ввиду равноправия всех направлений:
0000457.png	Промышленность
0000458.png	Сетубал (округ)
0000459.png	Объединение (множество всех точек):
0000460.png	До создания водохранилища крупнейшим притоком Чусовой являлась Сылва.
0000461.png	Кроме того, отмечаются праздники (рабочие дни):
0000462.png	Столетние долгожители России
0000463.png	Состав поэмы
0000464.png	Старопрокшинское шоссе
0000465.png	Сибайский институт Уфимского университета науки и технологий.
0000466.png	Классификация
0000467.png	Спортивный комплекс "Бирский"
0000468.png	Экономическое развитие города
0000469.png	См. также
0000470.png	Столицы провинций
0000471.png	Кластер фармацевтики, биотехнологий и биомедицины
0000472.png	Дмитровский историко-этнографический музей (Дмитровск, ул. Советская, 86)
0000473.png	Примечания
0000474.png	Санкции
0000475.png	Важнейшие события
0000476.png	Свердловский театр юного зрителя:
0000477.png	Приобретённая или усугубляющаяся путаница мыслей
0000478.png	Шенкарев, Олег Александрович (координатор фракции)
0000479.png	Римское царство
0000480.png	Органы власти
0000481.png	Члены Исполкома Коминтерна
0000482.png	Ссылки
0000483.png	Выпускники Второго кадетского корпуса
0000484.png	Творчество
0000485.png	Зачастую для построения таблиц маршрутизации используют теорию графов.
0000486.png	цзацзюй
0000487.png	Персидский Орден Льва и Солнца 2 ст. (1817)
0000488.png	Анормальная иератика
0000489.png	Животноводство
0000490.png	Система классификаций холодного оружия
0000491.png	Воинские должности
0000492.png	на русском языке
0000493.png	Расовые
0000494.png	Литература
0000495.png	Ботаники по алфавиту
0000496.png	Тиберий сосредоточил в Риме 10 когорт преторианской гвардии.
0000497.png	История
0000498.png	Сражения по алфавиту
0000499.png	Существует несколько причин, связывающих книгу Руфи с праздником Шавуот:
0000500.png	Примечания
0000501.png	16 апреля 1949 в замке открыт музей, состоящий из 40 помещений.
0000502.png	Макиавеллизм
0000503.png	Не допускают замену земных поклонов на поясные.
0000504.png	Производная приводится к виду
0000505.png	Война Босин
0000506.png	Направленный твин-тип
0000507.png	Достопримечательности
0000508.png	Конструкция
0000509.png	Н. Радищев
0000510.png	Ссылки
0000511.png	ЦК КПСС призвал комсомольцев ехать на строительство шахт Донбасса.
0000512.png	Земля и море (1938)
0000513.png	Германия
0000514.png	Концепция
0000515.png	Графы Аракчеевы (РИ)
0000516.png	Наименьший квадратичный невычет по данному модулю
0000517.png	Тиберий был провозглашён цезарем и соправителем императора Августа.
0000518.png	Умершие в Медвежьегорском районе
0000519.png	Ссылки
0000520.png	9 декабря
0000521.png	подготовить агитацией в «своей» печати общественное мнение;
0000522.png	Политологи Франции
0000523.png	Инвестиционный потенциал
0000524.png	Религия в Древнем Риме
0000525.png	Белявский, Владимир Анатольевич (08.08.2006, 874)
0000526.png	Это высказывание можно считать его дальнейшим политическим кредо.
0000527.png	Телеведущие НТВ
0000528.png	Католические епархии не входившие в Конференцию католических епископов Австрии
0000529.png	Примечания
0000530.png	«Связной»
0000531.png	872 км: Ципа
0000532.png	Компьютерные игры в жанре фэнтези
0000533.png	Пётр Константинов (р. 1899), актёр театра и кино, народный артист СССР.
0000534.png	Ссылки
0000535.png	Конституция Анголы (2010)
0000536.png	Прочие
0000537.png	Театральные режиссёры России
0000538.png	Август
0000539.png	«Исторический словарь всех еретиков и раскольников» (не издано).
0000540.png	Глава правительства
0000541.png	А влечёт Б
0000542.png	Менталитет
0000543.png	Крейсера проекта 26
0000544.png	Содержание
0000545.png	Олимпийские чемпионы от СССР
0000546.png	Исторические сведения
0000547.png	Музыка
0000548.png	1992: «Обручение в Сен-Мишеле», сюзерен
0000549.png	Населённые пункты
0000550.png	Диона
0000551.png	Библиография
0000552.png	Компании Самарской области
0000553.png	Ссылки
0000554.png	Электронные свойства графитовой плоскости
0000555.png	Вятский художественный музей имени В. М. и А. М. Васнецовых и его филиал:
0000556.png	Биография
0000557.png	Винеровский процесс
0000558.png	См. также
0000559.png	Символ
0000560.png	Примечания
0000561.png	НЭП в финансовой сфере
0000562.png	Музыка
0000563.png	ГХК Лисичанскуголь
0000564.png	по разработке методов повышения продуктивности животных.
0000565.png	Современная эффективность трансплантологии
0000566.png	Укроп, он же копер, цап, кроп, шивит, шюют, самит, кака, тилль
0000567.png	Трассы , , , .
0000568.png	В 2017 году  был объявлен ЮНЕСКО памятником Всемирного наследия.
0000569.png	Достопримечательности
0000570.png	Детские писатели по алфавиту
0000571.png	Театры
0000572.png	Мысы Охотского моря
0000573.png	Награды
0000574.png	Статистика
0000575.png	Виндикационный иск
0000576.png	Характерные признаки финансовой пирамиды
0000577.png	Художественные музеи Москвы
0000578.png	Марш на Рим и первые годы у власти
0000579.png	Студенецкий переулок
0000580.png	Апухтин Алексей стихи в Антологии русской поэзии
0000581.png	Здание обувного магазина (1904)
0000582.png	Применение
0000583.png	Эмиграция
0000584.png	Физиологическое действие
0000585.png	Лексикология
0000586.png	Примечание
0000587.png	События
0000588.png	алкогольной продукции (ром, вино, виски и т.д.);
0000589.png	Примерами комбинаторных аллофонов в русском языке могут служить:
0000590.png	См. также
0000591.png	Карельский перешеек
0000592.png	Недостатки:
0000593.png	Мыслец
0000594.png	Административное деление
0000595.png	На 900 лет приходится 682 простых и 218 високосных годов.
0000596.png	Круппа
0000597.png	1900-е годы
0000598.png	Семья
0000599.png	Роль в политической и общественной жизни
0000600.png	Вячеслав Криштофович, советский и украинский кинорежиссёр и сценарист.
0000601.png	Форма и содержание
0000602.png	История
0000603.png	Некоторые известные географические объекты, связанные с холмами:
0000604.png	рабочий посёлок Лаишево Пестречинского района;
0000605.png	Границы
0000606.png	словесная или вербальная: на естественном языке;
0000607.png	Сейсмология
0000608.png	Тайник и батарея (капонир)
0000609.png	В городе действуют пять библиотек (три городских и две республиканские).
0000610.png	Церковь Воскресение Христа
0000611.png	Кадеты
0000612.png	История
0000613.png	Словообразование
0000614.png	Последствия
0000615.png	На работе в Курии
0000616.png	Историки Франции
0000617.png	Ссылки
0000618.png	Сложные системы, иерархические системы, иерархия моделей.
0000619.png	Библиография
0000620.png	Франками завоёван Прованс.
0000621.png	События
0000622.png	Дореволюционный период
0000623.png	Члены парламента Соединённого королевства (1974)
0000624.png	Ссылки
0000625.png	Применение
0000626.png	Саратовский авиационный колледж
0000627.png	Химические свойства
0000628.png	Цепь ордена Южного Креста (Бразилия, 1996);
0000629.png	Населённые пункты Бежецкого района
0000630.png	Кавалер ордена Почётного легиона: 1998
0000631.png	Примечания
0000632.png	Комментарии
0000633.png	Литература
0000634.png	Примечания
0000635.png	Судоходство
0000636.png	Промышленность
0000637.png	Теория электричества и метеорология
0000638.png	Биография на сайте ГК «Роскосмос».
0000639.png	К основным морфологическим методам относятся:
0000640.png	Изменение статуса наёмного труда
0000641.png	Штрихи к портрету (1973)
0000642.png	часть России
0000643.png	Премия Яд ва-Шем по детской литературе о Холокосте
0000644.png	Прочие сведения
0000645.png	Литература
0000646.png	См. также
0000647.png	История
0000648.png	«Верные друзья»
0000649.png	Поляризация социальная
0000650.png	Депутаты Совета Союза 2-го созыва
0000651.png	Работа общественного и автомобильного транспорта
0000652.png	Поздние представления
0000653.png	Разделы зоологии
0000654.png	Министерство энергетики США делит смеси плутония на три вида:
0000655.png	Ссылки
0000656.png	Песнь о Гротти
0000657.png	В партии большевиков
0000658.png	Фенилпиперидины
0000659.png	Разделение Усуни на три независимых княжества.
0000660.png	Министр: «Уверены ли Вы, что Ульянов враг царского правительства?»
0000661.png	Населённые пункты, названные в честь Карла Маркса
0000662.png	Эстетики
0000663.png	См. также
0000664.png	Члены РАЕН
0000665.png	Самоубийцы, бросившиеся с высоты
0000666.png	Министерство окружающей среды ЮАР;
0000667.png	Планирование внедрения управления услугами ()
0000668.png	106,0 МГц Радио Звезда
0000669.png	Спартак (стадион, Рязань)
0000670.png	Ссылки
0000671.png	Гватемала
0000672.png	Праздники и памятные дни
0000673.png	Директория
0000674.png	Участники кругосветных путешествий
0000675.png	Города из Списка русских городов дальних и ближних
0000676.png	Церковная хоровая музыка
0000677.png	Транспортёр Ферзиковского цементного завода
0000678.png	Появились в 1979 году в России
0000679.png	Кириллица
0000680.png	запись музыки;
0000681.png	20 января
0000682.png	См. также
0000683.png	В кино и литературе
0000684.png	Кухня:
0000685.png	Средневековье
0000686.png	Примечания
0000687.png	Трудовая группа
0000688.png	204 км: река Средняя Золотиха (лв)
0000689.png	Депутат от Арси (1854)
0000690.png	(обл.)
0000691.png	Лауреаты Пушкинской премии Академии наук
0000692.png	Государства и территории, основанные в 1949 году
0000693.png	Римское царство
0000694.png	Космическая гонка.
0000695.png	Дальнейшая жизнь
0000696.png	Административно-территориальное деление Чувашии
0000697.png	Гаити во время правления Дювалье
0000698.png	Богословы Российской империи
0000699.png	Экранизации
0000700.png	Форвардные процентные ставки
0000701.png	Биография
0000702.png	Образ в кино
0000703.png	Никита Симонян (1965)
0000704.png	Площадь Победы
0000705.png	(обл.)
0000706.png	Примечания
0000707.png	Спорт
0000708.png	В Японии используется режим свободно плавающего валютного курса.
0000709.png	История присвоения звания в СССР
0000710.png	На карте Шуберта 1860 года можно разглядеть структуру города.
0000711.png	См. также
0000712.png	симметричные;
0000713.png	Внешне вся конструкция очень напоминала пролётку.
0000714.png	Примечания
0000715.png	Китай
0000716.png	Аргиродерма
0000717.png	Тунъюн пиньинь
0000718.png	Физико-географическая характеристика
0000719.png	Реки Гомельской области
0000720.png	Царь-бомба
0000721.png	Обладатель: 1959
0000722.png	долонгуты
0000723.png	Гаррисон (округ)
0000724.png	Примечания
0000725.png	См. также: :Категория:Родившиеся в 1105 году
0000726.png	Преподаватели Московского физико-технического института
0000727.png	См. также: :Категория:Умершие в 1755 году
0000728.png	о. Березань
0000729.png	Смычковые струнные
0000730.png	Бюстгальтеры
0000731.png	Ссылки
0000732.png	Национальный состав Польши согласно переписи населения 2002 года:
0000733.png	Виражный способ цветной фотографии
0000734.png	Литература
0000735.png	Государственный контроль
0000736.png	Типы государственных органов
0000737.png	«Волк и семеро козлят» (1957)
0000738.png	Китай
0000739.png	Алматы
0000740.png	Графы Пуатье
0000741.png	Увлечения
0000742.png	Астрофизика
0000743.png	Из празднеств, установленных в честь Теллус, известны следующие:
0000744.png	Кирпичный завод
0000745.png	система газоохлаждения турбогенератора.
0000746.png	Оксил. От Протогении.
0000747.png	Физиологическая иммуносупрессия
0000748.png	Депозитарная расписка
0000749.png	Оздоровительный курорт
0000750.png	Деформационный ретракт пространства  является ретрактом пространства .
0000751.png	Сюжет
0000752.png	Дифференциальные формы
0000753.png	Населённые пункты городского округа Горячий Ключ
0000754.png	Католические именины:
0000755.png	Огонь в военном деле
0000756.png	Зрелые комедии. Комедии-балеты
0000757.png	Ссылки
0000758.png	Литература
0000759.png	Брюс Ли мог держать ноги уголком в упоре на руках 30 минут и больше.
0000760.png	Старик Хоттабыч и гражданин Хапугин
0000761.png	Население
0000762.png	Революция и две войны
0000763.png	Эзотерика
0000764.png	Трассы для соревнований
0000765.png	Альбертинская линия
0000766.png	Владимир Святославич, князь новгородский, князь киевский, креститель Руси.
0000767.png	Вассерфаль
0000768.png	Ссылки
0000769.png	Сооружение большой стены в Константинополе.
0000770.png	Юань-ди
0000771.png	География
0000772.png	Удалённый вызов процедур
0000773.png	Форма кристаллов
0000774.png	Марк Кондратюк, российский фигурист, олимпийский чемпион (2022).
0000775.png	Некрасов Владислав Сергеевич
0000776.png	Депутаты Верховного Совета РСФСР 9-го созыва
0000777.png	Выражения русского языка
0000778.png	Развитие
0000779.png	Климат
0000780.png	Лейтенант (20.11.1954)
0000781.png	Участники Венской наступательной операции
0000782.png	Ирландский язык
0000783.png	Художники-педагоги
0000784.png	Узбеки в Казахстане 638 тыс. (01.01.2022)
0000785.png	Глава села
0000786.png	См. также: :Категория:1984 год в спорте
0000787.png	Ссылки
0000788.png	См. также
0000789.png	Общая справка
0000790.png	Пермский
0000791.png	Родились
0000792.png	Устав общества художников «Бубновый валет»
0000793.png	Танах
0000794.png	Декабрь
0000795.png	«Ярослав Мудрый» Передача из цикла «Час истины», 365 дней ТВ
0000796.png	Государство
0000797.png	в такие вот часы встаёшь и говоришь
0000798.png	По типу торцов углеродные нанотрубки бывают
0000799.png	Примечания
0000800.png	Совхозная улица
0000801.png	Средства массовой информации
0000802.png	Главный персонаж романа Вальтера Скотта «Кенилворт»
0000803.png	Так, немецкий филолог и историк науки Л. Ольшки пишет в 1922 году:
0000804.png	«Кафе де ля Пэ» (1906), Государственная Третьяковская галерея.
0000805.png	Имеет статус патриаршего подворья.
0000806.png	Главные герои
0000807.png	Источники
0000808.png	Классификация иероглифов
0000809.png	переработка битума.
0000810.png	Храм Казанской иконы Божией Матери;
0000811.png	Игровые фильмы
0000812.png	Литература
0000813.png	Варшавский университет (1816),
0000814.png	Заключённые Лефортовской тюрьмы
0000815.png	Примечания
0000816.png	Химическая эволюция
0000817.png	гипертоническая энцефалопатия;
0000818.png	В частности, эйлерова характеристика есть топологический инвариант.
0000819.png	Макс Данилов
0000820.png	Рио-де-Жанейро (), Бразилия (2013)
0000821.png	«Джентльмены непрухи» (2006)
0000822.png	Примечания
0000823.png	Кинотеатр «Октябрь», открытый в 2018 году.
0000824.png	Послевоенные годы
0000825.png	ОАО «Авторемзавод»
0000826.png	Физико-химический анализ
0000827.png	См. также
0000828.png	159 км: Новая
0000829.png	См. также
0000830.png	заниженная самооценка;
0000831.png	Гипнагогические и гипнопомпические галлюцинации
0000832.png	«Разбитая ваза»
0000833.png	Жанры джаза
0000834.png	Депутаты стортинга
0000835.png	Награды
0000836.png	Оригиналы
0000837.png	Виттенберг, Германия
0000838.png	Меконг
0000839.png	Конфигурационное тестирование
0000840.png	Ветвления:
0000841.png	Деятели культуры и искусства, репрессированные в СССР
0000842.png	Генцианоза
0000843.png	Роджер Хант
0000844.png	Пиноккио в проекте Гутенберг
0000845.png	Ходорковский четырежды за время своего заключения объявлял голодовки.
0000846.png	Русские писатели по алфавиту
0000847.png	История
0000848.png	Виртуальное государство
0000849.png	Сборная
0000850.png	Почётные доктора Ратгерского университета
0000851.png	Жилец вершин (1995)
0000852.png	Структура таблиц
0000853.png	Список послов и постоянных представителей Украины
0000854.png	Поражения (2)
0000855.png	Анджело (по драме «Анджело, тиран Падуанский» Виктора Гюго) (1875)
0000856.png	Топоним
0000857.png	20 районов до 17 июля 2020 года:
0000858.png	Азас (Тува)
0000859.png	Фабрый, Алексей Иванович (13.06.1996, 299)
0000860.png	Литература
0000861.png	Медаль Ушакова (Россия)
0000862.png	Депутаты Совета Национальностей 9-го созыва
0000863.png	Грамматические частицы
0000864.png	Солие
0000865.png	Марксизм
0000866.png	Персонажи легенд
0000867.png	Воспоминания Гайдара
0000868.png	Персоналии, чья дата смерти не установлена
0000869.png	Биография
0000870.png	Примечания
0000871.png	Время спутниковых навигационных систем
0000872.png	Советский политехнический колледж (ул. Макаренко, 1)
0000873.png	Утверждение стандарта не менее 9 голосами членов СМСФО;
0000874.png	Литература
0000875.png	30 сентября
0000876.png	Основан Екатеринодар
0000877.png	Раздел Ивана Жданова на портале «Артбург»
0000878.png	Правительство Саратовской области. Официальный портал
0000879.png	Населённые пункты с численностью населения более 5000 человек
0000880.png	Шварц Евгений
0000881.png	Южная улица
0000882.png	Сборная Франции
0000883.png	Методы исследования и вмешательства
0000884.png	Анатолий Дергачёв
0000885.png	Чойбалсан, Монголия (с 1993 года).
0000886.png	Институт физико-технических проблем Севера СО РАН
0000887.png	Разнообразие снежинок
0000888.png	Битва при Галлиполи.
0000889.png	Средний и поздний платонизм
0000890.png	Определитель и ориентированный объём
0000891.png	Источники
0000892.png	Председатели СПС
0000893.png	История
0000894.png	Фуллерены и углеродные нанотрубки
0000895.png	Хазарская миссия
0000896.png	Игроки сборной России по футболу
0000897.png	Ссылки
0000898.png	Японский перец
0000899.png	Культура
0000900.png	По способу получения информации
0000901.png	Расчёт контрольной суммы
0000902.png	ОАО «Пошехонский рыбозавод»
0000903.png	в Кольчугино Владимирской области у проходной завода «Кольчугцветмет»;
0000904.png	Немецкие писатели
0000905.png	См. также
0000906.png	Серафим Саровский
0000907.png	Дмитрий Тарасов
0000908.png	Армения и Катар установили дипломатические отношения.
0000909.png	4. Дагестанский государственный технический университет
0000910.png	Плоские и обычные бородавки
0000911.png	Нормативно-техническая документация
0000912.png	Мишкольц (Венгрия)
0000913.png	Кандидаты в президенты Латвии
0000914.png	Идентификация
0000915.png	См. также
0000916.png	Перечень ЖНВЛП
0000917.png	Лауреаты премии «Своя колея»
0000918.png	См. также
0000919.png	См. также
0000920.png	Археологические артефакты
0000921.png	Примечания
0000922.png	Нью-Йорк
0000923.png	Ссылки
0000924.png	Мета Янголенко-Ваннас (1978)
0000925.png	Третья книга Маккавейская
0000926.png	Выпускники Академии музыкального искусства (Прага)
0000927.png	Имперские выборы
0000928.png	Международная ассоциация воздушного транспорта (МАВТ)
0000929.png	Русские эмигранты первой волны в Финляндии
0000930.png	В литературе
0000931.png	Дом культуры Выйский;
0000932.png	Техника передачи и приема
0000933.png	Включает в себя
0000934.png	Компьютерные кодировки
0000935.png	Атомный номер никеля.
0000936.png	Химическая промышленность
0000937.png	В Москве состоялся пленум ЦК КПСС.
0000938.png	Папирус Ринда
0000939.png	Волгоградский металлургический комбинат «Красный Октябрь»
0000940.png	Наука
0000941.png	Нил Кропалов
0000942.png	Центральная городская библиотека;
0000943.png	Климат
0000944.png	Персептрон как метод распознавания образов
0000945.png	В свою очередь, Роджер Уотерс добавил:
0000946.png	См. также: :Категория:Умершие в 1344 году
0000947.png	См. также: :Категория:Умершие 13 мая
0000948.png	Члены Государственного совета Российской империи
0000949.png	Появились в 1939 году в России
0000950.png	Особенности
0000951.png	Европа в каменном веке
0000952.png	1973,  Йозеф Бонел
0000953.png	Примечания
0000954.png	Вычислительная математика
0000955.png	Руслан Аушев переизбран президентом Ингушетии.
0000956.png	Метрическая система
0000957.png	Особняк
0000958.png	Этимология и значение
0000959.png	орден Ленина (19 октября 1964);
0000960.png	Александр Росляков. Из чего твой панцирь, черепаха? Личное дело Е. Примакова
0000961.png	«Сеятель», 1850,
0000962.png	Похороненные на Останкинском кладбище
0000963.png	Композиторы США
0000964.png	Площадь Цветов
0000965.png	Комментарии
0000966.png	Литература
0000967.png	Звёзды
0000968.png	экономический
0000969.png	История
0000970.png	Примечания
0000971.png	Список стран мира в порядке убывания количества носителей панджаби
0000972.png	Классификации антивирусных программ
0000973.png	Распространение
0000974.png	См также
0000975.png	Взаимодействия
0000976.png	Гарась Петька «Фёдор Герасимович»
0000977.png	Переводы руководств
0000978.png	Антропософское движение
0000979.png	Медаль «Ветеран труда»
0000980.png	Список заслуженных мастеров спорта России по киокусинкай
0000981.png	Награды
0000982.png	(альтернативная ссылка), (альтернативная ссылка на сайт РГБ)
0000983.png	змея (символ перерождения и вечности)
0000984.png	СВ: Лозовое
0000985.png	Порше (род)
0000986.png	Литература
0000987.png	Почётные доктора Йельского университета
0000988.png	Кишенский, Фёдор Иванович (1744-?)
0000989.png	Радианная мера в математическом анализе
0000990.png	микрорайон Солнечный;
0000991.png	Города инков
0000992.png	Как Ламолю ноги ломали!..
0000993.png	«Огнём и мечом» Г. Сенкевича:
0000994.png	Вебер М. Избранное. Образ общества. М., 1994.
0000995.png	Сочинения этого периода
0000996.png	Неизвестно, существует ли чётно-нечётная пара дружественных чисел.
0000997.png	Союзный договор Вальдемара Великого и Генриха Льва.
0000998.png	Элементы языка
0000999.png	Наследники (1964)
0001000.png	Фонд Даниила и Аллы Андреевых
0001001.png	Возвратившись в Польшу, сотрудничала с ведущим польским семантиком .
0001002.png	В многозначности терминологии
0001003.png	Квазиэпиграфы
0001004.png	День Хоомея
0001005.png	Философы Германии
0001006.png	ЦЕРН о Бозоне Хиггса
0001007.png	Литература
0001008.png	Железнодорожный транспорт
0001009.png	Ссылки
0001010.png	Начало вещания ТВ-3 (в Санкт-Петербурге).
0001011.png	По идентификатору пользовательского агента (браузера)
0001012.png	География
0001013.png	Рождественская еда
0001014.png	Примечания
0001015.png	Альтернативные теории
0001016.png	Религиозный гимн
0001017.png	Основные труды
0001018.png	Киргизский
0001019.png	Порядок работы
0001020.png	Смерть Беатрис, баронессы Бурбон.
0001021.png	Борьба Фландрии за независимость.
0001022.png	Поэты Литвы
0001023.png	Точечная сварка
0001024.png	Наука
0001025.png	Тропическое сельское хозяйство
0001026.png	Для Плотина и учителей Ямвлиха Анатолиуса и Порфирия, эманация имеет такой вид:
0001027.png	Смартфоны и вредоносные программы
0001028.png	Геномика
0001029.png	От южных морей до полярного края
0001030.png	Математические глоссарии
0001031.png	Административное деление
0001032.png	Медаль Карла Шварцшильда (1992)
0001033.png	Взаимодействие с пассатами
0001034.png	Сайт Фестиваля колокольного звона и музыки "Бирюза" в Болхове
0001035.png	В 1970 году Геленджик стал курортом всесоюзного значения.
0001036.png	См. также
0001037.png	Литература
0001038.png	Период республики
0001039.png	В романе Земля Санникова, шаман онкилонов принимает сушёный мухомор.
0001040.png	См. также
0001041.png	Литература
0001042.png	Синтаксис
0001043.png	Религиозные
0001044.png	Смерть мозга в христианстве
0001045.png	Научная медицинская библиотека
0001046.png	«Василий Блаженный», 1913, ГТГ;
0001047.png	Лауреаты республиканской премии имени Гамзата Цадасы
0001048.png	Романы 1868 года
0001049.png	Примечания
0001050.png	Искусственные языки
0001051.png	Библиография на сайте Лаборатория Фантастики
0001052.png	28 июня
0001053.png	Омонимия
0001054.png	Оператор сдвига во времени
0001055.png	Члены Клуба Игоря Нетто
0001056.png	Предложил оригинальную ресурсную модель внимания.
0001057.png	Манфред (король Сицилии)
0001058.png	Наркозные средства
0001059.png	Единицы измерения времени
0001060.png	Бытовая техника
0001061.png	Производители
0001062.png	Примечания
0001063.png	Защита Тарраша
0001064.png	Население
0001065.png	Гостеприимство
0001066.png	Ночное золото
0001067.png	Филиалы
0001068.png	Установлены дипломатические отношения между Казахстаном и Марокко.
0001069.png	Астрономы Австрии
0001070.png	Дошкольное и среднее образование
0001071.png	Крупа (значения)
0001072.png	Административное деление
0001073.png	Этимология
0001074.png	Войцех Ярузельский
0001075.png	Теория цветов
0001076.png	Дунъин, Китай.
0001077.png	В культуре
0001078.png	52 км: Ошняк (пр)
0001079.png	Короли Сардинии
0001080.png	Сочинения
0001081.png	Академия МВД КР имени генерал-майора милиции Эргеша Алиева;
0001082.png	начальник бронетанковой службы полка;
0001083.png	Малоохтинское православное кладбище;
0001084.png	Социология права
0001085.png	Ссылки
0001086.png	Дворянские роды, на гербах которых изображены львы
0001087.png	Основными признаками правопорядка являются:
0001088.png	Экологическая роль
0001089.png	глава (высшее должностное лицо);
0001090.png	«Специализированный Дом ребёнка»
0001091.png	Комбинированное оружие
0001092.png	Антропонимия по народам
0001093.png	В математике
0001094.png	Лилии в творчестве художника
0001095.png	Физические свойства
0001096.png	См. также
0001097.png	Группы риска
0001098.png	Знаменосец
0001099.png	Почётные граждане Будённовска
0001100.png	Болгария
0001101.png	Видное вошло в состав Сухановской волости.
0001102.png	Разработанные самостоятельно; ранее выпускались
0001103.png	Три стихотворения в переводе Т. Стомахиной
0001104.png	Церковь св. Михаила (1856 г.)
0001105.png	Улицы Берлина
0001106.png	Фамильный герб
0001107.png	Символика
0001108.png	Клубы
0001109.png	История
0001110.png	Председатели Совета народных комиссаров Казахской ССР
0001111.png	Антониу Бернарду да Кошта Кабрал умер 1 сентября 1889 года в городе Порту.
0001112.png	Ссылки
0001113.png	Математика
0001114.png	Хуана в искусстве
0001115.png	Русская православная церковь
0001116.png	С. Маршак называл Гайдара «всесоюзным вожатым».
0001117.png	Финансовый сектор
0001118.png	Общие сведения
0001119.png	шатровая церковь Петра Митрополита (1585);
0001120.png	Чемпионы
0001121.png	Андрей Миронов
0001122.png	Почётные граждане Жезказгана
0001123.png	Физико-географическая характеристика
0001124.png	«Линия красоты» (Алан Холлингхёрст, 2004).
0001125.png	Знаки различия Маршала Советского Союза
0001126.png	Биография
0001127.png	Административно-территориальное деление
0001128.png	Памятник «Журавли». 1970 г.
0001129.png	Воинское звание
0001130.png	Лишение свободы
0001131.png	Результаты. Память
0001132.png	Кабинетная система обучения
0001133.png	«Абаза».
0001134.png	Выделяют следующие диалекты аккадского языка:
0001135.png	Труды в русском переводе
0001136.png	Парламентские
0001137.png	Вступили на престол
0001138.png	Литература
0001139.png	Тимошенко, Андрей Станиславович (06.03.1995, 130)
0001140.png	Города-побратимы
0001141.png	Доктор химических наук
0001142.png	Литература
0001143.png	Чемпионом ФРГ по футболу стала мюнхенская «Бавария».
0001144.png	Образование в США
0001145.png	История развития представлений о кислотах
0001146.png	Муретов С. Д. О поминовении Бесплотных сил на проскомидии. М., 1897.
0001147.png	Главы
0001148.png	Физико-географическая характеристика
0001149.png	Производная Джексона:
0001150.png	Чемпионы зимних Олимпийских игр 1968 года
0001151.png	и другие.
0001152.png	Изображение и атрибуты
0001153.png	Составные фамилии
0001154.png	Примечания
0001155.png	Таурин
0001156.png	Современность
0001157.png	оставлять в открытом виде тару, содержащую бензол, курить,
0001158.png	Кобдо, Монголия
0001159.png	Герцогство Нассау
0001160.png	Похороненные в Вильнюсском районе
0001161.png	«Беги, Алиса, беги» режиссёра Максима Диденко в Театре на Таганке
0001162.png	Нагать
0001163.png	Профессиональный спортивный клуб «Вершина».
0001164.png	Биография
0001165.png	14 мая 1946 года город Минск был отнесён к городам республиканского подчинения.
0001166.png	Экономика
0001167.png	Примечания
0001168.png	Почётные доктора Алжирского университета
0001169.png	События и мероприятия
0001170.png	Мемориальный комплекс Мавзолей Че Гевары на Кубе.
0001171.png	Климент
0001172.png	Районные центры Тульской области
0001173.png	контролирование науки и культуры представителями реакции;
0001174.png	Преподаватели Одесского университета
0001175.png	Старший лейтенант медицинской службы (15.08.1952).
0001176.png	Речная улица (деревня Софьино)
0001177.png	Последние годы жизни
0001178.png	Экономика
0001179.png	Профессора Кембриджского университета
0001180.png	Похороненные в Троице-Сергиевой лавре
0001181.png	Образование, наука, инновации
0001182.png	Содержание в неволе
0001183.png	Утраченные храмы
0001184.png	См. также
0001185.png	Народный календарь, приметы и фольклор Руси
0001186.png	Сокращения в болгарском языке
0001187.png	Кимополея.
0001188.png	Джотто ди Бондоне, итальянский художник и архитектор эпохи Возрождения.
0001189.png	Кривая постоянной ширины
0001190.png	Континентальный шельф: 200 метров глубины или глубина разработки месторождений.
0001191.png	Примеры сценариев
0001192.png	«Патрия»,
0001193.png	Интервью на сайте «МирБориса»
0001194.png	Папа Иоанн заключён в темницу в Равенне Теодорихом, где и умер.
0001195.png	Гидроэлектростанции на Волге
0001196.png	Компании Мюнхена
0001197.png	Ссылки
0001198.png	Примечания
0001199.png	Художественная литература
0001200.png	Физико-географическая характеристика
0001201.png	северная часть Восточно-Казахстанской области.
0001202.png	Драматурги России
0001203.png	Крестецкий районный краеведческий музей
0001204.png	Кубок Рока:
0001205.png	Сергей Старостин у Гордона
0001206.png	Спорт
0001207.png	Актриса
0001208.png	Кельтская мифология
0001209.png	Мошенничество в интернет-рекламе
0001210.png	Вычисление интегралов
0001211.png	Общественная деятельность
0001212.png	Беловежские соглашения
0001213.png	Части суток
0001214.png	Астрология
0001215.png	на русском языке
0001216.png	Традиционный турнир по хоккею памяти лётчика-космонавта Павла Ивановича Беляева.
0001217.png	Топографическая анатомия
0001218.png	Античность
0001219.png	См. также
0001220.png	Кригсмарине (военно-морской флот)
0001221.png	Ссылки
0001222.png	Литературные варианты
0001223.png	Изобразительное искусство СССР
0001224.png	Критика
0001225.png	Моторама (выставка)
0001226.png	Орден «Золотой Орёл» Героя Арцаха (НКР)
0001227.png	Георгий Васильев, российский композитор, поэт, режиссёр, сценарист, бард.
0001228.png	Двенадцатиричный счёт
0001229.png	память мученика Понтиана из Сполето.
0001230.png	Умершие в Нальчике:
0001231.png	Почвы
0001232.png	Непомнящий Н. Блондины с туманным прошлым
0001233.png	Средневековые художники чаще всего изображали Геракла борющимся со львом.
0001234.png	31 мая
0001235.png	Лена Яда, американская актриса, фотомодель, серфер и рестлер.
0001236.png	Служба безопасности Московского метрополитена
0001237.png	Конфигурация «1С:Управление бизнесом 8»
0001238.png	Спутниковая антенна
0001239.png	Официальный сайт
0001240.png	Математическая логика
0001241.png	Примечания
0001242.png	Муромцев, Сергей Андреевич
0001243.png	Разбиты ухуани.
0001244.png	Продюсер
0001245.png	Война за независимость США
0001246.png	Экономика
0001247.png	Немецкие поэты
0001248.png	Ядыгар-Мухаммед хан, сын астраханского хана Касима (1552).
0001249.png	Зептограмм --- 10-21 грамма (одна секстиллионная часть грамма; обозначение: зг);
0001250.png	Следствия законов Ньютона
0001251.png	Аникщяйский район
0001252.png	Китай
0001253.png	Герой Социалистического Труда (2 июня 1978)
0001254.png	Поэты Великобритании
0001255.png	«Ночи безумные» (1886)
0001256.png	Конкретные требования покупателя товара (услуги) по урегулированию рекламации.
0001257.png	Примечания
0001258.png	Новоиерусалимский монастырь
0001259.png	Закреплённые номера
0001260.png	Должности управленцев
0001261.png	Сборники
0001262.png	корабли:
0001263.png	Право на труд
0001264.png	Некоторые виды являются источником ценной древесины.
0001265.png	Персоналии:Римская Греция
0001266.png	Устаревшие научные теории
0001267.png	Мегалополис
0001268.png	Образование
0001269.png	Спорт
0001270.png	Генерал-лейтенант авиации (8 июля 1992)
0001271.png	Грузия
0001272.png	Угаритские боги
0001273.png	Синеватая кожа (цианоз)
0001274.png	Институт горного дела (ИГД)
0001275.png	За ним следует чередование, пример из македонского:
0001276.png	Дудкин Владимир Михайлович, заслуженный артист Российской Федерации
0001277.png	Революция и Гражданская война
0001278.png	Примечания
0001279.png	Ледовое побоище
0001280.png	Амиды карбоновых кислот
0001281.png	Климат
0001282.png	Выпускники физического факультета Массачусетского технологического института
0001283.png	Емелин, Анатолий Анатольевич
0001284.png	Достижения
0001285.png	Ссылки
0001286.png	Литература
0001287.png	Кавалер большого креста ордена Почётного легиона (2 октября 2000 года, Франция).
0001288.png	Математический формализм
0001289.png	Великие понтифики
0001290.png	Микава
0001291.png	Почётные доктора Лёвенского католического университета
0001292.png	Домашняя
0001293.png	В молекулярной биологии:
0001294.png	В качестве художественного приёма варваризмы применяются:
0001295.png	Индивидуальный террор
0001296.png	Сергей Сидорчук
0001297.png	Выпускники Александровской военно-юридической академии
0001298.png	Пелопоннеско-ионийский диалект
0001299.png	часть Нидерландов
0001300.png	Люди, побывавшие на Луне
0001301.png	1980 год: начало
0001302.png	Литература
0001303.png	170 км: река Малая Шалюга (пр)
0001304.png	Ссылки
0001305.png	Завершение эпохи Мадлен верхнего палеолита в Центральной Европе
0001306.png	ФК «Янтарь»;
0001307.png	Международные террористические акты
0001308.png	«Немцы России»
0001309.png	Баскетбольный клуб «Олимпиакос»
0001310.png	Родившиеся в Милане
0001311.png	«Нищая» (слова Беранже в переводе Дмитрия Ленского),
0001312.png	Фауна
0001313.png	Побочные действия
0001314.png	Города Греции
0001315.png	Институт ядерной физики НЯЦ РК
0001316.png	«Джеры-дзуар»,
0001317.png	АО «Уральская монтажно-промышленная компания»;
0001318.png	См. также
0001319.png	Пищевое поведение
0001320.png	Подростковый возраст
0001321.png	Распространение
0001322.png	Война за независимость
0001323.png	Игра в гомоку против ИИ
0001324.png	Архитектура
0001325.png	Двойственность Понтрягина
0001326.png	Художественный фильм 1942 года «Его зовут Сухэ-Батор»
0001327.png	Биография
0001328.png	Репертуар
0001329.png	Нимейер О. Архитектура и общество. М.: Прогресс, 1975.
0001330.png	«Мгновения жизни» (1974).
0001331.png	Иммунологическая толерантность
0001332.png	Украина
0001333.png	Алчевский профессиональный торгово-кулинарный лицей (АПТКЛ);
0001334.png	Легионер ордена Почётного легиона (11 декабря 1803 года)
0001335.png	Примечания
0001336.png	Санатории и профилактории
0001337.png	Восстание Чжичжи против Хуханье на востоке.
0001338.png	Католические: Девота
0001339.png	Закончена японская хроника Манъёсю.
0001340.png	Пловдивская область
0001341.png	Социальная сфера
0001342.png	Население
0001343.png	«Толкование на прор. Исайю». Известно только название.
0001344.png	См. также
0001345.png	Поражения в финалах
0001346.png	Источники
0001347.png	Драмы
0001348.png	ФизМатСайт
0001349.png	Пэддлз
0001350.png	Если , то
0001351.png	Экономика
0001352.png	Полоцк (с 2012)
0001353.png	Московская область
0001354.png	Президенты, вступившие в должность в 2014 году
0001355.png	См. также
0001356.png	Действующие главы регионов России
0001357.png	Примечания
0001358.png	Расположена на Уфимском полуострове, в водоразделе рек Белой и Уфы.
0001359.png	История
0001360.png	Простые числа вида , причём  нечётно и  ().
0001361.png	Обращение в христианство
0001362.png	18 марта
0001363.png	Математическое описание
0001364.png	Физиогномика
0001365.png	«Религия в современной культуре» (1934),
0001366.png	Греческий текст (издание 1882 года)
0001367.png	Заха Хадид (р. 1950), ирако-британская женщина-архитектор и дизайнер.
0001368.png	Эпипремнум
0001369.png	Самые длинные и высокие канатные дороги
0001370.png	Тиуанако
0001371.png	удельным импульсом ракетного двигателя,
0001372.png	Переводчики с немецкого языка
0001373.png	В Белостоке находятся следующие театры:
0001374.png	Примечания
0001375.png	Русско-литовская война (1561-1570).
0001376.png	Святая Варвара
0001377.png	Отцы Церкви
0001378.png	Ромул Рыльский (упом. 1519)
0001379.png	Главная виленская школа
0001380.png	Возникновение современной космологии
0001381.png	Всехсвятский проезд
0001382.png	См. также: :Категория:Умершие в 1170 году
0001383.png	Илоканский язык
0001384.png	Киновия
0001385.png	Космология Мартинуса
0001386.png	Сенаторы Российской империи
0001387.png	Майорская,
0001388.png	Скончались
0001389.png	Твой ход, как чёрная зараза,
0001390.png	Место рождения. Гражданство
0001391.png	Торредейта
0001392.png	всемирного тяготения
0001393.png	См. также
0001394.png	Примечания
0001395.png	Таппенс Миддлтон, британская киноактриса.
0001396.png	Александр Казаков (177)
0001397.png	Муниципальные районы, упразднённые в 2002 году
0001398.png	Тыртышников, Евгений Евгеньевич (р. 1955)
0001399.png	Технические директора
0001400.png	Заслуженные деятели науки автономных республик РСФСР
0001401.png	Тропический циклон
0001402.png	Пьер Луи Антуан Кордье, геолог, минералог, петрограф.
0001403.png	Разделы лексикологии
0001404.png	София в западной традиции
0001405.png	оксид лития
0001406.png	Материалисты
0001407.png	Похороненные на кладбище Монпарнас
0001408.png	Толстянка
0001409.png	Лауреат премии ТЭФИ: специальный приз (2018).
0001410.png	Историко-краеведческий музей
0001411.png	Подольская губерния
0001412.png	Спутники США
0001413.png	Отсутствие реакции на внешние раздражители в бессознательном состоянии.
0001414.png	Список главных редакторов «Комсомольской правды»
0001415.png	Личные
0001416.png	Другие парки города
0001417.png	С.М. Соловьёв. Истории России с древнейших времён. СПб. 1851-1879. стр. 557.
0001418.png	Динамика роста численности населения выглядит следующим образом:
0001419.png	В Каббале
0001420.png	Заместители главы правительства СССР
0001421.png	См. также
0001422.png	неудобных для доставки другими видами транспорта.
0001423.png	Структура занятости населения:
0001424.png	Похороненные в Мавзолее Августа
0001425.png	Генри Форд
0001426.png	Серовский рабочий
0001427.png	Чемпионат СНГ по хоккею с шайбой
0001428.png	Ссылки
0001429.png	электролитический, основанный на выделении отдельных металлов электролизом,
0001430.png	Учёные СССР
0001431.png	Медиасервисы и развлечения
0001432.png	Родившиеся в Хэнани
0001433.png	Примечания
0001434.png	на английском языке
0001435.png	См. также
0001436.png	Примечания
0001437.png	Историки по алфавиту
0001438.png	Аквапарк
0001439.png	Озёра провинции Санта-Крус (Аргентина)
0001440.png	объекты, играющие важную роль в поддержании гидрологического режима;
0001441.png	Государственный рубрикатор научно-технической информации (ГРНТИ) 29 ФИЗИКА
0001442.png	См. также
0001443.png	Этимология
0001444.png	Государственные деятели
0001445.png	Чекисты
0001446.png	В старину считалось, что в эту ночь домовой заезжает лошадей.
0001447.png	Выпускники Политехнической школы
0001448.png	Машиностроители
0001449.png	Инсектициды
0001450.png	Почётные граждане Кракова
0001451.png	Русский Викицитатник
0001452.png	История
0001453.png	Историки по алфавиту
0001454.png	маточных кровотечениях
0001455.png	Объём грузоперевозок составляет более 2 миллионов тонн (на 2007 год).
0001456.png	Природные явления
0001457.png	Писатели Франции
0001458.png	631 км: Игаза
0001459.png	Театр
0001460.png	Туризма
0001461.png	Проза
0001462.png	Семья
0001463.png	Выведение
0001464.png	Лунный камень (телесериал, Великобритания, 2016, режиссёр Лиза Мулкахи).
0001465.png	См. также
0001466.png	Лейб-гвардии 1-й мортирный парковый артиллерийский дивизион
0001467.png	Несколько лет, в 1820-х годах, Гааз преподавал в Медико-хирургической академии.
0001468.png	Особенности планировки и застройки
0001469.png	Пруд-охладитель 5 блока является приёмником:
0001470.png	посещение Петром Лидды и Иоппии, чудесные деяния ();
0001471.png	Женщины-математики
0001472.png	Гурон
0001473.png	Родились
0001474.png	Районные центры Оренбургской области
0001475.png	География
0001476.png	Училища
0001477.png	Вопрос о престолонаследии
0001478.png	Семья
0001479.png	орден Св. Анны 2-й ст. (1824)
0001480.png	Скончались
0001481.png	Пентагондодекаэдр
0001482.png	Сахалинский техникум механизации сельского хозяйства
0001483.png	Персоналии по алфавиту
0001484.png	Парабельский район
0001485.png	Ссылки
0001486.png	Водонитратное топливо («жидкий порох»)
0001487.png	Творчество
0001488.png	Примечания
0001489.png	Храмы
0001490.png	Ошибки программирования
0001491.png	Примечания
0001492.png	больница.
0001493.png	Художники-символисты
0001494.png	Музей обороны Брестской крепости
0001495.png	Примеры линейных однородных операторов:
0001496.png	Формальное описание конечного автомата
0001497.png	Источники
0001498.png	Этимология
0001499.png	добавление «и Сына» (филиокве) в Никео-Константинопольский символ веры
0001500.png	В фармации
0001501.png	Баварский орден «За заслуги» (ФРГ)
0001502.png	2009: «Прозерпина», опера-монодрама Вольфганга Рима
0001503.png	События
0001504.png	Земятченский Петр Андреевич на сайте Биографика СПбГУ
0001505.png	на английском языке:
0001506.png	две донские казачьи батареи в артиллерийском резерве правого фланга;
0001507.png	Оперение редкое, плотно прилегающее к телу.
0001508.png	Ревность Гро-Рене, фарс (1663)
0001509.png	Пивоваров, Олег Алексеевич (06.03.2023)
0001510.png	Реки Славского района
0001511.png	Транспорт
0001512.png	Консервативные партии
0001513.png	Ставицкий, Юрий Иванович (14.12.1996, 373)
0001514.png	Яков Свердлов
0001515.png	См. также: :Категория:Умершие в 1413 году
0001516.png	Источники
0001517.png	Ранее именовавшиеся «Спартак»:
0001518.png	Фракия
0001519.png	Примечания
0001520.png	Семья
0001521.png	Этническое разнообразие и численность населения
0001522.png	Одесса
0001523.png	География
0001524.png	(значения)
0001525.png	Города Иудеи
0001526.png	Переименованные населённые пункты России
0001527.png	Похороненные в Махачкале
0001528.png	Бритты составляют большинство населения Британии.
0001529.png	Министры иностранных дел Испании
0001530.png	Болховской
0001531.png	Тикудзэн
0001532.png	Источники
0001533.png	Доломитовые Альпы
0001534.png	Пути сообщения
0001535.png	Осенью в Лу провели жертвоприношение для испрошения дождя.
0001536.png	Барщина
0001537.png	Псевдо-Евклид
0001538.png	Зарубежная мультипликация
0001539.png	Музыка
0001540.png	Технология производства состоит из трёх этапов:
0001541.png	Память
0001542.png	продукция химической и фармацевтической промышленности (104,4 млрд);
0001543.png	Англосаксонская руническая поэма
0001544.png	См. также
0001545.png	Опала
0001546.png	Абраксас
0001547.png	Текст содержит орфографические ошибки;
0001548.png	ОАО «Красный луч» (банкрот);
0001549.png	Кулинарное изделие
0001550.png	Строение атолла
0001551.png	Баронские роды
0001552.png	Линней
0001553.png	Предметная олимпиада
0001554.png	Музеи
0001555.png	Литература
0001556.png	Дворец Культуры имени Егорова
0001557.png	Текстильная
0001558.png	код публично доступен;
0001559.png	Директор картины: Александр Аршанский
0001560.png	Контркультура 1960-х годов
0001561.png	Эго-психология
0001562.png	Петров, Николай Алексеевич (07.07.2023)
0001563.png	Место для хранения презервативов
0001564.png	Спорные территории на Дальнем Востоке
0001565.png	До восстания
0001566.png	Не производится
0001567.png	Горение
0001568.png	Родились
0001569.png	Сборники
0001570.png	Инженерная академия
0001571.png	Шекспир и его критик Брандес. СПб., 1898
0001572.png	Ханбара-хан ()
0001573.png	Философы Древнего Рима
0001574.png	Приметы
0001575.png	Скончались
0001576.png	География
0001577.png	Резервный фронт
0001578.png	Характеристика
0001579.png	Символика
0001580.png	ИНВЕСТИЦИОННАЯ ПРОГРАММА ГОРОДА МИНСКА НА 2010 ГОД
0001581.png	Похороненные в Вильнюсе
0001582.png	Служит украшением оружия или инструмента, отвлекает внимание противника
0001583.png	Экономика и финансы
0001584.png	Негалогенированные
0001585.png	Детский сад «Черёмушка» (с. Чуровское)
0001586.png	Примечания
0001587.png	Знаменский комбикормовый завод
0001588.png	Административное деление
0001589.png	Иркутск, Россия (2017)
0001590.png	Историки Бельгии
0001591.png	Источники
0001592.png	Дуализм
0001593.png	Околоземное космическое пространство
0001594.png	Востоковеды России
0001595.png	Расселение татар в России
0001596.png	Единицы измерения
0001597.png	Ссылки
0001598.png	12 стульев (1976)  (3232)
0001599.png	Литература
0001600.png	Лигурийские Альпы
0001601.png	Ссылки
0001602.png	Кинематика
0001603.png	Законодательство Тюменской области
0001604.png	Карусель
0001605.png	Преломление
0001606.png	два ордена Трудового Красного Знамени (в том числе 1944);
0001607.png	651 км: Ускучёвка
0001608.png	Работа в литературе и театре
0001609.png	Коммерческий директор: Крис Александер
0001610.png	История
0001611.png	В составе Украины
0001612.png	Хуан Сантистебан
0001613.png	Верхняя дека
0001614.png	Примечания
0001615.png	Примечания
0001616.png	Ссылки
0001617.png	Пермская культурная революция
0001618.png	Прототипы и электропоезда, снятые с эксплуатации
0001619.png	Сюжет
0001620.png	Камень-на-Оби
0001621.png	Разрыв
0001622.png	Церковь апостола Андрея Первозванного (Андреевская) в Андреевском скиту.
0001623.png	Члены Союза писателей СССР
0001624.png	Семьянин
0001625.png	Станислав Ежи Лец (ум. 1966), польский сатирик, поэт, афорист.
0001626.png	Воронежский русский народный хор
0001627.png	оптимизация отношений в коллективе,
0001628.png	Балкано-романские народы
0001629.png	Литература
0001630.png	Икиш-Тишпак
0001631.png	Дух и машина
0001632.png	Центральная нервная система
0001633.png	Нарухито, император Японии.
0001634.png	Примечания
0001635.png	Техпроцесс (нм): 130
0001636.png	Примечания
0001637.png	Городские округа Удмуртии
0001638.png	Управление
0001639.png	Социалисты Италии
0001640.png	Памятники архитектуры Смоленского района
0001641.png	Гегемония в международных отношениях
0001642.png	Дети Есенина (2005)
0001643.png	Жорж Брак
0001644.png	Гром утром сулит урожайное и плодородное лето.
0001645.png	где . Более того в этом случае знаки  и  совпадают:
0001646.png	Лауреаты премии «Серебряная лента» за лучшую режиссуру
0001647.png	Авторы Энциклопедического словаря Гранат
0001648.png	Режимы работы
0001649.png	Предложение помощи от СССР
0001650.png	См. также: :Категория:Умершие в 1115 году
0001651.png	Память
0001652.png	Рассмотрим пример уязвимой программы на языке Си:
0001653.png	Промышленность
0001654.png	Ссылки
0001655.png	Местное самоуправление
0001656.png	Персоналии по алфавиту
0001657.png	Меры объема для сыпучих тел
0001658.png	Операция взятия предела сохраняет нестрогие неравенства.
0001659.png	Патологии
0001660.png	Урбанизация
0001661.png	Основная теорема арифметики
0001662.png	История Северного Кавказа
0001663.png	Образование
0001664.png	Последние годы жизни
0001665.png	Римское царство
0001666.png	Семья и дети
0001667.png	Микроскоп
0001668.png	Тавриона
0001669.png	Вступил в силу договор о Североамериканской зоне свободной торговли (НАФТА).
0001670.png	Туристический сайт
0001671.png	Административное деление
0001672.png	Фармацевтическая промышленность
0001673.png	Клубная карьера
0001674.png	Фёдорова, Татьяна Васильевна с 4 марта 2012 года по 14 марта 2017 года.
0001675.png	Мужчины
0001676.png	Примечания
0001677.png	Становление города
0001678.png	Сокрытие деталей реализации от пользователей подпрограммы
0001679.png	Орден Животворящего Креста Господня (Иерусалимская православная церковь)
0001680.png	Изображение в видоискателе не перекрывается в момент съёмки;
0001681.png	Литература
0001682.png	Города-побратимы
0001683.png	Города Нижегородской области
0001684.png	Биография
0001685.png	Радиовещание
0001686.png	Для вызова конструктора предка нужно указать конструктор:
0001687.png	Примечания
0001688.png	16 апреля
0001689.png	Четвероюродные, иногда четвероколенные:
0001690.png	См. также
0001691.png	Эмоции
0001692.png	Орден Восходящего солнца 1-й степени (1 ноября 1882)
0001693.png	Население
0001694.png	Начало перестройки замка Корильяно.
0001695.png	Примечания
0001696.png	Космическая программа Китая
0001697.png	Олимпийское движение и политический протест
0001698.png	Польша
0001699.png	Арест и следствие
0001700.png	Российская империя
0001701.png	Балакиревка
0001702.png	2 июня
0001703.png	Султанаты Индии
0001704.png	Института космических исследований АН СССР
0001705.png	Расчёт газотурбинной установки
0001706.png	Происхождение
0001707.png	Другое
0001708.png	Дом Анпиловых (1900).
0001709.png	К аэропорту следуют:
0001710.png	Назарбаев Университет
0001711.png	Примечания
0001712.png	Партийные информационные издания
0001713.png	Блаженству чистых душ могу служить одна;
0001714.png	Екабпилс (Латвия)
0001715.png	Факультет аэромеханики и летательной техники (ФАЛТ)
0001716.png	Использование термина в качестве торгового знака
0001717.png	Достоинства и недостатки
0001718.png	Конищев Даниил Семёнович - стряпчий (1682), стольник (1686-1692).
0001719.png	Похороненные на кладбище аль-Баки
0001720.png	Приз «Агрессивному гостю»
0001721.png	Литература
0001722.png	Лауреаты премии «Корона Корвина»
0001723.png	Участники войны за испанское наследство
0001724.png	«Цицерон в истории европейской культуры» («Вестник Европы», 1896, февраль),
0001725.png	Квиллинг
0001726.png	Софья Ковалевская (фильм)
0001727.png	орден «Знак Почёта» (30.10.1954)
0001728.png	Соль (проект)
0001729.png	шизофрения (лечение и профилактика, в том числе негативных симптомов);
0001730.png	Евровалюта
0001731.png	Александров на сайте Министерства Обороны (архивная копия)
0001732.png	Лизы Чайкиной, улица
0001733.png	Нахождение в природе. Добыча
0001734.png	Примечания
0001735.png	Выпускники Павловского военного училища
0001736.png	Награды и премии
0001737.png	статистическая радиофизика.
0001738.png	История и деятельность
0001739.png	Письмо 42
0001740.png	отвод остаточных энерговыделений реактора;
0001741.png	Геоконтекстная реклама
0001742.png	Личная жизнь
0001743.png	Услуги обычного такси оказывает более 100 таксомоторных компаний.
0001744.png	Август
0001745.png	Дифтонги в армянском языке:
0001746.png	Родились
0001747.png	См. также: :Категория:События 26 января
0001748.png	Ссылки
0001749.png	Новокаховский профессиональный электротехнический лицей (бывшее ПТУ-7).
0001750.png	Неиспользуемые номера
0001751.png	Схема метро с пересадкой на пригородные поезда
0001752.png	Почётные доктора Университета Эворы
0001753.png	Стиль китайских боевых искусств «бокс богомола» Танланцюань
0001754.png	Фрунзенский массив города Ферганы (Узбекистан).
0001755.png	Исследование астероидов
0001756.png	Слоганы
0001757.png	в одну статью нормативного акта включить несколько правовых норм;
0001758.png	Высшая мифология
0001759.png	Астромиф: Водолей
0001760.png	Орден Святого Владимира 3-й степени (1788)
0001761.png	Примечания
0001762.png	Учившиеся в Ташкенте
0001763.png	Возникновение Сабейского царства.
0001764.png	Жилищно-коммунальное хозяйство
0001765.png	Казэнергокабель
0001766.png	Дворцово-парковый ансамбль
0001767.png	Синдром солипсизма
0001768.png	Перечень трактатов в хронологическом порядке выглядит так:
0001769.png	Геральдика города Жлобина
0001770.png	Прогноз и наблюдения Персеид в 2013 году
0001771.png	Эталоны белого цвета
0001772.png	Литература
0001773.png	Также оксид цинка входит в состав теплопроводных паст, например, пасты КПТ-8.
0001774.png	Импульсная техника
0001775.png	Национальная картинная галерея Армении;
0001776.png	Гербы с шляхетскими коронами
0001777.png	Иоганн Якобе
0001778.png	Членство в организациях
0001779.png	Родились
0001780.png	Внерайонные города Баварии
0001781.png	в Курчатове Курской области на площади Свободы;
0001782.png	История
0001783.png	Члены Московского общества испытателей природы (после 1917 года)
0001784.png	Левашкин А. Картинки из истории тубы в России.
0001785.png	Мария Бабанова (р. 1900), актриса театра и кино, народная артистка СССР.
0001786.png	Выпускники Военно-морской академии США
0001787.png	Алтай может означать:
0001788.png	Месяцы
0001789.png	Марокко стало ассоциированным членом Европейского экономического сообщества.
0001790.png	Тринчук, Борис Ферапонтович
0001791.png	География
0001792.png	Джентльмен на льду
0001793.png	Образ Аппалачей в искусстве
0001794.png	1180-е годы
0001795.png	Души твоей за упокой.
0001796.png	1 музыкальная школа,
0001797.png	Невольный грех (1834)
0001798.png	Тиран
0001799.png	Именины
0001800.png	3 дочери
0001801.png	праведные, но невежественные души подвергаются реинкарнации;
0001802.png	Роль в культуре и литературе
0001803.png	1910 О психоанализе
0001804.png	1 приход Римско-Католической церкви (г. Смоленск)
0001805.png	«Герои Победы. Конев Иван Степанович».
0001806.png	Пятьдесят первый штат
0001807.png	Область образована 22 сентября 1937 года.
0001808.png	Ту-95
0001809.png	Агонисты имидазолиновых рецепторов и агонисты альфа-2-адренорецепторов мозга
0001810.png	Трубин Юрий
0001811.png	1495 мм: Канада. Используется для трамваев и метрополитена в Торонто.
0001812.png	История изучения
0001813.png	Кубок Либертадорес и Межконтинентальный Кубок выиграл уругвайский  «Насьональ».
0001814.png	в байт-код
0001815.png	Ночное апноэ
0001816.png	У Ла-Паса (Боливия) в крушении автобуса погибли 32 человека.
0001817.png	Автобусы
0001818.png	Члены Академии деи Линчеи
0001819.png	Творческая эволюция
0001820.png	До Великой Отечественной войны
0001821.png	Множество целых чисел, снабжённое операцией сложения, является группой.
0001822.png	Литература
0001823.png	См. также
0001824.png	Цинковые белила
0001825.png	Административное деление
0001826.png	автомагистраль ;
0001827.png	Ссылки
0001828.png	Российская империя
0001829.png	Автореферат докторской диссертации.
0001830.png	Грозненский консервный завод
0001831.png	Числовые приставки
0001832.png	Князья Несвицкие
0001833.png	Вооружённые силы Российской империи
0001834.png	Биологическая роль
0001835.png	Ссылки
0001836.png	Взаимоотношения с папством
0001837.png	Описание
0001838.png	Апрель
0001839.png	Религия
0001840.png	Города Сабарагамувы
0001841.png	Фестиваль пуримшпилей
0001842.png	Государственный театр молодёжи и юного зрителя имени Б. Кыдыкеевой
0001843.png	Память
0001844.png	Долгота гласных и согласных
0001845.png	Древнеегипетская Книга мёртвых
0001846.png	Текущий состав Европейского парламента
0001847.png	Железнодорожный транспорт
0001848.png	Притоки
0001849.png	Температура
0001850.png	Правители
0001851.png	Лори бьёт Майкла ножом после того, как ткнула его вешалкой.
0001852.png	Ссылки
0001853.png	Ламинарный доспех
0001854.png	Абдуррахман ибн Ауф, один из наиболее известных сподвижников пророка Мухаммада.
0001855.png	В Ленинградской области ежегодно проводятся следующие кинофестивали:
0001856.png	Способы печати
0001857.png	История
0001858.png	Ссылки
0001859.png	Главные труды
0001860.png	Музейно-краеведческий комплекс «Усадьба Золотарёвых»;
0001861.png	Примечания
0001862.png	Поход литовцев на Венден.
0001863.png	Познанский технический университет
0001864.png	Литература
0001865.png	См. также
0001866.png	Урегулирование конфликта в период президентства Медведева
0001867.png	Сын Саломеи скульптор Саулюс Бучас умер 20 февраля 2007 года.
0001868.png	Известные уроженцы
0001869.png	Псориазин (средство лечения псориаза)
0001870.png	Армия Сиракуз разбила Фрасидея, тирана Акраганта. Гиерон объединил всю Сицилию.
0001871.png	Солнечные сутки на других планетах и спутниках
0001872.png	Ратуша (бывшие суконные ряды)
0001873.png	Одним из методов эпидемиологии является построение матрицы угроз. Известно
0001874.png	блок дополнительных данных.
0001875.png	Наипростейшая дробь
0001876.png	Протестантизм в Санкт-Петербурге
0001877.png	Рекордсмены Книги рекордов Гиннесса
0001878.png	Сохранилось три мифа, описывающих встречи Тора и Ёрмунганда.
0001879.png	Примечания
0001880.png	Версия 4.20.
0001881.png	Научно-образовательный центр инфохимии
0001882.png	Члены парламента Англии (до 1707)
0001883.png	Столовые приборы
0001884.png	См. также
0001885.png	Спорткомплекс «Южный»
0001886.png	Средние специальные учебные заведения Пензы
0001887.png	Почётный работник высшего профессионального образования Российской Федерации
0001888.png	География
0001889.png	События
0001890.png	Этимология
0001891.png	Население
0001892.png	Показатели деятельности
0001893.png	Дальневосточный экономический район
0001894.png	Шахтёр
0001895.png	Ссылки
0001896.png	После войны
0001897.png	Виртуальные частицы
0001898.png	Драматургия
0001899.png	401 км: река без названия
0001900.png	Романов, Пётр Васильевич
0001901.png	Особенности религиозности
0001902.png	Персоналии по алфавиту
0001903.png	Примечания
0001904.png	Хобби
0001905.png	22 февраля 2019 года Чарльз Роберт Редфорд-мл. стал лауреатом премии «Сезар».
0001906.png	Атаксия
0001907.png	Историческая справка на сайте Архива РАН
0001908.png	, полный список сочинений
0001909.png	Тактовые частоты (МГц):
0001910.png	Ссылки
0001911.png	Примечания
0001912.png	Мембранный метод
0001913.png	Почётные граждане Тираны
0001914.png	Основные секторы промышленности
0001915.png	2376 км: Тарлау
0001916.png	13 декабря
0001917.png	История
0001918.png	Институт экспертизы
0001919.png	Родились
0001920.png	Отпустительнии тропари седмичные с Богородичными,
0001921.png	Примечания
0001922.png	События
0001923.png	Статистический анализ, в том числе проведение метаанализа.
0001924.png	Примечания
0001925.png	Меры по лечению и профилактике
0001926.png	Физики СССР
0001927.png	Арсения Тарковского, улица
0001928.png	Годичный параллакс и расстояния до звёзд
0001929.png	После провозглашения независимости
0001930.png	Восточнокатолические церкви в Сирии
0001931.png	Динамический хаос
0001932.png	Да будем развивать любимую Монголию.
0001933.png	Внешняя политика и международные отношения
0001934.png	Характерные особенности прокариотов:
0001935.png	Теория черноморского потопа
0001936.png	Ла Пас (Боливия)
0001937.png	Документального фильма КВН: свидетельство о рождении
0001938.png	Примечания
0001939.png	См. также
0001940.png	Актрисы России
0001941.png	Лейб-гвардии Петроградский полк
0001942.png	См. также: :Категория:Родившиеся в 1198 году
0001943.png	Умер циский сановник и мудрец Янь Ин.
0001944.png	Почётные доктора Оксфордского университета
0001945.png	Ссылки
0001946.png	Зверев А. С. Туманы и их предсказание, Л.: 1954.
0001947.png	Праздники и памятные дни
0001948.png	Персия
0001949.png	Глагольные инфиксы также широко употребительны в китайском языке.
0001950.png	История
0001951.png	Монголо-татарское иго
0001952.png	«Брошенные в реальном времени» () (1986)
0001953.png	Чрезвычайные и полномочные послы СССР
0001954.png	Кубок Шпенглера
0001955.png	(двоичное содержимое первой фотографии)
0001956.png	Транспорт
0001957.png	Адрес музея : 607800, Нижегородская область, г. Лукоянов, пл. Мира
0001958.png	С. Бирюков. Код вер или метаметафора Константина Кедрова. Русская мысль 2002
0001959.png	Депутаты Верховного Совета РСФСР 3-го созыва
0001960.png	Антропология и генетика
0001961.png	Растениеводство
0001962.png	Андрей Малахов, российский телеведущий.
0001963.png	См. также: :Категория:Умершие в 1989 году
0001964.png	7 августа 1930 года город был отнесён к категории городов краевого подчинения.
0001965.png	Исчезнувшие города Крыма
0001966.png	Также в городе можно услышать радиостанции из Москвы и Серпухова.
0001967.png	Новейшие достижения
0001968.png	Деление аниме на жанры очень размыто. Аниме делят:
0001969.png	Содержание
0001970.png	Метафизические теории
0001971.png	Художественный музей им. Сампилова,
0001972.png	Дельта-метод
0001973.png	кардинал Рудольф Австрийский
0001974.png	Примечания
0001975.png	Людвиг писал своей бывшей невесте:
0001976.png	Николай Асанов
0001977.png	Командор ордена Почётного легиона (Франция, 1982).
0001978.png	См. также
0001979.png	Гамильтониан в этом уравнении
0001980.png	Статьи о дворянских родах без изображения герба
0001981.png	Институт Сервантеса
0001982.png	Феофил Антиохийский
0001983.png	Само развитие разбито на пять четко ограниченных фаз:
0001984.png	Условная дата начала геологической эпохи Антропоцен.
0001985.png	Легионер года:
0001986.png	горечь и сухость во рту.
0001987.png	Название
0001988.png	Биография
0001989.png	Ежегодная научная награда Американского общества экотоксикологии (1992 год).
0001990.png	Нуклеиновые кислоты
0001991.png	В городе также имеется Дворец спорта, стадион и плавательный бассейн «Дельфин».
0001992.png	1-4 блоках АЭС «Пакш» (Венгрия)
0001993.png	Зеркало сайта «Лавка языков»
0001994.png	Первые поселения
0001995.png	26 км: река без названия
0001996.png	Направления в балете:
0001997.png	Топонимика
0001998.png	Разгром эфталитов индусами.
0001999.png	Новый короткометражный фильм
0002000.png	Биография
0002001.png	Детско-юношеская спортивная школа по футболу «Звезда»
0002002.png	Прикладное программное обеспечение
0002003.png	Блюзовые музыканты
0002004.png	не любящей меня прекраснейшей из дам.
0002005.png	Праязыки
0002006.png	Известные изотопы
0002007.png	Информация с сайта Нобелевского комитета
0002008.png	Примечания
0002009.png	Клизма (процедура)
0002010.png	Реки Молчановского района
0002011.png	Аудио
0002012.png	Появились в 1960-е годы в Бразилии
0002013.png	Персоналии:Чувашия
0002014.png	Депутаты Государственной думы Российской Федерации от одномандатных округов
0002015.png	Ссылки
0002016.png	Ссылки
0002017.png	См. также
0002018.png	Экономика
0002019.png	Примечания
0002020.png	Абрамцевская улица
0002021.png	Закон об улучшении самоуправления темнокожих (1958)
0002022.png	Владимир Лёвшин (при рожд. Манасевич; ум. 1984), советский детский писатель.
0002023.png	Источники света
0002024.png	разработка перспективных средств поражения авиационного базирования.
0002025.png	Театр
0002026.png	Ниже все формулы приводятся для СИ, а символ  используется как замена  ().
0002027.png	Ян-Майен;
0002028.png	Основание Голландской Вест-Индской компании.
0002029.png	Лидером в мировом производстве пряностей () является Индия:
0002030.png	Генеральный план
0002031.png	См. также
0002032.png	Медицинский центр «Гемотест»
0002033.png	Русские эмигранты первой волны во Франции
0002034.png	Эта книга издавалась также под названиями «Пробирные весы» и «Пробирщик».
0002035.png	Гидроксипрогестерон
0002036.png	Постройка крепости
0002037.png	Анреп-Эльмпт:
0002038.png	Гедонизм и элитаризм Олдоса Хаксли
0002039.png	1987  Терри Венейблс
0002040.png	Последствия Гражданской войны
0002041.png	Известные представители графского рода
0002042.png	Московский договор между СССР и ФРГ
0002043.png	Физико-географическая характеристика
0002044.png	Мстислав Ростропович
0002045.png	Почётные звания СССР
0002046.png	Демон (программа)
0002047.png	Социальная инженерия
0002048.png	Женские:
0002049.png	Литература
0002050.png	В произведениях культуры и искусства
0002051.png	Технологии
0002052.png	Увеселительный парк
0002053.png	Ссылки
0002054.png	Дочь Гелена фон Александрович
0002055.png	Музыкальные коллективы, появившиеся в 1968 году
0002056.png	Морфология словообразования
0002057.png	Архитектура
0002058.png	В начале 1993 года были выпущены модификации:
0002059.png	если секущая плоскость пересекает обе полости конуса, получаем гиперболу.
0002060.png	Семенъ,
0002061.png	См. также
0002062.png	Марион (тиран; ок. 42 год до н. э.)
0002063.png	Влияние на культуру
0002064.png	Народные писатели Латвийской ССР
0002065.png	Литература
0002066.png	Тезисы Цузе о цифровой физике и вычисляемой вселенной
0002067.png	Радиостанции
0002068.png	Скончались
0002069.png	История
0002070.png	Примечания
0002071.png	Православие
0002072.png	Научные организации при президиуме РАН
0002073.png	10 мая
0002074.png	В других областях
0002075.png	Правила
0002076.png	См. также: :Категория:Родившиеся в 1967 году
0002077.png	Перегонка браги через перегонный аппарат с получением самогона;
0002078.png	Сатирические фильмы
0002079.png	Музыка к мультфильмам
0002080.png	Апрель
0002081.png	Примечания
0002082.png	Энтони Горовиц
0002083.png	Ликвидация неграмотности
0002084.png	Все главные тренеры
0002085.png	Военные укрепления Российской империи
0002086.png	Ядерная физика
0002087.png	Ближний Восток является важным нефтедобывающим регионом планеты.
0002088.png	Электронные вычислительные средства
0002089.png	Космическая философия К. Э. Циолковского
0002090.png	Эффект Манделы.
0002091.png	Ссылки
0002092.png	Награды
0002093.png	Языки Европы
0002094.png	Литература
0002095.png	В сериале Флеш.
0002096.png	Периферический отдел
0002097.png	Ссылки
0002098.png	«На теологию Орфея» (),
0002099.png	Раскол на дигамбаров и шветамбаров
0002100.png	Осенью луский гун вернулся со съезда.
0002101.png	Телевидение
0002102.png	Список президентов США
0002103.png	Восточно-иранская теория
0002104.png	участковая больница в селе Большой Арати на 60 коек;
0002105.png	События
0002106.png	Историческое значение Приильменья
0002107.png	Список чемпионов
0002108.png	Участие в кинофильмах и театральных постановках
0002109.png	В Куско к власти пришёл полулегендарный инка Капак Юпанки.
0002110.png	Эрфурт
0002111.png	регуляция функции внутренних органов (через гипоталамус);
0002112.png	Порта делла Карта
0002113.png	Энциклопедия Кругосвет
0002114.png	Юстейн Гордер «Рождественская мистерия» (повесть)
0002115.png	Русские царевичи из династии Романовых
0002116.png	Биография
0002117.png	Иудаистские и христианские толкования Танаха
0002118.png	Дебютные альбомы 1967 года
0002119.png	Дворцы, построенные в 1866 году
0002120.png	История
0002121.png	МЖД Ярославское 3-й км, проезд
0002122.png	К фрегатам относят следующие боевые морские корабли:
0002123.png	Персоны года
0002124.png	История Шеки
0002125.png	Крепкие спиртные напитки
0002126.png	Хмельницкий имеет партнёрские отношения со следующими городами:
0002127.png	Животные, описанные в 1773 году
0002128.png	В 1899, 1901 и 1903 годах Чигорин выиграл три Всероссийских турнира.
0002129.png	Антонин Пий
0002130.png	Приборы
0002131.png	Канторы Австрии
0002132.png	Спектроскопия
0002133.png	Признание и награды
0002134.png	Зенитная артиллерийская дивизия
0002135.png	Журам холбоот интернационал
0002136.png	История
0002137.png	И, как солнце, был прекрасен лик.
0002138.png	Пётр Тарло (ум. 1700) занимал должность воеводы в Смоленске.
0002139.png	Кэмп Букка, расположена вблизи Умм-Касра.
0002140.png	Орден Белого Орла (1865)
0002141.png	Физико-географическая характеристика
0002142.png	Литература
0002143.png	Посёлки городского типа Нижегородской области
0002144.png	Меланипп в заточении
0002145.png	Юникод
0002146.png	Социальная эволюция
0002147.png	Основан Краковский университет.
0002148.png	82 Литература. Литературоведение
0002149.png	История Фарерских островов
0002150.png	В царской и императорской России
0002151.png	Вячеслав Шишков. «Емельян Пугачёв» (1949)
0002152.png	Примечания
0002153.png	Леонид Кизим, советский и российский космонавт (ум. в 2010).
0002154.png	Газеты
0002155.png	Русскоязычные
0002156.png	Источники
0002157.png	Значения ускорений различных движений:
0002158.png	Образ в кинематографе
0002159.png	Конный памятник Ивану Грозному в Орле
0002160.png	Население
0002161.png	Ландграфы Тюрингии
0002162.png	Орлецовское
0002163.png	Можно предположить, что важность события обратно пропорциональна его возрасту.
0002164.png	73: Марк Теренций Варрон Лукулл и Гай Кассий Лонгин
0002165.png	Женское регби в России
0002166.png	Публикации
0002167.png	ПРИЕМ тов. МОЛОТОВЫМ ШВЕДСКОГО ПОСЛАННИКА г. ВИНТЕРА
0002168.png	Ожидаемая продолжительность жизни
0002169.png	автомагистраль .
0002170.png	Физико-географическая характеристика
0002171.png	Притоки
0002172.png	Умершие в Черкесске
0002173.png	Карши в советский период
0002174.png	Спорт
0002175.png	Победы в Северном Китае
0002176.png	1960 Твои рисунки (музыка Микаэла Таривердиева)
0002177.png	История
0002178.png	Дипа Сахи, индийская актриса и продюсер.
0002179.png	Кумыкские деятели имамата
0002180.png	История
0002181.png	Руководители Санкт-Петербургского медицинского университета
0002182.png	Юлий Цезарь (фильм, 1970)
0002183.png	Богословы Германии
0002184.png	Фильмы
0002185.png	Легенды и версии
0002186.png	Карташёв Василий Михайлович - стряпчий (1658-1676), стольник (1677-1692).
0002187.png	Банковский сектор
0002188.png	Арауканы
0002189.png	Примечания
0002190.png	Освящён Гентский алтарь, расписанный братьями ван Эйк.
0002191.png	25 февраля
0002192.png	Закржевский
0002193.png	Александр Розенбаум - Одноклассники
0002194.png	Литература
0002195.png	«Он и она и их обстоятельства» (1998)
0002196.png	Шевченко, Павел Анатольевич (30.12.1999, 540)
0002197.png	Принятие сана
0002198.png	Том Фелтон, британский актёр кино, телевидения и озвучивания, певец, гитарист.
0002199.png	Почитание
0002200.png	Скончались
0002201.png	Один пользователь может иметь более одной учётной записи.
0002202.png	Ноябрь
0002203.png	вариационной задачи, в которой плотность лагранжиана имеет вид
0002204.png	Лучшие бомбардиры
0002205.png	Яков Павлов принимал участие в фестивале «Песня-74».
0002206.png	Понятие смерти в религии
0002207.png	Перед грозой лес притихает.
0002208.png	Космический мусор
0002209.png	Жители «Дакоты»
0002210.png	Выпускники Оксфордского университета
0002211.png	Лингвистическая поэтика
0002212.png	Волховский городской дворец культуры
0002213.png	1744 Казлу Руда
0002214.png	Ссылки
0002215.png	Послевоенная ситуация
0002216.png	Графы Коновницыны
0002217.png	Московские маршруты ГУП «Мосгортранс»:
0002218.png	Родились
0002219.png	Микаэла Конлин, американская актриса.
0002220.png	Примечания
0002221.png	«Сударыня»;
0002222.png	Сергей Александрович на сайте «Хронос»
0002223.png	Хемотроника
0002224.png	Фармакологическое действие
0002225.png	Норвежская школа ветеринаров
0002226.png	С Гигиеей отождествлялась римская богиня Салута.
0002227.png	Фонетика и фонология
0002228.png	при этом
0002229.png	Музеи Белгородской области
0002230.png	Игорь Рюрикович
0002231.png	Лячин, Геннадий Петрович (26.08.2000, 695)
0002232.png	Авария
0002233.png	Начато строительство самой высокой в Китае Лиаоди пагоды
0002234.png	запуск беспилотного космического корабля «Союз-20».
0002235.png	Члены ПК Политбюро ЦК КПК
0002236.png	Фигура
0002237.png	Биография и карьера
0002238.png	Примечания
0002239.png	Литература
0002240.png	Владимир Дуров
0002241.png	Петергофская дорога
0002242.png	Так, после команды
0002243.png	память мучеников Никомидийских: Васса, Евсевия, Евтихия и Василида (303)
0002244.png	Джорджия Сальпа, греческо-ирландская фотомодель.
0002245.png	Семантический ореол метра
0002246.png	Голос надежды
0002247.png	Выпускники Миланской консерватории имени Джузеппе Верди
0002248.png	Гимн ГСВГ
0002249.png	Общественная деятельность
0002250.png	На русском языке
0002251.png	Тепловоз ТУ5
0002252.png	либо  и ;
0002253.png	На русском языке
0002254.png	История
0002255.png	Экономика
0002256.png	Оуэн, Р.
0002257.png	Клаудио Джентиле, итальянский футболист, чемпион мира (1982).
0002258.png	Прямой привод
0002259.png	Реки, впадающие в Балхаш
0002260.png	История
0002261.png	Парк Победы и «Танк»;
0002262.png	176 км: Большие Арбаты
0002263.png	Фантастические фильмы 2004 года
0002264.png	Шринкфляция
0002265.png	Вооружённые силы
0002266.png	Интервью с историком В. Зубком о холодной войне
0002267.png	Книга «Общественные насекомые» Майкл Брайен
0002268.png	Виджет
0002269.png	Библиотеки
0002270.png	Польские журналисты
0002271.png	Рельеф
0002272.png	Ссылки
0002273.png	Экология
0002274.png	Происхождение
0002275.png	МБУЗ «Стоматологическая поликлиника 1» (Платовский просп., 86);
0002276.png	Примечания
0002277.png	Фильмы о лётчиках
0002278.png	Похороненные на Миусском кладбище
0002279.png	Положение во внешней политике
0002280.png	пыль.
0002281.png	См. также
0002282.png	Альпинистский маршрут восхождения на Казбек с территории России
0002283.png	Улицы
0002284.png	Литература
0002285.png	Физические свойства
0002286.png	Озвучивание
0002287.png	Автокефальные древневосточные церкви
0002288.png	Шапырашты
0002289.png	Первые фильмы
0002290.png	История
0002291.png	Цианоаураты легко восстанавливаются до чистого золота:
0002292.png	Альманах «Гриф» (1904) на сайте Российской государственной библиотеки
0002293.png	Смирнов, Александр Иванович (27.03.1996, 262)
0002294.png	Текст благословения на латыни:
0002295.png	63 Сельское хозяйство. Лесное хозяйство. Охота. Рыбное хозяйство
0002296.png	Триумфальная арка в честь 300-летия Астраханской Губернии
0002297.png	Примеры:
0002298.png	Депутаты Верховного Совета РСФСР 3-го созыва
0002299.png	Механизмы контроля и регуляции иммунных реакций;
0002300.png	Керубини. Опера
0002301.png	Рождаемость: 27,4 на 1000
0002302.png	Фламандский регион
0002303.png	Философские направления и школы
0002304.png	Склонение личных местоимений-существительных третьего лица:
0002305.png	Лукойл-Энергоинжиниринг
0002306.png	Электронная библиотека. Публикации ТГУ
0002307.png	дом детского творчества.
0002308.png	См. также
0002309.png	Члены Республиканской партии США
0002310.png	Битва при Ресаене.
0002311.png	Публицисты Великобритании
0002312.png	Фильмография
0002313.png	Минас-Жерайс
0002314.png	Социальная сфера
0002315.png	Роберт Штильмарк (р. 1909), советский писатель и журналист.
0002316.png	Глюкоза призналась, что новый альбом преподнесёт её с новой стороны:
0002317.png	Памятники археологии
0002318.png	«Билайн»
0002319.png	Литература
0002320.png	История
0002321.png	Литература
0002322.png	Нефросклероз
0002323.png	Объекты культурного наследия
0002324.png	Лечение
0002325.png	Городской парк
0002326.png	Примечания
0002327.png	Стипендиаты французской академии в Риме
0002328.png	(под синтезатор, кроме альбома «Избранное, часть 2»)
0002329.png	Подставляя (2)-(5) в (1), получим
0002330.png	«Волшебник Земноморья» У. Ле Гуин;
0002331.png	Теорема вновь верна для любых  и .
0002332.png	Игрушки-роботы
0002333.png	Газета «Полоцкий вестник»
0002334.png	Местные органы
0002335.png	Скончались
0002336.png	Лекарственные средства по алфавиту
0002337.png	Спорная генеалогия
0002338.png	26 апреля
0002339.png	Эра Набонасара
0002340.png	аллергический конъюнктивит;
0002341.png	РБМК-1000
0002342.png	Предания коренных народов
0002343.png	Переходные глаголы согласуются с прямым дополнением:
0002344.png	слабый (соответствует меланхолическому).
0002345.png	Смертность заключённых ГУЛАГа:
0002346.png	Сын Эфира, родился в Аркадии, отец Персефоны и Диониса.
0002347.png	Всеволод Гаршин (р. 1855), русский писатель, поэт и художественный критик.
0002348.png	Здравый смысл
0002349.png	См. также
0002350.png	У вас вся спина белая (шутка).
0002351.png	Четыре силы в социократии:
0002352.png	Вила-Нова-ди-Фош-Коа
0002353.png	Председатели Европарламента
0002354.png	Луитпольд (герцог Каринтии)
0002355.png	Память
0002356.png	Попытки глобального сотрудничества
0002357.png	«Моя квартира в Якутии»
0002358.png	Примечания
0002359.png	Последние годы
0002360.png	Аллея в честь воинов-интернационалистов
0002361.png	вагинальные инфекции у женщин
0002362.png	Транспорт
0002363.png	С 1955 года в городе существует
0002364.png	клише со знаками секографии;
0002365.png	Биоэнергетика
0002366.png	Российская хоккейная лига
0002367.png	Теоремы для вписанных четырёхугольников:
0002368.png	Объективы по оптическим схемам
0002369.png	восточная часть Свердловской области;
0002370.png	чеченское: Молла Несарт.
0002371.png	Алталун (Алдуун), вышедшая замуж за Завтар-Сэцэна, нойона унгиратов.
0002372.png	В настоящее время научных сведений об использовании «памяти воды» нет.
0002373.png	История
0002374.png	История
0002375.png	Биография
0002376.png	Фотография и закон
0002377.png	Алиса Богарт, российская актриса театра и кино.
0002378.png	Статистика выступлений
0002379.png	Я. Он сам мне это говорил. Он написал памфлет на графа Панина.»
0002380.png	Парк Кенша,
0002381.png	Издания Талмуда
0002382.png	Религиозные
0002383.png	Группа «Браво»
0002384.png	Примечания
0002385.png	Заседания членов Совета Безопасности;
0002386.png	Религия
0002387.png	Эукариоты
0002388.png	Жихор
0002389.png	Карбонарии
0002390.png	знание кипу статистического было всеобщим;
0002391.png	сдвигом влево одной костяшки к девяти костяшкам добавляется десятая костяшка;
0002392.png	премьер-министром Израиля стал Менахем Бегин.
0002393.png	Речной транспорт
0002394.png	Женщина
0002395.png	Симуляция в сфере развлечений
0002396.png	Применение
0002397.png	Происшествия
0002398.png	Гражданское строительство
0002399.png	Информационный портал города Бежецка
0002400.png	Фильмография
0002401.png	Должности Российской империи
0002402.png	Кайсаниты
0002403.png	Основные предпосылки возникновения ноосферы:
0002404.png	Библиография
0002405.png	Промышленные предприятия Роны
0002406.png	Русская православная церковь
0002407.png	Совещания («саммиты»)
0002408.png	Причетник- младший член церковного притча.
0002409.png	В 2007 году дебютировал в качестве режиссёра, поставив фильм «Отрыв».
0002410.png	Зло и падение Адама и Евы. Первородный грех
0002411.png	Христианские отшельники
0002412.png	Хонэн-ин, храм с большим кладбищем и парком на северо-востоке Киото
0002413.png	Персоналии:Северодвинск
0002414.png	Второй этап
0002415.png	Физические свойства
0002416.png	Пантелеймон Голосов (р. 1882), советский архитектор.
0002417.png	Вещественные числа
0002418.png	Римское царство
0002419.png	Биография
0002420.png	Технические условия: ТУ бК0.310.095
0002421.png	Гуннора де Крепон
0002422.png	Материал не для печати
0002423.png	Похороненные в некрополе Донского монастыря
0002424.png	Родились
0002425.png	Февраль
0002426.png	Лев и Комар
0002427.png	РСФСР
0002428.png	События
0002429.png	Кампенгаузен, Балтасар Балтасарович
0002430.png	Ссылки
0002431.png	Еврейские поселения на Западном берегу реки Иордан
0002432.png	Крупозная пневмония
0002433.png	Находится на улице Академиёс ().
0002434.png	Центростремительное ускорение равно:
0002435.png	комплекс памятников степным животным (кольцо напротив «кооператора»)
0002436.png	Ссылки
0002437.png	В США
0002438.png	Певцы и певицы оперетты
0002439.png	Полосковая линия
0002440.png	22 мая 1748 года хиротонисан во епископа Крутицкого (Сарского и Подонского).
0002441.png	Литература
0002442.png	Пряные травы
0002443.png	Диагностика причин неисправности
0002444.png	Объекты, названные в честь города
0002445.png	Географическое положение
0002446.png	См. также
0002447.png	История
0002448.png	Обладатель (8): 2002, 2003, 2004, 2005, 2007, 2010, 2011, 2012
0002449.png	См. также
0002450.png	Храмы Валаамского монастыря
0002451.png	Компьютерные игры
0002452.png	2000 лет армянского театра
0002453.png	Получение
0002454.png	Факультет нефти и нефтехимии (ФННХ)
0002455.png	Биография
0002456.png	Роже Милла (Камерун), 42 года и 39 дней (1994)
0002457.png	В составе Польской Республики
0002458.png	Некоторые противогазы имеют подмасочник
0002459.png	История макроэкономических учений
0002460.png	Похороненные на Тохмахском кладбище
0002461.png	Примечания
0002462.png	Операционные системы реального времени
0002463.png	о величине постоянной Хаббла , с привлечением наблюдений в гамма-диапазоне.
0002464.png	Остров Гернси
0002465.png	1.2.2.3. Спускаемые аппараты космических кораблей.
0002466.png	География
0002467.png	Транспорт
0002468.png	Город Казань становится городом-миллионником.
0002469.png	Газета «Полярный Круг»
0002470.png	Примечания
0002471.png	См. также
0002472.png	Анунд Якоб, король Швеции
0002473.png	Торжественные
0002474.png	История Пскова
0002475.png	Миграционная версия
0002476.png	После войны
0002477.png	Деятельность
0002478.png	В 2002 году памятник Столыпину установлен в Саратове.
0002479.png	Вымышленные столицы
0002480.png	Сценарист
0002481.png	В стране применяется смертная казнь.
0002482.png	Персоналии, чья дата рождения не установлена
0002483.png	Металлообрабатывающая промышленность
0002484.png	Боевые действия на юге Украины (2022)
0002485.png	Йоэнсуу, Финляндия
0002486.png	Бандунгский политехнический институт ()
0002487.png	Аэропорты Московской области
0002488.png	Населённые пункты Покровского уезда
0002489.png	50: Луций Эмилий Лепид Павел и Гай Клавдий Марцелл.
0002490.png	Примечания
0002491.png	Скончались
0002492.png	Примечания
0002493.png	Художники-соцреалисты России
0002494.png	Упразднённые городские поселения Ставропольского края
0002495.png	Австрийская империя, Австро-Венгрия
0002496.png	Полициклические ароматические углеводороды
0002497.png	Примечания
0002498.png	Эндокринная система
0002499.png	Португальское открытие
0002500.png	До Дмитра девка хитра, а после Дмитра ещё хитрее.
0002501.png	Примечания
0002502.png	Графика: Светлана Василевич, Илья Юдин
0002503.png	Типы данных
0002504.png	Объединённый Студенческий совет общежитий;
0002505.png	Яновская Лидия. Записки о Михаиле Булгакове. М., 2007. 413 с.;
0002506.png	Камергер (1828)
0002507.png	«Орфей, выводящий Эвридику из царства мертвых» Камиля Коро
0002508.png	Советский период
0002509.png	Военачальники Испании
0002510.png	Россия
0002511.png	Население
0002512.png	Производные мифы
0002513.png	Художественные галереи
0002514.png	Ингенвин из Сабионы, святой епископ Сабионы.
0002515.png	Принцип работы
0002516.png	События
0002517.png	Галерея
0002518.png	Парки культуры и отдыха
0002519.png	«Козёл-музыкант» (1954)
0002520.png	Источники
0002521.png	Чистая квинта
0002522.png	Анатомия уха
0002523.png	Богини славян
0002524.png	Экологическая структура
0002525.png	Биография
0002526.png	Школы
0002527.png	определить опциональные параметры настройки принтера.
0002528.png	провести тщательное планирование;
0002529.png	Кончаю. Страшно перечесть.
0002530.png	Мария Киреева
0002531.png	Орфография
0002532.png	Учреждено звание Героя Российской Федерации.
0002533.png	19 октября
0002534.png	Прямоугольные числа
0002535.png	Особые указания
0002536.png	См. также
0002537.png	память преподобного Анастасия Римского, Константинопольского исповедника (662);
0002538.png	Также альдегиды взаимодействуют с илидами серы, давая оксираны ().
0002539.png	Вторая Митридатова война
0002540.png	Париж
0002541.png	ул. Партизанская,
0002542.png	активизация экономической и социальной жизни региона
0002543.png	Муниципальные образования
0002544.png	Арест Ху Ши принцем Тоба И, взявшим власть.
0002545.png	Памятник Михаилу Булгакову, Киев.
0002546.png	Электролиз
0002547.png	См. также
0002548.png	Стивен Хокинг в своей книге «Краткая история времени» пишет:
0002549.png	Монумент с ракетой Р-2 на въезде в город с Ярославского шоссе;
0002550.png	Выкидыш (1726)
0002551.png	Геополитическая (2022)
0002552.png	Депутаты Верховного Совета Армянской ССР 2-го созыва
0002553.png	Футаои
0002554.png	Оперные либретто и другие вокальные тексты (общественное достояние)
0002555.png	1950-е годы
0002556.png	Университет Центральной Азии
0002557.png	Пресвитерианская христианская церковь
0002558.png	Архитектура и достопримечательности
0002559.png	является президентом творческого объединения и самого КВН.
0002560.png	Научные направления
0002561.png	В России
0002562.png	Тип (1 октет):
0002563.png	Чемпионом мира по хоккею стала сборная России.
0002564.png	Строение нейронов
0002565.png	Николай Байтов в "Цирке "Олимп"
0002566.png	Примечания
0002567.png	«Слободки» Михаила Круга;
0002568.png	Стихосложение Брюсова
0002569.png	североселенгинский
0002570.png	Классификация
0002571.png	боевые корабли,
0002572.png	История рода
0002573.png	Возвращение в Лондон
0002574.png	Космический мусор
0002575.png	Сопредельные территории:
0002576.png	Типы парусных судов
0002577.png	Охлаждение (снижение температуры тела после смерти).
0002578.png	Родившиеся 8 ноября
0002579.png	Начало карьеры и ранний период
0002580.png	Долина Свободы
0002581.png	Министр обороны
0002582.png	См. также
0002583.png	Занятие должности бессрочного диктатора
0002584.png	Примечания
0002585.png	Модернизация
0002586.png	Литература советского и постсоветского периода
0002587.png	В 1999 и 2004 году были выпущены почтовые марки Белоруссии, посвящённые Пэну.
0002588.png	Преподаватели Московской духовной академии
0002589.png	Пресквю
0002590.png	Юкагирский
0002591.png	Марина Влади
0002592.png	Кёнигсберг переименован в Калининград.
0002593.png	Инженерные сети и оборудование
0002594.png	Известна явная формула для серии решений линейного уравнения:
0002595.png	Организации
0002596.png	Куйбышевская (Самарская) (1958, 1970),
0002597.png	Инструменты и приспособления для сварки
0002598.png	Восстание народных масс под руководством Мазьяра в Табаристане (Мазендеране).
0002599.png	Список звёзд созвездия Водолея
0002600.png	киунгуджа: диалект города Занзибара и его окрестностей;
0002601.png	Трагедия П. Эрнста «Кассандра».
0002602.png	Библиография
0002603.png	Христианский социализм
0002604.png	Победа
0002605.png	Правозащитники Франции
0002606.png	В музыке и кино
0002607.png	Песенка про ёлочку
0002608.png	Приложения:
0002609.png	Подотряд
0002610.png	Города Могилёвской области
0002611.png	Середина 1970-х годов
0002612.png	Геологические памятники природы
0002613.png	Хаскелл Карри (р. 1900), американский математик и логик.
0002614.png	Зоран Живкович стал во главе сербского правительства.
0002615.png	гектара (га)
0002616.png	Местоимения
0002617.png	Римская империя
0002618.png	(часто относят к европейскому политико-культурному пространству)
0002619.png	«Убийства по алфавиту (телесериал, 2018)»
0002620.png	Экономика
0002621.png	Лысенкоизму как мировому феномену были посвящены:
0002622.png	Промышленность
0002623.png	Галерея
0002624.png	Видение апостола Петра ()
0002625.png	Противопожарного дела;
0002626.png	См. также
0002627.png	Орден Бани степени Рыцаря-Командора (1993)
0002628.png	Среднее профессиональное и высшее образование
0002629.png	Ссылки
0002630.png	Электротехнические компании Германии
0002631.png	Лабораторные показатели: увеличение протромбинового времени.
0002632.png	Наиболее известным представителем такого типа модемов являлись модемы Лександ.
0002633.png	Смерть
0002634.png	См. также
0002635.png	Совет депутатов
0002636.png	Пластиды
0002637.png	Список сур Корана
0002638.png	Ссылки
0002639.png	Немецкие поэты
0002640.png	Соотношение неопределённостей
0002641.png	Современное состояние
0002642.png	Ведущие
0002643.png	До 1920
0002644.png	, Гиссен
0002645.png	Техникумы и колледжи, расположенные в Невском районе
0002646.png	Орден Святого Владимира 2-й степени (16 апреля 1867 года)
0002647.png	Инверторы
0002648.png	Матрица, обратная матрице , представима в виде:
0002649.png	Путешествия
0002650.png	Например, в поэме «Стена Искандара» он писал:
0002651.png	Похоронен на Евфросиниевском кладбище в Вильнюсе (Литва).
0002652.png	Выпускники Московского училища для колонновожатых
0002653.png	Унарное кодирование
0002654.png	Населённые пункты Осинниковского городского округа
0002655.png	Научная фантастика
0002656.png	Попытка бегства. Конституционный монарх
0002657.png	Монархия
0002658.png	Ссылки
0002659.png	Литература
0002660.png	Дальше у мифа существует несколько версий.
0002661.png	Воронцовский (нижний, старый) парк;
0002662.png	Цари Иудеи
0002663.png	Улица Пограничников
0002664.png	«Вертикаль» (К65УП)
0002665.png	Клён американский, или ясенелистный
0002666.png	Упоминания в Библии
0002667.png	Способы определения разрешающей способности в фотографии
0002668.png	Примечания
0002669.png	Шёпот
0002670.png	Культура и образование
0002671.png	Микроавтобусы:
0002672.png	минно-торпедные;
0002673.png	Примечания
0002674.png	Нотарикон
0002675.png	Караибы
0002676.png	Орден Ливанского Кедра
0002677.png	Муниципальные музеи :
0002678.png	Оскар Строк
0002679.png	Чешские писатели
0002680.png	Стоимость рассчитывается по следующей формуле:
0002681.png	Утраченные
0002682.png	Мемориальная доска партизанскому отряду «Большевик» на ул. Пролетарская, 29.
0002683.png	Функционирует международный аэропорт Туркестан.
0002684.png	Филиал в Ташкенте, Республика Узбекистан. Был основан 4 июня 2019 г.
0002685.png	Францишек Печка (ум. 2022), польский актёр театра и кино.
0002686.png	Август
0002687.png	События
0002688.png	Сто дней
0002689.png	Свойство произведения:
0002690.png	Информация с сайта Нобелевского комитета
0002691.png	Прусские командиры Наполеоновских и Революционных войн
0002692.png	ОАО «Нижегородский масло-жировой комбинат»;
0002693.png	Велосипед
0002694.png	Первые международные соревнования
0002695.png	Литературная деятельность
0002696.png	Мифы, связанные с годичным циклом
0002697.png	Изотоп  является одним из пяти существующих в природе дважды магических ядер.
0002698.png	Стадион «Саранск»;
0002699.png	Дэвидсон добавляет, что из такой картины может естественным образом следовать
0002700.png	Джайнизм
0002701.png	Ссылки
0002702.png	Символика
0002703.png	Типы интерпретаторов
0002704.png	Котёл водотрубный
0002705.png	Январь
0002706.png	Еврейские кладбища
0002707.png	Стамбул, Турция
0002708.png	Список неполный
0002709.png	Евстигнеева, улица
0002710.png	Маттео Ренато Имбриани родился 28 ноября 1843 года в городе Неаполе.
0002711.png	Вариации и обобщения
0002712.png	Локализация программного обеспечения
0002713.png	Литература
0002714.png	Киножурнал «Новости дня»:
0002715.png	Примечания
0002716.png	Энциклопедисты
0002717.png	Основание Пер-Рамсеса
0002718.png	Пропуск в каком-либо тексте, купюра.
0002719.png	трансепт (поперечный неф) для увеличения алтарной части.
0002720.png	курьерские
0002721.png	Обнаружение радиоактивности рубидия
0002722.png	10-й год по эре правления луского князя Сюань-гуна.
0002723.png	Пономарёв Александр
0002724.png	Участники Бессарабского похода Красной армии (1940)
0002725.png	Структура элемента
0002726.png	Спорт
0002727.png	Литература
0002728.png	См. также
0002729.png	Ляминская врачебная амбулатория;
0002730.png	История
0002731.png	В искусстве и массовой культуре
0002732.png	Обратные русские (поддавки)
0002733.png	Хранение
0002734.png	Литература
0002735.png	Женщины Пятикнижия
0002736.png	События
0002737.png	Критика
0002738.png	Сторонники Атлантиды
0002739.png	Суверенитет и равенство: 50 депутатов
0002740.png	Индийское национально-освободительное движение
0002741.png	Образование и наука
0002742.png	Литература
0002743.png	парк Святого Прокопа;
0002744.png	Ссылки
0002745.png	Бывшие посёлки городского типа Кемеровской области
0002746.png	5 сентября
0002747.png	«Пешком по Европе» (1880)
0002748.png	Награды иностранных государств
0002749.png	В г. Веймаре (Германия) установлен бюст.
0002750.png	Военно-политическая академия имени В. И. Ленина заочно (1981)
0002751.png	Литературные премии
0002752.png	Эхеверия горбатоцветковая «Металлика» ()
0002753.png	Игроки ФК «Витория» Салвадор
0002754.png	Также одежду шьют для кукол.
0002755.png	Шрифты
0002756.png	Детские сказки.
0002757.png	Индивидуальные и коллективные медицинские средства защиты и оказания помощи.
0002758.png	Ледовый дворец спорта в Энциклопедии Магнитогорска
0002759.png	Благородные металлы
0002760.png	Переименованные населённые пункты России
0002761.png	История
0002762.png	Театр
0002763.png	Шумоподавление
0002764.png	ТПО «Новокаховский электромеханический завод».
0002765.png	Каиниты
0002766.png	Магнитопауза
0002767.png	В популярной культуре
0002768.png	Заселение бассейна Западной Двины началось в эпоху мезолита.
0002769.png	Воспитательно-пастырский метод
0002770.png	Литература
0002771.png	Энергоблоки
0002772.png	В квантовом представлении
0002773.png	Требования к описываемой системе, примеры
0002774.png	Холодное оружие по алфавиту
0002775.png	Примечания
0002776.png	Контрудар под Старой Руссой
0002777.png	Сериал «Конь Белый», режиссёр Гелий Рябов, 1993
0002778.png	Троицкий собор (1819)
0002779.png	Поэты Древнего Рима
0002780.png	Члены Государственного совета Российской империи
0002781.png	грудина ().
0002782.png	Почётный вольный общник Академии художеств (с 1873).
0002783.png	Первые глоссы в Китае;
0002784.png	С 1962 года имя генерала Кайсарова носит одна из улиц города Киева.
0002785.png	См. также
0002786.png	Костечко, Николай Николаевич (19.02.2000, 578)
0002787.png	Этимология
0002788.png	Рыцарские ордены
0002789.png	Дивизии в родах войск и в видах вооружённых сил
0002790.png	Научная деятельность
0002791.png	Тренеры России по боксу
0002792.png	(Глава 1)
0002793.png	в Южном жилом районе
0002794.png	Религиозные деятели Литвы
0002795.png	Поддержка образования
0002796.png	Токсовский
0002797.png	«Парад алле!» (1944)
0002798.png	Борьба с папой. Авиньонское пленение пап
0002799.png	11 декабря
0002800.png	Орден Белого сокола, большой крест
0002801.png	Примечания
0002802.png	Примечания
0002803.png	События
0002804.png	Танцующий Вишну
0002805.png	В 1668 году Португалия признала власть Испании над городом.
0002806.png	Орешкин Д. Б. Климат и А. Паршев как жертвы аборта
0002807.png	Родились
0002808.png	5 монет из платины 999-й пробы номиналом 150 рублей
0002809.png	Духовные искания и личная жизнь
0002810.png	Панель банков-участников
0002811.png	Публикации
0002812.png	См. также: :Категория:Родившиеся в 1021 году
0002813.png	Боги по алфавиту
0002814.png	Произведения
0002815.png	Судей и прокуроров по предложению Высшего Судебного Совета.
0002816.png	Петрушка
0002817.png	Купон (облигация)
0002818.png	В 8 луне, в день жэнь-у в Лу провели парад войск.
0002819.png	Популярные робототехнические комплексы для учебных лабораторий:
0002820.png	Доклад Воронцова и Кочубея
0002821.png	Известные уроженцы
0002822.png	Шляхетские роды герба Вонж
0002823.png	Обогащение полезных ископаемых
0002824.png	Родились
0002825.png	Сочинения
0002826.png	Выпускники Военной академии США
0002827.png	Слобода, улица
0002828.png	медаль «За взятие Будапешта»
0002829.png	Водный режим
0002830.png	Комплекс Хомского
0002831.png	Основные линии:
0002832.png	Мотор-компрессор для работы пневматических приводов;
0002833.png	сельвские (сурсельвский, сутсельвский и сурмиранский);
0002834.png	Россия
0002835.png	Литература
0002836.png	лимфатико-гипопластический
0002837.png	См. также
0002838.png	Примечания
0002839.png	См. также
0002840.png	Для труппы Русский балет Дягилева Пикассо оформил 6 балетов:
0002841.png	Народный комиссариат внутренних дел СССР
0002842.png	Мицуо Цукахара, японский гимнаст, 5-кратный олимпийский чемпион.
0002843.png	См. также
0002844.png	Родились
0002845.png	Омская область
0002846.png	В культуре
0002847.png	Примечания
0002848.png	Примечания
0002849.png	Новотроицк
0002850.png	Районы Башкортостана
0002851.png	Проникающая способность
0002852.png	Статьи с эдитнотисом об осторожности при редактировании
0002853.png	Человек умелый на сайте Сергея Кондулукова
0002854.png	Юникод
0002855.png	Растительный мир
0002856.png	чтобы нашу страну сокрушила!
0002857.png	Вивиан Викторетт, бразильская актриса.
0002858.png	Дискообразные летательные аппараты
0002859.png	Ссылки
0002860.png	Политика
0002861.png	Недостаточная активность ЛГ
0002862.png	Религия
0002863.png	Китай потерял земли севернее реки Хуай.
0002864.png	Новые типы могут быть определены из существующих:
0002865.png	Состав
0002866.png	Спортивные секции
0002867.png	Церковь Святого Николая у Покровского монастыря (1712)
0002868.png	мост в створе улицы Спартака;
0002869.png	Император: Веспасиан.
0002870.png	История
0002871.png	Критика
0002872.png	Биография Джорджа Мартина в энциклопедии Кирилла и Мефодия
0002873.png	Послевоенное время и основной вклад в науку
0002874.png	Погибшие при научных опытах
0002875.png	197 км: Колтубанка (пр.)
0002876.png	См. также
0002877.png	3 заморские территории Великобритании:
0002878.png	Страница на сайте ИИА УрО РАН
0002879.png	Семейство аспартата: аспартат, аспарагин, треонин, изолейцин, метионин, лизин.
0002880.png	Государства Организации Договора о коллективной безопасности
0002881.png	В городах Архангельск, Мурманск и Печора названа улица в его честь.
0002882.png	Также город состоит из 62 округов, называемых по-испански :
0002883.png	Биография
0002884.png	Аспирантура и докторантура.
0002885.png	!Ввод в строй
0002886.png	Завоевания Хименеса де Кесады в Колумбии и цивилизации Чибча
0002887.png	Сын (р. 1717, умер в младенчестве).
0002888.png	Сократ
0002889.png	Регион Кюсю
0002890.png	Литература
0002891.png	Теорема Рыбчинского
0002892.png	Также у Генриха известно несколько любовниц, от которых было несколько детей.
0002893.png	Достопримечательности
0002894.png	(в пер.)
0002895.png	Наука и образование
0002896.png	Родились
0002897.png	Стадия 5: изомеризация триозофосфатов
0002898.png	Казнённые по приказу Папской области
0002899.png	По своему характеру волны подразделяются на:
0002900.png	Мемориальное кладбище
0002901.png	Литература
0002902.png	Религиозные
0002903.png	История
0002904.png	Нолина
0002905.png	Члены Лондонского королевского общества
0002906.png	Фосфор жёлтый элементарный относится к 1-му классу опасности.
0002907.png	Библиотеки
0002908.png	Лиепайский университет
0002909.png	Журнал «Логопед»
0002910.png	Поиск родственных связей шумерского языка
0002911.png	Образование
0002912.png	Герои Социалистического Труда
0002913.png	Российский государственный социальный университет (филиал);
0002914.png	Примечания
0002915.png	Литература
0002916.png	Персоналии:Реформация
0002917.png	159 км: Новая
0002918.png	879 км: Яйва (304 км)
0002919.png	Основные и дополнительные способы прогрева бетона:
0002920.png	Университет
0002921.png	Известные представители
0002922.png	Религия и культура
0002923.png	Биография
0002924.png	Употребление алкогольных напитков иудеям не воспрещено.
0002925.png	Ссылки
0002926.png	музей естествознания;
0002927.png	4 июля
0002928.png	Литературная деятельность
0002929.png	В астрономии
0002930.png	Использовать самоподписанный сертификат
0002931.png	Недостаток и избыток припоя.
0002932.png	История административно-территориального деления России
0002933.png	отсутствуют очереди (как в случае с Суэцким каналом);
0002934.png	«Ретро-Хьюго»
0002935.png	Худжанд, Таджикистан
0002936.png	Физические свойства
0002937.png	Хоккейные клубы России
0002938.png	Памятники
0002939.png	Эргашев Авазхон Шокирович,
0002940.png	Официальная страница города на русском языке
0002941.png	Высшее образование
0002942.png	Сталин, Иосиф Виссарионович
0002943.png	Диск режимов фотоаппарата
0002944.png	См. также
0002945.png	660-е годы до н. э.
0002946.png	Основные задачи, цели и функции маркетинга
0002947.png	Учебники и монографии
0002948.png	Речной пассажирский круизный 4-палубный теплоход «Михаил Калинин» (1981).
0002949.png	Каирский университет
0002950.png	Родились
0002951.png	Период становления и укрепления Государства Израиль (1948-67)
0002952.png	Литература
0002953.png	Районы, образованные в 1973 году
0002954.png	Лаборатория непрерывного математического образования
0002955.png	История Франции
0002956.png	Использование образа в скульптурных аллегориях
0002957.png	Воинам-интернационалистам
0002958.png	Василий Федорович
0002959.png	1945 Казнены:
0002960.png	Капитан (06.05.1904; старшинство 06.05.1900)
0002961.png	Писатели-фантасты СССР
0002962.png	Библиография
0002963.png	Дом техники «Донецкгеология» (ул. Сибирцева)
0002964.png	Литература
0002965.png	Режиссёры мультипликации
0002966.png	Стратегия и тактика Засса на Кавказе
0002967.png	Военные объекты
0002968.png	«Сталкер» на сайте проекта об Андрее Тарковском
0002969.png	География
0002970.png	Ссылки
0002971.png	ни одного сообщения о похищениях людей «НЛО».
0002972.png	Молоток-кирочка.
0002973.png	Российской империи:
0002974.png	Гемоторакс
0002975.png	9С470
0002976.png	Выпускники Нижегородского технического университета
0002977.png	Иудаизм
0002978.png	Живокини преподавал драматическое искусство в московском театральном училище.
0002979.png	Эллинистические философы
0002980.png	используется трёхуровневый интерливинг
0002981.png	Апрель
0002982.png	Публикация первого Индекса запрещённых книг.
0002983.png	В чемпионатах СССР
0002984.png	Литература
0002985.png	Железнодорожный транспорт
0002986.png	Роли в театре
0002987.png	События
0002988.png	Появились в 1963 году в СССР
0002989.png	системы локализации объектов в реальном режиме времени
0002990.png	«Почему Россия не Америка», 1999
0002991.png	Собор Пресвятой Девы Марии и Святой Анны
0002992.png	74 км: река без названия
0002993.png	Основные разделы теоретической гидравлики:
0002994.png	Музыка
0002995.png	Африканисты
0002996.png	Примечания
0002997.png	Рождение и юность
0002998.png	См. также
0002999.png	Осложнения
0003000.png	В городе Шербрук, провинция Квебек есть парк Жак Картье.
0003001.png	«Евразийское пространство: интеграционный потенциал и его реализация» и др.
0003002.png	Католические: Андреа, Вероника, Гилберт, Джон, Екатерина, Римберт
0003003.png	Народный календарь, приметы и фольклор Руси
0003004.png	Переводчики прозы и драматургии на русский язык
0003005.png	Иван Быкович
0003006.png	Примечания
0003007.png	Нобелевские премии
0003008.png	Годы в Китае под девизом «Великое начало».
0003009.png	Распространение и роль тепловозной тяги
0003010.png	Магомедов, Шамиль Набибуллагович (??.??.2023)
0003011.png	Международный фестиваль классической музыки
0003012.png	«Деревянные города»
0003013.png	В 1411 году Ягайло передал Витовту Подолье в пожизненное владение.
0003014.png	Русские княжичи
0003015.png	Общественные деятели Российской империи
0003016.png	Музей ()
0003017.png	Компьютерные игры, подвергавшиеся цензуре
0003018.png	Также уравнение Дирака
0003019.png	Физически реализуемые цвета
0003020.png	Звёздный нуклеосинтез
0003021.png	технология выполнения работ и решения задач: средства, методы, способы, приемы.
0003022.png	Либералы России
0003023.png	Книги Олега Чухонцева
0003024.png	Оксана Фандера, российская актриса.
0003025.png	Казахстан
0003026.png	Армянская апостольская церковь;
0003027.png	Литература
0003028.png	Виды заболевания
0003029.png	Деятельность
0003030.png	Золотая медаль Национальной академии Святой Цецилии (Италия)
0003031.png	С. Курёхин «Давкот»
0003032.png	делится на  (теорема Вильсона)
0003033.png	Научные и высшие учебные заведения
0003034.png	МКФ в Тегеране (Приз «Золотой дельфин», фильм «Абу Райхан Беруни», 1977)
0003035.png	Лавричев Олег Вениаминович
0003036.png	пальясо (Испания)
0003037.png	Бомбардировка Одессы
0003038.png	«Казахское радио» (105,7 Мгц)
0003039.png	Клуб бокса «Динамо».
0003040.png	Примечания
0003041.png	Видеоигры, в которых играют песни группы «Кино»
0003042.png	Нихром (называемый также Хромель А).
0003043.png	Действительные члены РАН
0003044.png	Органы власти
0003045.png	Похороненные в базилике Санта-Кроче во Флоренции
0003046.png	1773: закон о веротерпимости.
0003047.png	Разновидности
0003048.png	ООО «Магнитострой»,
0003049.png	Цари Аргоса Темен, Кейс (полулегендарные).
0003050.png	Государство Пруссия
0003051.png	Николай Караченцов
0003052.png	Лишённые ордена Святой Анны
0003053.png	Признаки и симптомы
0003054.png	Спортивные технологии
0003055.png	Первичные источники
0003056.png	Смерть
0003057.png	Роль омнибуса
0003058.png	География
0003059.png	Примечания
0003060.png	Персоналии:Киргизский театр оперы и балета
0003061.png	Спортивно-тренировочный центр «Тамбов»
0003062.png	Связь характера с личностью
0003063.png	См. также
0003064.png	Увертюра на темы трёх русских песен (1858): партитура
0003065.png	Помещики села Кудрёшки
0003066.png	Чавыча (река Снейк)
0003067.png	Барбара Эрскин. Роман «Призрак страсти».
0003068.png	Неоплатоники
0003069.png	Происхождение и история рода
0003070.png	Международное уголовное право
0003071.png	офис обслуживания абонентов «МТС»,
0003072.png	Конфликт вокруг Гавестона
0003073.png	(значения)
0003074.png	Музыкальные коллективы в стиле трип-хоп
0003075.png	Тех, кто предал тебя и продал.
0003076.png	6-й год по эре правления луского князя Хуань-гуна.
0003077.png	Биография
0003078.png	Поэты России
0003079.png	Наука в Древней Индии
0003080.png	География
0003081.png	Викентий Коллиурский, мученик Коллиурский.
0003082.png	Тартуский музей «К Пушкину из Дерпта»
0003083.png	Сертификация и классификация
0003084.png	Спортивные клубы Нижнекамска
0003085.png	Центр сохранения и развития народных традиций «Дом Берендея»
0003086.png	История
0003087.png	местонахождения редких или особо ценных палеонтологических объектов;
0003088.png	Первооткрыватели сверхновых
0003089.png	Изобретатели Польши
0003090.png	НУЗ «Узловая больница на ст. Барабинск» ОАО «РЖД»
0003091.png	Литература
0003092.png	См. также
0003093.png	Литература
0003094.png	Религия
0003095.png	Спорт
0003096.png	Биография
0003097.png	Технические характеристики
0003098.png	Русское физико-химическое общество
0003099.png	288 км: Каянча
0003100.png	Литература
0003101.png	«Иван Иваныч заболел...» (1966)
0003102.png	За годы священства Лука произнёс 1250 проповедей, из которых 750 записано.
0003103.png	Примечания
0003104.png	Чёрно-белые фильмы СССР
0003105.png	Политические взгляды
0003106.png	Примечания
0003107.png	История диабетологии
0003108.png	Население
0003109.png	Орден «Знак Почёта» (1986)
0003110.png	Иван Александр из рода Асеней короновался как царь Болгарии.
0003111.png	ХК МВД Тверь
0003112.png	Денежная система
0003113.png	о. Крупинина
0003114.png	См. также
0003115.png	Поход монголов в Индию. Занятие Мултана и Уча.
0003116.png	Известные футурологи
0003117.png	Лекарственное взаимодействие
0003118.png	Официальный сайт Антуана де Сент-Экзюпери (на французском языке)
0003119.png	Абхазский
0003120.png	Курорты СССР
0003121.png	Персоналии
0003122.png	На Покров зима снегом покрывается, морозом одевается.
0003123.png	Галерея
0003124.png	История наблюдения
0003125.png	Примечания
0003126.png	Тако-хан ()
0003127.png	Города-побратимы
0003128.png	Тбилиси (Грузия), с 2002 года
0003129.png	толуилендиизоцианат,
0003130.png	См. также
0003131.png	См. также: :Категория:Умершие в 1046 году
0003132.png	Основные необратимые потери энергии в ФЭП связаны с:
0003133.png	Государства и территории, основанные в 1975 году
0003134.png	Праздники
0003135.png	Лингвисты США
0003136.png	Галерея
0003137.png	Алкилирование алкинов (лабораторный способ)
0003138.png	См. также: :Категория:Умершие в 50 году
0003139.png	внучка Дарья Николаевна Бажанова
0003140.png	Другие его сочинения:
0003141.png	Казнённые в 1938 году
0003142.png	5 городов и посёлков Росатома:
0003143.png	празднование в честь иконы Божией Матери «Избавительница».
0003144.png	Персонажи-люди: Луис Ву, Тила Браун, их сын Вемблет, Роксани Готье.
0003145.png	Почётный дирижёр Роттердамского филармонического оркестра (2008)
0003146.png	Примечания
0003147.png	Репдиджит в основании 7 (111).
0003148.png	Основоположники национального оперного искусства
0003149.png	Литература
0003150.png	Болгары разгромили ромейское войско и подступили к Константинополю.
0003151.png	Примечания
0003152.png	заслуженный артист Российской Федерации (1999);
0003153.png	Профиль на официальном сайте Формулы-1
0003154.png	Книга исцеления
0003155.png	Характеристика
0003156.png	Национальный институт статистики
0003157.png	Ссылки
0003158.png	Отношение предпочтения
0003159.png	Прижизненные именования кораблей ВМС США
0003160.png	Кислов, Сергей Александрович (11.10.2001, 740)
0003161.png	Метеорологи СССР
0003162.png	Русские эмигранты третьей волны во Франции
0003163.png	в Екатеринбурге у входа в центральную проходную ОАО «Уралмашзавод»;
0003164.png	ЗАО «Херсонский судостроительный судоремонтный завод имени Коминтерна»
0003165.png	Звание «Почётный гражданин Туринского района Свердловской области» (2002)
0003166.png	Уральская улица
0003167.png	Куприн и авиация
0003168.png	Ломоносов
0003169.png	Шляхетские роды герба Малая Погоня
0003170.png	Языки характеризуются по степени сохранности и функциональной ограниченности.
0003171.png	Ссылки
0003172.png	Ссылки
0003173.png	Япония предъявила ультиматум Германии.
0003174.png	открытые и закрытые нанотрубки
0003175.png	Примечания
0003176.png	Память
0003177.png	В поп-культуре
0003178.png	В Апатитах расположено два ВУЗа:
0003179.png	Физико-географическая характеристика
0003180.png	Киевское шоссе
0003181.png	Гормоны почек
0003182.png	Был членом Российской партии жизни.
0003183.png	Чемпионы мира по лёгкой атлетике
0003184.png	Немцы в Людерице, Намибия и в Циндао, Китай.
0003185.png	Электромагнитные выключатели;
0003186.png	Название в русском языке
0003187.png	Крупнейшие каналы: Каракумский, Аму-Бухарский и др.
0003188.png	судороги, стягивание мышц
0003189.png	Писатели по алфавиту
0003190.png	295 км: Большой Козьял
0003191.png	Индустриализация СССР
0003192.png	Герцоги Эстергётландские
0003193.png	Лопе ибн Муса побеждает в сражении губернатора Уэски Мухаммеда аль-Тавиля.
0003194.png	Жертвы терактов в Ливане
0003195.png	Моря России
0003196.png	Ссылки
0003197.png	Биолюминесценция
0003198.png	Представляют собой размышления о закономерностях жизни.
0003199.png	Примеры:
0003200.png	Родились
0003201.png	Котэ Махарадзе (р. 1926), советский спортивный комментатор, телеведущий и актёр.
0003202.png	Центры краёв Чехии
0003203.png	В присутствии фермента:
0003204.png	Именем Унана Аветисяна названа улица в Ереване
0003205.png	Литература
0003206.png	Дополнительные аксиомы
0003207.png	Остатки парка напротив музея
0003208.png	Родились
0003209.png	Император Суй Ян Гуан свергнут одним из своих военачальников Ли Юанем.
0003210.png	Для изготовления стеновых блоков применяют следующие материалы и изделия:
0003211.png	Виллерме, Луи-Рене
0003212.png	Ссылки
0003213.png	Уголовное преследование
0003214.png	Признание книг экстремистскими материалами
0003215.png	Поп-рок-альбомы
0003216.png	Персоналии по алфавиту
0003217.png	Сибирский федеральный округ
0003218.png	Шахтёрский характер; из кинофильма «Шахтёрский характер» (стихи М. Матусовского)
0003219.png	Публикации о Суваре
0003220.png	Биография
0003221.png	См. также
0003222.png	отождествление с животными;
0003223.png	Американская морская пехота широко применялась во Вьетнаме.
0003224.png	Депутаты Верховного Совета Белорусской ССР 12-го созыва
0003225.png	Доколониальтный период
0003226.png	медаль «200 лет МВД России» (отменена 6 августа 2013 года)
0003227.png	Ультрамикроскоп
0003228.png	Философия истории
0003229.png	Автопереводы
0003230.png	Забвение
0003231.png	Избыточные и опасные возможности
0003232.png	Экономика
0003233.png	Литература
0003234.png	Лев Катанский.
0003235.png	Радиус вписанной сферы
0003236.png	Примечания
0003237.png	Волго-Камское ПТУС.
0003238.png	Детский отдых и развлечения
0003239.png	Митинги во Владивостоке 2008-10 гг.
0003240.png	Украина
0003241.png	Телячья печень по-бордоски
0003242.png	Недостатки
0003243.png	Мы тоже можем ТАК
0003244.png	Дубки
0003245.png	Орден Золотой шпоры
0003246.png	«Как приручить дракона»
0003247.png	Профессиональная подготовка
0003248.png	2450 км: руч. Бёрёлёёх
0003249.png	Издание в Турции свода законов («Канун-намэ»).
0003250.png	Университетские города Нидерландов
0003251.png	Комментарии
0003252.png	Местные ассоциации соответствуют городам, общинам и городским округам.
0003253.png	Города-партнёры
0003254.png	См. также
0003255.png	История
0003256.png	Евдокия, ставшая женой Константина Ростиславича Смоленского.
0003257.png	Литература
0003258.png	Мероприятия по обеспечению механической жёсткости
0003259.png	Губернаторы
0003260.png	История Гиляна
0003261.png	Члены Общества любителей российской словесности
0003262.png	Примеры:
0003263.png	Реки Нанайского района
0003264.png	Наиболее значимые наблюдения
0003265.png	Теория международных отношений
0003266.png	Каландадзе Л. Дни в Брестской крепости. Тбилиси, 1964.
0003267.png	Иисус в учении христианства о спасении (сотериология)
0003268.png	Курская Коренная икона Божией Матери «Знамение»
0003269.png	Ссылки
0003270.png	Влияние
0003271.png	Обучение русскому языку в узбекских школах
0003272.png	Демонополизация
0003273.png	Биография
0003274.png	Полномочный представитель президента РФ в Приволжском федеральном округе.
0003275.png	Умер циский сановник Тянь Ци, ему наследовал сын Чан (Тянь Чэн-цзы).
0003276.png	Выпускники Санкт-Петербургской консерватории
0003277.png	Спорт
0003278.png	Практическое значение закона Ома
0003279.png	Хокимы
0003280.png	Теккерей «Ярмарка тщеславия»
0003281.png	История
0003282.png	Спираль (проект приостановлен)
0003283.png	Языки Ирана
0003284.png	Дискуссионные вопросы
0003285.png	Города России, вошедшие в состав другого города
0003286.png	Первый канал
0003287.png	История Шеки
0003288.png	Ссылки
0003289.png	Регентша
0003290.png	Учение о Боге: Триадология
0003291.png	Уроженцы
0003292.png	Литература
0003293.png	Достопримечательности
0003294.png	Судоходство на Волге
0003295.png	«Утиная охота» А. Вампилова
0003296.png	Уравнения
0003297.png	Советский джойстик КП4-2, 380 В, 5 А, фото
0003298.png	Придворные медики
0003299.png	Префиксы (каждый из них опционален):
0003300.png	Плотность населения
0003301.png	Электроэнергетика
0003302.png	Распространенным термином был также «химическая геология».
0003303.png	Где  и ,  и  пары скрещивающихся ребер тетраэдра.
0003304.png	Реализации
0003305.png	Ссылки
0003306.png	Храм Архангела Михаила (Хорог)
0003307.png	Награждённые медалью Памяти 13 января
0003308.png	1 декабря: приметы и суеверия
0003309.png	Вице-президент РСФСР
0003310.png	Шомба (левый приток)
0003311.png	Фауна
0003312.png	Египетская оккупация сектора Газа
0003313.png	Города, которые ранее назывались в честь людей
0003314.png	Российские командиры Наполеоновских и Революционных войн
0003315.png	Верховный Политический Совет Йемена (с 6 августа 2016 года)
0003316.png	Польские повстанцы 1830 года
0003317.png	Основные свойства
0003318.png	1935 Страшння смерть
0003319.png	Австроазиатская семья: ва, бэнлуны, буланы
0003320.png	в изображениях на значках
0003321.png	В честь Клио назван астероид (84) Клио, открытый в 1865 году.
0003322.png	орден Св. Владимира 3-й ст. (1877)
0003323.png	Функции государственного секретаря Святого Престола
0003324.png	Злоупотребление
0003325.png	Ссылки
0003326.png	Известные носители:
0003327.png	Музей Золотые ворота
0003328.png	2015,  Франк Пасси ()
0003329.png	Ход войны
0003330.png	Посмертно реабилитированные в СССР
0003331.png	Животноводство
0003332.png	Коммунисты России: 59 депутатов
0003333.png	История развития города
0003334.png	Лауреаты Нобелевской премии из Болгарии
0003335.png	Государства в истории Узбекистана
0003336.png	Награждён Орденом За заслуги, Орденом Кавалеров Славы.
0003337.png	В её честь назван кратер Мухина на Венере.
0003338.png	двухэтажная «» (в отличие от круглой, применявшейся во многих экранных шрифтах);
0003339.png	Понятие операционной системы
0003340.png	Культура употребления
0003341.png	25 января 1935 года ВЦИК утвердил новую районную сеть Коми-Пермяцкого округа.
0003342.png	Писатели-маринисты
0003343.png	Криптографы СССР
0003344.png	Скрипты
0003345.png	родильный дом,
0003346.png	Кант И. Основы метафизики нравственности
0003347.png	Ссылки
0003348.png	Сказки, рассказанные для детей.
0003349.png	(км от устья)
0003350.png	Муниципальные образования Андреапольского района
0003351.png	В кино
0003352.png	«На     родину Серафима Вырицкого. Огарково», 2013
0003353.png	Программная инженерия
0003354.png	перечень ответственных должностных лиц;
0003355.png	министерство юстиции;
0003356.png	Польша
0003357.png	Сенегал,
0003358.png	В культуре
0003359.png	В живописи
0003360.png	Фильмы студии «Мосфильм»
0003361.png	непосредственно за экраном значения поля и его производных равны нулю.
0003362.png	Яцек Бонк, польский футболист.
0003363.png	Химические источники тока
0003364.png	Ранее для тёски шпал применялся топор-дексель (тесло).
0003365.png	Возрождение рок-н-ролла
0003366.png	В пищевой и косметической промышленности
0003367.png	Киевский район (Донецк)
0003368.png	Писатели России по алфавиту
0003369.png	Поддержка иерархической структуры лимитов
0003370.png	веб-форум
0003371.png	Президент «Роснефти»
0003372.png	Театр «Куклы и люди»
0003373.png	Химические свойства
0003374.png	Датировка
0003375.png	Гостиницы
0003376.png	1240 км: Пурани
0003377.png	Города России, вошедшие в состав другого города
0003378.png	Водные ресурсы
0003379.png	Растительность и животный мир
0003380.png	Пионеры авиации
0003381.png	Офицер Ордена Почётного легиона (Французская империя, 28 октября 1813)
0003382.png	Экзопланеты в двойных системах принято разделять по конфигурациям их орбит:
0003383.png	Реализации
0003384.png	Ссылки
0003385.png	События
0003386.png	пассажирский паром .
0003387.png	Экология
0003388.png	Методика дополнения
0003389.png	Автократия
0003390.png	Верховные главнокомандующие России в Первой мировой войне
0003391.png	выводится сообщение о различных ошибках;
0003392.png	См. также
0003393.png	Волго-Камское ПТУС.
0003394.png	Музеи
0003395.png	Похороненные в Новоспасском монастыре
0003396.png	Единство и незыблемость тайповых отношений для каждого сородича тайпа.
0003397.png	в Полтаве (в 2016 году, бывшая улица Артёма),
0003398.png	Центральные персонажи
0003399.png	Колокольня
0003400.png	Прочее
0003401.png	Накануне
0003402.png	22 апреля
0003403.png	Хоккей
0003404.png	Резонансные частоты ЯМР в металлах выше, чем в диамагнетиках (найтовский сдвиг).
0003405.png	Поэма о Роботе, М., 1935
0003406.png	Теология
0003407.png	Персоналии:Ташкент
0003408.png	Регионы-побратимы
0003409.png	Чтоб не видеть, как свора острожная
0003410.png	В христианстве
0003411.png	Языки программирования с русскими ключевыми словами
0003412.png	Телевидение
0003413.png	Помимо вышеописанных минералов железа, существуют, например:
0003414.png	Ссылки
0003415.png	Вариант Грау
0003416.png	Камнемёты
0003417.png	Обвинение в измене, приговор и ссылка
0003418.png	Персоналии:Сестрорецк
0003419.png	Карломан (король Баварии)
0003420.png	Примечания
0003421.png	Устройства для применения
0003422.png	Программа дошкольного образования по адресу: Песчаный переулок, дом 4А
0003423.png	Сетуньский 4-й проезд
0003424.png	1458 км: Чимжуль
0003425.png	Способ применения и дозы
0003426.png	Эпидемиология
0003427.png	Региональные
0003428.png	Демография
0003429.png	Творчество
0003430.png	Чемпионом Италии по футболу стал «Милан».
0003431.png	Музыкальный словарь
0003432.png	История
0003433.png	Старофилинская улица
0003434.png	Пороки и Добродетели
0003435.png	Главы субъектов России
0003436.png	История
0003437.png	Глава Правительства
0003438.png	Гондурас
0003439.png	Члены Баварской академии наук
0003440.png	Шведский язык
0003441.png	Образование
0003442.png	Ссылки
0003443.png	Ссылки
0003444.png	События
0003445.png	Остальгия
0003446.png	Смерть
0003447.png	планы и планы-графики закупок;
0003448.png	Соборы, церкви, часовни
0003449.png	Биологический прогресс
0003450.png	Население
0003451.png	Иван Васильевич Боровский
0003452.png	Другое
0003453.png	Личная жизнь
0003454.png	Технолого-экономический колледж БНАУ;
0003455.png	раму (если есть),
0003456.png	(североафриканский гашиш)
0003457.png	Ссылки
0003458.png	Монеты
0003459.png	Смерть
0003460.png	Совершенные числа
0003461.png	Мифологическая сказка
0003462.png	Мудрость веков
0003463.png	19 муниципальных районов;
0003464.png	Память
0003465.png	История
0003466.png	Улица Маяковского
0003467.png	Налоговый учёт
0003468.png	Примечания
0003469.png	личные;
0003470.png	См. также
0003471.png	Борис Парамонов. Русская европеянка Зинаида Гиппиус. Эссе
0003472.png	Русский фольклор
0003473.png	Нуклеосома
0003474.png	Примечания
0003475.png	Новое время
0003476.png	Похороненные на Комаровском кладбище
0003477.png	Жар-птица
0003478.png	Награды
0003479.png	Институтская 3-я улица
0003480.png	Майская улица
0003481.png	Компьютеры по виду рабочей среды
0003482.png	Погибшие от ручной гранаты
0003483.png	Рыцарский Крест Железного креста (6)
0003484.png	К характеристике фашистской диктатуры (1927)
0003485.png	Биография
0003486.png	Родились
0003487.png	3 церкви Украинской православной церкви Киевского Патриархата.
0003488.png	Обвинение в измене, приговор и ссылка
0003489.png	Библейский рассказ
0003490.png	Таинственная бутылка
0003491.png	Немцов, Борис Ефимович
0003492.png	Историки по алфавиту
0003493.png	Термодинамика
0003494.png	Певцы и певицы, известные под псевдонимами
0003495.png	Лекарственные средства по алфавиту
0003496.png	Майор (29 декабря 1958)
0003497.png	Спортивные сооружения
0003498.png	Кинцль изображён на австрийской почтовой марке 2007 года.
0003499.png	Во время лечения необходимо периодически контролировать функции печени и почек.
0003500.png	Сарматы
0003501.png	Программа
0003502.png	Литература
0003503.png	Финляндия и Эстония установили дипломатические отношения.
0003504.png	Литература
0003505.png	Театральные постановки
0003506.png	Егоров, Дмитрий Алексеевич (17.12.2007, 896)
0003507.png	Органами государственной власти и должностными лицами Тульской области являются:
0003508.png	Примечания
0003509.png	Акамант
0003510.png	Административное деление
0003511.png	блоки и группы блоков;
0003512.png	Повешенные
0003513.png	Другие формулировки условия задачи
0003514.png	Александро-Невская часовня на Георгиевском проспекте; здание не сохранилось.
0003515.png	Память
0003516.png	Ая Хирано, сэйю Харухи Судзумии.
0003517.png	См. также
0003518.png	Кавадарци, Северная Македония
0003519.png	Выпускники Костромской духовной семинарии
0003520.png	Оценки творчества
0003521.png	Демос
0003522.png	В 2006 году свою версию «Волга-Волги» сделал В. Мамышев-Монро.
0003523.png	Притоки
0003524.png	Список федераций и ассоциаций подводного спорта
0003525.png	Подписан Версальский мирный договор, завершивший Первую мировую войну.
0003526.png	Первый позитивизм
0003527.png	Электромагнитное излучение
0003528.png	Количество вещества
0003529.png	Абдулайе Секу Су стал премьер-министром Мали.
0003530.png	Игроки ФК «Страсбур»
0003531.png	Слоним (Белоруссия)
0003532.png	Николай Егоров родился 7 (19) сентября 1849 года в городе Санкт-Петербурге.
0003533.png	Сведения на сайте областной администрации
0003534.png	Транспорт
0003535.png	Репортаж из Драконовых гор
0003536.png	Биография
0003537.png	Аварские народы
0003538.png	Похороненные на Миусском кладбище
0003539.png	орошение пустынь.
0003540.png	Искусство
0003541.png	Кавказских семей:
0003542.png	Члены Королевской академии наук и искусств Бельгии
0003543.png	«Ересь жидовствующих» на Руси
0003544.png	Панометр
0003545.png	Богданов А. А. Введение в политическую экономию, 1914.
0003546.png	Этимология
0003547.png	Учреждение консерватории
0003548.png	Ветхий Завет
0003549.png	Ангильцы (Ангилья)
0003550.png	Участники Наполеоновских и Революционных войн
0003551.png	- электрическая проницаемость
0003552.png	Кузнецов, Александр Сергеевич
0003553.png	В фильме «Богемская рапсодия»
0003554.png	В СССР образован союзно-республиканский Комитет по кинематографии.
0003555.png	События
0003556.png	Награждённые Золотой медалью Нильса Бора ЮНЕСКО
0003557.png	Похороненные на Новодевичьем кладбище (Санкт-Петербург)
0003558.png	Химики СССР
0003559.png	Конрад Лоренц
0003560.png	Твои уста красней граната, Пери.
0003561.png	Пример
0003562.png	Местные кабельные телеканалы
0003563.png	Награды
0003564.png	промышленных станков и оборудования (15 место),
0003565.png	Потеря Северной провинции
0003566.png	В 2009 году Чан получил звание почётного доктора от университета в Камбодже.
0003567.png	Население
0003568.png	Участники Наполеоновских и Революционных войн
0003569.png	Столицы африканских государств
0003570.png	Звания и награды
0003571.png	Подделка и защита от неё
0003572.png	Примечания
0003573.png	На латыни
0003574.png	Печальная баллада для трубы
0003575.png	Химические свойства
0003576.png	Дворцы культуры
0003577.png	Военная академия Генерального штаба Вооружённых Сил СССР (1968);
0003578.png	Орден Октябрьской Революции (1975)
0003579.png	9 февраля
0003580.png	Воздушная экспедиция 1925 года
0003581.png	Версия 4.6.
0003582.png	Лингвисты СССР
0003583.png	Таврида. Исторические очерки и рассказы
0003584.png	Команда АУ СН ЦПСК «Химки» по регби
0003585.png	Почётные граждане Вюрцбурга
0003586.png	Биография
0003587.png	Коллекция олимпиадных задач
0003588.png	Ливана
0003589.png	«Рыцарь нашего времени» (1803)
0003590.png	Короли Португалии
0003591.png	Писатели России по алфавиту
0003592.png	Храмы
0003593.png	Арвидас Янонис
0003594.png	Биография
0003595.png	Важнейшие события
0003596.png	Целестина
0003597.png	Комментарии
0003598.png	открытие и вовлечение новых эрогенных зон:
0003599.png	Медаль «50 лет Победы в Великой Отечественной войне 1941-1945 гг.»
0003600.png	Советники президента Российской Федерации
0003601.png	Академические музыканты СССР
0003602.png	Клад под развалинами Франшарского монастыря
0003603.png	Вильнюс награждён орденом Ленина.
0003604.png	Приз конкурса-смотра актёров московских театров «Золотая маска» (1976)
0003605.png	Односторонняя непрерывность
0003606.png	художественно-технологический факультет;
0003607.png	турецкий орден Османие 1-й ст., украшенный бриллиантами (1899)
0003608.png	знаки пунктуации;
0003609.png	«Киевская Русь»
0003610.png	Галерея редких предметов
0003611.png	Литература
0003612.png	б) монокулярный ломающийся призматический прицел с переменным полем зрения;
0003613.png	Первое упоминание о Риге.
0003614.png	Копытень канадский, сухие корни
0003615.png	Аффекты бывают следующие типов:
0003616.png	Электрификация на местах
0003617.png	Ширяевский 2-й переулок
0003618.png	Полутоновое изображение (с глубиной цвета 16 бит);
0003619.png	242 км: Большая Подикова
0003620.png	Общая физико-географическая характеристика
0003621.png	Наука
0003622.png	Писатели США
0003623.png	Примечания
0003624.png	Ученики Анатолия Лядова
0003625.png	Другие законы сохранения
0003626.png	температура коробки передач; электронный контроль топлива;
0003627.png	Литература
0003628.png	Населённые пункты
0003629.png	Королевский канадский монетный двор, одновременно являющийся музеем
0003630.png	Известняковые пещеры.
0003631.png	Шрёдер прочитал американцам лекцию о России 11.12.2007
0003632.png	Из рассказа служившего под началом Колчака офицера Н. Фомина:
0003633.png	См. также
0003634.png	Международная премия имени Николая Рериха (Санкт-Петербург, Россия, 2005)
0003635.png	Установлены дипломатические отношения между Казахстаном и Монголией.
0003636.png	Реки Одинцовского городского округа
0003637.png	Кьюба Гудинг мл., американский актёр кино
0003638.png	Титул
0003639.png	Экономика
0003640.png	Статья из книги Залесского «Наполеоновские войны»
0003641.png	В такой записи легко увидеть континуальность канторова множества.
0003642.png	Туловище
0003643.png	См. также
0003644.png	Масштабирование
0003645.png	Алиса в представлении художников
0003646.png	Лыкошин, Александр Иванович
0003647.png	Зоопсихология
0003648.png	Поэты Дании
0003649.png	Доходы
0003650.png	Белоруссия
0003651.png	Персоны без указанного места рождения
0003652.png	деяний достойных.
0003653.png	«южноминьский язык» ()
0003654.png	Население
0003655.png	(Через  обозначена мощность множества ).
0003656.png	в Краснодаре есть улица им. Болотникова и переулок Болотникова
0003657.png	Сражения Новгородской республики
0003658.png	вдоль реки Свирь и южного берега Ладожского озера;
0003659.png	зернистый, или гранулярный ().
0003660.png	Сокол, Святослав Михайлович
0003661.png	Сосновая улица
0003662.png	Примечания
0003663.png	Третий год борьбы Советской республики против мирового капитала (1921)
0003664.png	Санскритологи Германии
0003665.png	Личное отношение
0003666.png	Апостол Фома
0003667.png	Разное
0003668.png	Замоскворецкий
0003669.png	Финалист (1): 1959
0003670.png	Международный комитет мер и весов
0003671.png	Жизнь
0003672.png	Браге
0003673.png	Пимен
0003674.png	Литература
0003675.png	Суфийская литература
0003676.png	Ермолаевский переулок, 17
0003677.png	Так, реакция радиационного захвата нейтрона ядром кадмия-113 записывается так:
0003678.png	Канарский канареечный вьюрок
0003679.png	Официальные матчи
0003680.png	Особенности употребления в странах мира
0003681.png	Гусятник, завистник птиц. Поздние посевы яровой пшеницы.
0003682.png	Достопримечательности
0003683.png	Колонии
0003684.png	Габсбурги
0003685.png	Примечания
0003686.png	Памятник жертвам политических репрессий
0003687.png	Егор и Опизденевшие
0003688.png	Культура
0003689.png	Подвиг Искариота (2016)
0003690.png	«Генрих Гиммлер. Апостол дьявола» (Россия, 2008).
0003691.png	Центральный дворец культуры железнодорожников
0003692.png	Происхождение названия
0003693.png	Редколесья и парковые зоны
0003694.png	Другое
0003695.png	Примечания
0003696.png	Функции
0003697.png	Анархист по убеждениям, Том создал Фидонет в 1984 году «под себя».
0003698.png	Строение шатра
0003699.png	Примечания
0003700.png	У власти находится консервативная Партия справедливости и развития.
0003701.png	Примечания
0003702.png	Кафедры:
0003703.png	Дипломатия
0003704.png	Ссылки
0003705.png	Сено (значения)
0003706.png	Память
0003707.png	Городские поселения, упразднённые в 2021 году
0003708.png	циркуляция атмосферы,
0003709.png	Вымышленные драконы
0003710.png	См. также
0003711.png	Прапорщик юстиции
0003712.png	Примечания
0003713.png	Города-побратимы
0003714.png	Факты
0003715.png	Классическая генетика
0003716.png	Музей жизни племени химба
0003717.png	Численность
0003718.png	Спортивные
0003719.png	Именины
0003720.png	извержение вулкана Суфриер-Хилс на острове Монтсеррат, погибло 19 человек.
0003721.png	См. также
0003722.png	Игровой мир
0003723.png	Умершие в тюрьмах СССР
0003724.png	Лапидус, Виктор Львович,
0003725.png	Примечания
0003726.png	Проспект Мечникова в Санкт-Петербурге
0003727.png	Конструкция купола собора
0003728.png	Ссылки
0003729.png	Аллея памяти (открыт в 1983 году);
0003730.png	Российский государственный социальный университет (Клинский филиал)
0003731.png	См. также
0003732.png	Результаты политической деятельности
0003733.png	Депутаты Совета Национальностей 7-го созыва
0003734.png	Предел Бремерманна
0003735.png	Клуб Весёлых и Находчивых (КВН)
0003736.png	Нервная система развита слабо. Чётко выраженные мозговые ганглии отсутствуют.
0003737.png	Министры юстиции Грузии
0003738.png	Философия Жан-Жака Руссо
0003739.png	См. также
0003740.png	Уссурийский залив
0003741.png	Проспект Чуй.
0003742.png	Литература
0003743.png	Образование
0003744.png	Философы Древней Греции
0003745.png	Материковые острова
0003746.png	Использование в автоспорте
0003747.png	Стиль
0003748.png	Примечания
0003749.png	Биография
0003750.png	Дионисий Старший в помощь спартанцам присылает 20 кораблей.
0003751.png	Вавилонский календарь
0003752.png	Литература
0003753.png	Физическая размерность и соотношение между единицами измерения
0003754.png	Привокзальный
0003755.png	Географии и методики обучения географии
0003756.png	Минину и Пожарскому
0003757.png	кожно-венерологический диспансер
0003758.png	Миттаг-Леффлер, Магнус Гёста
0003759.png	Ссылки
0003760.png	Климат
0003761.png	Ссылки
0003762.png	Академия управления МВД России (г. Москва)
0003763.png	Гороховецкий артиллерийский полигон
0003764.png	Условия провоза за границу
0003765.png	возникновение зависимости и психических расстройств.
0003766.png	Образование Левантской компании в Англии.
0003767.png	Этимология
0003768.png	Амур, умерь слепящее сиянье
0003769.png	Журнал «Войско Украины»
0003770.png	Примечания
0003771.png	Персоналии с синестезией
0003772.png	Электротехники Российской империи
0003773.png	Причерноморье
0003774.png	Половозрастной состав
0003775.png	Уоллис и Футуна (заморская территория Франции)
0003776.png	В 2018 году в состав ЗСМК вошла «Евразруда».
0003777.png	См. также: :Категория:1990 год
0003778.png	Йельский университет (США)
0003779.png	См. также
0003780.png	Праздники и памятные дни
0003781.png	Монти Холла
0003782.png	Литературная деятельность
0003783.png	Продукты
0003784.png	Центральный исторический музей Кореи.
0003785.png	Объект и предмет египтологии
0003786.png	Водородный показатель
0003787.png	209 км: Канжуль
0003788.png	О поэте
0003789.png	Шахматы втёмную (игрок не видит фигур соперника)
0003790.png	Астрономическая хронология
0003791.png	Эллинисты
0003792.png	Крупнейшие реки Сахалина
0003793.png	25 апреля
0003794.png	Культурно-историческое наследие
0003795.png	общенациональные газеты (распространяющиеся по всей территории страны);
0003796.png	достаточный уровень конкурентоспособности;
0003797.png	Иранские языки
0003798.png	Традиционная одежда
0003799.png	Воеводы Вязьмы
0003800.png	Право граждан на охрану здоровья и качественную медицинскую помощь
0003801.png	Креативное пространство «Культ-Холл».
0003802.png	Применение в медицине
0003803.png	См. также
0003804.png	10 июля 2015 года был дан старт процедуре приёма в состав ШОС Индии и Пакистана.
0003805.png	Южная Корея
0003806.png	При столкновении частицы со своей античастицей возможна их аннигиляция.
0003807.png	Выпускники Химического колледжа Калифорнийского университета в Беркли
0003808.png	Петр Иванович
0003809.png	Персоналии, чья дата рождения не установлена
0003810.png	Номенклатура солей бескислородных кислот
0003811.png	Посольство Королевства Норвегия в Москве
0003812.png	Основные улучшения:
0003813.png	Также действуют пригородные внутримуниципальные маршруты:
0003814.png	Список католических святых, блаженных и досточтимых
0003815.png	Динарское нагорье
0003816.png	Массандровский дворец
0003817.png	Романтические кинокомедии Германии
0003818.png	Ахимаас,
0003819.png	орден Нидерландского льва (Нидерланды, 1841)
0003820.png	Музыкальная составляющая и исполнительское мастерство
0003821.png	«Дуэль» (1971)
0003822.png	Литература
0003823.png	Екатерининский корпус.
0003824.png	Шанхайская фондовая биржа
0003825.png	Ликвидация США неисправного спутника
0003826.png	Фонетика и фонология
0003827.png	Перезахороненные с Донского кладбища
0003828.png	Мемориал «Борцам за дело революции»
0003829.png	Известные носители
0003830.png	События
0003831.png	Письмо в Париж (1965)
0003832.png	Первая премия Международной выставки-ярмарки в Болонье (Фиера ди Болонья, 1976)
0003833.png	относится к налоговым нерезидентам Российской Федерации.
0003834.png	Хрисений («Правящий золотыми вожжами»). Эпитет Аиду в гимне Пиндара.
0003835.png	Мученичество за веру
0003836.png	Театральный сквер
0003837.png	Классификация
0003838.png	функциональный контроль в общемедицинской и спортивной практике.
0003839.png	См. также: :Категория:Родившиеся в 1271 году
0003840.png	Память мученика Емилиана Доростольского (363);
0003841.png	Орден Почётного легиона, большой крест (11.12.1856)
0003842.png	1219 км: Средняя Вырка (лв)
0003843.png	Гендерная поляризация
0003844.png	События
0003845.png	Ссылки
0003846.png	Вторая империя
0003847.png	кооперативы в виде платформ ()
0003848.png	Производство цветных лаков, цветной керамики.
0003849.png	1965 Мюнхен (Германия)
0003850.png	Ссылки
0003851.png	См. также
0003852.png	События
0003853.png	Ошеров, Сергей Александрович
0003854.png	Ограничения по приборной скорости в зависимости от варианта размещения ракет:
0003855.png	Энергетика
0003856.png	Список лауреатов-футболистов
0003857.png	Архитектура, достопримечательности
0003858.png	Интервью с Э. Мулдашевым
0003859.png	В ролях
0003860.png	Примечания
0003861.png	Официальный сайт
0003862.png	См. также
0003863.png	Городской округ город Боготол
0003864.png	Медаль «60 лет Монгольской Народной Революции» (1981).
0003865.png	Виктор Некрасов и его произведения в изобразительном искусстве
0003866.png	Другие признаки делимости числа на 41:
0003867.png	Представители
0003868.png	Дерево Фибоначчи
0003869.png	Филиал «СУЭК-Красноярск» «Разрез Назаровский»;
0003870.png	, Ставангер
0003871.png	Ссылки
0003872.png	Галилея
0003873.png	Примечания
0003874.png	беспокоит ли пациента кашель по ночам;
0003875.png	Международная Ассамблея столиц и крупных городов, с ноября 2002 года.
0003876.png	Апрель
0003877.png	Чемпионы мира по шахматам
0003878.png	Иностранные члены Французской академии наук
0003879.png	нижние, видимые под объектом,
0003880.png	Происхождение, семья и детские годы
0003881.png	См. также
0003882.png	2019 год был объявлен ООН Международным годом языков коренных народов.
0003883.png	Почётные доктора Гёттингенского университета
0003884.png	Данишменд Гази взял в плен Боэмунда.
0003885.png	Выпускники Минской духовной семинарии
0003886.png	Доминирующая культура
0003887.png	В СССР объективы этого типа именовались «Юпитер».
0003888.png	19 ноября
0003889.png	Религия
0003890.png	См. также: :Категория:Умершие в 48 году
0003891.png	Молодёжная улица
0003892.png	Становление традиций художественной литературы
0003893.png	Ссылки
0003894.png	Симон Марий впервые в Европе описал туманность Андромеды
0003895.png	Фотосинтез
0003896.png	Основан город Нальчик.
0003897.png	8. Джилаукун (Чилакун)
0003898.png	Обладатель Суперкубка России
0003899.png	впервые отмечался Всемирный день борьбы со СПИДом, провозглашённый ООН.
0003900.png	Основной метод запоминания в современной мнемонике
0003901.png	Антимонопольная политика как часть внутренней и внешней политики
0003902.png	Ферментируемые углеводы
0003903.png	Епископы Плоцкие
0003904.png	плазма для атомизации и ионизации проб в спектроскопических методах
0003905.png	Постели, и люди, и стены,
0003906.png	Галерея, ведущая к Дальним пещерам
0003907.png	Ссылки
0003908.png	Использование
0003909.png	Литература
0003910.png	Природный газ
0003911.png	Рок-музыканты Великобритании
0003912.png	Родились
0003913.png	Публикации
0003914.png	Экспортный контроль
0003915.png	Ущелье
0003916.png	виртуальный мир.
0003917.png	Отказавшиеся от Нобелевской премии
0003918.png	Крупнейшие города
0003919.png	Столицы периферий Греции
0003920.png	Дополнительные функции телефонной связи, такие как:
0003921.png	Персонажи
0003922.png	Ссылки
0003923.png	Песнь двенадцатая. Битва за стену.
0003924.png	Примечания
0003925.png	После победы ХАМАСа на выборах
0003926.png	Биография
0003927.png	Публикации
0003928.png	Пущинский научный центр РАН
0003929.png	Радиоактивные методы (гамма-каротаж и гамма-спектральный каротаж)
0003930.png	Здания, сооружения
0003931.png	Анархия и политическая философия
0003932.png	в начале слова: ёлка, ёж, ёмкость;
0003933.png	Ордена Российской империи
0003934.png	Литографическая
0003935.png	После войны
0003936.png	В Астраханской области один из местных народов носит название юртовые ногайцы.
0003937.png	Примечания
0003938.png	Исторические районы Санкт-Петербурга
0003939.png	Входной каскад операционного или дифференциального усилителя на транзисторе;
0003940.png	Переименованные населённые пункты России
0003941.png	После распада СССР
0003942.png	Сент-Луис (США)
0003943.png	Третья серия
0003944.png	Командор (1 июня 1898 года)
0003945.png	Сладка твоя красота,
0003946.png	Музей сумок
0003947.png	Афганистан
0003948.png	Символика
0003949.png	Здания и сооружения Звенигорода
0003950.png	Русские православные святые
0003951.png	Годердзи Чохели (ум. 2007), грузинский кинорежиссёр, сценарист и писатель.
0003952.png	Кефир
0003953.png	Георгиевск и Георгиевский район. Путеводитель. «Картинформ, 2004».
0003954.png	Спорт
0003955.png	«Маски» (1912)
0003956.png	Улица Мечникова в Петергофе
0003957.png	Пример текста
0003958.png	Жемайтия во времена Великого княжества Литовского
0003959.png	Сжатие звука без потерь
0003960.png	институт международно-правового признания
0003961.png	Описание
0003962.png	16 июня
0003963.png	Города, названные в честь людей
0003964.png	Структурная индукция
0003965.png	Омский машиностроительный институт
0003966.png	Города Греции
0003967.png	Мемуаристы СССР
0003968.png	Примеры словоизменений
0003969.png	Члены Политбюро ЦК КПСС
0003970.png	Сравнение бесконечно малых величин
0003971.png	Игроки ФК «Реал Мадрид»
0003972.png	Примечания
0003973.png	2-Диэтиламиноэтилового эфира бензиловой кислоты гидрохлорид.
0003974.png	Животноводство
0003975.png	Районный Центр культуры
0003976.png	Первые заместители председателя Совета министров СССР
0003977.png	Католическое богослужение
0003978.png	643 км: Жильская Шайма (пр.)
0003979.png	Город разделён на 3 района:
0003980.png	1 июня
0003981.png	Внешняя политика
0003982.png	2 ордена Отечественной войны 2-й степени (20.02.1945; 11.03.1985)
0003983.png	История и принципы работы
0003984.png	(от 2-го брака) Дороти Клиффорд; муж: сэр Хьюго Лоутер (ум. до 1513)
0003985.png	Примечания
0003986.png	Кобол
0003987.png	Сущёвский Вал, улица
0003988.png	Сюжет
0003989.png	Примечания
0003990.png	Как сечения
0003991.png	Фортификационные сооружения делятся на следующие виды и типы:
0003992.png	Безопасность
0003993.png	Гостиница «Липецк»
0003994.png	Семья
0003995.png	Климат
0003996.png	Примечания
0003997.png	Озёра Перу
0003998.png	Федерация независимых профсоюзов России
0003999.png	Родились
0004000.png	Распространение эмбиента
0004001.png	Станислав Лем - Сумма технологии, Молох, Фантастика и футурология
0004002.png	Вечер на Волге (1888, Государственная Третьяковская галерея)
0004003.png	События
0004004.png	Меры помощи
0004005.png	Звездная и географическая карты Дюрера
0004006.png	См. также
0004007.png	Научная подготовка эксперимента
0004008.png	Фианит, улица
0004009.png	Персоналии:История Англии
0004010.png	В культуре
0004011.png	Увековечение памяти
0004012.png	Теоретические возражения против преонных моделей
0004013.png	Либеральное масонство
0004014.png	Этимология
0004015.png	Посольство Тибета в Индию.
0004016.png	Среди восьми наиболее крупных предприятий города находятся:
0004017.png	Пфенниг
0004018.png	Верховный Суд США
0004019.png	Экономика
0004020.png	Закат Веймарской республики
0004021.png	Примечания
0004022.png	См. также
0004023.png	Ссылки
0004024.png	Орден Белого орла (Царство Польское, )
0004025.png	Храм Михаила Архангела (ул. Большевистская)
0004026.png	Серия «К звёздам»
0004027.png	Историческая
0004028.png	азотемичная
0004029.png	Яппи являются теми, на ком основано «общество потребления».
0004030.png	Галерея
0004031.png	Музей физики на факультете физики, Саулетякё алея ().
0004032.png	Мемуаристы Франции
0004033.png	Текущие
0004034.png	Внешне вся конструкция очень напоминала пролётку.
0004035.png	Комментарий к истинной и ложной религии (1525).
0004036.png	Ревматоидный артрит
0004037.png	Тренеры сборной Республики Корея по футболу
0004038.png	полковник (29.11.1955),
0004039.png	Клинский промышленно-экономический техникум
0004040.png	Тогда если , то
0004041.png	Примечания
0004042.png	Розен Б. Я. Соперник серебра. М., «Металлургия», 1984.
0004043.png	В 1339 году при Иване Калите были построены стены и башни из дуба.
0004044.png	Аарон Копленд (р. 1900), американский композитор, пианист, дирижёр и педагог.
0004045.png	Примечания
0004046.png	Двигатель и трансмиссия
0004047.png	Молдавский язык
0004048.png	470 км: водоток падь Малая Килга
0004049.png	Инфракрасное самонаведение
0004050.png	Орден Заслуг герцога Петра-Фридриха-Людвига, большой крест
0004051.png	орден Святого Владимира 3 ст. (06.05.
0004052.png	Ссылки
0004053.png	разработка и применение моделей оценки рисковых инструментов;
0004054.png	В демографии:
0004055.png	Регулярный перевод часов
0004056.png	Примечания
0004057.png	Национальный состав (на октябрь 2023 года).
0004058.png	Шухрат Абдуллаев (с 3 декабря 2018).
0004059.png	Медаль «За трудовую доблесть»
0004060.png	Фуками-хан ()
0004061.png	Ещё больше о Кумпарсите
0004062.png	Белоручейская узкоколейная железная дорога
0004063.png	Фильмы Ридли Скотта
0004064.png	Награды
0004065.png	Новым эрлом Нортумбрии стал Сивард.
0004066.png	Граф Вила-Реал
0004067.png	Сады и парки
0004068.png	Музыка
0004069.png	Прямоидущие;
0004070.png	Магомедов, Шамиль Набибуллагович (??.??.2023)
0004071.png	Избрание патриархом Всероссийским
0004072.png	Населённые пункты России, чеканившие монеты
0004073.png	В прошлом, лакский язык назывался также казикумухским (казикумыкским) языком.
0004074.png	Государственные деятели Ирана
0004075.png	Архимандриты Русской православной церкви
0004076.png	Расположение
0004077.png	Трабзон
0004078.png	Рыцарские ордена
0004079.png	(точно)
0004080.png	События
0004081.png	Тони Энн Джисонди, американская актриса.
0004082.png	кардинал Пьер из Клюни (ок. 1099);
0004083.png	В МАИ действуют аспирантура и диссертационные советы.
0004084.png	Мендзыжец-Подляски (), Польша
0004085.png	См. также
0004086.png	3) кафедру психологии.
0004087.png	Конгломераты
0004088.png	Зиндер Л. Р. Общая фонетика. Изд. 2, перераб. и доп. М., 1979.
0004089.png	«Синяя птица» С. Плешака
0004090.png	События
0004091.png	Связь
0004092.png	История
0004093.png	«Жить в добре и в красне хорошо и во сне»;
0004094.png	Бартош Капустка, польский футболист.
0004095.png	Эдуардо Мендоса, испанский писатель-романист.
0004096.png	Потребительский рынок
0004097.png	Ссылки
0004098.png	Препараты зверобоя
0004099.png	Наушники с уравновешенным якорем
0004100.png	См. также
0004101.png	Звёздная эволюция
0004102.png	Первая нефтяная скважина (в черте города, июнь 1937)
0004103.png	История МНР
0004104.png	Ушебти царя Яхмоса
0004105.png	Богданов Н. Киевские реминисценции в московском творчестве Булгакова
0004106.png	Промышленные предприятия
0004107.png	Ссылки
0004108.png	память святой Екатерины Марии Дрексель.
0004109.png	Северодонецкий котельно-механический завод
0004110.png	Международные договоры Российской империи
0004111.png	Награды
0004112.png	Индиры Ганди, площадь
0004113.png	Направления
0004114.png	Восстановлен в 1965 году на Киностудии им. Горького.
0004115.png	Коэффициенты
0004116.png	Писатели фэнтези США
0004117.png	«Сны на балконе», старомодная лирика, 2003
0004118.png	73 Максим Чудинов 2015, 2017
0004119.png	Авторы текстов группы «Браво»
0004120.png	генерал-лейтенант (20.04.1945)
0004121.png	Богословы Германии
0004122.png	Алкилполиглюкозиды
0004123.png	Театр-студия киноактёра
0004124.png	Определение требований к системе защиты;
0004125.png	Население
0004126.png	Общее с другими христианами
0004127.png	Филологи Польши
0004128.png	Античность
0004129.png	Литература
0004130.png	Дозированный аэрозоль
0004131.png	отделение лыжных гонок;
0004132.png	См. также
0004133.png	Архив материалов журнала  на официальном сайте РАН
0004134.png	Герб Таджикистана
0004135.png	Национальные
0004136.png	Персоналии:Малый театр Москвы
0004137.png	Документальное кино
0004138.png	Комментарии
0004139.png	В серии выпускались следующие спин-оффы:
0004140.png	Сравнение браузерных движков
0004141.png	Хранение
0004142.png	В филателии
0004143.png	Примечания
0004144.png	«Экзистенция» (Канада, Великобритания) Дэвида Кроненберга
0004145.png	Сион в музыке
0004146.png	Физико-географическая характеристика
0004147.png	деревянные плоты (из брёвен);
0004148.png	Отряды Чжу Юань-чжана захватили Цзиньлин (Нанкин).
0004149.png	Для любого нечётного модуля  символ Якоби  является характером по модулю .
0004150.png	См. также
0004151.png	История клуба на официальном юбилейном сайте общества «Спартак»
0004152.png	Литература
0004153.png	Литература
0004154.png	Заслуженный артист РСФСР (26 января 1978 года)
0004155.png	Примечания
0004156.png	Преобразование республиканских дат в григорианские
0004157.png	ОФЗ бывают следующих видов:
0004158.png	Премия Адамса (1942)
0004159.png	трёхмерные (управление объектом в трёхмерном пространстве)
0004160.png	Еженедельная газета «Туран»
0004161.png	Известные носители
0004162.png	Литература
0004163.png	Отрасли наук
0004164.png	Литература
0004165.png	Русские поэты
0004166.png	Захиритский мазхаб
0004167.png	Правила практической транскрипции на русский язык
0004168.png	Симптомы: понижение температуры тела, брадикардия, повышение АД.
0004169.png	Театры:
0004170.png	Первые упоминания
0004171.png	«Спортивная Киевщина»;
0004172.png	Вероучение
0004173.png	Генри Морган, английский пират.
0004174.png	Ядерный апартеид. Договор о нераспространении, как «бассейн без воды»
0004175.png	См. также
0004176.png	Может приказать себе уснуть
0004177.png	Демография
0004178.png	Рауль Ванейгем. Инструкция к мятежу
0004179.png	Примечания
0004180.png	Римско-католический приход Святого Михаила Архангела в Новогрудке
0004181.png	Обратное к комплексному числу
0004182.png	Мобильная связь
0004183.png	Должность рейхсканцлера в веймарский период
0004184.png	Литература
0004185.png	Комментарии
0004186.png	Аксиомы непрерывности
0004187.png	Административно-территориальное деление
0004188.png	Условная вероятность
0004189.png	Православные: Александр, Антон, Даниил, Пётр.
0004190.png	Инженерная школа информационных технологий и робототехники.
0004191.png	Щедрость
0004192.png	Юлиан, Марк Аврелий
0004193.png	спор о струне;
0004194.png	Личная жизнь
0004195.png	См. также: :Категория:Родившиеся в 1585 году
0004196.png	Литература
0004197.png	Программе короткометражных картин;
0004198.png	Международный день стрельбы из лука (день создания )
0004199.png	В художественной литературе
0004200.png	Суюрганская культура
0004201.png	Чтоб не заклевало вороньё?
0004202.png	Лемносская и Святого Евстратия митрополия
0004203.png	Кэрол Кейн, американская актриса, обладательница двух премий «Эмми».
0004204.png	Ссылки
0004205.png	Дометиан Рыльский (1385)
0004206.png	Кавалеры Железного креста 2 класса
0004207.png	Любовь Захарченко,
0004208.png	Тюркская теория
0004209.png	Фамилия
0004210.png	Классификация
0004211.png	«Золотая команда» под руководством Герри Гриффина ();
0004212.png	Палеоген
0004213.png	Ингра Либерту, бразильская актриса.
0004214.png	Персоналии:Красноярск
0004215.png	Примечания
0004216.png	МКАД 42 км
0004217.png	Религия, мистика, философия
0004218.png	Эдгар (король Англии)
0004219.png	Краткая хронология записей
0004220.png	Память
0004221.png	Спорт
0004222.png	Чимбу (куман)
0004223.png	В 2020 году АО «РИКТ» было поглощено компанией ПАО «МТС».
0004224.png	Периодический закон
0004225.png	хронический базофильный лейкоз,
0004226.png	Сюрприз мистера Милбери
0004227.png	разработка статуса края и заключение специальной конвенции;
0004228.png	В Железнодорожных путях
0004229.png	Гигиена и экология
0004230.png	Филиппины
0004231.png	Рио-де-Жанейро (), Бразилия
0004232.png	Участие в военных конфликтах
0004233.png	Начало литературной деятельности
0004234.png	Кастинг
0004235.png	Примечания
0004236.png	тут к малату НАД пришёл,
0004237.png	Виды бани
0004238.png	История
0004239.png	Титулы Японии
0004240.png	Архитектура этрусков
0004241.png	Библиография
0004242.png	Пришедшие к власти в 1950-е годы
0004243.png	Соединения сурьмы
0004244.png	См. также
0004245.png	Чемпионы Москвы по шахматам
0004246.png	«Крепыш» (1950)
0004247.png	Семья
0004248.png	Новгородский театр «Малый»
0004249.png	См. также
0004250.png	Фильмография
0004251.png	Парогазотурбинные
0004252.png	Родились
0004253.png	Боевые единоборства
0004254.png	Сэйю: Наоко Такано
0004255.png	«Астрофотографы: Эдвард Эммерсон Барнард»
0004256.png	Карьера
0004257.png	Мастера спорта СССР
0004258.png	Декабрь
0004259.png	Площадь между циссоидой и асимптотой
0004260.png	Предприниматели России
0004261.png	Сотрудники газеты «Киевлянин»
0004262.png	Древнейшая история
0004263.png	Строительная деятельность Набопаласара
0004264.png	Примечания
0004265.png	Переяславская оболость (в «Сказании о Борисе и Глебе»)
0004266.png	Выпускники Санкт-Петербургской художественно-промышленной академии
0004267.png	Литература
0004268.png	Личная жизнь
0004269.png	Вадим Цаллати («Утёсов. Песня длиною в жизнь», 2006).
0004270.png	Исторические представления
0004271.png	Примечания
0004272.png	Государственный строй
0004273.png	Лазаревский переулок
0004274.png	Изобретатели Российской империи
0004275.png	Отношения с Русской православной церковью
0004276.png	Жилище и быт
0004277.png	Некоторые классы многочленов имеют специальные названия.
0004278.png	Дорожная (2013)
0004279.png	Тайпсквоттинг
0004280.png	Галерея
0004281.png	Примечания
0004282.png	Родились
0004283.png	Ландшафтная архитектура
0004284.png	Парораспределительный механизм
0004285.png	Литература
0004286.png	9 место: 1999 год
0004287.png	Официальный сайт, посвящённый столетию Геноцида армян
0004288.png	Монастырь Святого Антония (коптский)
0004289.png	Стандарты Интернета
0004290.png	Царь: Тарквиний Древний.
0004291.png	Основные технические характеристики:
0004292.png	Особенности проекта
0004293.png	Декабристы. Возвращение в Европейскую Россию
0004294.png	Для записи законов:
0004295.png	Праздники и памятные дни
0004296.png	Литература
0004297.png	Певцы и певицы Японии
0004298.png	История формирования и развития
0004299.png	Решение какого-либо уравнения построением
0004300.png	22 июля:
0004301.png	См. также
0004302.png	фаршер разбивает молотком свой телефон
0004303.png	«Флакэра»,
0004304.png	Зелёный 0,122,51
0004305.png	Богословы России
0004306.png	Росписи
0004307.png	Пилоростеноз
0004308.png	«Современник»
0004309.png	Умершие в 1878 году
0004310.png	Почётный знак ВЛКСМ
0004311.png	Новооткустино
0004312.png	Поведение
0004313.png	Храм святого Георгия Победоносца (вероятно, погиб в огне пожара 1769 года);
0004314.png	«Деяния Петра»
0004315.png	Даниил Фомин
0004316.png	115 сельских поселений
0004317.png	Премия Крафорда (1985)
0004318.png	Пахомий принимает христианство и становится отшельником.
0004319.png	Для солистов, хора и оркестра
0004320.png	Применение
0004321.png	См. также
0004322.png	Гидрология
0004323.png	ТСЗ «Титран-Экспресс»
0004324.png	Население по состоянию
0004325.png	Францишек Печка (ум. 2022), польский актёр театра и кино.
0004326.png	Районные СМИ
0004327.png	Титулы Японии
0004328.png	«Крупная проза». Гулла Хирачев (Алиса Ганиева) за повесть «Салам тебе, Далгат!».
0004329.png	Главные труды епископа Иоанна:
0004330.png	Фильмы о Киеве
0004331.png	Общее описание
0004332.png	Русский павильон на биеннале
0004333.png	Орден Андрея Первозванного при Высочайшем Рескрипте (1909)
0004334.png	коллективные явления в плазме
0004335.png	Национальные
0004336.png	(указано расстояние от устья)
0004337.png	Третье транспортное кольцо
0004338.png	Конунг
0004339.png	Разновидности
0004340.png	Кинематограф
0004341.png	Национальный театр Республики Карелия;
0004342.png	Библиография
0004343.png	Римско-католическая церковь
0004344.png	Преподаватели Мичиганского университета
0004345.png	Киноактёры США
0004346.png	Специальные спички
0004347.png	Брикон
0004348.png	Сайты, появившиеся в 1991 году
0004349.png	Электромагнитное излучение
0004350.png	Цифровой или аналоговый
0004351.png	Персоналии:Свенский монастырь
0004352.png	Колонна «Основание Павловска»
0004353.png	Дробная часть числа х обычно обозначается знаком .
0004354.png	15 декабря
0004355.png	Бесполое размножение
0004356.png	Казачий ансамбль «Казачья доля» (основан в 2012 году).
0004357.png	Русские поэты
0004358.png	Интересным может оказаться и посещение княжеской гридницы в городе Белозерске.
0004359.png	память мучеников Валериана, Кандида, Евгения и Акилы
0004360.png	Экономика
0004361.png	В мюзикле
0004362.png	Длина и траектория
0004363.png	Языки России
0004364.png	См. также
0004365.png	Причиняемый вред
0004366.png	Ссылки
0004367.png	Официальный сайт ХК «Южный Урал»
0004368.png	Ссылки
0004369.png	В некоторых секторах общего рынка участвуют:
0004370.png	Восстание Фу Хуна.
0004371.png	Депутаты Верховного Совета СССР 2-го созыва
0004372.png	Нефропатия
0004373.png	Примечания
0004374.png	Бургас, Болгария (14.07.1998)
0004375.png	Экономическая и производственная база
0004376.png	Масса покоя протона: 1,6726 иг;
0004377.png	кандидат исторических наук (1986);
0004378.png	Князев, Евгений Владимирович (с 1982 года)
0004379.png	Христианское богословие
0004380.png	Гарри Маршалл («», США, 2000)
0004381.png	Члены Гейдельбергской академии наук
0004382.png	Учёт иодной ямы при проектировании
0004383.png	Щелочные металлы, видео
0004384.png	Биография
0004385.png	Вторая серия
0004386.png	В случае с помещениями иммунитет и неприкосновенность совпадают.
0004387.png	Религиозные
0004388.png	Все сочинения Гегеля можно классифицировать согласно делению в «ЭФН»:
0004389.png	Александр Демьяненко
0004390.png	Политический кризис на Украине (2006)
0004391.png	Палеолит
0004392.png	Награждённые Президентской медалью Свободы
0004393.png	Примечания
0004394.png	Вектор электрической поляризации
0004395.png	Влияние санкций в связи со вторжением России на Украину
0004396.png	Семья
0004397.png	Поэты Швейцарии
0004398.png	горбатая или провислая спина;
0004399.png	Фракталы
0004400.png	Станции реакции синтеза (ещё не существуют)
0004401.png	Образован 13 мая 2000.
0004402.png	Лечебные учреждения
0004403.png	«О киевском уроженце П. Дубровском» (Киев, 1869),
0004404.png	Ссылки
0004405.png	Международные исследования синтоизма
0004406.png	Она образуется следующим образом:
0004407.png	Космическое оружие
0004408.png	Клубы
0004409.png	дачные общества: им. Мичурина, Дружба, Зелёный Гай, Кукушкин хутор, Маришкин Сад
0004410.png	Литература
0004411.png	Дата дана по новому стилю:
0004412.png	стратиг Анатолика Никифор Фока стал доместиком схол.
0004413.png	Общественное мнение
0004414.png	Преодоление препятствий
0004415.png	Триумфальная .
0004416.png	Финалы командных турниров (2)
0004417.png	Основные свойства
0004418.png	Сеть Клоза
0004419.png	Примечания
0004420.png	Примечания
0004421.png	Вариации и обобщения
0004422.png	21 января
0004423.png	Домашняя
0004424.png	Первый выход в печать
0004425.png	Антонин Дворжак: «Русалка» (1901).
0004426.png	Древние материки
0004427.png	Церковь Николая Чудотворца при ГК «Вашъ Финансовый Попечитель»
0004428.png	Кави (древнеяванское письмо)
0004429.png	орден «Знак Почёта» (01.10.1944)
0004430.png	Применение в советской психиатрии
0004431.png	Русский: князь, княгиня, княжна, княжич
0004432.png	Т. 1. 1990. 864 с.
0004433.png	Миф о ненадёжности
0004434.png	Форма выпуска
0004435.png	В разных странах используют разные колоды. Самые известные, помимо французской:
0004436.png	Религия
0004437.png	Преимущества и недостатки
0004438.png	652 км: Чертала (длина 311 км)
0004439.png	День рождения Будды (японская традиция, ортодоксальный китайский календарь).
0004440.png	Этимология
0004441.png	Графы Барселоны
0004442.png	Симеон Богоприимец
0004443.png	Горные егеря Казахстана
0004444.png	Физики-теоретики России
0004445.png	Медаль «В память 800-летия Москвы»
0004446.png	«Вежливый бычок»
0004447.png	Ссылки
0004448.png	Ссылки
0004449.png	Келегей
0004450.png	начало вещания российского спортивного телеканала «Матч ТВ»
0004451.png	Шельфовый ледник Ронне
0004452.png	Казахстан
0004453.png	Храм св. вмц. Анастасии Узорешительницы (Чкаловск)
0004454.png	Вневписанная окружность
0004455.png	Объекты, названные в честь Михаила Кутузова
0004456.png	: Фрисландия
0004457.png	Технологии кино и видео
0004458.png	Юань Внутренней Монголии
0004459.png	корпоративные финансы,
0004460.png	Новодмитровская улица
0004461.png	Язык ассемблера
0004462.png	Другое
0004463.png	Орден Отечественной войны 1-й степени (11.03.1985)
0004464.png	См. также
0004465.png	Память
0004466.png	Смерть Христофора, сына Романа Лакапина.
0004467.png	Цвет светового меча
0004468.png	Победительница Уимблдон-2004 в одиночном разряде.
0004469.png	Анекдот.
0004470.png	Приметы
0004471.png	Сан-Педру-ди-Франси
0004472.png	давнопрошедшее второе: бывало, тряс;
0004473.png	Институт электроники Академии наук
0004474.png	Уралтяжтрубстрой
0004475.png	Семья
0004476.png	ощущения (сенсорные процессы);
0004477.png	Список на 27 мая 2022 года:
0004478.png	Муниципальные образования второго уровня представлены в таблице:
0004479.png	Резервный экипаж
0004480.png	Значение термина и правописание
0004481.png	Литература
0004482.png	Смерть Агафокла и распад его державы. Восстановление демократии в Сиракузах.
0004483.png	Ссылки
0004484.png	См. также
0004485.png	Фок-мачта
0004486.png	Шахматные фигуры
0004487.png	Храм Всех Святский
0004488.png	сиамский орден Белого слона 1 ст. (1897)
0004489.png	Ульяновский государственный технический университет
0004490.png	Парк Победы (бег, дуатлон, конный спорт, картинг)
0004491.png	Заповедники Азербайджана
0004492.png	флегмонозный,
0004493.png	Строение
0004494.png	Спорт
0004495.png	Медаль Ла Сторта за службу человечеству (1976, США).
0004496.png	Население по оценке на 1 января 2022 года составляет 54 400 человек.
0004497.png	Внешние ссылки
0004498.png	1255 км: Чёрная
0004499.png	Упоминает их Ариосто в поэме «Неистовый Роланд» (песни 34-35).
0004500.png	Эпистемология
0004501.png	Биография
0004502.png	Ссылки
0004503.png	Обеззараживание ультрафиолетовым излучением
0004504.png	В городе Калуге:
0004505.png	Архитекторы Лондона
0004506.png	Примечания
0004507.png	Молибден
0004508.png	Универсальный способ: рибосомный синтез
0004509.png	Председатели Московского горисполкома
0004510.png	См. также
0004511.png	Отношение мощностей трансформаторов не должно отклоняться более чем 1:3.
0004512.png	свежие фрукты;
0004513.png	Сарразин (1830)
0004514.png	История крепостей в датах
0004515.png	См.: культурное наследие России в Вольске
0004516.png	Медицинское использование и исследования
0004517.png	Премия Правительства РФ в области образования (2006).
0004518.png	Остров Буве (Норвегия)
0004519.png	Система Поливанова
0004520.png	Примечания
0004521.png	Музыканты в жанре электронной музыки
0004522.png	Источники
0004523.png	Русские женские имена
0004524.png	Количество депутатов от СвДП
0004525.png	Похороненные в дрезденской Хофкирхе
0004526.png	Тип Ракообразные
0004527.png	Наименования и обозначения единиц
0004528.png	Примечания
0004529.png	В 1938 году был получен статус города районного подчинения.
0004530.png	Административное деление
0004531.png	Терминология
0004532.png	Населённые пункты Маловишерского района
0004533.png	Версии для мобильных систем, включая планшеты
0004534.png	Зимой в Лу не было дождей.
0004535.png	Литература
0004536.png	Елена Мухина (ум. 2006), советская гимнастка, абсолютная чемпионка мира (1978).
0004537.png	Домены второго уровня
0004538.png	Литература
0004539.png	В городе есть две футбольные команды: «Небитчи» и «Гара Алтын».
0004540.png	Советская эпоха
0004541.png	Обработка
0004542.png	25 мая
0004543.png	Члены Союза театральных деятелей России
0004544.png	Летом в Чжэн был казнён сановник Шэнь-хоу.
0004545.png	Современное положение
0004546.png	Донецкий национальный технический университет
0004547.png	Солнечные календари
0004548.png	Нижний Новгород,
0004549.png	Римская республика
0004550.png	Четыре неуказанных сына и шесть неуказанных дочерей.
0004551.png	Ссылки
0004552.png	Капитан-генералы Флорентийской республики
0004553.png	поселение «Мосрентген»
0004554.png	Использование в кулинарии
0004555.png	Внешность
0004556.png	Авиастроительные материалы
0004557.png	Также сочинял духовную музыку.
0004558.png	Кишенский, Фёдор Иванович (1744-?)
0004559.png	Выращивание органов
0004560.png	Карл Черни
0004561.png	Литература
0004562.png	Почётные доктора Стелленбосского университета
0004563.png	Московский Художественный театр
0004564.png	Вертолётчиков, улица
0004565.png	Транспорт
0004566.png	Примечания
0004567.png	Смешно о кино. М., Теа-кино-печать, 1928
0004568.png	См. также
0004569.png	Гаджимагомедов Нурмагомед Энгельсович
0004570.png	Эндокринология
0004571.png	Учёные, в честь которых названы физические единицы измерения
0004572.png	Явлинский, Григорий Алексеевич
0004573.png	Радиус полувписанной сферы, которая касается всех рёбер, равен
0004574.png	Казнённые религиозные деятели
0004575.png	Рать-кормилица с болью тупой,
0004576.png	Период независимости
0004577.png	Члены Баварской академии наук
0004578.png	(р. 1916), немецкий оперный тенор.
0004579.png	Западная Германия
0004580.png	Религиозный фанатизм, ритуальное самоубийство.
0004581.png	Примечания
0004582.png	Химический состав плодов
0004583.png	Умершие от отёка мозга
0004584.png	Северные крестовые походы
0004585.png	Театр, музыка, кино
0004586.png	Внешкольное образование
0004587.png	Примечания
0004588.png	Режиссёр
0004589.png	Литература
0004590.png	Литература
0004591.png	путём прямого управления колонией из метрополии;
0004592.png	Ян-Майкл Винсент, (р. 1944), американский актёр.
0004593.png	Отечественная война 1812 года;
0004594.png	Муниципальное устройство
0004595.png	Интимные услуги в государствах, где официально легализована проституция
0004596.png	Новейшее время
0004597.png	Баскетбольные
0004598.png	Дата смерти Галилея и дата рождения Ньютона
0004599.png	Эпоха Тимура
0004600.png	Память
0004601.png	Князья звенигородские (московского удела)
0004602.png	Выпускники Кембриджского университета
0004603.png	Советская власть была восстановлена 19 июня 1920 года.
0004604.png	Пищевая ценность
0004605.png	Национальный состав
0004606.png	Директивная психотерапия.
0004607.png	Художники Великобритании
0004608.png	Минаевский переулок
0004609.png	Упраздненные населенные пункты
0004610.png	См. также
0004611.png	Открыта первая дорога из России в Грузию.
0004612.png	Капитан (17.08.1813)
0004613.png	Родственные связи
0004614.png	Русалочка
0004615.png	Гиресун, Турция (с 1995)
0004616.png	Альфа Центавра
0004617.png	Аудеватер
0004618.png	групповой (коллективный, массовый, социолингвистический).
0004619.png	Со счастливой грядущей судьбою.
0004620.png	63 Сельское хозяйство. Лесное хозяйство. Охота. Рыбное хозяйство
0004621.png	Разные школы айкидо используют в обучении следующие типы оружия:
0004622.png	Связь
0004623.png	Политики Германии
0004624.png	Нобелевские премии
0004625.png	Про мимозу
0004626.png	Основные параметры
0004627.png	Дождь в культуре и в хозяйстве
0004628.png	Космонавтика
0004629.png	Синагога дель Трансито
0004630.png	Климат
0004631.png	Михаил Значко-Яворский.
0004632.png	События
0004633.png	Сатирическая сказка
0004634.png	Примечания
0004635.png	Юлия Меса, член династии Северов в Римской империи.
0004636.png	Присоединение к Бранденбургу части северной Силезии.
0004637.png	605 км: Каралон
0004638.png	Литература
0004639.png	Служба в органах государственной безопасности СССР
0004640.png	Выпуклая геометрия
0004641.png	Сарматы
0004642.png	Виталий Крылов («Начальник разведки», Россия, 2022)
0004643.png	Южносемитские языки
0004644.png	«Хрусталёв, машину!» Алексея Германа-старшего,
0004645.png	Оборона Брестской крепости в 1939 году
0004646.png	Если , то перед нами взаимозаменяемые блага (субституты).
0004647.png	Мауриц Корнелис Эшер
0004648.png	Кабинет министров
0004649.png	«Хиус»
0004650.png	Авиагоризонт
0004651.png	Лос-Анджелес, США
0004652.png	Князь Звенигородский Тимофей Никитич - московский дворянин (1627-1640).
0004653.png	Главное управление специального строительства МО СССР
0004654.png	Договоры по алфавиту
0004655.png	См. также
0004656.png	Идти в связках
0004657.png	Классификация
0004658.png	Анализ бухгалтерского баланса проводится с помощью одного из следующих способов:
0004659.png	Единый федеральный реестр сведений о банкротстве
0004660.png	Высокий перевал (СССР, 1982)
0004661.png	Самаритянское Пятикнижие
0004662.png	События
0004663.png	«Янки из Коннектикута при дворе короля Артура» (1889)
0004664.png	Лаодикийская (Латакия)
0004665.png	Официальными символами Чернушинского городского округа являются герб и флаг.
0004666.png	Семья
0004667.png	Элевсин (Гёльдерлину) (1796)
0004668.png	Парк Соловьиная Роща
0004669.png	улица Восстания
0004670.png	«Арзюри» М. Фёдорова
0004671.png	Ростокинский проезд
0004672.png	Заработная плата
0004673.png	Структурный психоанализ Ж. Лакана
0004674.png	Архитекторы Великобритании
0004675.png	региональная
0004676.png	На других языках
0004677.png	Путилов
0004678.png	Опять налоги
0004679.png	Примечания
0004680.png	Детские сады
0004681.png	Кинокомедии 1938 года
0004682.png	Интересные факты
0004683.png	Православие
0004684.png	Биография
0004685.png	Сиануквиль: 132 000 чел.
0004686.png	Система мира Тихо Браге
0004687.png	В области действует 3 профессиональных театра:
0004688.png	Литература
0004689.png	См. также
0004690.png	Музыканты в стиле синти-поп
0004691.png	Ссылки
0004692.png	Примечания
0004693.png	Барсов Н. И.
0004694.png	Ссылки
0004695.png	Житие преподобных Вассиана и Ионы Пертоминских, Соловецких чудотворцев
0004696.png	Примечания
0004697.png	Генеральные прокуроры Нью-Мексико
0004698.png	Ссылки
0004699.png	Метод Ньютона
0004700.png	Действие на кожу
0004701.png	Источники влаги для суккулентов пустынных областей:
0004702.png	Примечания
0004703.png	Награды
0004704.png	Торосов Илья Эдуардович, Первый заместитель;
0004705.png	Городские агломерации
0004706.png	Полиглоты
0004707.png	Антитринитаризм
0004708.png	Католические: Вольфрам, Кутберт, Уна, Бенедикт.
0004709.png	Символическое значение в различных мифологических традициях
0004710.png	администрация городского округа, именуемая Администрацией;
0004711.png	См. также
0004712.png	Декабрь
0004713.png	Примечательные объекты
0004714.png	Философы искусства
0004715.png	Пушкинская аллея на пр. Ватутина
0004716.png	2 лыжные базы,
0004717.png	Проектируемый 251-й проезд (МО, Ленинский район, г. Видное, Северная промзона)
0004718.png	Инвестиции
0004719.png	Примечания
0004720.png	Актёры и актрисы Театра-студии киноактёра
0004721.png	ФГОУ СПО «Краснодарский машиностроительный колледж»;
0004722.png	Именины
0004723.png	См. также
0004724.png	Великий пост
0004725.png	Родились
0004726.png	Дорожное полотно находится в отвратительном состоянии уже много лет.
0004727.png	268 км: Малый Якорь
0004728.png	Семейство меланоцитстимулирующих гормонов
0004729.png	Русские женские имена
0004730.png	Волновая оптика
0004731.png	Прочие
0004732.png	Ссылки
0004733.png	277 км: Сарапулка
0004734.png	Языки России
0004735.png	навигация в браузерах и файловых менеджерах;
0004736.png	Состав Евангелий
0004737.png	Директор: Шипунова Вера Васильевна, кандидат экономических наук, доцент
0004738.png	Религиозная политика
0004739.png	Теорема 2.
0004740.png	Метод хаоса
0004741.png	Проконсулы Африки
0004742.png	См. также
0004743.png	Общество
0004744.png	Классификация и особенности
0004745.png	На русском
0004746.png	Боги земли
0004747.png	Разработка и изготовление спутников для миссии Резонанс.
0004748.png	Регуляция секреции гормона роста
0004749.png	Африканский союз
0004750.png	СПК «Труд»: производство молока, мяса,
0004751.png	6 музыкальных школ,
0004752.png	Депутаты Совета Национальностей 11-го созыва
0004753.png	См. также
0004754.png	Иммуносупрессия при аллотрансплантации органов.
0004755.png	Климат
0004756.png	Фильмография
0004757.png	Харьковский собор
0004758.png	Эссеисты по алфавиту
0004759.png	Переводчики Иоганна Вольфганга фон Гёте
0004760.png	Широта
0004761.png	Зоопарк.
0004762.png	Арабисты Германии
0004763.png	Улуг-Хемский кожуун
0004764.png	Биография
0004765.png	В 1952 году президент Польши Болеслав Берут вручил Фоггу Золотой крест Заслуги.
0004766.png	Стихи. М., 1961.
0004767.png	Проектирование взаимодействия
0004768.png	См. также
0004769.png	Калийсберегающие диуретики
0004770.png	Чины и звания
0004771.png	Волжская Булгария
0004772.png	Избранная библиография
0004773.png	Важные персоны
0004774.png	Украина
0004775.png	Притоки
0004776.png	Писатели Алтайского края
0004777.png	Мужской монастырь в честь святых Новомучеников Российских
0004778.png	Ассоциация классических университетов России
0004779.png	Происхождение жизни
0004780.png	Политики Франции
0004781.png	Проекты
0004782.png	В фильме снимались
0004783.png	Биография
0004784.png	Продолжение:
0004785.png	В сентябре 1712 года вновь отправлен на Камчатку, подавил казацкий бунт.
0004786.png	География
0004787.png	Вскоре после окончания этого труда Дзанардини умер.
0004788.png	Правитель Го, куда бежали цзиньские княжичи, напал на Цзинь, но безуспешно.
0004789.png	Юридический факультет
0004790.png	Связь
0004791.png	Официальный сайт ТМ
0004792.png	Умер в 1926 году.  Похоронен на Введенском кладбище (11 уч.).
0004793.png	Чаоян, Китай
0004794.png	Деньги Японии
0004795.png	Этимология
0004796.png	Епифанова, Ольга Николаевна (партия «Справедливая Россия»);
0004797.png	Ссылки
0004798.png	«Ноченька», обработка русской народной песни
0004799.png	Сентябрь
0004800.png	Архелай (56 до н. э.)
0004801.png	Примечания
0004802.png	Предмет и методы
0004803.png	Международные
0004804.png	Резонёрство
0004805.png	Парламент благотворителей
0004806.png	Кандидаты в президенты Франции (1995)
0004807.png	Юристы Российской империи
0004808.png	См. также
0004809.png	См. также: :Категория:События 31 июля
0004810.png	Украина
0004811.png	Армия Монгольской империи
0004812.png	Сосочки языка развиваются на 6-7 месяце внутриутробного развития.
0004813.png	Режиссёр
0004814.png	В математике
0004815.png	хлебокомбинат
0004816.png	«Заграница без границ» (2017)
0004817.png	Родились
0004818.png	Население
0004819.png	Восстание махдистов
0004820.png	Деревянные триумфальные ворота
0004821.png	Блэйк (2020)
0004822.png	Военное столкновение феодальных группировок в Корее.
0004823.png	Сан-Марино
0004824.png	«Два капитана» (1976), реж. Евгений Карелов
0004825.png	Литература
0004826.png	Поэты Нидерландов
0004827.png	Технические характеристики
0004828.png	Фильмография
0004829.png	Плутарх писал:
0004830.png	Названы в честь фельдмаршала
0004831.png	Выпускники Колледжа Христа
0004832.png	Тэнрикё
0004833.png	Чистящий диск
0004834.png	Влияние
0004835.png	Председатели Рийгикогу
0004836.png	Восстановление системы высшего образования и мусульманской юриспруденции
0004837.png	Нина Хаген,
0004838.png	Оценка суицидального риска
0004839.png	Нельзя указывать палочками, не следует размахивать ими в воздухе.
0004840.png	Фаддей Булгарин и современники
0004841.png	История
0004842.png	Ссылки
0004843.png	Сервантеса, улица
0004844.png	Болгарские руны
0004845.png	В 1990 году выходит фильм «Духов день» с Шевчуком в главной роли.
0004846.png	Одесский национальный медицинский университет,
0004847.png	Алексей Врана
0004848.png	Современная литература
0004849.png	Депутаты Совета Союза 1-го созыва
0004850.png	Вильямом Мартином и Михаелем Русселем.
0004851.png	2 ноября
0004852.png	«Коммунизм»
0004853.png	Использование в сельском хозяйстве
0004854.png	Выпускники Рижской губернской гимназии
0004855.png	История
0004856.png	Осталось 1 секунда...
0004857.png	Курская область: Курск;
0004858.png	Диаграмма Пурбе
0004859.png	Андрей Мягков (ум. 2021), актёр театра и кино, народный артист РСФСР.
0004860.png	Примечания
0004861.png	Катастрофа европейского еврейства
0004862.png	Россия К
0004863.png	Крупнейшими импортерами выступили:
0004864.png	Косой дождь, косохлёст.
0004865.png	Юридические науки
0004866.png	102,7 МГц «Авторадио»
0004867.png	Лицо Черкасова изображено на советском ордене Александра Невского.
0004868.png	Теория Редже в квантовой теории поля
0004869.png	Нейроанатомия
0004870.png	Председатели Президиума Верховного совета СССР
0004871.png	Поверья (одновременный билингвизм)
0004872.png	Биография
0004873.png	Литература
0004874.png	Все боевые действия можно разделить на 5 театров военных действий:
0004875.png	В Московском театре миниатюр
0004876.png	Вклад в развитие науки
0004877.png	Ссылки
0004878.png	Примечания
0004879.png	Выпускники Оксфордского университета
0004880.png	Ислам
0004881.png	«Телесемь».
0004882.png	Примечания
0004883.png	Разновидности терменвокса
0004884.png	Известные люди
0004885.png	Ассоциация Карате России. АКР. Карате Кёкусинкай
0004886.png	Эмми Россум, американская певица и актриса.
0004887.png	Последний номер: май 1930 года
0004888.png	Гиперчувствительность
0004889.png	Дезорганизация тыла противника.
0004890.png	Мемориальное кладбище
0004891.png	Родившиеся в 1864 году
0004892.png	Свойства
0004893.png	Описание герба
0004894.png	а также слова общевосточнославянского происхождения:
0004895.png	Артуровский цикл
0004896.png	Международное гуманитарное право
0004897.png	От финно-угорского Вудаш (Водыж) - Водяной
0004898.png	Галопирующая инфляция
0004899.png	увеличение орбитального периода с 14,37 до 15,87 лет.
0004900.png	Издания:
0004901.png	поселение Воскресенское
0004902.png	23 Химия
0004903.png	немелкоклеточный рак лёгкого;
0004904.png	Идентификация вызывающего абонента
0004905.png	отмирание категории рода в восточном варианте;
0004906.png	Ниже представлена применявшаяся в разные годы система соревнований.
0004907.png	Формула цветового отличия
0004908.png	Персонажи русских былин
0004909.png	Институт химической биологии и фундаментальной медицины СО РАН
0004910.png	Графский титул и фамилия Коцебу перешли к барону Пиллар фон Пильхау.
0004911.png	Основные высшие учебные заведения Запорожской области:
0004912.png	Макросемьи
0004913.png	Здравоохранение
0004914.png	Генерал-адъютант (Выс. пр. 22.07.1909);
0004915.png	Сельскохозяйственные тракторы подразделяются на пропашные и общего назначения.
0004916.png	Аксиома выбора
0004917.png	Климат
0004918.png	Природа
0004919.png	Скончались
0004920.png	Родившиеся в 1767 году
0004921.png	Персонажи легендариума Толкина
0004922.png	Ссылки
0004923.png	АО «Кроона»;
0004924.png	Педагоги Татарстана
0004925.png	Населённые пункты Калязинского района
0004926.png	Использование
0004927.png	Население
0004928.png	условное наименование (сокращение)
0004929.png	Имена греческого происхождения
0004930.png	Медицина и физиология:
0004931.png	Треугольник
0004932.png	Сумская область: Пески, Клепалы, Чумаково, Путивль, Хижки, Камень, Мутин.
0004933.png	Загрязнение атмосферы
0004934.png	См. также
0004935.png	Доносительство
0004936.png	Преподаватели Морского кадетского корпуса
0004937.png	Марк Минков (ум. 2012), советский и российский композитор, народный артист РФ.
0004938.png	А. Борцов. Натовский пузырь
0004939.png	Книги эссе
0004940.png	Стиль Жизни (еженедельное локальное издание о спорте и здоровом образе жизни)
0004941.png	Ораторский приём (1971)
0004942.png	90-е. Весело и громко
0004943.png	Татьяна Буланова, российская поп-певица, заслуженная артистка России.
0004944.png	Надгробие Галахова на Литераторских мостках
0004945.png	Графики Германии
0004946.png	Официальные расследования
0004947.png	Древняя Русь и Московское царство
0004948.png	Кокшетауский государственный университет имени Ш. Уалиханова
0004949.png	Спутники Сатурна
0004950.png	Эффект Холла в ионизированных газах
0004951.png	Всё о монетах евро (включая золотые и серебряные)
0004952.png	Санаторий «Рабочий Уголок» (ул. Набережная, 6)
0004953.png	Дополнительными аксиомами являются следующие:
0004954.png	Сборная Франции
0004955.png	Наиболее масштабные примеры сотрудничества:
0004956.png	Галерея
0004957.png	НЛМК-Урал Сервис (в дивизионе НЛМК-Сорт).
0004958.png	Начинается следующая итерация.
0004959.png	Канонические основания и роль епископа в Церкви
0004960.png	нематериальные блага.
0004961.png	оба эти сочинения выдержали по несколько изданий.
0004962.png	Григорий Николаевич
0004963.png	«Гуррен-Лаганн», телесериал 2007 года. Ведущий аниматор (27-я серия).
0004964.png	Города на Волге
0004965.png	По эмитентам
0004966.png	Время работы
0004967.png	Также и Святой Дух, исходя от Отца и Сына, не отделяется ни от Отца, ни от Сына.
0004968.png	Вокруг коллекции семян Вавилова в Питере разгорелся скандал
0004969.png	Эсперантисты Франции
0004970.png	Музыка
0004971.png	Культура
0004972.png	, Санни-Айлз-Бич
0004973.png	10 октября
0004974.png	Родившиеся в департаменте Йонна
0004975.png	Поэты Великобритании
0004976.png	Список финальных матчей
0004977.png	Классификация гностических учений
0004978.png	Примечания
0004979.png	Розарио Ло Верде (1986)
0004980.png	Безымянная дочь (р. и ум. 1518)
0004981.png	Влияние телеконвертеров и специальных фильтров
0004982.png	Российский Национальный клуб породы эрдельтерьер
0004983.png	События
0004984.png	Уильям Мастерс (ум. 2001), американский гинеколог и сексолог.
0004985.png	Клиника
0004986.png	В химии
0004987.png	Примечания
0004988.png	Примечания
0004989.png	Константинопольская православная церковь;
0004990.png	года в Алексине и Алексинском уезде была установлена Советская власть.
0004991.png	Финляндия, День независимости.
0004992.png	Основные теоремы
0004993.png	Примечания
0004994.png	Противопоказания
0004995.png	Дополнительная информация: Инвазивные виды .
0004996.png	Иные производства
0004997.png	Остров Олдерни
0004998.png	Пищевая промышленность
0004999.png	Число смертей:
0005000.png	Диалекты испанского языка в Африке
0005001.png	Хактивизм
0005002.png	Примечания
0005003.png	Объекты на реке Волчья (от истока к устью)
0005004.png	Диабет
0005005.png	Примечания
0005006.png	Учебные заведения
0005007.png	Примечания
0005008.png	Семья
0005009.png	Структура нормы права
0005010.png	Характеристики сульфата бария (аккумуляторного)
0005011.png	Похороненные в Новодевичьем монастыре
0005012.png	Миндаль можно высаживать как декоративное почвозащитное растение.
0005013.png	4. Отец
0005014.png	Посадский, Владислав Анатольевич (23.02.2004, 814)
0005015.png	См. также: :Категория:События 19 февраля
0005016.png	Знак отличия «За заслуги перед Челябинской областью»;
0005017.png	Примечания
0005018.png	Культура Древнего Египта
0005019.png	На территории города выпускаются следующие газеты:
0005020.png	Епархиальный суд (1880)
0005021.png	Поверхностный (простой) аппендицит.
0005022.png	Рождаемость и смертность
0005023.png	Отдел капитального строительства, ремонта и управления имуществом
0005024.png	Примечания
0005025.png	Квадратный корень из отношения масс электрона и протона:
0005026.png	В астрономии
0005027.png	Биография
0005028.png	Бернардино Телезио
0005029.png	Астраханская клиническая больница ул. Максима Горького, 12, 14;
0005030.png	Венгерская Народная Республика
0005031.png	Боги плодородия
0005032.png	Музыкальная акустика
0005033.png	Примечания
0005034.png	Горнолыжный курорт «Пужалова гора»
0005035.png	Василий Ряховский. «Евпатий Коловрат» (1947)
0005036.png	Небезопасная реализация функций с переменным числом аргументов
0005037.png	, причём ,
0005038.png	Характер и внешность
0005039.png	Посмертное признание
0005040.png	Примечания
0005041.png	Схожие концепции в других религиозных традициях
0005042.png	Персоналии по алфавиту
0005043.png	Валентин Гафт, актёр.
0005044.png	Биеннале современного искусства
0005045.png	Рыболовство
0005046.png	Награды
0005047.png	Часовой пояс
0005048.png	Юрий Шишкин
0005049.png	Подвижные
0005050.png	5 городов и посёлков Росатома:
0005051.png	Грамматики Древнего Рима
0005052.png	Персоналии:Нижегородская область
0005053.png	Он леопард! Он самурай!
0005054.png	Метеорология
0005055.png	21 июня
0005056.png	Дополнительная литература
0005057.png	Бывшие посёлки городского типа Ямало-Ненецкого автономного округа
0005058.png	Известные носители
0005059.png	«Сорные травы» (1890),
0005060.png	Этимология
0005061.png	Губкинская
0005062.png	Ждакаев, Иван Андреевич
0005063.png	Настольные игры по алфавиту
0005064.png	Ссылки
0005065.png	Первый год по эре правления луского князя Сюань-гуна.
0005066.png	Скончались
0005067.png	"Акционерное общество "Мукомольный завод «МуЗа»;
0005068.png	Производство
0005069.png	Политика
0005070.png	Рекурсия
0005071.png	Книга мировых фактов ЦРУ: Малави
0005072.png	Основание и развитие города
0005073.png	Оценка политической системы
0005074.png	Первые строки гимна:
0005075.png	Тогда алгоритм метода бисекции можно записать в псевдокоде следующим образом:
0005076.png	В сфере безопасности
0005077.png	Внешний вид
0005078.png	Елена Манистина (заслуженная артистка РФ)
0005079.png	Часовой пояс
0005080.png	Вступление и исключение из организации, прекращение общения с исключёнными
0005081.png	«Почта Банк»
0005082.png	Перекрытие-оболочка
0005083.png	Нижегородская область
0005084.png	Шведское наречие в Финляндии
0005085.png	Образование
0005086.png	Улица Кульнева в Лудзе.
0005087.png	Урбанизация
0005088.png	По переписи 2010 года национальный состав городского округа Волжский:
0005089.png	Сейчас день города празднуется в третье воскресенье сентября.
0005090.png	Парк «МГОК» (бывш. им. Н.А.Островского)
0005091.png	Кинотеатры
0005092.png	Два знатных всадника
0005093.png	Аллювиальная равнина
0005094.png	Результаты выступлений в «Формуле-1»
0005095.png	Кэндес Бушнелл «Секс в большом городе» (1997).
0005096.png	Литература
0005097.png	Музей-квартира М. Джалиля в Казани.
0005098.png	Военная реформа (1874).
0005099.png	орден Трудового Красного Знамени (2.6.1937)
0005100.png	Дом Роби, Чикаго, шт. Иллинойс, 1909
0005101.png	2010-е годы
0005102.png	конфликт между Россией и Украиной в отношении цен на газ.
0005103.png	реализация сценария;
0005104.png	Литература
0005105.png	Иранская кухня
0005106.png	Геральдика
0005107.png	оз. Кукас
0005108.png	Соловьи
0005109.png	опера «Кентервильское привидение» композитора Александра Кнайфеля
0005110.png	Представители
0005111.png	Педиатры Германии
0005112.png	Примечания
0005113.png	Монеты стран СНГ и Балтии
0005114.png	Если вещества используются в фармакотерапии, их называют лекарственные средства.
0005115.png	Выпускники института Корпуса инженеров путей сообщения
0005116.png	Арцах
0005117.png	Последний общий предок
0005118.png	Литература
0005119.png	Школа структурной антропологии
0005120.png	Характер
0005121.png	Реки Саара
0005122.png	Иман Абдулмаджид, американская фотомодель сомалийского происхождения
0005123.png	Мёдзай
0005124.png	Орден Святого апостола Андрея Первозванного (Российская империя, 4 октября 1816)
0005125.png	22-я легкотанковая бригада (Т-26)
0005126.png	45 км: Муранка
0005127.png	Юмористы Великобритании
0005128.png	Личная жизнь
0005129.png	Выпускники Гамбургского университета
0005130.png	Эстетическая стоматология успешно справляется со следующими задачами:
0005131.png	Награды и звания
0005132.png	Первая мировая война
0005133.png	Близнецовый
0005134.png	Церковь христиан веры евангельской (ул. Свердлова, д. 36),
0005135.png	ПОО ЧУ «Юридический техникум» г. Кропоткин
0005136.png	Сгоревшие здания и сооружения
0005137.png	Фалес Милетский
0005138.png	По шкалам Фудзиты (улучшенная) и ТОРРО
0005139.png	«Тридцать первое августа», 1996
0005140.png	Награды и звания
0005141.png	В кинематографе
0005142.png	Преподаватели гимназии Арсеньевой
0005143.png	Характеристика
0005144.png	Атака посредника, или атака «человек посередине»
0005145.png	расчётные, текущие и иные счета в кредитных организациях;
0005146.png	От Кугесь до Чебоксар ходит маршрутное такси под маршрутом 162 и 325.
0005147.png	Шляхетские роды герба Корчак
0005148.png	Эта статья о философах. См. также «киренаика (значения)».
0005149.png	«Вежливый бычок»
0005150.png	и двусторонних главных идеалов элемента  кольца  соответственно.
0005151.png	Арретинская керамика
0005152.png	Исторический центр Иркутска  Виртуальная прогулка
0005153.png	Возвращение Иисуса Христа во плоти в будущем.
0005154.png	См. также: :Категория:Праздники 16 апреля
0005155.png	Подписавшие «письмо четырёх академиков»
0005156.png	Управление ядерным реактором
0005157.png	Музей истории Эльтигенского десанта.
0005158.png	Ссылки
0005159.png	Автогонки
0005160.png	Преобразование двоичных чисел в десятичные
0005161.png	Телевидение
0005162.png	Население
0005163.png	Народный артист Азербайджанской ССР (1973)
0005164.png	Воинские объединения, соединения, части
0005165.png	Творчество
0005166.png	И ты увидишь: тут вот, недалече
0005167.png	Письмо майя
0005168.png	Мечеть Акмечит Джами.
0005169.png	Участники Первой мировой войны (Россия)
0005170.png	Художники Литвы
0005171.png	За рубежом
0005172.png	Примечания
0005173.png	Главные различия психолога от психиатра и состоят в следующем:
0005174.png	Космический полёт на «Союзе-12»
0005175.png	Лауреаты премии Президента Российской Федерации
0005176.png	Правосубъектность
0005177.png	Католическая лига
0005178.png	Шахунский лесхоз,
0005179.png	Литература
0005180.png	Неупотребление воинского звания «лейтенант» в смысле «офицер»
0005181.png	Позиции студийных альбомов в мировых чартах
0005182.png	керамзитовый
0005183.png	Различают номинальную и реальную процентную ставку.
0005184.png	Принцессы Пфальцские
0005185.png	Ссылки
0005186.png	Фармакологическое действие
0005187.png	Бавария в составе Германской империи
0005188.png	Мемуаристы Швейцарии
0005189.png	Экспедиции
0005190.png	Пушкинская площадь
0005191.png	Прокофьева Анастасия
0005192.png	Всеволожи
0005193.png	Мотивация
0005194.png	«Петрарка и его странствия» (профессор Мезьер, продолжение курса);
0005195.png	См. также
0005196.png	Флигель-адъютанты (Российская империя)
0005197.png	Колыванское
0005198.png	Ссылки
0005199.png	Государства в истории Украины
0005200.png	Концепция Виктора Суворова
0005201.png	См. также
0005202.png	Рельеф
0005203.png	География Молдавии
0005204.png	Новый век СК.
0005205.png	Публицисты Российской империи
0005206.png	Гендерные особенности
0005207.png	Дворцы Венеции
0005208.png	Смог избежать участия в политическом «деле Лузина» (1936).
0005209.png	Литература
0005210.png	Вооружённые силы
0005211.png	По некоторым данным орангутан считается самым умным животным после человека.
0005212.png	См. также
0005213.png	площадь 2211000кв.км
0005214.png	Переименованные населённые пункты России
0005215.png	возможность и невозможность
0005216.png	Эредия
0005217.png	Вселенские соборы и поместные церкви
0005218.png	Северский Донец 700
0005219.png	Примечания
0005220.png	Гражданская война на Украине
0005221.png	Основание Нанкинского университета (258)
0005222.png	Генетические группы
0005223.png	События
0005224.png	Комментарии
0005225.png	Итого: 1 трофей
0005226.png	На 1 января 1926 года в губернии насчитывалось 1 006 519 человек.
0005227.png	Сципион Африканский
0005228.png	Этика и авторское право
0005229.png	на холсте и на тёмных грунтах.
0005230.png	юбилейный знак «50 лет органам ВЧК-КГБ» (1967);
0005231.png	Собственно языки бодо-гаро;
0005232.png	Длины
0005233.png	Это отношения наёмного труда.
0005234.png	Капоэйра в России
0005235.png	Совет Европы подписал рамочную конвенцию о защите национальных меньшинств.
0005236.png	(высота) равна декартовой -координате точки .
0005237.png	Этимология
0005238.png	Фундаментальные взаимодействия
0005239.png	Войны Франции
0005240.png	Религиозные
0005241.png	Пространство-время ОТО и сильный принцип эквивалентности
0005242.png	Геморрагическая лихорадка Марбург
0005243.png	Деятельность
0005244.png	Териологи Российской империи
0005245.png	Растительный мир
0005246.png	Ранние годы
0005247.png	Гомосексуальный скандал в Русской православной церкви
0005248.png	Пьеса «Ктуба» («Брачный договор») поставлена:
0005249.png	Участники освобождения Варшавы
0005250.png	Выпускники Первой Казанской гимназии
0005251.png	Корунд
0005252.png	Литература
0005253.png	Иезуиты Испании
0005254.png	Расположение и рельеф
0005255.png	Персоналии:Индуизм в Германии
0005256.png	Выступления Дилана в СССР и России
0005257.png	Чернобыльская авария
0005258.png	Так что это было?..
0005259.png	Ежегодное празднование в Ковентри
0005260.png	Литература
0005261.png	См. также
0005262.png	Астрономы по алфавиту
0005263.png	Общественная деятельность
0005264.png	2009: «Прозерпина», опера-монодрама Вольфганга Рима
0005265.png	Гербы Княжеств и Областей Юго-Западных
0005266.png	Православие
0005267.png	6 марта
0005268.png	В литературе
0005269.png	Выпускники Тамбовской военной авиационной школы пилотов
0005270.png	Лекарственные грибы
0005271.png	«Два богатыря» (1989, озвучил Павел Смеян)
0005272.png	Музыка
0005273.png	Примечания
0005274.png	Съёмочная группа
0005275.png	воображения (имажинитивные процессы);
0005276.png	Биография
0005277.png	Вырожденный полупроводник
0005278.png	Африканизированная пчела
0005279.png	Принцип непричинения вреда:
0005280.png	Биография
0005281.png	Образование и наука
0005282.png	Урбанизация
0005283.png	личные продажи;
0005284.png	в таблице выделены Герои, удостоенные звания дважды и более раз.
0005285.png	Новочебоксарск в энциклопедии «Мой город»
0005286.png	Ссылки
0005287.png	Антипараллелограмм
0005288.png	В буддизме
0005289.png	Алла Парфаньяк (р. 1923), советская и российская актриса театра и кино.
0005290.png	Образование
0005291.png	Фильмы-мелодрамы Германии
0005292.png	Примечания
0005293.png	Память священномученика Антония (Быстрова), архиепископа Архангельского (1931).
0005294.png	Преимущества
0005295.png	Музей истории коксохимического завода;
0005296.png	События
0005297.png	Турки
0005298.png	Примечания
0005299.png	Примеры
0005300.png	Таврофагос ().
0005301.png	Анализ творчества
0005302.png	Эфемерный ключ
0005303.png	Полная интроспекция.
0005304.png	Теория познания
0005305.png	Столицы земель Германии
0005306.png	Ссылки
0005307.png	Выпускники Школы Сент-Олбанс (Вашингтон, округ Колумбия)
0005308.png	Правительство и политика
0005309.png	Примечания
0005310.png	метод семантического интеграла, и ряд других.
0005311.png	Методики рентгенологического исследования
0005312.png	Голос за кадром  Сайт об озвучке
0005313.png	Инъекция (математика)
0005314.png	Роботы-актёры в театре и кино
0005315.png	Память
0005316.png	Биография
0005317.png	Происхождение
0005318.png	Политики, известные под псевдонимами
0005319.png	26 февраля
0005320.png	Клебер
0005321.png	Русские православные святители
0005322.png	Античные писатели, чьи труды дошли до нашего времени
0005323.png	Примечания
0005324.png	Ош, Киргизия
0005325.png	Технологии клавиатур
0005326.png	Применение
0005327.png	Населённые пункты городского округа город Нальчик
0005328.png	Ссылки
0005329.png	память святителя Мелетия, архиепископа Харьковского (1840);
0005330.png	ДЮСШ «Клуб бокса».
0005331.png	Моллюски
0005332.png	Премии
0005333.png	Музыкальные термины
0005334.png	См. также
0005335.png	Повести и рассказы
0005336.png	Администрация муниципального образования «Город Никольск»
0005337.png	Детективные фильмы США
0005338.png	Условия
0005339.png	Национальный состав
0005340.png	Начало карабахского конфликта
0005341.png	Лысьва (левый).
0005342.png	Лауреаты Царскосельской художественной премии
0005343.png	Эйлат (эсминец)
0005344.png	Животные
0005345.png	Смерть
0005346.png	политическое и военное противостояние внешнему сообществу.
0005347.png	В течение девяти лет был женат на переводчице Наталии Рейн, имеет сына Бориса.
0005348.png	Колонка Стогова о в аналитическом журнале. (2012)
0005349.png	Экипаж при посадке
0005350.png	«Виктуар де ля мюзик» за концерт в Хьюстоне
0005351.png	Карен Макдугал, американская актриса и фотомодель.
0005352.png	Офтальмологи Италии
0005353.png	Литературоведение
0005354.png	Педагоги по алфавиту
0005355.png	Научная аппаратура станции
0005356.png	Индейцы Северной Америки
0005357.png	роботы
0005358.png	2-й гусарский полк «Князь Арпади»
0005359.png	Сайт администрации города
0005360.png	Ссылки
0005361.png	ООО «Металл-Завод»
0005362.png	капитан 1-го ранга Черноус Вячеслав Михайлович
0005363.png	Преподаватели Казанской духовной академии
0005364.png	Ссылки
0005365.png	Восстание Шамаш-шум-укина
0005366.png	География
0005367.png	Хуберт Хуркач, польский теннисист.
0005368.png	П. Аксельрод на сайте «Хронос»
0005369.png	См. также
0005370.png	Казначеевы: Яков Иванович и Яков Степанович - стряпчие (1692).
0005371.png	Обнинский институт атомной энергетики
0005372.png	1656 год в России
0005373.png	Боль (от легкой до умеренной)
0005374.png	Екатерина (1528)
0005375.png	«Савонарола»
0005376.png	С 1956 года в городе действует трамвайная сеть. Работает 3 маршрута:
0005377.png	Эдгар По в массовой культуре
0005378.png	Общая характеристика
0005379.png	Зинон
0005380.png	Информационное (биржевое) табло
0005381.png	Торговые центры, супермаркеты и сфера услуг
0005382.png	Ссылки
0005383.png	Урбанизация
0005384.png	подраздел «дву-и-одночленная» (моноклинная) система
0005385.png	Русисты
0005386.png	Ссылки
0005387.png	Примечания
0005388.png	Осло, Норвегия (1945)
0005389.png	Юйфуло бежал в Лоян и был утверждён шаньюем, но не смел вернуться во владения.
0005390.png	Общероссийский народный фронт
0005391.png	Борьба с сорными растениями
0005392.png	Мемуаристы СССР
0005393.png	В фильме Мёртвая тишина: комната со 101 куклой.
0005394.png	Вспомогательные объекты
0005395.png	Эсхатология
0005396.png	Имена греческого происхождения
0005397.png	Литература
0005398.png	Архитектура
0005399.png	Благоустройство
0005400.png	См. также
0005401.png	Музеи
0005402.png	Задача Фейнмана
0005403.png	Стук в дверь (1959)
0005404.png	Вепсская литература
0005405.png	Никола Ковачевич, сербский волейболист, чемпион Европы (2011).
0005406.png	Турин в Бретиле
0005407.png	Чувашский язык
0005408.png	Сундьятта, вождь Малинке, захватил Гану и окончательно разрушил город.
0005409.png	563 км: река Ракулка
0005410.png	Скульптуры перед ТЦ «Пушкинский»
0005411.png	Примечания
0005412.png	Фонетический комплемент
0005413.png	от Владимира Ступина и его команды
0005414.png	Населённые пункты с численностью населения более 10 тысяч человек
0005415.png	Центр Исмаилизма
0005416.png	Сотрудники ГРУ
0005417.png	мемориальная табличка на аллее Героев;
0005418.png	Население
0005419.png	Народные писатели Литовской ССР
0005420.png	Описание герба
0005421.png	Обязательственное право
0005422.png	В ролях
0005423.png	Дон Маклин, американский фолк-певец, автор песен.
0005424.png	Нюрнбергские принципы
0005425.png	С 1998 в Эритрее введена обязательная пожизненная служба в армии.
0005426.png	Особенности
0005427.png	Стратосферные полёты
0005428.png	Примечания
0005429.png	Литература
0005430.png	Орора
0005431.png	Ссылки
0005432.png	Библиография Жана Бодрийяра со ссылками на интернет-магазины
0005433.png	Топоним
0005434.png	Нефтебаза «Энергос»
0005435.png	Синтаксис и семантика
0005436.png	Глаза как жар горят, румянцем пышут щеки,
0005437.png	Важные примеры: неравенство Бернулли, бином Ньютона.
0005438.png	Психологические характеристики рефлексии
0005439.png	Кафедра компьютерной физики
0005440.png	Этнический состав
0005441.png	Геннадий Коротков
0005442.png	Кин-дза-дза!
0005443.png	История
0005444.png	Генеральные прокуроры Украины
0005445.png	Отчёты об ошибках
0005446.png	Сейлем, штат Орегон, США
0005447.png	Кабо-Верде: забытые острова Андрей Боген, «Немецкая волна», 25 октября 2000 года
0005448.png	Коммуникации
0005449.png	Канцлеры Лондонского университета
0005450.png	Примечания
0005451.png	всему миру.
0005452.png	Ссылки
0005453.png	Практический психолог
0005454.png	Кинокомедии 1999 года
0005455.png	Флора Австралии и Океании
0005456.png	Асуры
0005457.png	Среди настроек, функций и опций «Живого Журнала»:
0005458.png	Сайт Архангельского колледжа телекоммуникаций (филиал СПбГУТ)
0005459.png	Скончались
0005460.png	Проблемы
0005461.png	Члены Палаты бюргеров Виргинии
0005462.png	Род-Айленд
0005463.png	Городские маршруты:
0005464.png	Богучарский 2-й переулок
0005465.png	Откровение Иоанна Богослова
0005466.png	Огранка бриолетта
0005467.png	На русском языке
0005468.png	Английские поэты
0005469.png	Филогенетические корни летального насилия у людей
0005470.png	Официальный сайт ХК «Ак Барс»
0005471.png	Персоналии:Киностудия имени М. Горького
0005472.png	Машиностроение
0005473.png	31 марта
0005474.png	Фоторезистор
0005475.png	Ссылки
0005476.png	на иных планетах:
0005477.png	31 марта
0005478.png	(в пер.)
0005479.png	В Ржеве:
0005480.png	преобладание сельского населения
0005481.png	Очень верная жена (1992)
0005482.png	Социальное развитие
0005483.png	Январь
0005484.png	Национальные домены верхнего уровня
0005485.png	Кинжал
0005486.png	Города-побратимы
0005487.png	Реставрация картин Павла Филонова в Русском музее
0005488.png	Культура
0005489.png	Отечество ликует,
0005490.png	См. также Спектакли Московского Художественного театра
0005491.png	Музейно-этнографический комплекс «Мордовское Подворье».
0005492.png	Ссылки
0005493.png	Премия Филдса.
0005494.png	Институт математики, информационных технологий и физики
0005495.png	Художественный музей
0005496.png	Первая Митридатова война
0005497.png	Фараоны
0005498.png	Остров Беллинсгаузена
0005499.png	Эпонимы городов
0005500.png	Питер Макпарланд
0005501.png	Космическая энциклопедия
0005502.png	Архатство может быть определено другим.
0005503.png	Транслитерация русского алфавита латиницей
0005504.png	Депутаты Совета Союза 6-го созыва
0005505.png	Хоккей с шайбой в Германии
0005506.png	Револьвер
0005507.png	Члены Академии Российской
0005508.png	Экспансия Российской империи на Дальнем Востоке
0005509.png	Награды
0005510.png	Примечания
0005511.png	именные
0005512.png	Производство
0005513.png	Промышленность
0005514.png	Культура
0005515.png	Средний Рейн
0005516.png	Литература
0005517.png	Прикладная психолингвистика
0005518.png	Трубопроводный
0005519.png	Примечания
0005520.png	Физические свойства
0005521.png	Переименованные населённые пункты России
0005522.png	Клубная карьера
0005523.png	Писатели-фантасты СССР
0005524.png	Этимология
0005525.png	Выпускники Киевского суворовского военного училища
0005526.png	Умм Кульсум бинт Мухаммад
0005527.png	апрель. Сражение под Каллиником. Византийская армия терпит поражение от персов.
0005528.png	14 ноября
0005529.png	энергоносители (9,5 млрд);
0005530.png	Преподаватели Кёнигсбергского университета
0005531.png	Театр при Константине Хабенском (с 2021 года)
0005532.png	Ановуляция
0005533.png	Музей истории культуры города Волжского
0005534.png	Члены Совета при Президенте РФ по культуре и искусству
0005535.png	Шарангский народный краеведческий музей
0005536.png	Примечания
0005537.png	Ссылки
0005538.png	Производные и клоны
0005539.png	Геркон
0005540.png	Примечания
0005541.png	Белки
0005542.png	Архангельская митрополия
0005543.png	Наместники царства Польского
0005544.png	Участники Крымской войны
0005545.png	Примечания
0005546.png	Литература
0005547.png	28-е простое число.
0005548.png	Родились
0005549.png	Короли Венгрии
0005550.png	Терская Казачья Артиллерия:
0005551.png	отит;
0005552.png	памятник погибшим воинам 28-й армии (1960, перестроен в 1977) ул. Савушкина;
0005553.png	Ссылки
0005554.png	Спорт
0005555.png	Новиков, Дмитрий Георгиевич
0005556.png	генерал-полковник таможенной службы (с 1997)
0005557.png	Малый Татарский переулок
0005558.png	Примечания
0005559.png	Примеры языков разметки
0005560.png	Велоспорт
0005561.png	Марийский политехнический техникум
0005562.png	Примечания
0005563.png	Замёрз Ниагарский водопад.
0005564.png	Литература
0005565.png	Диаграмма пребывания в должности
0005566.png	Орден Святой Анны ()
0005567.png	Вооружённые силы Сербии и Черногории
0005568.png	Ссылки
0005569.png	в военно-воздушных силах состоит из эскадрилий;
0005570.png	Чатботы
0005571.png	Литература
0005572.png	Реализм
0005573.png	Дьюла (), Венгрия (1970);
0005574.png	Ссылки
0005575.png	Древность
0005576.png	Физкультура и спорт
0005577.png	Серийность
0005578.png	Жером Лежён (ум. 1994), французский врач и учёный-генетик.
0005579.png	Лейпунский, Александр Ильич
0005580.png	Ссылки
0005581.png	Применение
0005582.png	Корниенко, Алексей Викторович
0005583.png	Пришли
0005584.png	Примечания
0005585.png	Гора Сакат-тау.
0005586.png	Изучение
0005587.png	Газета Юга
0005588.png	Демографическая статистика с 1932 года
0005589.png	Участие в съездах
0005590.png	Примечания
0005591.png	Выпускники философского факультета МГУ
0005592.png	Цель игры
0005593.png	Метантенк
0005594.png	Танайна
0005595.png	Таблица классификации оксидов
0005596.png	Евреи в Римской империи
0005597.png	Классическая термодинамика включает в себя следующие разделы:
0005598.png	Выразим  через критическую плотность и долю барионов:
0005599.png	ОАО Машиностроительный завод «Арсенал»
0005600.png	Казань.
0005601.png	Кайя Кылар, певица. Известна по ансамблю Верасы
0005602.png	Хуянь, князь хунну разрушает китайские военные поселения в Хами.
0005603.png	Термин
0005604.png	Гран-при Монако (Формула-1)
0005605.png	Награды иностранных государств
0005606.png	Признание
0005607.png	Иньяцио Силоне, итальянский писатель (ум. 1978).
0005608.png	21 января
0005609.png	Фильмография
0005610.png	Характеристика пестицидов, отнесённых к стойким органическим загрязнителям
0005611.png	Стынгтраенг
0005612.png	Уникальный для России памятник кладбищенской архитектуры на городском кладбище
0005613.png	Примечания
0005614.png	Космические полёты
0005615.png	Экономика
0005616.png	Сборник:
0005617.png	1767 км: Илекогда
0005618.png	науки и образования.
0005619.png	Бабаюртовский район:
0005620.png	Физические свойства
0005621.png	История
0005622.png	Прототипы
0005623.png	Родились
0005624.png	Алдоар
0005625.png	Районы Башкортостана
0005626.png	Братья и сёстры:
0005627.png	Турция в Азии
0005628.png	Награждённые Королевской медалью
0005629.png	Курорты Кавказских Минеральных Вод
0005630.png	Амасья (ил)
0005631.png	Рунет
0005632.png	Прощай, милый взгляд,
0005633.png	В 2009 году открыт Памятник Тысячелетия Бреста.
0005634.png	Символы
0005635.png	Председатели Государственного планового комитета Совета министров СССР
0005636.png	См. также
0005637.png	охранять тыл и фланг всего отряда в случае обхода.
0005638.png	Художественный музей
0005639.png	Выбор очков
0005640.png	Примечания
0005641.png	Народный трибун: Тиберий Понтифиций.
0005642.png	Скончались
0005643.png	Переименованные населённые пункты России
0005644.png	Броня (бронепанели в бронежилетах)
0005645.png	Достопримечательности
0005646.png	Земля моя Тобольского района
0005647.png	Недиагональная диффузия должна быть нелинейной
0005648.png	Секступлеты простых чисел
0005649.png	Агнешка Осецкая (р. 1936), польская поэтесса, сценарист, режиссёр и журналистка.
0005650.png	Литература
0005651.png	Один из домов химика ДеСерра, у которого бывал А.С.Пушкин - Кирова, 49.
0005652.png	Зарин, Андрей Ефимович
0005653.png	ООО «Кизлярский коньячный комбинат»;
0005654.png	Инструкция к Паксилу (справочник Видаль-2006)
0005655.png	Почётные доктора Лодзинского университета
0005656.png	Атмосферные циклоны Земли
0005657.png	В 1818 году Георгий Лазарь основал в Бухаресте школу на румынском языке.
0005658.png	Комбинаторные свойства
0005659.png	Литература
0005660.png	Примечания
0005661.png	Списки футболистов России
0005662.png	В искусстве
0005663.png	Фарминьян
0005664.png	Ссылки
0005665.png	Тимур Вайнштейн (с 2015)
0005666.png	2 мая 2020 года упразднены деревни Березовец и Выползово.
0005667.png	Родились
0005668.png	Литература
0005669.png	Фото города Жёлтые Воды.
0005670.png	В городе работают три городских автобусных маршрута:
0005671.png	Орден Заслуг перед Республикой Венгрия с Большим Крестом
0005672.png	Предприятия Запорожья
0005673.png	Кавалеры золотого оружия «За храбрость»
0005674.png	Физико-географическое положение
0005675.png	Завод турбинных лопаток
0005676.png	Народы Греции
0005677.png	Вайнштейн Игорь Владимирович
0005678.png	Связанные дисциплины
0005679.png	ТДК (Телевизионный Дамский Клуб)
0005680.png	Орден Почёта (2009, Южная Осетия)
0005681.png	Фотоальбом Крестовая гора. Литва
0005682.png	И «Записки» и «Дневник», с риском для себя сохранила семья Орешко.
0005683.png	Галерея
0005684.png	Образование, культура и социальная сфера
0005685.png	Его важнейшие труды:
0005686.png	Чепа, Владимир Александрович (12.10.2023)
0005687.png	безуспешность консервативного лечения,
0005688.png	Аршакиды Кавказской Албании
0005689.png	АО «Комсомольский горпищекомбинат».
0005690.png	Парадокс кинетической энергии
0005691.png	«За оборону Кавказа»
0005692.png	После восстания
0005693.png	Приз жюри,
0005694.png	Фонетика
0005695.png	Дни рождения
0005696.png	Однородные координаты
0005697.png	стоимость минимального шага
0005698.png	Литература
0005699.png	Известные носители фамилии Качалов
0005700.png	Константин Иванович
0005701.png	Киберготы
0005702.png	Премьер-министры Индии
0005703.png	Звания
0005704.png	Литература
0005705.png	Климат
0005706.png	Догон (стратегия ставок)
0005707.png	События
0005708.png	Биография
0005709.png	Переосмысление имени
0005710.png	Государственный казачий ансамбль песни и танца «Ставрополье»
0005711.png	«Дочери Ирана» (1939)
0005712.png	6 октября
0005713.png	цуба (гарда)
0005714.png	Храм Покрова Пресвятой Богородицы
0005715.png	Формы государственного устройства
0005716.png	Ниш, Сербия (13 июня, 2015)
0005717.png	Формат музыкальных файлов
0005718.png	Этимология
0005719.png	Сахар в кубиках
0005720.png	«Страна призраков» (, 2007);
0005721.png	Нормативные документы по земельному праву
0005722.png	Физико-географическая характеристика
0005723.png	Збигнев Бжезинский
0005724.png	Небесная механика
0005725.png	Позднее Средневековье
0005726.png	Депутаты Верховного Совета Башкирской АССР третьего созыва
0005727.png	Давид, царь Израильско-Иудейского государства (примерная дата).
0005728.png	Последнее обновление 11.12.2019
0005729.png	Скончались
0005730.png	Государства в истории Литвы
0005731.png	Творческие объединения кинематографистов
0005732.png	Более детально механизм фумаразной реакции представлен ниже:
0005733.png	Этот год в Первой книге Маккавейской назван «сто семьдесят седьмым».
0005734.png	Справочные издания
0005735.png	Ломографическое сообщество
0005736.png	Тора, происходящая от Творца, не подлежит изменениям.
0005737.png	поэт и философ Григорий Хабулава
0005738.png	Ссылки
0005739.png	Монеты Тимура
0005740.png	Местные реакции:
0005741.png	Большая Филёвская улица
0005742.png	Детективные фильмы США
0005743.png	Кейт Куинн. «Хозяйка Рима»
0005744.png	Артикулема
0005745.png	Абаканович
0005746.png	«Орлиные перья» Ф. Фаркаша (21 января )
0005747.png	Смотрите статистику Суда по состоянию на 30.11.2019 года
0005748.png	Поляризация небесного свода
0005749.png	Датский орден Слона (20.08(01.09).1819)
0005750.png	Бавлы
0005751.png	Дозировка и продолжительность
0005752.png	Лингвистическая запись
0005753.png	Словари и энциклопедии
0005754.png	Железнодорожный транспорт
0005755.png	Дворянские роды, на гербах которых изображены два страусовых пера
0005756.png	Литература
0005757.png	Могилёв (Белоруссия)
0005758.png	Академики Академии наук Грузии
0005759.png	Телесериалы на русском языке
0005760.png	центробежно-шнековые (дисковые, оседиагональные) насосы
0005761.png	Ссылки
0005762.png	Примечания
0005763.png	Режим дозирования
0005764.png	опробование способа устранения поломки на наземной копии корабля.
0005765.png	Соединения железа по алфавиту
0005766.png	Том исторического сочинения
0005767.png	См. также
0005768.png	Персоналии по алфавиту
0005769.png	Химия
0005770.png	советские войска взяли город Ельня, закончилось Смоленское сражение.
0005771.png	Кандалакшский
0005772.png	Военно-ветеринарное управление.
0005773.png	дуговой разряд
0005774.png	Северная Америка
0005775.png	Черниговский переулок
0005776.png	Мифические существа в японской мифологии
0005777.png	Национальный художественный музей Республики Саха (Якутия)
0005778.png	Поражения (13)
0005779.png	Персоналии:Технологии телевидения
0005780.png	Ниже более подробно представлены «обычный» туннельный диод и резонансный.
0005781.png	Логические операции
0005782.png	Под вопросом: лепча;
0005783.png	Невринома
0005784.png	Федеральное агентство по делам национальностей
0005785.png	Памятные монеты
0005786.png	Человек разумный
0005787.png	системы отборов турбины и питания приводов обратных клапанов;
0005788.png	Литература
0005789.png	Льюльяйльяко
0005790.png	Примеры выдающихся конструкций
0005791.png	Литература
0005792.png	о. Золотые ворота
0005793.png	многоугольники;
0005794.png	Версия Симеона Метафраста
0005795.png	Открытый космос
0005796.png	Транспорт
0005797.png	Разделы биологии
0005798.png	Паровая турбина
0005799.png	Киноактёры США
0005800.png	медали.
0005801.png	См. также
0005802.png	См. также
0005803.png	Перуанская музыка в честь Анны Павловой
0005804.png	Дом культуры «Шаховский»
0005805.png	Джордж Тэйлор
0005806.png	«РаМБаМ». Раввин Йосеф Херсонский и Шейндл Кроль
0005807.png	Метрополитен выделяют в отдельный вид общественного транспорта.
0005808.png	Физиология
0005809.png	Стричек, Алексей
0005810.png	Промышленность
0005811.png	ОАО «Бешенковичская шорная фабрика»
0005812.png	Примечания
0005813.png	Марийский театр юного зрителя
0005814.png	Сунь Хао сменяет Сунь Сю как правитель Царства У.
0005815.png	Обладатели Фрэнк Дж. Селки Трофи
0005816.png	На Земле
0005817.png	Манихейская догматика и мифология
0005818.png	Упразднённые населённые пункты
0005819.png	Эпигенетическое наследование
0005820.png	Предсерийные самолёты и прототипы
0005821.png	Преподаватели Марбургского университета
0005822.png	Общая информация
0005823.png	Сайт, посвящённый актёру
0005824.png	Кинопрофессии
0005825.png	производительные стационарные.
0005826.png	Философия природы
0005827.png	Префектуры Франции
0005828.png	Телефоны могут:
0005829.png	Силикаты (минералы)
0005830.png	Пилотируемые космические аппараты
0005831.png	Список руководителей Турции (архивная копия 2020-03-21)
0005832.png	Условия эксплуатации трассы
0005833.png	См. также
0005834.png	Общая информация
0005835.png	Душевнобольные художники
0005836.png	Начало революции
0005837.png	Примечания
0005838.png	джазовый певец
0005839.png	Фрагменты фильмов «Кино-Глаз» и «Кино-Правда»
0005840.png	Библиотекари Императорского Московского университета
0005841.png	Музей радио
0005842.png	Ведь оно свободно (х2)
0005843.png	Наука
0005844.png	На данный момент на референдум не могут быть вынесены вопросы:
0005845.png	Алзамай в энциклопедии «Мой город»
0005846.png	Единицы измерения
0005847.png	Авиация
0005848.png	Партия пенсионеров выступает против:
0005849.png	Послевоенные публикации
0005850.png	Для фортепиано в 4 руки
0005851.png	Центр ближневосточных исследований
0005852.png	Титулы
0005853.png	Лю Ян ()
0005854.png	Финляндия
0005855.png	Современные работы
0005856.png	жену профессора Грека Марию,
0005857.png	Города на Одре
0005858.png	Местное самоуправление
0005859.png	Почётные граждане Бережан
0005860.png	История
0005861.png	Лауреаты премии «Грэмми»
0005862.png	Предки
0005863.png	Показания
0005864.png	кончина Мстислав Мстиславича
0005865.png	Институты
0005866.png	Приметы
0005867.png	Происхождение творческого псевдонима
0005868.png	Фильмы, снятые при участии студии «ТРИТЭ»
0005869.png	Обонятельный ритм
0005870.png	История
0005871.png	Англосаксонская руническая поэма
0005872.png	«Мир» в ТРЦ «Сити-Центр» (2 зала, 292 места);
0005873.png	537 км: Бобровка (левый)
0005874.png	всего: 82
0005875.png	Применение стеганографии
0005876.png	(1973), 102 мин., Франция, Италия, Испания
0005877.png	Интерактивный контактный музей «Дом на Волге»
0005878.png	Примеры полуэксклавов
0005879.png	Графы Алефельд-Лаурвиген (Дания)
0005880.png	Футбольные клубы России
0005881.png	Ссылки
0005882.png	Биография
0005883.png	В шиитском исламе термин «зиярат» имеет двоякое значение:
0005884.png	Список Британских островов
0005885.png	См. также
0005886.png	Примечания
0005887.png	Село Трёхсвятское
0005888.png	Курортные учреждения
0005889.png	См. также: :Категория:Родившиеся в 1879 году
0005890.png	Этиологическая классификация
0005891.png	Версия для ПК
0005892.png	Пре-лейкоз
0005893.png	Отношение эквивалентности
0005894.png	Костёл Михаила Архангела, 1598 г.
0005895.png	Завод железобетонных изделий и конструкций
0005896.png	Районные центры Удмуртии
0005897.png	Вандализм
0005898.png	Ректоры МГИМО
0005899.png	Морское право
0005900.png	Библиотека Бессмертной Литературы
0005901.png	Рекурсия
0005902.png	Примечания
0005903.png	Выпускники Гладзорского университета
0005904.png	Официальный сайт муниципального образования города Сестрорецка
0005905.png	В числе напечатанных работ В. А. Золотова также:
0005906.png	Транспортировщик поддонов
0005907.png	Стандартная атмосфера
0005908.png	Примечания
0005909.png	Становление
0005910.png	Литература
0005911.png	Образование
0005912.png	Взаимоотношения общественного и индивидуального транспорта
0005913.png	Точность
0005914.png	«Блонды». Драматическая пословица, в одном действии
0005915.png	Баритовые белила
0005916.png	Праздники и памятные дни
0005917.png	Примечания
0005918.png	Норвежские писатели
0005919.png	Цацорин, Геннадий Васильевич (12.09.1996, 367)
0005920.png	Применение
0005921.png	Родившиеся в 1816 году
0005922.png	Историки Франции
0005923.png	Большой Ковш
0005924.png	Архив Российской академии наук
0005925.png	Память
0005926.png	Поэты Древней Греции
0005927.png	Александр Павлович
0005928.png	Выпускники Сызранского высшего военного авиационного училища лётчиков
0005929.png	Ссылки
0005930.png	Гемоглобин
0005931.png	105:18:28 Четвёртая коррекция траектории.
0005932.png	Протестантские богословы
0005933.png	Литовские писатели
0005934.png	Исполнительная власть
0005935.png	Легенды Дюны
0005936.png	Дореволюционный период
0005937.png	Примечания
0005938.png	Предводители вандейцев и шуанов
0005939.png	шейные позвонки (7 костей, ), в том числе атлант () и эпистрофей ();
0005940.png	Руководство
0005941.png	«На озере. Повести и рассказы». СПб., 1895
0005942.png	Апрель
0005943.png	С дополнительным приводом для рук и тому подобные.
0005944.png	шубуучин
0005945.png	22 района, в том числе:
0005946.png	История
0005947.png	обонятельные;
0005948.png	Специальная педагогика
0005949.png	В районе выходит старейшая газета «Южноуралец» (издаётся с 1931 года).
0005950.png	Литература
0005951.png	См. также
0005952.png	Фракции Государственной думы Российской Федерации
0005953.png	Лаборатория вычислительных и геоинформационных технологий
0005954.png	Снижение вреда
0005955.png	См. также
0005956.png	Пушкинисты
0005957.png	Три терема златоверхие.
0005958.png	Правозащитное движение в СССР
0005959.png	1. «Центр» (историческая часть города);
0005960.png	Вненадельная земля.
0005961.png	23 сентября
0005962.png	Сельское хозяйство
0005963.png	Окружной Совет депутатов;
0005964.png	Легко доказать, что вероятность невозможного события равна нулю.
0005965.png	Образование
0005966.png	Тверской государственный технический университет
0005967.png	Итальянские фамилии
0005968.png	Ссылки
0005969.png	Святые
0005970.png	Античные источники
0005971.png	Духовное наследие земли Яранской
0005972.png	Ссылки
0005973.png	Свободная Россия: 96 депутатов
0005974.png	Грот-трюм-стеньга
0005975.png	Графито-водный реактор
0005976.png	Жалеет (1912).
0005977.png	Благовещенский собор (1700 год)
0005978.png	События в Сихеме
0005979.png	Поливные земли:
0005980.png	События
0005981.png	Католикосы всех армян
0005982.png	Кирон Дайер, английский футболист.
0005983.png	Член Союза композиторов СССР.
0005984.png	Ссылки
0005985.png	«Как считать на счётах»
0005986.png	Населённые пункты Жлобинского района
0005987.png	Участники записи
0005988.png	Эволюционная история
0005989.png	Цветочная улица (деревня Марушкино)
0005990.png	Семья, личная жизнь
0005991.png	Ревдинский историко-краеведческий музей «Демидов-центр»
0005992.png	Персоналии по алфавиту
0005993.png	Текстовый интерфейс
0005994.png	В Париже завершено строительство крепости Бастилии.
0005995.png	Императрицы Франции
0005996.png	, изготавливаемый из козьего или овечьего молока.
0005997.png	Визеу, Португалия
0005998.png	Мифы островов Ионического моря
0005999.png	Кшиштоф Комеда (ум.1969), польский пианист и композитор.
0006000.png	Манга
0006001.png	Русско-турецкие войны
0006002.png	Младогегельянцы
0006003.png	Употребление
0006004.png	Эйлерова характеристика листа Мёбиуса равна нулю.
0006005.png	Октант
0006006.png	Замысел
0006007.png	См. также
0006008.png	Управление Интернетом
0006009.png	Преподаватели Московского физико-технического института
0006010.png	Производство
0006011.png	Происхождение
0006012.png	Литература
0006013.png	Методы получения изображения
0006014.png	Всемирное наследие в Ливане
0006015.png	Борис Тарасюк. Биография
0006016.png	Герцогство Брауншвейг
0006017.png	Исправительные дома
0006018.png	См. также
0006019.png	Медали;
0006020.png	Ссылки
0006021.png	Формирование ополчения
0006022.png	Литература
0006023.png	Смешанные боевые искусства
0006024.png	Моноблок
0006025.png	Автоматическое письмо
0006026.png	Герой Советского Союза (1981);
0006027.png	Архитектура
0006028.png	Сражение поляков с турками под Львовом.
0006029.png	Оккамизм
0006030.png	Анджело Ди Ливио, итальянский футболист.
0006031.png	История использования нуля
0006032.png	Золотая сабля «За храбрость» (10.04.1808).
0006033.png	Декабрь
0006034.png	См. также
0006035.png	Компоненты полового возбуждения
0006036.png	Министры иностранных дел РСФСР
0006037.png	Создание монетного двора США
0006038.png	Ксенон в Популярной библиотеке химических элементов
0006039.png	Примечания
0006040.png	Примечания
0006041.png	География и гидрология
0006042.png	передача имущественных прав организации её «Правопреемнику» (правопреемникам);
0006043.png	Бенедиктинцы Швейцарии
0006044.png	Большую историческую ценность представляют четыре существующих памятника:
0006045.png	Почвы
0006046.png	Пензенский радиотелецентр РТРС
0006047.png	Полезные ископаемые
0006048.png	Первая в мире марка
0006049.png	Для организаций
0006050.png	Производители электровозов
0006051.png	Бензодиазепины
0006052.png	церковь Александра Невского (село Щенники),
0006053.png	Растительный и животный мир
0006054.png	Печатные издания, возникшие в 1883 году
0006055.png	Телевидение
0006056.png	Съёмочная группа
0006057.png	Жизнь полна всевозможных сюрпризов. Пандорра.
0006058.png	Фебрильные судороги
0006059.png	Мисс Шамуэй правит бал
0006060.png	История
0006061.png	Институт «Информатика и вычислительная техника»
0006062.png	Съёмочная группа
0006063.png	Кубок Уральского Федерального Округа (1): 2002
0006064.png	Кутузовская
0006065.png	Ссылки
0006066.png	Районные центры Пермского края
0006067.png	Персоналии:Богородице-Рождественский монастырь (Владимир)
0006068.png	В Брюсселе (Бельгия) отмечена 40-я годовщина создания НАТО.
0006069.png	Хамовнический Вал, улица
0006070.png	ООО «КРЕДО»;
0006071.png	Результаты СОЭ: по Панченкову или Вестергрену?
0006072.png	Сергий Радонежский и современники
0006073.png	Примечания
0006074.png	Поляризация волн
0006075.png	Появились в 1984 году в США
0006076.png	Анимационные экранизации
0006077.png	Атака Ванхофа и Писсенса (2015)
0006078.png	Частник Шуя.
0006079.png	«Эссеистика». Елена Погорелая за подборку критических статей.
0006080.png	Консулы Публий Валерий Флакк (патриций) и Марк Атилий Регул (плебей).
0006081.png	Родившиеся 23 декабря
0006082.png	Эмиль Золя в России
0006083.png	Музыка
0006084.png	Цуруга, Япония, с 1982 года
0006085.png	Командор Ордена Изабеллы Католической (1985, Испания)
0006086.png	17 июля 2020 года принято новое деление области на 3 района:
0006087.png	Литература
0006088.png	пользоваться услугами электронной почты;
0006089.png	26 мая
0006090.png	Примечания
0006091.png	Генеральные магистры ордена проповедников
0006092.png	Чебурашка
0006093.png	Типичные характеристики
0006094.png	Как сделать из 123456789 число 100 или 0
0006095.png	Менора в искусстве Нового времени
0006096.png	Биологическое значение
0006097.png	Транспортные музеи Мурманска
0006098.png	Критика
0006099.png	Разработка алгоритмов
0006100.png	Компетенция
0006101.png	Отряд космонавтов РКК «Энергия»
0006102.png	Антарктическая филателия
0006103.png	В Российской империи введён институт мировых судей.
0006104.png	Историк  констатирует:
0006105.png	Журналы
0006106.png	Серии
0006107.png	Терминология
0006108.png	Примечания
0006109.png	Примечания
0006110.png	Графы
0006111.png	Болгарский орден «Святой Александр» (1883)
0006112.png	Единицы измерения в электродинамике
0006113.png	Файловые системы
0006114.png	Источники
0006115.png	Климат
0006116.png	Государственный флаг России
0006117.png	Ариовист подписывает договор о дружбе с Римом.
0006118.png	Гайд-парк, Лондон
0006119.png	Почётные любители Императорской Академии художеств
0006120.png	Рабочий диапазон температуры теплоносителя;
0006121.png	Религиозные
0006122.png	Алавиты
0006123.png	Члены Американской академии искусств и наук
0006124.png	Транспонирование и эрмитово сопряжение
0006125.png	Области:
0006126.png	Детство
0006127.png	Обожествлённые люди
0006128.png	Деньги Грузии
0006129.png	Дальнейшая карьера
0006130.png	Толкование в библеистике
0006131.png	Маркграфы Мейсена
0006132.png	Официальный сайт
0006133.png	Орден Святой Анны 2-й степени (1887)
0006134.png	землетрясение на северо-западе Турции. Погибли более 17 тысяч человек.
0006135.png	Получение
0006136.png	Литература
0006137.png	Павильон Катальной горки
0006138.png	Выпускники Уилламеттского университета
0006139.png	Теоретики архитектуры
0006140.png	Гуманисты Итальянского Возрождения
0006141.png	18 отдельная зенитная арт батарея
0006142.png	Анри Жерве родился 10 декабря 1852 года в городе Париже.
0006143.png	Физический факультет Нижегородского государственного университета
0006144.png	Территория
0006145.png	См. также
0006146.png	События
0006147.png	Понтийские цари
0006148.png	Философы пессимизма
0006149.png	Взгляды
0006150.png	Туризм в Белгородской области
0006151.png	Литература
0006152.png	Население
0006153.png	Позволяет передавать усилие напрямую на кант доски.
0006154.png	Бурятская АССР провозгласила себя республикой в составе России.
0006155.png	Ограда с воротами. 1910 г.
0006156.png	Другие немедикаментозные методы
0006157.png	Исторические государства времён холодной войны
0006158.png	В 1992 году Бете подписал «Предупреждение человечеству».
0006159.png	История
0006160.png	Русские переводы
0006161.png	Сектор Газа
0006162.png	Правовые школы
0006163.png	Награды
0006164.png	Продолжение  на  запишем:
0006165.png	Памятник СУ-100.
0006166.png	Завершается пиковая фаза малого ледникового периода.
0006167.png	Звуковое сопровождение к диафильмам «Умка», «Серебряное копытце»
0006168.png	Камбий сосны используют в производстве ванилина.
0006169.png	Правление
0006170.png	Завершение войны
0006171.png	Музеи
0006172.png	Литература
0006173.png	Начало политической деятельности
0006174.png	Рейнгольд Глиэр:
0006175.png	Подерные окружности двух изогонально сопряженных точек совпадают.
0006176.png	История
0006177.png	Ссылки
0006178.png	Примечания
0006179.png	В Славкове-у-Брна имеются следующие объекты:
0006180.png	Добровольчество
0006181.png	Рина Зелёная (р. 1901), актриса эстрады, театра и кино, народная артистка РСФСР.
0006182.png	Твёрдое ракетное топливо
0006183.png	Ротор асинхронного двигателя может быть:
0006184.png	Видеоигры
0006185.png	Юлия Ауг, российская актриса и режиссёр театра и кино.
0006186.png	Династия Гуптов
0006187.png	Ссылки
0006188.png	Родились
0006189.png	Примечания
0006190.png	Ипподром;
0006191.png	Гостиница «Градецкий» (проспект Мира, 68 а);
0006192.png	Текущий состав
0006193.png	Категории иджма
0006194.png	Театр «Глобус» (1599).
0006195.png	События
0006196.png	Переименованные города Туркменистана
0006197.png	Понятия метафизики
0006198.png	строительство бытовых приборов (промышленность бытовых приборов и машин).
0006199.png	Московская агломерация
0006200.png	Правила дифференцирования
0006201.png	Умершие от холеры
0006202.png	Выпускники Блаффтонского университета
0006203.png	Историческое значение деятельности Рамбама для иудаизма
0006204.png	Нарушения проводимости сердца
0006205.png	Талыши
0006206.png	Диалекты
0006207.png	Лишительный падеж выражает:
0006208.png	Хронисты Франции
0006209.png	Социалисты Великобритании
0006210.png	Административное деление
0006211.png	Химическое образование
0006212.png	Армяно-католики в Восточной Армении
0006213.png	мир растений и живых существ.
0006214.png	Клавиатура: 63 клавиши
0006215.png	Ссылки
0006216.png	Произведение любого рационального числа на ноль равно нулю.
0006217.png	Историки Великобритании
0006218.png	Иммуносупрессия при аллотрансплантации органов.
0006219.png	2008 :  Армавир, Армения
0006220.png	Директора РГАСПИ
0006221.png	События и мероприятия
0006222.png	Зубков, Иван Георгиевич
0006223.png	Прокофьев А., Нельзя прожить на свете без России!, «Лит. газета», 1966, 1 марта.
0006224.png	«В саду» (1884)
0006225.png	Сюжет
0006226.png	Наличная улица
0006227.png	Потенциалы электрического поля
0006228.png	Рождественский, Сергей Васильевич
0006229.png	Биография
0006230.png	Примечания
0006231.png	Криптиды
0006232.png	Почётными гражданами Белогорска являются:
0006233.png	Андижанский областной Уйгурский культурно-просветительский центр.
0006234.png	По роману «Времена землемеров» в 1968 году был снят одноимённый фильм.
0006235.png	Ферромагнетики
0006236.png	В фармацевтике
0006237.png	Наука
0006238.png	Аурборг, Исландия
0006239.png	Программное обеспечение
0006240.png	География
0006241.png	Вторая поездка Платона в Сицилию.
0006242.png	Самоа
0006243.png	Примечания
0006244.png	Пол и Гурни Халлек
0006245.png	Математики Франции
0006246.png	Большинство исламских богословов считают Забуром Псалтирь.
0006247.png	70 км: Малый Кутюм
0006248.png	Участники Гражданской войны в России (красные)
0006249.png	Умлекан (л.б.)
0006250.png	Липецкий областной центр культуры и народного творчества
0006251.png	Сайт фонда Марион Дёнхофф
0006252.png	Переписи населения
0006253.png	Замкнутые множества были введены Георгом Кантором в 1884 году.
0006254.png	Примечания
0006255.png	Я последовал этому совету и прочёл:
0006256.png	Президенты Северной Македонии
0006257.png	Дик Кет (ум. 1940), нидерландский художник.
0006258.png	Мифы о Тесее
0006259.png	Театры
0006260.png	Объекты Всемирного наследия ЮНЕСКО
0006261.png	Начальная биография
0006262.png	Сельское хозяйство
0006263.png	Ссылки
0006264.png	Роулинг так описывала на своём сайте зарождение концепции Гарри Поттера:
0006265.png	Православная иконография Богородицы
0006266.png	Население
0006267.png	Тень (, 1847)
0006268.png	В 1992 году Банк России выпустил:
0006269.png	Грег Луганис, американский прыгун в воду, четырёхкратный олимпийский чемпион.
0006270.png	Религия
0006271.png	недопустимы признаки брожения, механические примеси.
0006272.png	Дивергенция от градиента есть лапласиан:
0006273.png	Музей современного украинского искусства Корсаков
0006274.png	Территория проживания и численность
0006275.png	Национальный состав
0006276.png	Юность
0006277.png	Литература
0006278.png	Примечания
0006279.png	История Польши
0006280.png	См. также
0006281.png	Семья
0006282.png	Примечания
0006283.png	Партизаны Великой Отечественной войны
0006284.png	Агриппин Неаполитанский, епископ Неаполя (традиционная датировка).
0006285.png	Народы Ирана
0006286.png	Фамилия
0006287.png	Кинокомедии Франции
0006288.png	Штопальная игла Штопальная игла (, 1845)
0006289.png	Центр водных видов спорта, Кириши;
0006290.png	Народный трибун: Спурий Сициний Беллут.
0006291.png	Персоналии
0006292.png	Общий член арифметической прогрессии
0006293.png	Памятник Древний Воин и Святой Кукша
0006294.png	В Благовещенском районе 100 населённых пунктов.
0006295.png	Малый Конюшковский переулок
0006296.png	История
0006297.png	Две экономики России
0006298.png	Россия
0006299.png	Звездная пыль (2007)
0006300.png	И решительный бой;
0006301.png	Физико-технический факультет Тверского государственного университета
0006302.png	Африка
0006303.png	Термин и описание
0006304.png	Ссылки
0006305.png	Мост желаний
0006306.png	Национальная служба разведки (с 1990)
0006307.png	«Поп-механика» (1984)
0006308.png	Один из наиболее известных официальных портретистов советской эпохи.
0006309.png	Германия
0006310.png	Трибьюты
0006311.png	В культуре
0006312.png	Литература
0006313.png	18 января
0006314.png	Примечания
0006315.png	Типичные абсансы
0006316.png	Яркий свет Солнца
0006317.png	Лингвисты СССР
0006318.png	Памятник М. Ф. Шмырёву
0006319.png	репринт в той же серии: М., 1993.
0006320.png	Столбищенский:
0006321.png	Метод бисекции (дихотомии)
0006322.png	Площадь
0006323.png	Биография
0006324.png	Переводчики Румынии
0006325.png	Цицерон любил вести философские беседы с гражданкой Рима Капитолиной Цереллией.
0006326.png	Разложение витаминов при кулинарной обработке
0006327.png	реализация аппаратных элементов (в виде печатной платы или их комбинации);
0006328.png	Юдичев, Н. : март-ноябрь 1930 (председатель горсовета)
0006329.png	2 мая
0006330.png	Отношения с УАПЦ
0006331.png	«Район 26 комиссаров» в Ереване (переименован в «Арабкир»).
0006332.png	См. также
0006333.png	Программирование
0006334.png	Н. Дубко
0006335.png	Наиболее известные спортивные сооружения Тульской области:
0006336.png	Голливуд;
0006337.png	В СССР
0006338.png	Хозяйство
0006339.png	Общественные насекомые
0006340.png	Спинной мозг
0006341.png	Ссылки
0006342.png	в США состоялась премьера мультсериала «Приключения мультяшек».
0006343.png	Примечания
0006344.png	Радиус вписанной в треугольник окружности равен единице.
0006345.png	Французская литература
0006346.png	Телевидение
0006347.png	Королевские вооружённые силы также находятся под контролем короля.
0006348.png	Антонович, Олег Васильевич (01.03.1996, 259)
0006349.png	Изменения фонетической системы в письменный период
0006350.png	Всемирное наследие в Германии
0006351.png	Названия
0006352.png	Ссылки
0006353.png	Правительство Республики
0006354.png	Бульвар Гая (Тольятти)
0006355.png	8-я отдельная стрелковая бригада
0006356.png	Шекспир и его критик Брандес. СПб., 1898
0006357.png	Литература
0006358.png	Автомобильный мост в Куйбышеве
0006359.png	МиГ-29
0006360.png	На немецком языке
0006361.png	Португалия
0006362.png	Пригородные маршруты:
0006363.png	Краеведческий музей
0006364.png	Времена Российской империи
0006365.png	Операция объединения множеств коммутативна:
0006366.png	Личная жизнь
0006367.png	Настоящее время
0006368.png	Примечания
0006369.png	Определение индуиста и обращение в индуизм
0006370.png	Расширение длины
0006371.png	Квантовая информатика: компьютеры, связь и криптография
0006372.png	После Октябрьской революции
0006373.png	Русские
0006374.png	См. также: :Категория:Родившиеся в 1261 году
0006375.png	Текущий статус
0006376.png	Лишённые ордена Красного Знамени
0006377.png	Официальные символы Минска
0006378.png	Реки Люблинского воеводства
0006379.png	Примечания
0006380.png	Полупроводниковая пластина
0006381.png	Авторы приключенческой литературы
0006382.png	См. также
0006383.png	Древнегреческие философы
0006384.png	См. также: :Категория:Умершие в 1433 году
0006385.png	В том числе
0006386.png	Награды, публикации
0006387.png	Мандатные территории
0006388.png	Установлены дипломатические отношения между Казахстаном и Финляндией.
0006389.png	Транспорт
0006390.png	Почётные доктора вузов Бельгии
0006391.png	См. также
0006392.png	Школы
0006393.png	Основные допущения
0006394.png	Примечания
0006395.png	В историографии обычно различают три типа источников:
0006396.png	Биография
0006397.png	Примечания
0006398.png	Общественная жизнь
0006399.png	Создание консольных приложений
0006400.png	Примечания
0006401.png	Австриец
0006402.png	Преподаватели и организаторы научно-образовательной деятельности МИФИ
0006403.png	Описание
0006404.png	Джако, Арафат
0006405.png	Применение
0006406.png	Американские самолёты
0006407.png	Ершов Л. Т. Поклон: Сб. Стихотворений. Барнаул, 1979.
0006408.png	Информационная безопасность
0006409.png	Дмитрий Колодан.
0006410.png	Памятники и достопримечательности
0006411.png	МБУ ДО «ДЮЦ» (Детско-Юношеский Центр)
0006412.png	Умершие от инсульта
0006413.png	См. также
0006414.png	Научное общество Антонио Альцате (Мехико, 1904),
0006415.png	Примечания
0006416.png	Старомонетный переулок
0006417.png	Студенческий парк (на пересечении улиц Кирова и Заводской);
0006418.png	Литература
0006419.png	Шахта имени Скочинского (город Донецк)
0006420.png	память преподобного Макария, игумена Калязинского, чудотворца (1483 год);
0006421.png	Интересные факты
0006422.png	Теория национальной безопасности
0006423.png	Шахтер в Академии наук Газета НИ ТПУ
0006424.png	Прейвэнг
0006425.png	Эскимосская мифология
0006426.png	Важнейшие события
0006427.png	География
0006428.png	ДАВЫДОВ Карл Юльевич Большая российская энциклопедия
0006429.png	Чемпионом Испании по футболу стала «Валенсия».
0006430.png	Книги
0006431.png	Курдская государственность
0006432.png	Армянская хоккейная лига
0006433.png	Члены Императорского православного палестинского общества
0006434.png	Жертвы автомобильного наезда на пешеходов
0006435.png	Квантор существования
0006436.png	Польша
0006437.png	Этимология
0006438.png	«Коневые окончания»;
0006439.png	Итальянец (2005)  (3104)
0006440.png	Источники
0006441.png	Зимние праздники в космосе
0006442.png	Население
0006443.png	Примечания
0006444.png	Литература
0006445.png	История
0006446.png	Футболисты СССР
0006447.png	Главы администрации
0006448.png	География
0006449.png	Булгарин Ф. В. Сочинения. М.: Современник, 1990.
0006450.png	Литература
0006451.png	Комментарии
0006452.png	Церковь и бывшие больничные покои Никольского монастыря
0006453.png	Токелау
0006454.png	Первые секретари Свердловского обкома КПСС
0006455.png	«Брат-2»
0006456.png	Фестивали и мероприятия
0006457.png	Уставы муниципальных образований
0006458.png	Религия
0006459.png	Теория графов
0006460.png	Это решение продиктовано необходимостью предупреждения проблемы энергодефицита.
0006461.png	Административное деление
0006462.png	Каякинг
0006463.png	крепость Очаков и её уезд остаются во владении Турции;
0006464.png	Файлообменные клиенты
0006465.png	Издревле
0006466.png	Промышленность
0006467.png	Вегетарианство
0006468.png	Клинические признаки передозировки следующие:
0006469.png	Интегралы, содержащие только косинус
0006470.png	Почётные граждане Варшавы
0006471.png	Молекулярная генетика
0006472.png	Возникновение пожаров.
0006473.png	Подчёркивания в числовых литералах для лучшего восприятия больших чисел.
0006474.png	Мифология
0006475.png	Производители аммиака на Украине
0006476.png	«Кедр», санаторий-профилакторий.
0006477.png	первородный грех, сделавший страдание неизбежным уделом людей;
0006478.png	Дерево Пифагора
0006479.png	Сюжет
0006480.png	Бассейн Тенгиза
0006481.png	Муюн Хуан провозглашает династию Янь. Он принял титул Янь-ван.
0006482.png	Литература
0006483.png	Процедуральное искусство
0006484.png	Молодость
0006485.png	Примечания
0006486.png	Библиография
0006487.png	Софья Васильевна
0006488.png	См. также
0006489.png	28 августа 2018 года проект переведён в состояние первой бета-версии.
0006490.png	Единицы измерения площади
0006491.png	Продвижение пищи по желудочно-кишечному тракту
0006492.png	Инструктор космонавт-испытатель 1-го класса (14.6.1971).
0006493.png	Лейб-гвардии Гренадерского полка,
0006494.png	Фильмография братьев Люмьер
0006495.png	Фарфор
0006496.png	Классификация
0006497.png	Ссылки
0006498.png	Транспорт
0006499.png	Автоматическое форматирование содержимого для печати
0006500.png	Некоммерческие организации России
0006501.png	клинические испытания новых фармакологических средств;
0006502.png	Михай без особого труда подчинил Трансильванию.
0006503.png	Расходы банка
0006504.png	Холли, Роберт
0006505.png	идеологический отдел ЦК КПСС
0006506.png	Ой, лели, лели, не заросла,
0006507.png	Философы Польши
0006508.png	Осип Антонович Козловский.
0006509.png	Физические константы
0006510.png	Сайт о Кентербери для туристов
0006511.png	Деяния франков (Аноним) ().
0006512.png	Ссылки
0006513.png	Второе посещение Камчатки
0006514.png	Простейшие свойства
0006515.png	Критика с гуманистических позиций
0006516.png	Каприкорн (значения)
0006517.png	Ссылки
0006518.png	В исламе
0006519.png	География
0006520.png	Учители Церкви
0006521.png	Белорусское телевидение, 2019 год
0006522.png	Декабрь
0006523.png	Биография
0006524.png	Алексей Арифуллин
0006525.png	Писатели-фантасты США
0006526.png	Песни на русском языке
0006527.png	Примечания
0006528.png	создается с использованием средств электронной подписи.
0006529.png	Члены Прусской академии искусств
0006530.png	Калининская АЭС в экономике региона
0006531.png	Литература
0006532.png	Декабристы
0006533.png	Оболочки
0006534.png	если , то ограничение  на  содержится в .
0006535.png	12 часов Себринга
0006536.png	Литература
0006537.png	10 место
0006538.png	Временная шкала
0006539.png	Греческий алфавит
0006540.png	В настоящее время городами-побратимами Хемница являются:
0006541.png	Официальный сайт Евпаторийского городского совета и администрации города
0006542.png	Примечания
0006543.png	Нормандцы начали захват Южной Италии у греков.
0006544.png	Премия Гумбольдта (2001)
0006545.png	«Былое увлечение» (слова Оскара Строка)
0006546.png	Авторы
0006547.png	празднования в честь икон Божией Матери:
0006548.png	село Туруханск Красноярского края: улица Святого Луки Войно-Ясенецкого.
0006549.png	Ссылки
0006550.png	Сайт Болгарского монетного двора
0006551.png	Новый Берингов проезд
0006552.png	Сочинения
0006553.png	Актёрские работы
0006554.png	Рифат Жемалетдинов
0006555.png	История
0006556.png	Официальные новости органов власти Чувашской Республики
0006557.png	Плотность воздуха может быть выражена формулой:
0006558.png	Пицены
0006559.png	Герб Белоомута
0006560.png	Губернаторы
0006561.png	Родившиеся 17 января
0006562.png	филиал «Уренгой бурение» ООО «Газпром бурение»,
0006563.png	Исполнители панк-рока
0006564.png	Открытые письма
0006565.png	Садоводства
0006566.png	Инжекторно-регенеративное снаряжение делится на два типа:
0006567.png	См. также
0006568.png	Структура
0006569.png	Сами по себе андрогены на секрецию гормона роста никак не влияют.
0006570.png	Согласные
0006571.png	Существовало два варианта преобразователей для шарового привода.
0006572.png	Семья
0006573.png	История использования нуля
0006574.png	Тенистый проезд
0006575.png	Успенская церковь;
0006576.png	Фотогалерея
0006577.png	Холинолитические средства
0006578.png	«Война Марвина Химейера»
0006579.png	Атлантологи
0006580.png	Транспорт
0006581.png	Консулы имп. Константин и цезарь Константин.
0006582.png	Гипотеза столкновения
0006583.png	Национальные
0006584.png	Примечания
0006585.png	атака на основании известной математической модели контейнера или его части.
0006586.png	Литература
0006587.png	Совместимость
0006588.png	В Душанбе традиционно для Средней Азии также сильны позиции базара.
0006589.png	Индукция
0006590.png	Примечания
0006591.png	Литература
0006592.png	Треугольник Халаиба
0006593.png	Росс: «Свенон,
0006594.png	Примечания
0006595.png	Классический текстовый вариант игры
0006596.png	Михаэль Балльхаус (ум. 2017), немецкий кинооператор.
0006597.png	Примечания
0006598.png	История лезгин
0006599.png	Книга Еноса
0006600.png	Виктор Новичков
0006601.png	Лазерное оружие
0006602.png	«Политические технологии»
0006603.png	память преподобного Викентия Леринского (до 450)
0006604.png	Описано в 1883 году Георгом Кантором.
0006605.png	Богомол (фильм, 1993).
0006606.png	Государства и территории, основанные в 1054 году
0006607.png	термометрические жидкости в жидкостных термометрах;
0006608.png	Святоозёрская улица
0006609.png	Краткий послужной список
0006610.png	Стадион «Спутник»
0006611.png	На золотом стуле.
0006612.png	Побочные эффекты
0006613.png	Предыстория
0006614.png	В романе Максима Горького «Мать» и в повести «В людях»
0006615.png	Реакция критики
0006616.png	Примечания
0006617.png	Преподаватели Бестужевских курсов
0006618.png	Азербайджанские ханства
0006619.png	Памятный знак узникам фашистских концлагерей
0006620.png	Члены Государственного совета Российской империи
0006621.png	Атаки градиентного спуска
0006622.png	Сельское хозяйство
0006623.png	Согласные
0006624.png	Американское Самоа (наряду с английским)
0006625.png	Кудрявцев А.  Роберт Бартини
0006626.png	Кубок обладателей кубков УЕФА
0006627.png	Все части растения имеют резкий аромат.
0006628.png	Мифы о мастурбации
0006629.png	Архитектурные памятники села Ошевенское:
0006630.png	герцог Саксонии, как «имперский великий маршал» (, );
0006631.png	Выпускники физико-математического факультета МГУ (после 1917)
0006632.png	Чехов как мыслитель, 1910.
0006633.png	Офицер ордена Морских заслуг
0006634.png	Старинные фотографии Чердыни
0006635.png	Морской канал и аллея фонтанов.
0006636.png	Географические данные
0006637.png	авиационные работы
0006638.png	Литература
0006639.png	В пещере Лихтенштейн обнаружены захоронения культуры полей погребальных урн
0006640.png	Скончались
0006641.png	Почётные доктора Киевского университета
0006642.png	Античные писатели, чьи труды дошли до нашего времени
0006643.png	Сретенская церковь
0006644.png	кондитерская фабрика Россия.
0006645.png	См. также
0006646.png	Дети президентов
0006647.png	Выпускники Первого Московского реального училища
0006648.png	Православная церковь Молдовы
0006649.png	Приметы
0006650.png	История Краснодарского края
0006651.png	История
0006652.png	Библиография
0006653.png	История Германии
0006654.png	Примечания
0006655.png	Здоровье и диета
0006656.png	Академическая гребля
0006657.png	Музейные площадки
0006658.png	Никольская надвратная церковь;
0006659.png	Известные люди города
0006660.png	Примечания
0006661.png	Родились
0006662.png	Токсикология изучает опасные эффекты лекарств и ядов.
0006663.png	Народный артист РСФСР (1947)
0006664.png	Потребление пива
0006665.png	См. также
0006666.png	Информационный центр СЕ в России
0006667.png	Литература
0006668.png	Семейства насекомых
0006669.png	Сочинения
0006670.png	Иконописные центры
0006671.png	Россия
0006672.png	Примечания
0006673.png	Нижняя Радищевская улица
0006674.png	Выбор положения работающего
0006675.png	История
0006676.png	Малых форм
0006677.png	Инволюция определяется заданием двух пар соответствующих точек.
0006678.png	Приливные силы во вращающихся телах
0006679.png	Форма выпуска
0006680.png	Гражданская война
0006681.png	Новгородская губерния
0006682.png	Организационная защита объектов информатизации
0006683.png	Дворянские роды, на гербах которых изображены львы
0006684.png	Официальный сайт Борисоглебского муниципального района
0006685.png	«Версии» ()
0006686.png	Символы
0006687.png	Члены Демократической партии США
0006688.png	появление аффрикат;
0006689.png	Кубок Интертото Обладатель: 1962
0006690.png	Экспорт автомобилей осуществляется через терминалы Хайтун и Наньган.
0006691.png	убит Энвер-паша (р. 1881), османский военный и политический деятель.
0006692.png	Примечания
0006693.png	Наука и техника
0006694.png	Аффинная геометрия
0006695.png	По-По
0006696.png	Полустанок
0006697.png	Дворец культуры радиозавода
0006698.png	Присвоение воинских званий
0006699.png	Литература
0006700.png	Торговля и сфера услуг
0006701.png	Итало-романские народы
0006702.png	Персоналии
0006703.png	С этими чувствами я работал над песнями.
0006704.png	Библиотеки Кёнигсберга
0006705.png	Литературная деятельность
0006706.png	лямбда-абстракция
0006707.png	События
0006708.png	См. также
0006709.png	Тайник
0006710.png	Районные
0006711.png	Ухтинский горно-нефтяной колледж
0006712.png	Католическая церковь Святейшего Сердца Иисуса;
0006713.png	Примечания
0006714.png	Примечания
0006715.png	Правовой департамент
0006716.png	Основная статья: Священное Писание в исламе
0006717.png	Публикации об установке памятников Иуде
0006718.png	33 административных района, в том числе 6 районов в Коми-Пермяцком округе;
0006719.png	Свято-Троицкий храм Свято-Ильинского прихода
0006720.png	Богоявленская церковь
0006721.png	Особняк. 1900-е гг.
0006722.png	"Молзавод" - район молочного завода;
0006723.png	1 августа
0006724.png	Хрестоматии
0006725.png	Произведения с участием Гастингса
0006726.png	Московский физико-технический институт (МФТИ)
0006727.png	Свидетель по делу об административном правонарушении вправе:
0006728.png	Ссылки
0006729.png	Здание курортной поликлиники. 1918 г.
0006730.png	Диалектическое противоречие
0006731.png	эпиталамус
0006732.png	Константин Рязанцев
0006733.png	Предание приписывает основание монастыря первому митрополиту Киевскому Михаилу.
0006734.png	Протопресвитер Георгий Шавельский:
0006735.png	Бейсбол и софтбол
0006736.png	Синдром Пирсона.
0006737.png	Примечания
0006738.png	Зоологи Германии
0006739.png	«Я делю мир на две категории: знать и людей, имеющих диплом».
0006740.png	Похороненные на кладбище Тестаччо
0006741.png	Термины и понятия аниме и манги
0006742.png	Выбор топологии сети
0006743.png	15 мая
0006744.png	Отец скульптора Жульетты Дюбюф и тесть композитора Шарля Гуно.
0006745.png	Усадьба Ферсмана (Кесслера)
0006746.png	После войны
0006747.png	комнат отдыха в здании железнодорожного вокзала,
0006748.png	Иудея, Палестина и Набатея
0006749.png	Оптические явления
0006750.png	Иностранные члены Лондонского королевского общества
0006751.png	Передвижники
0006752.png	В городе работает историко-архитектурный музей.
0006753.png	Кометы семейства Юпитера
0006754.png	под наблюдением В. Г. Белковича
0006755.png	Чебаркульский завод «Союзтеплострой» (АО «ЧЗС»),
0006756.png	Дельфин (оружие), античное приспособление для противодействия абордажу
0006757.png	Примечания
0006758.png	В Канаду включена провинция Британская Колумбия.
0006759.png	Администрация коммуны
0006760.png	Примечания
0006761.png	Компьютерные игры 1975 года
0006762.png	Пермская государственная художественная галерея
0006763.png	См. также
0006764.png	Числа
0006765.png	См. также
0006766.png	Епархия Пресвятой Девы Марии Нарег в Нью-Йорке;
0006767.png	Учение
0006768.png	Факитдинов Олег Загриевич
0006769.png	Актёрская карьера
0006770.png	Интервью
0006771.png	московского времени в Архангельской области и Коми ССР;
0006772.png	Страницы с непроверенными переводами
0006773.png	Сотрудники администрации президента России
0006774.png	Объекты, названные в честь Леонарда Эйлера
0006775.png	Похороненные в Сергиевой Приморской пустыни
0006776.png	Планковская звезда
0006777.png	Этноним и идентичность
0006778.png	класс Нитраты
0006779.png	Угроза видам и охрана
0006780.png	Искусство
0006781.png	Инфекционные стоматиты, вызванные вирусным или бактериальным заражением;
0006782.png	Умер 7 октября 1422 года. Похоронен в Архангельском соборе Московского Кремля.
0006783.png	Православие
0006784.png	Литература
0006785.png	Ссылки
0006786.png	Биография
0006787.png	медицинское училище.
0006788.png	Основные варианты
0006789.png	маниакально-параноидные;
0006790.png	Христианские богословы
0006791.png	Вальтари, 9-й король лангобардов.
0006792.png	Современность
0006793.png	Джулиан Леннон
0006794.png	Скульптура
0006795.png	1939 год
0006796.png	Албании
0006797.png	Домены второго уровня
0006798.png	См. также
0006799.png	День Евпсихия.
0006800.png	Приметы
0006801.png	События
0006802.png	Площади
0006803.png	Анна Радлова, «Богородицын корабль» и «Повесть о Татариновой».
0006804.png	Мюзикл
0006805.png	Сетевые издания:
0006806.png	Биография
0006807.png	бенгальский (Западная Бенгалия, Трипура)
0006808.png	Музыка
0006809.png	Кромвель при власти
0006810.png	Похороненные на кладбище Монпарнас
0006811.png	Умершие от инфаркта миокарда
0006812.png	См. также
0006813.png	Адаптации
0006814.png	Администрация района
0006815.png	Защита от радона на производстве
0006816.png	Биография
0006817.png	Социальная эволюция
0006818.png	Священные Горы Китая
0006819.png	Классификация
0006820.png	Техника
0006821.png	Редакторы России
0006822.png	Этимология
0006823.png	Эммел. Сатир, слуга Диониса, изобрёл вид пляски эммелия, названный его именем.
0006824.png	Примечания
0006825.png	Террор
0006826.png	Сепарабельное пространство
0006827.png	История образования
0006828.png	См. также
0006829.png	Биография
0006830.png	Пример:
0006831.png	Исполнители новой волны
0006832.png	Города Тюрингии
0006833.png	Религиозные
0006834.png	Богини индуизма
0006835.png	Сейсмология
0006836.png	Основные этапы развития Вселенной
0006837.png	Видеоклипы
0006838.png	В гипнотерапии психологических травм часто используется следующая схема:
0006839.png	Содержание
0006840.png	События
0006841.png	Традиции педагогического образования на территории региона
0006842.png	Творчество
0006843.png	ограничивать пользователей в правах редактирования и просмотра сайта (банить).
0006844.png	Почётные граждане Енакиево
0006845.png	Государственная граница ГДР и ФРГ
0006846.png	медаль «За оборону Москвы».
0006847.png	См. также
0006848.png	международная
0006849.png	Томми Лоутон
0006850.png	Другие награды, поощрения и общественное признание:
0006851.png	Тест твёрдости Янка
0006852.png	Русский текст
0006853.png	Спорт
0006854.png	Гиппий в сократических диалогах Платона и Ксенофонта
0006855.png	Механизм действия
0006856.png	Архитектура Шильонского замка
0006857.png	Линейная магнитная запись
0006858.png	Батурин, Юрий Михайлович (28.09.2001, 738)
0006859.png	Литература
0006860.png	Международные дни
0006861.png	Примечания
0006862.png	Электроника
0006863.png	Спорт
0006864.png	Языки Швейцарии
0006865.png	Фототермины
0006866.png	Сквер «БМК» (треугольник),
0006867.png	Арт-группа «Война»
0006868.png	Биография
0006869.png	Эктомикориза
0006870.png	Третья индо-пакистанская война
0006871.png	30 апреля
0006872.png	Примечания
0006873.png	Эфиопская раса
0006874.png	Телевидение
0006875.png	Ссылки
0006876.png	История
0006877.png	Арден Майрин, американская комедиантка, актриса и сценарист.
0006878.png	В сентябре 1827 года Чарышский округ переименован в Бийский.
0006879.png	45 костяшек для игры в домино
0006880.png	Киликийцы (Малая Азия).
0006881.png	Минерва
0006882.png	Биография
0006883.png	ХК «Ижсталь»
0006884.png	Учебники повышенной сложности
0006885.png	Сибирское областничество
0006886.png	Другие представления в виде рядов
0006887.png	Бывшие посёлки городского типа Украины
0006888.png	См. также
0006889.png	Немецкие поэтессы
0006890.png	Яя-Водокачка
0006891.png	Переволока
0006892.png	Инверсия кривой
0006893.png	«Нацистский» период
0006894.png	Примечания
0006895.png	Военный колледж в Шрайвенхеме;
0006896.png	Военный орден Лачплесиса (Латвия)
0006897.png	Память
0006898.png	18 ноября
0006899.png	Евраз
0006900.png	Соединения с аминогруппой
0006901.png	Улица Аль-Хорезми в Дашогузе, Туркменистан.
0006902.png	Алмазные знаки к ордену Святой Анны 2 ст. (1813)
0006903.png	Кабельное телевидение
0006904.png	Сеул (2005)
0006905.png	1931 год
0006906.png	См. также
0006907.png	Роксоланы, которым иногда приписывалось родство со славянами
0006908.png	Примечания
0006909.png	Проективная геометрия
0006910.png	Литература
0006911.png	16 сентября
0006912.png	Члены Президиума ЦИК СССР
0006913.png	Шляхетские роды герба Бродзиц
0006914.png	Ярославль (Россия)
0006915.png	Вооружённые силы
0006916.png	увеличение расстояния перигелия с 1,77 а. е. до 1,87 а. е.;
0006917.png	Значение для историков
0006918.png	59-я церемония вручения кинопремии Оскар, лучшим фильмом признан «Взвод».
0006919.png	Римская республика
0006920.png	Определение плазмы
0006921.png	Ссылки
0006922.png	Комиссар:
0006923.png	Конструирование механизмов
0006924.png	Похороненные на Выборгском римско-католическом кладбище
0006925.png	Действительный государственный советник Российской Федерации 1 класса (2012).
0006926.png	Обвинительное заключение вручать обвиняемым за одни сутки до рассмотрения дела ;
0006927.png	Родились
0006928.png	Гербы с подковами
0006929.png	Ростовская АЭС
0006930.png	Примечания
0006931.png	Сценарий: Александр Бородянский
0006932.png	Лауреаты премии Луизы Гросс Хорвиц
0006933.png	Совет спикеров парламентов промышленных государств
0006934.png	Источники
0006935.png	Шотландская литература
0006936.png	Семья. Детские годы и юность
0006937.png	Регуляция тока воды
0006938.png	15 июня
0006939.png	М.: Соцэкгиз, 1960. 314 стр. 6000 экз.
0006940.png	Ссылки
0006941.png	См. также
0006942.png	В службе:
0006943.png	Шнур и Оксана Акиньшина
0006944.png	Персоналии:Одесса
0006945.png	Рэйчел Скарстен в телесериале «Царство» (2014)
0006946.png	Иностранные члены Национальной академии наук США
0006947.png	Примечания
0006948.png	Трюки
0006949.png	Федеративное государство, парламентская республика.
0006950.png	27-я стрелковая дивизия
0006951.png	и др.
0006952.png	На английском языке
0006953.png	Литература
0006954.png	Критика
0006955.png	Защитные полномочия
0006956.png	Прокат
0006957.png	Глаголы не изменяются по числам, лицам или родам.
0006958.png	Фильмы о басмачах
0006959.png	130 км: ручей Березна
0006960.png	Физические свойства
0006961.png	Общая информация
0006962.png	Мастерская Петра Фоменко
0006963.png	Примечания
0006964.png	Наталья Стефаненко, российская и итальянская модель, актриса и телеведущая.
0006965.png	Население
0006966.png	Ссора Ричарда с Филиппом. Возвращение Филиппа во Францию.
0006967.png	Второй акт. «Приворотное зелье»
0006968.png	На английском языке
0006969.png	Показания
0006970.png	Исторические отделы
0006971.png	Мосты через Шкиперский канал
0006972.png	Биография
0006973.png	Версии происхождения слова «Бошетунмай»
0006974.png	Близнечные мифы
0006975.png	Электрогитара
0006976.png	Морские крепости
0006977.png	каждый член последовательности определяется предыдущим;
0006978.png	Танковый пулемёт бывает спаренным, курсовым, отдельным, хвостовым и зенитным.
0006979.png	Биография
0006980.png	Основные изменения:
0006981.png	Безногие земноводные
0006982.png	Биография
0006983.png	Излучение
0006984.png	Кубок Содружества
0006985.png	Костюм и доспехи ниндзя
0006986.png	Примечания
0006987.png	Прообразы
0006988.png	Ракетно-космическая техника Московского института теплотехники
0006989.png	Физиологические эффекты долгосрочного употребления
0006990.png	От Садового кольца до Камер-Коллежского вала:
0006991.png	См. также
0006992.png	Религиозные
0006993.png	Зиккураты в строгом смысле слова строили шумеры, вавилоняне, эламцы и ассирийцы
0006994.png	Ссылки
0006995.png	Адмет («Неодолимый»). Эпитет Аида.
0006996.png	Ссылочный спам с гостевых книг, блогов, вики и пр.
0006997.png	Литература
0006998.png	Ссылки
0006999.png	Другие страны
0007000.png	Источники:,
0007001.png	Новосибирская область
0007002.png	Примечания
0007003.png	Церковь иконы Божией Матери «Всех скорбящих Радость» в деревне Вязовна (1770)
0007004.png	Бежавшие из плена
0007005.png	Бонистика, нумизматика, филателия, сигиллатия
0007006.png	пищевая промышленность,
0007007.png	Новости города Опава
0007008.png	Словообразование служебных частей речи
0007009.png	27 февраля
0007010.png	Сталин И. В. Марксизм и национальный вопрос, 1913
0007011.png	Пару раз (август, 2016)
0007012.png	Медаль «За отвагу» (18.07.1944).
0007013.png	Большой адронный коллайдер запущен (2008).
0007014.png	Ссылки
0007015.png	Литература
0007016.png	Документальные фильмы-биографии СССР
0007017.png	Семья
0007018.png	Птицы Африки
0007019.png	Понятие стимула в физиологии
0007020.png	Иностранные члены Французской академии наук
0007021.png	Краснодарская филармония имени Григория Пономаренко;
0007022.png	Биография
0007023.png	Лебедев Сергей Алексеевич Интернет проект «Компьютерная история в лицах»
0007024.png	В городе работают следующие музеи:
0007025.png	Товарищеский суд
0007026.png	Военная служба
0007027.png	Монархисты Франции
0007028.png	Китайцы переходят в наступление на хуннов и вытесняют их из Ордоса.
0007029.png	Творческий клуб «Золотые Леса»
0007030.png	Учитель
0007031.png	газета «Региональные вести»
0007032.png	Языки программирования по алфавиту
0007033.png	Карта Сардинии с новыми провинциями
0007034.png	Октябрь
0007035.png	Волгодонский зоопарк
0007036.png	Литература
0007037.png	Базилика Святого Иштвана
0007038.png	Торезантрацит (город Торез)
0007039.png	«Одноглазые валеты»
0007040.png	Боги по алфавиту
0007041.png	Музеи Тверской области
0007042.png	Примечания
0007043.png	4 серия («Тёзка императора»)
0007044.png	Отставка и следствие
0007045.png	Место свидетелей Иеговы в систематике религий
0007046.png	Огранка таблицей
0007047.png	Факториал может быть задан следующей рекуррентной формулой:
0007048.png	Парез
0007049.png	Техническое описание
0007050.png	Персоналии:Минусинск
0007051.png	Фотолента РИА Новости «Конец света в Москве»
0007052.png	Чагин, Алексей Михайлович (06.07.1998, 462)
0007053.png	Расстояние до:
0007054.png	Калькуляторы
0007055.png	Ингерманландские диалекты
0007056.png	Достоевисты
0007057.png	птица
0007058.png	Музей судоходства
0007059.png	Скончались
0007060.png	Военный трибунал ВО
0007061.png	В августе 1997 года норматив в 100 мячей выполнил Олег Веретенников.
0007062.png	Ссылки
0007063.png	Ссылки
0007064.png	Считается, что блюдо темпура возникло из португальского блюда пейшинюш да орта.
0007065.png	Муниципалитет Эсбьерг
0007066.png	Выпускники Киевского художественного училища
0007067.png	Ольховая улица
0007068.png	Умершие в 25 году
0007069.png	Расцвет творчества
0007070.png	Примечания
0007071.png	Кафедра педагогики, физической культуры и управления образованием
0007072.png	Литература
0007073.png	См. также
0007074.png	ламинарное обтекание конечных тел
0007075.png	Московская область
0007076.png	Герцогиня Корнуолльская
0007077.png	Подпоручик (11.09.1811)
0007078.png	Ссылки
0007079.png	Советский период
0007080.png	срок действия заявки
0007081.png	Газеты Российской империи
0007082.png	Аудиогид по Казанскому собору
0007083.png	Катастеризмы
0007084.png	Профессии
0007085.png	2-я Терская казачья батарея
0007086.png	Средства массовой информации
0007087.png	Первыми простыми палиндромами являются такие числа:
0007088.png	Теология таинства
0007089.png	Скончались
0007090.png	Скандинавские страны и Финляндия
0007091.png	142. Моисею Новгородскому, свт.
0007092.png	Рорайма
0007093.png	Типы цифровых фотоаппаратов
0007094.png	Фоллетт, К. Столп огненный, 2017.
0007095.png	Лимфогранулематоз
0007096.png	, он же мавританский перец
0007097.png	Родившиеся в 1811 году
0007098.png	Строительство
0007099.png	Государственный концертный зал имени Арнольда Каца,
0007100.png	Работа на радио
0007101.png	4 июня
0007102.png	Астрахан на сайте Екатеринбургского театра драмы
0007103.png	Пример критики Латвийской литературы в СССР, из БСЭ:
0007104.png	Сельское хозяйство
0007105.png	Общими классификационными признаками, необходимыми для диагноза, являются:
0007106.png	Управление ООН по наркотикам и преступности (УНП ООН).
0007107.png	Альтернативная формулировка
0007108.png	Популяризаторы физики
0007109.png	Испания. Возвращение в Мексику
0007110.png	Население
0007111.png	Совместимость
0007112.png	Итахана-хан ()
0007113.png	Новозаветные сюжеты в живописи
0007114.png	Татьяна Юмашева (род. 17 января 1960), муж Валентин Юмашев.
0007115.png	Физико-географическое положение
0007116.png	психофизиология сна, психофизиология стресса;
0007117.png	Орден Почётного легиона, большой орёл (02.02.1805)
0007118.png	Международный центр теоретической физики имени А. А. Абрикосова
0007119.png	Скончались
0007120.png	Ссылки
0007121.png	Артур Робинсон (р. 1915), американский географ и картограф, историк картографии.
0007122.png	Участие в Великой Отечественной войне
0007123.png	копьё,
0007124.png	Столетние долгожители Российской империи
0007125.png	Библиография переводов на немецкий язык
0007126.png	Официальный сайт ХК «Локомотив» Ярославль
0007127.png	МУЗ «Городская больница»
0007128.png	Таблицы
0007129.png	Данные водного реестра
0007130.png	Английский перевод (1859)
0007131.png	Города Хорезмской области
0007132.png	Статус русинов
0007133.png	Биография
0007134.png	Сенсорная депривация
0007135.png	Государственное устройство
0007136.png	Официальный сайт города Фрязино
0007137.png	ЦСК ВВС
0007138.png	Вершина Барда Визбора на Алтае (Северо-Чуйский хребет) .
0007139.png	Вильманстрандский 86-й пехотный полк
0007140.png	Академические музыканты Франции
0007141.png	История
0007142.png	Ссылки
0007143.png	Стапелия
0007144.png	Этимология
0007145.png	Против обид судьбы.
0007146.png	Существительные
0007147.png	Предприниматели США в сфере недвижимости
0007148.png	Учёные по алфавиту
0007149.png	В его честь названы улицы в следующих городах:
0007150.png	Список сезонов ФК «Крылья Советов» Самара
0007151.png	Карлос Алберто Торрес
0007152.png	Умершие от пневмонии
0007153.png	Упоминания в рунических поэмах
0007154.png	Некролог в «Дагестанской Правде»
0007155.png	Фондовая биржа Санкт-Петербурга
0007156.png	Выпуклый анализ
0007157.png	Аллегорический роман
0007158.png	Чернихов, Яков Георгиевич
0007159.png	Карикатура
0007160.png	Книжная графика
0007161.png	Обучение пользователей
0007162.png	См. также
0007163.png	Ласаро Карденас (бывший президент Мексики);
0007164.png	Музей декабристов в московской усадьбе Муравьёвых-Апостолов
0007165.png	Мекленбург-Шверинский Орден Вендской короны 1-й ст. с цепью (1874);
0007166.png	Махабхарата (включая книгу Бхагавадгита)
0007167.png	Берестейское воеводство (Берестейский и Пинский);
0007168.png	Кобальт применяется при изготовлении химически стойких сплавов.
0007169.png	Комментарии
0007170.png	Примечания
0007171.png	научное (зоологическое, ботаническое, археологическое);
0007172.png	Природоохранные зоны
0007173.png	В Анкаре подписан договор между Турцией и Украинской ССР.
0007174.png	Консулы Марк Нуммий Туск и Муммий Басс.
0007175.png	Примечания
0007176.png	Царицыно
0007177.png	Амур, спортивно-плавательный комплекс.
0007178.png	Молитвенные дома баптистов, пятидесятников и других конфессий
0007179.png	Фонтан Медичи
0007180.png	Белоруссия
0007181.png	Города Южной Осетии
0007182.png	Равдоникас Ф. Музыкальный синтаксис. СПб, 2003.
0007183.png	Монастырь капуцинов,
0007184.png	почетный член Николаевской инженерной академии (с 31.07.1899);
0007185.png	Организация Исламская конференция;
0007186.png	Выпускники Калифорнийского университета в Беркли
0007187.png	Окинотори (Паресе-Вела)
0007188.png	Булата Окуджавы, улица
0007189.png	История СССР
0007190.png	Ссылки
0007191.png	Личная жизнь
0007192.png	Российская оккупация
0007193.png	Меценаты Российской империи
0007194.png	Мембраноатакующий комплекс
0007195.png	См. также: :Категория:События 28 августа
0007196.png	ведение государственной статистики;
0007197.png	Литература
0007198.png	Съезд в Исадах.
0007199.png	Семейства вирусов
0007200.png	Нарушения мозгового кровообращения
0007201.png	Литература
0007202.png	«Турецкий гамбит» Виктора Вержбицкого
0007203.png	Комментарии
0007204.png	Память святителя Каллиника Черникского (1868).
0007205.png	Према-бхакти-чандрика
0007206.png	Происхождение Пятикнижия
0007207.png	См. также: :Категория:Родившиеся в 1524 году
0007208.png	Электроснабжение: от «Вологдаэнерго».
0007209.png	См. также
0007210.png	Лауреаты Нобелевской премии по химии
0007211.png	Иноязычная литература
0007212.png	Памятник адмиралу Д.Н. Сенявину в Боровске (2014 г.)
0007213.png	Авиационные двигатели
0007214.png	Цветок
0007215.png	вертикальные
0007216.png	Организации
0007217.png	Члены Международного олимпийского комитета
0007218.png	Ссылки
0007219.png	Модная фотография
0007220.png	Семейства птиц
0007221.png	Литература
0007222.png	Лыжероллерная трасса (летом)
0007223.png	писатель Андрей Арьев
0007224.png	Ударные волны в специальных условиях
0007225.png	Ссылки
0007226.png	Под игом империализма.
0007227.png	и другие.
0007228.png	Ной же был шестисот лет, как потоп водный пришел на землю ()
0007229.png	Публицисты Франции
0007230.png	Война
0007231.png	Платоновская академия в Кареджи
0007232.png	Начертан мне печальный старт
0007233.png	Литература
0007234.png	Южно-Русское месторождение
0007235.png	Дангириев, Михаил Султанович (08.08.2000, 686)
0007236.png	, где:
0007237.png	Примечания
0007238.png	Александр Архангельский (р. 1892), советский авиаконструктор.
0007239.png	Русское войско и армия
0007240.png	Собиратели народных сказок
0007241.png	"Тибетское Евангелие" (роман, "Время", Москва, 2013)
0007242.png	В настоящее время в промышленности кислород получают из воздуха.
0007243.png	Князья Японии
0007244.png	Полиграфическую деятельность в городе осуществляет Гродненская типография.
0007245.png	«Химик» МО
0007246.png	См. также
0007247.png	Улица Вересаева в Ростове-на-Дону.
0007248.png	Конотоп упоминается в нескольких стихотворениях Владимира Маяковского.
0007249.png	Скончались
0007250.png	Фильмография
0007251.png	Режиссёр: Диана Кюрис
0007252.png	Хорешан (умерла молодой);
0007253.png	Судно
0007254.png	Государственная служба
0007255.png	«Песочный Человек» ()
0007256.png	Примечания
0007257.png	Королевна и рыцари (1919)
0007258.png	ОАО Коростенский завод химического машиностроения;
0007259.png	Позиции в баскетболе
0007260.png	Таможенный пост
0007261.png	в канонической форме:
0007262.png	Китайский чайник нагревая;
0007263.png	Почётные доктора Масарикова университета
0007264.png	Согласующий трансформатор
0007265.png	Газеты Орловской области
0007266.png	Происхождение видов
0007267.png	Улучшенная шкала Фудзиты
0007268.png	Члены Гёттингенской академии наук
0007269.png	Преподаватели Нижегородского государственного университета
0007270.png	Примечания
0007271.png	Примечания
0007272.png	Предприятия и заводы стройиндустрии
0007273.png	Статистика
0007274.png	улица Заменгофа в Каунасе
0007275.png	Президентская библиотека Республики Беларусь
0007276.png	Подконтрольные территории
0007277.png	Театральные работы
0007278.png	БЕГАЛИЕВ Сопубек Бегалиевич
0007279.png	Дайвбомб - второй Миникон десептикона Фракшера.
0007280.png	См. также: :Категория:Родившиеся в 1899 году
0007281.png	Критика ИСО
0007282.png	Примечания
0007283.png	Ысык-Атинский район.
0007284.png	Переход к ружьям
0007285.png	См. также
0007286.png	Дорогой Шура!
0007287.png	3 марта
0007288.png	Нордистика
0007289.png	Алабяна, улица
0007290.png	Орден «Ключ дружбы» (Кемеровская область, 8 июня 2004)
0007291.png	В культуре
0007292.png	Послы Перу в Великобритании
0007293.png	Мессианский период
0007294.png	Государственная премия Литовской ССР (1960, 1962)
0007295.png	Почётные граждане Чебоксар
0007296.png	Генная инженерия
0007297.png	Сказания о Степане Разине
0007298.png	Военно-промышленный комплекс
0007299.png	Церковь Макария (Невского), митрополита Алтайского, в Дзержинском;
0007300.png	Банковская карьера
0007301.png	Общее описание
0007302.png	Ссылки
0007303.png	Борхес и Россия
0007304.png	154 км: река Енью (Иен-Ю, Эн-Ю)
0007305.png	Сын Израхия, колена Иссахарова ()
0007306.png	«Не князья вы и не княжеского рода, но я княжеского рода. А это сын Рюрика».
0007307.png	Иудея сделана прокураторской провинцией Рима со столицей в Кесарии.
0007308.png	Центральным институтом физики твердого тела в г. Дрезден
0007309.png	Семья
0007310.png	В походах находился:
0007311.png	Зоя Буряк, советская и российская актриса театра, кино и дубляжа.
0007312.png	Литература
0007313.png	1. Заплатить долги.
0007314.png	С другой стороны, из теоремы косинусов
0007315.png	Энергетика
0007316.png	Вооружённый конфликт (2014)
0007317.png	Муравская Мария Валерьевна, руководитель организационного управления ЦИК
0007318.png	Изобретатели США
0007319.png	Приключения десяти царевичей
0007320.png	Награды
0007321.png	Психоделики
0007322.png	Работы по военной тематике
0007323.png	Гибель Артура
0007324.png	Русские эмигранты первой волны во Франции
0007325.png	Примечания
0007326.png	Память
0007327.png	Картины Диего Веласкес
0007328.png	Термодинамическая фаза
0007329.png	Опухоль почки
0007330.png	Структура ДонГУ (Донецк)
0007331.png	Скончались
0007332.png	Награды и премии
0007333.png	В СССР испытывается первый советский паровоз без топки.
0007334.png	Читаем «1»
0007335.png	18 марта
0007336.png	Ссылки
0007337.png	Алексей Березуцкий
0007338.png	Водопад Корбу (Посещение с разрешения администрации АГПЗ. Оформляется на месте.)
0007339.png	(обл.)
0007340.png	Выберем координатную ось  вдоль волнового вектора .
0007341.png	Ректоры Йенского университета
0007342.png	Промышленность
0007343.png	Признание
0007344.png	Советские программируемые микрокалькуляторы
0007345.png	Примеры
0007346.png	Социалисты России
0007347.png	Википедия:Формулы
0007348.png	микрорайон Юг,
0007349.png	Стихи Ильи Тюрина на Стихи.ру
0007350.png	Саманта Райан, американская порноактриса
0007351.png	Лауреаты премии «Звёздный мост»
0007352.png	См. также
0007353.png	Разное
0007354.png	Литература
0007355.png	Предки
0007356.png	Комментарии
0007357.png	2 декабря
0007358.png	Кафедра социальной и политической психологии
0007359.png	Ссылки
0007360.png	Транспортное сообщение
0007361.png	Измерительные приборы
0007362.png	Предыстория
0007363.png	Денис Цуканов (36-й общий)
0007364.png	Петербургский;
0007365.png	Тридцать сребреников
0007366.png	Медаль и премия Дадделла от Института физики (1997)
0007367.png	Официальный сайт Турковского муниципального района
0007368.png	Сопряжённое пространство
0007369.png	Имины
0007370.png	Карп Нифонтович, его правнук, в 1659 г. убит под Конотопом.
0007371.png	Жертвы опалы Ивана Грозного
0007372.png	Возникновение
0007373.png	Существует три поколения лептонов:
0007374.png	Эпидемиология
0007375.png	Важнейшие события
0007376.png	Ссылки
0007377.png	Пирролидины
0007378.png	Молоссы
0007379.png	Спорт
0007380.png	См. также
0007381.png	Примечания
0007382.png	Похоронен на кладбище Пер-Лашез (участок 75).
0007383.png	Навстречу солнцу коммунизма (слова Л. Валентиновой)
0007384.png	Премия писателей Азии и Африки «Лотос»
0007385.png	Церковь Вознесения Господня (1729) (Московская ул., 15А).
0007386.png	Образованы заповедные Антарктические охраняемые территории.
0007387.png	Основа каббалы по определению Бааль Сулама
0007388.png	Ортоптер
0007389.png	География
0007390.png	Психология
0007391.png	Преподаватели Вроцлавского университета
0007392.png	Лечебные учреждения
0007393.png	Биография
0007394.png	Буаркуш
0007395.png	Клиентское царство и римская провинция
0007396.png	Десятый.
0007397.png	Промышленность
0007398.png	Нормирование надёжности
0007399.png	Выпускники физико-математического факультета Санкт-Петербургского университета
0007400.png	Город на старых снимках
0007401.png	Начало
0007402.png	Ссылки
0007403.png	В других областях
0007404.png	Плато Снейк-Ривер (Айдахо)
0007405.png	Челябинск (1980)
0007406.png	Знак отличия за Военное достоинство 2-й степени (1831)
0007407.png	Банковская система
0007408.png	Примечания
0007409.png	Известные уроженцы и жители
0007410.png	Автономия персонала
0007411.png	Стрелковое оружие
0007412.png	Выпускники Главного педагогического института (до 1819 года)
0007413.png	Список посадов Российской империи
0007414.png	См. также
0007415.png	Именины
0007416.png	Остальные проекты
0007417.png	Опала и смерть
0007418.png	Тексты пирамид
0007419.png	Титенко, Борис Михайлович
0007420.png	Выставочный зал на проспекте Фрунзе
0007421.png	Умершие от пневмонии
0007422.png	Графы Евдокимовы (РИ)
0007423.png	Ссора с Афаретидами. Гибель
0007424.png	Образование
0007425.png	Непритязательные главы
0007426.png	государственная полиция
0007427.png	Отдельный батальон особого назначения (в составе 15-го Главного управления)
0007428.png	Примечания
0007429.png	Поэзия
0007430.png	Зарезервированные имена доменов
0007431.png	мемориал в честь освобождения Южного Сахалина и Курильских островов
0007432.png	Современный период
0007433.png	Сотрудники Российской государственной библиотеки
0007434.png	Тиберий перенимает командование в Германии и совершает поход через Везер.
0007435.png	Ярмарки
0007436.png	Католические: Цецилия, Марк.
0007437.png	Авторы Энциклопедического словаря Гранат
0007438.png	Литература
0007439.png	Козловка в Чувашской энциклопедии
0007440.png	Дворянские роды, на гербах которых изображены двуглавые коронованные орлы
0007441.png	Информатика
0007442.png	Языковая интуиция
0007443.png	Димитровградцы
0007444.png	Преподаватели Московского городского народного университета
0007445.png	Праздники
0007446.png	: Обладатель Кубка Белгородской области по футболу: 1992, 2007, 2016
0007447.png	Знаки различия
0007448.png	разрушение арабами города Адулис (Эфиопия).
0007449.png	Способы представления числа
0007450.png	Литература
0007451.png	Дремлющие вулканы
0007452.png	Ссылки
0007453.png	Примечания
0007454.png	Зайкевич, Анастасий Егорович
0007455.png	Каждое действие прибавляется к ранее полученному результату.
0007456.png	ВПП «Модерн»
0007457.png	Поле сражения в настоящее время
0007458.png	Примечания
0007459.png	Факты
0007460.png	Транспорт
0007461.png	На русском языке
0007462.png	Правовые вопросы
0007463.png	Новая Земля
0007464.png	Королевские Саудовские стратегические ракетные силы
0007465.png	Гидрография
0007466.png	Тернопольский институт экономики и предпринимательства
0007467.png	Племенной союз
0007468.png	Классификация холодного оружия возможна по различным основаниям:
0007469.png	Умершие в 2009 году
0007470.png	Применение
0007471.png	Климат
0007472.png	Либертарианцы США
0007473.png	Шведский язык Финляндии;
0007474.png	Аэропорты России федерального значения
0007475.png	Северная Америка
0007476.png	Депутаты Верховного Совета РСФСР 2-го созыва
0007477.png	Новосибирский
0007478.png	Актрисы по алфавиту
0007479.png	Римская республика
0007480.png	Лесное хозяйство и рыболовство
0007481.png	Шах-Али
0007482.png	Фамилия
0007483.png	Первооткрыватели спутников планет Солнечной системы
0007484.png	Ссылки
0007485.png	Трансцендентность и иррациональность
0007486.png	ОАО «Кузнецкинстрой-ЗАВОД ЗАКРЫТ!»
0007487.png	Модификации
0007488.png	орден Георгия Димитрова (НРБ, 1965);
0007489.png	Мужские имена
0007490.png	Совершено неудачное покушение на президента Южной Кореи генерала Пак Чжон Хи.
0007491.png	Кадровый буфер
0007492.png	Франк о всеединстве
0007493.png	Грэмми:
0007494.png	следовательно
0007495.png	Херсонская область
0007496.png	Гимназия имени Героя Советского Союза Ю. А Гарнаева
0007497.png	Лейденский сыр
0007498.png	Морская радиополяриметрия
0007499.png	История
0007500.png	«Детскую республиканскую больницу»,
0007501.png	Солсбери, США
0007502.png	К несамоходным паромам относятся . Существует два основных типа таких паромов:
0007503.png	Аризона
0007504.png	Виду и характеру хранимых материалов: универсальные и специализированные.
0007505.png	В католицизме
0007506.png	События
0007507.png	Автобус
0007508.png	Установлены дипломатические отношения между Арменией и Австралией.
0007509.png	Связь
0007510.png	Ссылки
0007511.png	Объединение Англии и графство Уэссекс
0007512.png	Ибресинская лётная школа
0007513.png	Климат
0007514.png	Романы-антиутопии
0007515.png	Библиографический указатель
0007516.png	Награды
0007517.png	Городской Парк культуры и отдыха;
0007518.png	Заключённым посвящено множество произведений русского фольклора.
0007519.png	Вирусные инфекции (в том числе ВИЧ)
0007520.png	Родились
0007521.png	Лидер мирового рейтинга
0007522.png	Воинские чины и звания
0007523.png	(сек.)
0007524.png	Пение птиц
0007525.png	16 октября
0007526.png	Библиография на сайте Лаборатория Фантастики
0007527.png	Ава Саэгуса-хан ()
0007528.png	Государственные и ведомственные награды России
0007529.png	Здание Купеческого собрания.
0007530.png	Индексы цен и дохода
0007531.png	Асти, Италия
0007532.png	15-я армия Августа Корка;
0007533.png	Продажи новых автомобилей через сеть официальных дилерских центров в России:
0007534.png	«Фауст»
0007535.png	ПТ «Поиск и К»: производство зерна,
0007536.png	Морские флаги
0007537.png	Расизм
0007538.png	другую.
0007539.png	Колпино, Россия
0007540.png	Буддийская космология
0007541.png	Персональная страница
0007542.png	Геном
0007543.png	Проведение референдума
0007544.png	Одноглазые мифические существа
0007545.png	Райли, Талула, британская актриса.
0007546.png	Израиль: Ашдод
0007547.png	Электротехнический факультет
0007548.png	269 км: Бузулук (лв.)
0007549.png	Ссылки
0007550.png	Территория
0007551.png	Награды
0007552.png	Памятник Льву Ровнину
0007553.png	На русском языке
0007554.png	Нинбо (Китай)
0007555.png	с точки зрения выбора единицы описания
0007556.png	Деловые профессии
0007557.png	Что позорное пятно трусливого подчинения никогда не будет смыто.
0007558.png	Константинополь
0007559.png	Развитие
0007560.png	Техники и технология(1941)
0007561.png	Тамбовская область,
0007562.png	Тамбовская область
0007563.png	РККА заняла Уфу.
0007564.png	Города провинции Иудея
0007565.png	«Первое полное собрание сочинений Фонвизина» (, 1888).
0007566.png	Муниципально-территориальное устройство
0007567.png	Стихийное бедствие
0007568.png	Алгоритм «движущиеся квадраты»
0007569.png	И из Германии:
0007570.png	Ширваншах
0007571.png	Амадео Сальво
0007572.png	Постоянная
0007573.png	Старый город
0007574.png	Примечания
0007575.png	Избранная дискография
0007576.png	Салоники (), Греция
0007577.png	Расширение сферы действия первого начала термодинамики на неравновесные процессы
0007578.png	Хоппер
0007579.png	Информация
0007580.png	Ссылки
0007581.png	Источники
0007582.png	265 сельских поселений.
0007583.png	Экранизации произведений
0007584.png	Отряды птиц
0007585.png	Официальный сайт о туризме в Угличе
0007586.png	Чайковский П. И. «Черевички»
0007587.png	В июне 2002 года блок распался.
0007588.png	Израильский международный фестиваль памяти Булата Окуджавы.
0007589.png	Себу,
0007590.png	После нас потоп (2010)
0007591.png	Аллея звёзд
0007592.png	«Землеописание Российской империи для всех состояний» (СПб., 1810);
0007593.png	Ноам Хомский и его борьба против нового мирового порядка
0007594.png	Сергей Григорьевич
0007595.png	Вопрос о полном одомашнивании
0007596.png	Отношения с Турцией и Азербайджаном
0007597.png	Похороненные на Серафимовском кладбище
0007598.png	Здоровье
0007599.png	Бороводороды и борорганические соединения
0007600.png	Александр Бабаков
0007601.png	Жданко М. Памяти адмирала Василия Степановича Завойко. Владивосток, 1908.
0007602.png	См. также
0007603.png	Степени
0007604.png	Москва
0007605.png	102,9 Дорожное радио
0007606.png	Крестьянская война в Германии
0007607.png	Населённые пункты, основанные в 1371 году
0007608.png	Противовоздушная оборона
0007609.png	«Макс-мебель»
0007610.png	Торфяник
0007611.png	Иммигранты и этнические меньшинства
0007612.png	Красс в современной культуре
0007613.png	Католицизм
0007614.png	предложения по реализации схемы территориального планирования городского округа;
0007615.png	История
0007616.png	Городское хозяйство
0007617.png	семиугольным ():
0007618.png	Многоразовый ракетный ускоритель «Байкал»
0007619.png	Литература
0007620.png	Сражения Наполеоновских войн
0007621.png	Волховский фронт
0007622.png	Культура
0007623.png	Ольгерд;
0007624.png	Философские термины
0007625.png	Функция  возрастает при  и убывает при
0007626.png	Лауреаты Нобелевской премии по литературе
0007627.png	См. также
0007628.png	Топографические карты
0007629.png	Туристические объекты
0007630.png	Новосибирская государственная областная научная библиотека (НГОНБ);
0007631.png	Эпидемиология
0007632.png	Архитектура
0007633.png	Почётные члены Императорской Академии художеств
0007634.png	Кабинет Джорджа Герберта Уокера Буша
0007635.png	1541 км: Мечетка
0007636.png	Международные договоры 1910-х годов
0007637.png	Населённые пункты Московской области
0007638.png	268 км: река Джарбулак (лев.)
0007639.png	автономный округ, входящий в состав России.
0007640.png	Наиболее древними рукописями Нового Завета считаются кодексы:
0007641.png	Урмары
0007642.png	Досуг и развлечения
0007643.png	Математики по алфавиту
0007644.png	География
0007645.png	Химические свойства
0007646.png	31 декабря Выборы в Кнессет 8-го созыва.
0007647.png	комплекс среднезернисых нефелиновых сиенитов,
0007648.png	Статские советники
0007649.png	Сотовый телефон
0007650.png	Гидротехническое сооружение
0007651.png	Установлены дипломатические отношения между Израилем и Азербайджаном.
0007652.png	К модификациям способов поризации относятся:
0007653.png	Примечания
0007654.png	Кёнигсбергская академия художеств
0007655.png	Фаддей Францевич выпрямился и назидательно заявил:
0007656.png	4 запорожских марша
0007657.png	Литература
0007658.png	Примечания
0007659.png	В 1944 году вернулся в Ленинград.
0007660.png	Общий опыт тактики, Первая часть: Опыт начальной тактики, , 1807 год.
0007661.png	Ряд 4
0007662.png	Ковариантность и контравариантность
0007663.png	Великого князя Александра Михайловича (наб. реки Мойки, 106)
0007664.png	Ночной показ аниме
0007665.png	Родились
0007666.png	Роль вегетативной нервной системы
0007667.png	Требования к регистрируемым доменам
0007668.png	Владимир Петрович Холстинин, лидер группы Ария.
0007669.png	481 км: река Дрезна
0007670.png	Бухара захвачена бограханом Харуном, главой Караханидского государства
0007671.png	: Турин
0007672.png	Чувашская мифология
0007673.png	Читинская государственная медицинская академия (ЧГМА)
0007674.png	Военные порты
0007675.png	1 февраля
0007676.png	В музыке
0007677.png	Достопримечательности
0007678.png	память преподобного Исихия Вифинского (ок. 790);
0007679.png	Перспективы развития
0007680.png	1638 год в Японии
0007681.png	Топонимы штата Миссури
0007682.png	Отделочный материал (обои)
0007683.png	379 центральная перевалочная база гсм
0007684.png	Ссылки
0007685.png	Выпускники Инсбрукского университета
0007686.png	См. также
0007687.png	Обладателем Кубка Дэвиса стала сборная Швеции.
0007688.png	Семейная жизнь
0007689.png	Парабельский район
0007690.png	Члены-корреспонденты Петербургской академии наук
0007691.png	Начало карьеры
0007692.png	Хоккеисты КХЛ
0007693.png	Всеволодово
0007694.png	Для сложного микроскопа соответствующая формула:
0007695.png	металлургического оборудования (металлургия);
0007696.png	Графы
0007697.png	Выпускники факультета
0007698.png	Флаг нацистской Германии
0007699.png	Примечания
0007700.png	Актёры и актрисы, известные под псевдонимами
0007701.png	ортогональную проекцию окружности на плоскость;
0007702.png	Кавалеры ордена Святого Владимира 2-й степени
0007703.png	См. также
0007704.png	Биография
0007705.png	Города-побратимы
0007706.png	Евроатлас
0007707.png	Международные
0007708.png	Экономика
0007709.png	Умершие в Гаврилов-Ямском районе
0007710.png	Участники Отечественной войны 1812 года
0007711.png	Происхождение
0007712.png	См. также
0007713.png	В 2006 году у Маленченко и Дмитриевой родилась дочь Камилла.
0007714.png	Композиторы-романтики
0007715.png	В иудаизме
0007716.png	Примечания
0007717.png	Краматорский завод «Кондиционер»
0007718.png	Лейден, Голландия
0007719.png	Сельское хозяйство
0007720.png	г) для полицентрической агломерации дополнительными критериями могут быть:
0007721.png	Мавзолей Шейха Ховенди ат-Тахура
0007722.png	Гепатотоксичность
0007723.png	Равнины Болгарии
0007724.png	Города Навоийской области
0007725.png	Большой Конюшковский переулок
0007726.png	Сотовая связь
0007727.png	Размещение ядерных ракет на Кубе (1962, привело к Карибскому кризису).
0007728.png	Примечания
0007729.png	История
0007730.png	Васнецова, переулок
0007731.png	расхождения между Септуагинтой и еврейским текстом;
0007732.png	Жюль де Гонкур (р. 1830), французский писатель.
0007733.png	В искусстве
0007734.png	Катализ
0007735.png	Информационная наука, системы и технология
0007736.png	314 км: Большой Крюк
0007737.png	Действительные государственные советники Российской Федерации 1-го класса
0007738.png	Звуковое сопровождение к диафильмам «Верная Аниска», «Не буду просить прощения»
0007739.png	Примечания
0007740.png	Детство и юность
0007741.png	Соотношение истины и индивидуальности понимания конкретного субъекта
0007742.png	Литература
0007743.png	Инвалиды Великой Отечественной войны
0007744.png	Медаль «За добросовестный труд»
0007745.png	На вооружении находятся 30 танков Т-72.
0007746.png	Кривая Леви нигде не дифференцируема и не спрямляема.
0007747.png	анаэробных спорообразующих палочек;
0007748.png	Газ и пыль
0007749.png	Статьи
0007750.png	Иконография
0007751.png	Механики СССР
0007752.png	Дети Приама
0007753.png	Бистуни
0007754.png	Мануэла Веласко, испанская актриса, телеведущая и модель.
0007755.png	Примечания
0007756.png	Гастроскопия
0007757.png	Треугольник
0007758.png	Внутреннее деление
0007759.png	Фигурные числа
0007760.png	Ссылки
0007761.png	Наукограды
0007762.png	В 1970 году должность главного конструктора занял Г. В. Новожилов.
0007763.png	Город Кабул
0007764.png	Фэнтези
0007765.png	Действия на Рейне
0007766.png	Простые числа Мерсенна
0007767.png	Билль не был принят Конгрессом, а через год Франклин Рузвельт умер.
0007768.png	События, предшествующие объявлению независимости Португалии
0007769.png	Утилизация
0007770.png	Шелепихинская набережная
0007771.png	13.10.1919-20.10.1919  Российское государство,  Орловская губерния
0007772.png	Рост и развитие
0007773.png	Абу-ль-Фарадж бен-эль-Гарун
0007774.png	Науса, Греция
0007775.png	Свидетельство
0007776.png	Применение в медицине
0007777.png	«Примитивный» означает, что наибольший общий делитель трёх длин сторон равен 1.
0007778.png	Литература
0007779.png	Оценка соответствия отпечатков.
0007780.png	Заслуженный тренер СССР: 1975
0007781.png	Психоделическая психотерапия
0007782.png	Уральский завод тяжёлого машиностроения имени Серго Орджоникидзе (Уралмашзавод);
0007783.png	Ссылки
0007784.png	Чемпионаты
0007785.png	Объект
0007786.png	Известные носители
0007787.png	История Черняховска (Инстербурга). Фотогалерея. Форум.
0007788.png	Роща. 1900. Литовский художественный музей.
0007789.png	Родились
0007790.png	Консулы Луций Куспий Пактумей Руфин и Луций Стаций Квадрат.
0007791.png	Включен в сборную мира по версии ФИФПРО (2): 2005, 2006
0007792.png	События
0007793.png	Города и годы
0007794.png	15 мая
0007795.png	Печатные издания, возникшие в 1904 году
0007796.png	Игровой процесс
0007797.png	Цифровые части с лидирующими нулями определяются как более маленькие:
0007798.png	Литература
0007799.png	Таким образом точки на линии пересечения
0007800.png	Хронология
0007801.png	См. также: :Категория:Родившиеся в 1842 году
0007802.png	Трекбол
0007803.png	Боевые организации политических партий
0007804.png	Этнографические и археологические музеи
0007805.png	Птица Гаруда
0007806.png	Структура Службы
0007807.png	Поэты Италии
0007808.png	четверть-финалист Чемпионата мира ФИДЕ 2000 года, в Дели
0007809.png	Искусствоведы СССР
0007810.png	Баварская королевская партия
0007811.png	Средневековый театр
0007812.png	Железнодорожный транспорт в Саратовской области
0007813.png	Награды Японии
0007814.png	См. также
0007815.png	Плутократия
0007816.png	Центральный театр Красной Армии
0007817.png	Циклические углеводороды
0007818.png	Война переносится на территорию Китая
0007819.png	Образование
0007820.png	Турку, Финляндия
0007821.png	Оршанский государственный колледж текстильщиков имени Г. В. Семёнова
0007822.png	Ботаническое описание
0007823.png	Примечания
0007824.png	Диффузионно-сплавная.
0007825.png	после 1998 года
0007826.png	в верхней части:
0007827.png	Литература
0007828.png	Финалист (3): 1962, 1964, 1981
0007829.png	Политическая деятельность
0007830.png	Новый 1-й переулок
0007831.png	Модели электрофоретической миграции
0007832.png	Ход событий
0007833.png	События
0007834.png	Командиры дивизий в Первой мировой войне (Россия)
0007835.png	Значение в исламе
0007836.png	Верования герметистов
0007837.png	Магистратура государственного управления отметила 10-летие.
0007838.png	Опричниками Ивана Грозного (1573) числились: Дмитрий и Пётр Будаевичи Крекшины.
0007839.png	В художественной литературе
0007840.png	См. также
0007841.png	Темерницкий мост;
0007842.png	Ссылки
0007843.png	Скалистые горы
0007844.png	Награды и премии
0007845.png	Особые указания
0007846.png	Реформы Петра Великого. Создание империи
0007847.png	В результате сильного землетрясения в Афганистане погибли около 1000 человек.
0007848.png	Примечания
0007849.png	Национальные домены верхнего уровня
0007850.png	13 октября. Международный день уменьшения опасности бедствий
0007851.png	Ссылки
0007852.png	Литература
0007853.png	Корпус стражей исламской революции
0007854.png	Переводчики прозы и драматургии на русский язык
0007855.png	Командные
0007856.png	Мифология алтайцев
0007857.png	цифры;
0007858.png	Политика России
0007859.png	Бермуды (брюки)
0007860.png	Примечания
0007861.png	Уставом города утверждена следующая структура органов местного самоуправления:
0007862.png	Телефильмы СССР 1977 года
0007863.png	могут отмечаться судороги эпилептического характера.
0007864.png	аджика (5 компонентов, но один из них хмели-сунели)
0007865.png	История метеорологических наблюдений в городе
0007866.png	Транспорт
0007867.png	См. также
0007868.png	Списки:Израиль
0007869.png	1960 Над пропастью («Над пропастью во ржи» Дж. Д. Сэлинджера)
0007870.png	Механическая модель
0007871.png	История
0007872.png	Разделы геометрической оптики
0007873.png	Потомки
0007874.png	Жанровая скульптура «Фонарщик»
0007875.png	Производство продукции животноводства в динамике за ряд лет: мясо, молоко.
0007876.png	Примечания
0007877.png	Метель (1964)
0007878.png	ПАО «Томская распределительная компания»
0007879.png	Затем из Минска пригласили Валентина Белькевича и Александра Хацкевича.
0007880.png	Основные преобразования
0007881.png	Объекты, названные в честь Абая Кунанбаева
0007882.png	Взрывы
0007883.png	Физические и химические свойства
0007884.png	Швейцарская Конфедерация
0007885.png	Белые медведи
0007886.png	См. также: :Категория:Родившиеся 9 июля
0007887.png	Балашов Б. Смысл поста
0007888.png	Население
0007889.png	История
0007890.png	Примечания
0007891.png	Маньчжуры
0007892.png	Оптическое стекло
0007893.png	Семья
0007894.png	История театра и его постановки
0007895.png	Медаль «В память 800-летия Москвы»
0007896.png	Физические свойства
0007897.png	Политики Ирака
0007898.png	Мцхета (Грузия)
0007899.png	«Волна»
0007900.png	вокальный цикл «К далёкой возлюбленной»;
0007901.png	История герба Калязина.
0007902.png	См. также: :Категория:События 21 августа
0007903.png	Радиоактивные элементы
0007904.png	Формирование правительства
0007905.png	Физико-географическая характеристика
0007906.png	Память
0007907.png	Бакальский техникум профессиональных технологий и сервиса.
0007908.png	Зелёная мечеть;
0007909.png	Известный исследователь Ферганы
0007910.png	Ссылки по гомеопатии
0007911.png	3. Точка
0007912.png	Письменность
0007913.png	Биохимическое подавление опухолевых клеток.
0007914.png	Номиналы в динарах
0007915.png	См. также
0007916.png	Книга «Век Лаврентьева» на сайте Отделения ГПНТБ СО РАН
0007917.png	рефлексивность: ;
0007918.png	Технически есть несколько популярных способов построения ПНВ:
0007919.png	Землетрясения
0007920.png	Ректоры Сент-Эндрюсского университета
0007921.png	Неослависты
0007922.png	Члены Республиканской партии США
0007923.png	Мифологизация и демифологизация
0007924.png	одиночество, недостаток внимания и заботы со стороны окружающих;
0007925.png	Примечания
0007926.png	Памятник Барият Мурадовой (перед зданием Кумыкского театра).
0007927.png	Материковые острова
0007928.png	Прогрессивизм
0007929.png	Также в 2002 году впервые стала чемпионкой мира.
0007930.png	В его честь названы улицы в следующих городах:
0007931.png	Американские самолёты
0007932.png	Память
0007933.png	:Категория:Списки Героев Российской Федерации
0007934.png	Федеральный союз: Соединённые Штаты от 1816 до 1869 года
0007935.png	тип баланса белого,
0007936.png	Феминизм
0007937.png	Чудеса
0007938.png	Микроэлементы
0007939.png	Дело Вадима Поэгли
0007940.png	Экономика
0007941.png	Южные полюсы
0007942.png	Таллин (полк)
0007943.png	Административное деление
0007944.png	Галерея
0007945.png	Синагога и иешива «Талмуд Кнессет Бэйт Ицхак»
0007946.png	Временные препятствия:
0007947.png	Фальсификация произведений Пиранези
0007948.png	аэромеханика
0007949.png	Ссылки
0007950.png	Конструкция блочного шифра на основе сетей Фейстеля
0007951.png	Факторы федерализации государства
0007952.png	В художественной литературе
0007953.png	Родился а в семье нижегородского священника Анании и его жены Мелании.
0007954.png	Принят Флаг Эфиопии.
0007955.png	Химическая кинетика
0007956.png	Города-побратимы
0007957.png	Регент Российской империи
0007958.png	Население
0007959.png	Валерий Брюсов стихи в Антологии русской поэзии
0007960.png	Строительство и недвижимость
0007961.png	Современное состояние
0007962.png	Космонавт Сергей Авдеев. Видеоэнциклопедия «Космонавты». Телестудия Роскосмоса
0007963.png	Азербайджанский университет архитектуры и строительства;
0007964.png	Сельское хозяйство
0007965.png	Дни: выходные или праздничные дни, отпуск, путешествие.
0007966.png	Национальный ядерный центр Республики Казахстан (НЯЦ РК);
0007967.png	Пильзнер
0007968.png	Ссылки
0007969.png	пляжи Матарева, Саламума и Аганоа на юго-восточном берегу;
0007970.png	Лечение
0007971.png	Русские женские имена
0007972.png	Западная Шельда
0007973.png	13 тезисов сионизма
0007974.png	История Гавайских островов
0007975.png	Проектируемый 262-й проезд
0007976.png	См. также
0007977.png	Ангьяри, Италия
0007978.png	Правила и виды гасинга
0007979.png	Медаль Н. Казанзакиса (Греция)
0007980.png	Советское кино
0007981.png	Нарушение психического статуса в сочетании с хотя бы одним из перечисленного:
0007982.png	См. также: :Категория:Родившиеся 23 сентября
0007983.png	Надкласс
0007984.png	Древнеримские цари
0007985.png	Спорт
0007986.png	Политические заговорщики Российской империи
0007987.png	Ссылки
0007988.png	Примечания
0007989.png	Свойства
0007990.png	Педиатрический факультет
0007991.png	Перевод единиц давления друг в друга
0007992.png	Ссылки
0007993.png	Литература
0007994.png	См. также
0007995.png	Святые Африки
0007996.png	Топоним
0007997.png	То выравнивал поглаже,
0007998.png	Литература
0007999.png	Военная история Узбекистана
0008000.png	Конец Османской империи. Турция
0008001.png	5 сентября
0008002.png	Ограничения применимости метода
0008003.png	Устаревшие слова
0008004.png	Начальники штаба
0008005.png	История изучения
0008006.png	Златоструй
0008007.png	Памятник Иоанну Кронштадтскому
0008008.png	Архим. Константин (Зайцев) Чудо Русской истории.
0008009.png	Примечания
0008010.png	Оригиналы
0008011.png	Радиолюбительские дипломы
0008012.png	Спорт
0008013.png	Наследственность
0008014.png	Христианский терроризм
0008015.png	В качестве тренера
0008016.png	Другие проекты
0008017.png	Слетает хмель на цифре 37.
0008018.png	Члены Парижской медицинской академии
0008019.png	Социальная анорексия
0008020.png	ПАО «Запорожогнеупор»
0008021.png	Песни на стихи Булата Окуджавы из кинофильмов. Мелодия
0008022.png	Казацкая старшина
0008023.png	Теннисист Евгений Кафельников первым из россиян стал первой ракеткой мира.
0008024.png	Штурмовиками сейчас также называют и штурмовые вертолёты.
0008025.png	Источники славянофильства
0008026.png	Ядерно-техническое обеспечение и безопасность:
0008027.png	65 км: река Ужнор (лв)
0008028.png	Мифологическое значение
0008029.png	Симкомат
0008030.png	Латинские поэты
0008031.png	Центральные органы
0008032.png	Геохимия водорода
0008033.png	Некролог на Сайте Роскосмоса
0008034.png	Литература
0008035.png	Санкт-Петербург, Россия (1968)
0008036.png	Ссылки
0008037.png	Когнитивная наука
0008038.png	Судебно-медицинская генетика
0008039.png	Другие подходы
0008040.png	Основан монастырь Санта Мария де Пиаска в городе Астурия.
0008041.png	Типы холодильных агрегатов по принципу действия
0008042.png	Карьера ракетчика
0008043.png	Периодическое издание (региональная газета) «Провинциальная жизнь».
0008044.png	Спорт
0008045.png	Четверохолмие
0008046.png	Если же ясный день, то сулил он засушливое лето.
0008047.png	Официальный сайт Администрации городского округа
0008048.png	2000-е годы
0008049.png	Персоналии по алфавиту
0008050.png	Образовательную подготовку судей осуществляет Национальная школа магистратуры.
0008051.png	Биография
0008052.png	Родились
0008053.png	Вишнёвый проезд
0008054.png	неизвестные
0008055.png	Литература
0008056.png	Летний сад
0008057.png	Критика
0008058.png	Лауреаты премии Киото
0008059.png	114 км: Ирюм (длина 85 км) (левый)
0008060.png	Средневековая литература Германии
0008061.png	Смоленская Клиническая Больница Скорой Медицинской Помощи (ОГБУЗ «КБСМП»)
0008062.png	География
0008063.png	Россия
0008064.png	Увертюра
0008065.png	1274 км: Яндык (пр)
0008066.png	Типы эллипсиса
0008067.png	Чемпионат мира
0008068.png	Взрыв на химическом заводе в Оппау (1921).
0008069.png	по содержанию катионов кальция и магния
0008070.png	Осенью луский военачальник Гунсунь Гуй-фу воевал с Чжу и занял город И.
0008071.png	Национальный музей искусств имени Гапара Айтиева
0008072.png	Вариации и обобщения
0008073.png	Происхождение
0008074.png	Стормрэйн
0008075.png	Генерал-лейтенант (Выс. пр. 13.04.1908)
0008076.png	Биография
0008077.png	Телесериалы
0008078.png	Определим  так
0008079.png	Забайкальская (сл. С. Алымова)
0008080.png	Примечания
0008081.png	Социальная сфера
0008082.png	Колоризация
0008083.png	Джерманетто, Джованни
0008084.png	Судорожный очаг
0008085.png	Театры
0008086.png	Информация с сайта Нобелевского комитета
0008087.png	См. также
0008088.png	Окраска
0008089.png	Победы и поражения (Жизнь и творчество Генриха Ибсена)
0008090.png	Состав и структура
0008091.png	Примечания
0008092.png	См. также
0008093.png	Семейство
0008094.png	Литература
0008095.png	Примечания
0008096.png	Книги, вышедшие отдельными изданиями
0008097.png	Средневековая логика:
0008098.png	Видео-лекция доктора филологических наук Сергея Неклюдова
0008099.png	Ссылки
0008100.png	Система Шмидта
0008101.png	События
0008102.png	Кориолисовы расходомеры
0008103.png	Омский театр для детей и молодёжи
0008104.png	Факты
0008105.png	Вильгельм Лейбль (р. 1844), немецкий живописец-реалист.
0008106.png	Примечания
0008107.png	Сокол, Святослав Михайлович
0008108.png	Антарктическая тундра
0008109.png	Наука
0008110.png	Литература
0008111.png	Нахождение в природе
0008112.png	Лекарственные растения
0008113.png	Похороненные на Новодевичьем кладбище
0008114.png	Примечания
0008115.png	Основные принципы
0008116.png	Стадионы
0008117.png	Осенью сунский полководец Сян Чао напал на Чжэн.
0008118.png	Примечания
0008119.png	Руководство НП ПХЛ:
0008120.png	Примечания
0008121.png	Птицы (значения)
0008122.png	память священномученика Андрея Косовского, пресвитера (1920);
0008123.png	медали СССР
0008124.png	Спортивная карьера
0008125.png	Подробнее см. .
0008126.png	Примечания
0008127.png	Археологические объекты по типу
0008128.png	Деловой Черняховск : Предприятия и организации. Новости и история города.
0008129.png	Новое время
0008130.png	Стойленский ГОК;
0008131.png	Президенты Шведского общества антропологии и географии
0008132.png	Диссоциация и эмоциональная бесчувственность
0008133.png	Древний Рим
0008134.png	Посконь
0008135.png	В специальной теории относительности скорости относительного движения
0008136.png	Члены Баварской академии наук
0008137.png	методы инженерного (изобретательского) творчества,
0008138.png	Основные предположения
0008139.png	Орден Короны короля Звонимира (1942, Хорватия)
0008140.png	Глава
0008141.png	Религиозные деятели
0008142.png	Медаль За взятие Вильно в 1812 году (французская).
0008143.png	Азербайджан и Узбекистан установили дипломатические отношения.
0008144.png	История
0008145.png	Колонии Португалии
0008146.png	Королевская медаль (1962)
0008147.png	58 место в рейтинге лучших вузов России по версии «Эксперт РА»
0008148.png	Токсичность
0008149.png	См. также
0008150.png	Хань и Хунну:
0008151.png	См. также
0008152.png	Бишнуприя-манипури
0008153.png	Академики Императорской Академии художеств
0008154.png	Относится к семейству актиноидов.
0008155.png	Максимы и мысли. Характеры и анекдоты. М.: Наука, 1966 (Литературные памятники)
0008156.png	Происхождение названия
0008157.png	Трижды Герои Советского Союза
0008158.png	Военные вопросы «Слова о полку Игореве». , 1951.
0008159.png	Калмыцкая литература
0008160.png	Ромашковый принтер
0008161.png	Каждый персонаж может полностью или частично выполнить свои цели;
0008162.png	Примерами классов функции ПС являются:
0008163.png	Литература
0008164.png	Примечания
0008165.png	Празднование сабантуя в прошлом
0008166.png	Литература
0008167.png	Гларнские Альпы
0008168.png	Примечания
0008169.png	Государственные символы Германии
0008170.png	город Барнаул (14 августа 1980)
0008171.png	Афина и птицы
0008172.png	Генеральная классификация
0008173.png	632 км: Истья (пр)
0008174.png	Похороненные в Москве
0008175.png	наследственные иммунодефициты;
0008176.png	Родившиеся в Цзиньнине
0008177.png	Медаль Фарадея по электрохимии (Королевское химическое общество)
0008178.png	Скончались
0008179.png	См. также
0008180.png	Распятие, Распятие в искусстве
0008181.png	История Ульяновской области
0008182.png	Коллективизация на Украине
0008183.png	кардиолипин
0008184.png	См. также: :Категория:Родившиеся 10 июля
0008185.png	Вариации по теме. Высоты в четырёхугольнике
0008186.png	Торговые и промышленные здания
0008187.png	Шляхетские роды герба Пелец
0008188.png	Кладбища
0008189.png	Остров Мэн;
0008190.png	«Салават Юлаев» Уфа
0008191.png	Языки Йемена
0008192.png	Современность
0008193.png	Хосе Рамос Коста
0008194.png	Способы определения
0008195.png	Преподаватели Высших курсов сценаристов и режиссёров
0008196.png	Дополнительное образование:
0008197.png	Список финалов Открытого чемпионата США по теннису в смешанном парном разряде
0008198.png	на русском языке
0008199.png	Дворянские роды Швеции
0008200.png	Руководители учебных заведений Полоцка
0008201.png	Примечания
0008202.png	Факты
0008203.png	Особые указания
0008204.png	Семья
0008205.png	Примечания
0008206.png	Второй, основной раздел Второзакония делится на две части.
0008207.png	Населённые пункты городского округа город Белокуриха
0008208.png	«Винтовка Спрингфилда» (1952, США)
0008209.png	Новосаратовский
0008210.png	Города Древней Руси
0008211.png	Религиозные
0008212.png	Классы белых карликов и планетарных туманностей
0008213.png	Именины
0008214.png	! Сценарист(ы)
0008215.png	Епископы Русской православной церкви
0008216.png	Библиография
0008217.png	Персоналии:ЛОМО
0008218.png	Административно-территориальное деление
0008219.png	Всего: 4900 чел.
0008220.png	Городской
0008221.png	Прочее
0008222.png	Классификация приступов
0008223.png	Бактериальные инфекции
0008224.png	Водопады с названием «Фата»
0008225.png	Дополнительные меры предосторожности при псориазе
0008226.png	Ссылки
0008227.png	Метеорологи США
0008228.png	«Газета Начало», бесплатная газета, издаётся с 2011 года.
0008229.png	Путешественники в Россию
0008230.png	Литература
0008231.png	Библиография
0008232.png	Стела Меша
0008233.png	Историки Армении
0008234.png	Архивные кадры
0008235.png	Карагандинский областной русский драматический театр имени К. С. Станиславского.
0008236.png	Члены Общества любителей российской словесности
0008237.png	Пацан
0008238.png	Список изобретений, сделанных в Китае
0008239.png	Блюз в России
0008240.png	травмпункт;
0008241.png	Наука и образование
0008242.png	См. также
0008243.png	Цари Тира
0008244.png	Макджи, американский кинорежиссёр, кинопродюсер и музыкальный продюсер.
0008245.png	История
0008246.png	Продюсер: Николай Соловцов
0008247.png	Фильмография
0008248.png	Народные писатели Литовской ССР
0008249.png	Морской транспорт
0008250.png	Рота дворцовых гренадер
0008251.png	Подъем к базилике Сакре-Кёр
0008252.png	Народные артисты России
0008253.png	Достижения
0008254.png	радиотехнический факультет;
0008255.png	Хоккейные архивы
0008256.png	Ригведа. Избранные гимны. М., 1972
0008257.png	диск с тестовыми утилитами для проверки работоспособности системы.
0008258.png	Графы Безбородко (РИ)
0008259.png	Преподобные
0008260.png	Этноконфессиональный конфликт
0008261.png	Структура
0008262.png	Зелинский, ф. ф. «Старые и новые пути в гомеровском вопросе» (ЖМНП, май, 1900).
0008263.png	Атри: 885 (Мандала 5)
0008264.png	Кабинет социально-политических наук
0008265.png	Литература
0008266.png	См. также: :Категория:Умершие в 1833 году
0008267.png	Вахтовые автобусы
0008268.png	Мисаил (1539)
0008269.png	Родословные книги
0008270.png	Севлиево, Болгария
0008271.png	Речевая коммуникация
0008272.png	В городе расположены отделения следующих банков:
0008273.png	Похороненные на Введенском кладбище
0008274.png	Парки и скверы
0008275.png	См. также
0008276.png	Травин Д., Маргания О. Европейская модернизация (глава «Австро-Венгрия»).
0008277.png	Наука
0008278.png	Топографические карты
0008279.png	Лабиринт узких улочек и старых домов в старом городе Антиохии.
0008280.png	Крепость состояла из трех частей:
0008281.png	Примечания
0008282.png	Учители Церкви
0008283.png	сметки
0008284.png	Православные гимнографы
0008285.png	войсковой есаул,
0008286.png	Альтернатива Фредгольма
0008287.png	Ссылки
0008288.png	Основан Порт-о-Пренс, в настоящее время являющийся столицей Республики Гаити.
0008289.png	1215 год
0008290.png	Коцюбинского, улица
0008291.png	Свято-Никольский храм (Шакша).
0008292.png	Добыча в Казахстане
0008293.png	Примечания
0008294.png	Непрерывное отображение
0008295.png	Ссылки
0008296.png	Населённые пункты Назрановского района
0008297.png	Происхождение
0008298.png	Общая площадь городских земель составляет .
0008299.png	2177 км: Ржавка
0008300.png	Ссылки
0008301.png	Число мест:
0008302.png	Секретари комитетов ВЛКСМ на предприятиях и в организациях
0008303.png	Владеть землёй имеем право,
0008304.png	Северо-Западный административный округ:
0008305.png	Почётные доктора Йельского университета
0008306.png	Российская Антарктическая экспедиция
0008307.png	Устаревшие научные теории
0008308.png	Людмила Карауш
0008309.png	Командор ордена Заслуг перед Республикой Польша (1997, Польша)
0008310.png	вторжение венгров в Баварию и Швабию. Осада Аугсбурга.
0008311.png	Думнагуал ап Эугейн, король Альт Клуита, сын Эугейна ап Бели.
0008312.png	«Бронепоезда Туапсинки»
0008313.png	полуприцепы
0008314.png	Ангидрит
0008315.png	Юрьев Лес
0008316.png	В 2016 году уезд Дёлунгдечен был преобразован в район городского подчинения.
0008317.png	Успенский Собор (Тбилиси, Грузия)
0008318.png	Николай Николаевич Говорун
0008319.png	Похороненные на Ваганьковском кладбище
0008320.png	Оценка деятельности и личности
0008321.png	Статья в Краткой чувашской энциклопедии
0008322.png	Война с Испанскими Нидерландами
0008323.png	Преображенская церковь на Жировке (Спасо-Слободская) (не сохр.)
0008324.png	В редакционной статье первого номера Гернсбек писал:
0008325.png	Ректоры Эдинбургского университета
0008326.png	Явления и феномены, связанные с двойными звёздами
0008327.png	Примечания
0008328.png	сельское хозяйство;
0008329.png	Население по состоянию
0008330.png	Особенности люксембургского языка
0008331.png	Современная Болгария
0008332.png	Ссылки
0008333.png	Ссылки
0008334.png	Арабисты Германии
0008335.png	кафедра 316 «Системное моделирование и автоматизированное проектирование»
0008336.png	Вилюйский изумруд (везувиан)
0008337.png	Персоналии
0008338.png	болгарский орден «Святой Александр» 1 ст.
0008339.png	Семья
0008340.png	Убийство Джона Кеннеди
0008341.png	вступил в действие закон об отмене в Польше воинской обязанности.
0008342.png	Критика
0008343.png	Действительный член Академии наук СССР (1929)
0008344.png	Географическое положение
0008345.png	Основные высшие учебные заведения Запорожской области:
0008346.png	Почетная грамота Совета Министров СССР
0008347.png	Внешняя разведка
0008348.png	См. также
0008349.png	Комментарии
0008350.png	Лауреаты премии «Аэлита»
0008351.png	закономерности смены пород в течение взросления и старения леса,
0008352.png	Сулис
0008353.png	Лёгкие
0008354.png	Бюро переписи США оценивает население Земли на 1 января 2018 года в  человек.
0008355.png	Музей истории денег
0008356.png	Лабораторное оборудование
0008357.png	Список неполон.
0008358.png	Музей украинской домашней иконы
0008359.png	См. также: :Категория:Родившиеся в 1797 году
0008360.png	Земельные ресурсы
0008361.png	Магический реализм в литературе
0008362.png	Полное собрание сочинений Выготского
0008363.png	Монастырев А. Производство цемента, извести. Москва, 2007.
0008364.png	Устранение бликов от боковой подсветки на оптике.
0008365.png	Христианские богословы
0008366.png	Литература
0008367.png	Ферзевый гамбит
0008368.png	Плёс (Россия)
0008369.png	Луи Дельфино
0008370.png	Похороненные в Веймаре
0008371.png	Умение управлять собой и детьми.
0008372.png	Белорусская литература
0008373.png	Табель о рангах
0008374.png	Февраль
0008375.png	Интегрированные среды разработки
0008376.png	Образ Октавиана в истории
0008377.png	Лауреаты премии Ферма
0008378.png	Железнодорожный транспорт
0008379.png	Наука
0008380.png	Родились
0008381.png	Жители Дома на набережной
0008382.png	Бьянка Бошан, канадская фетиш-модель.
0008383.png	Биография
0008384.png	Моделирование
0008385.png	Молитвенник королевы Клод
0008386.png	Скорость света измерена (1676; Оле Рёмер).
0008387.png	Храмы Вагаршапата
0008388.png	Вампироморфы
0008389.png	Виды бисера
0008390.png	Эвтюмия
0008391.png	Челябинский
0008392.png	Административное деление
0008393.png	Безопасность
0008394.png	Память о Петре Алексееве
0008395.png	Герои России
0008396.png	Литература
0008397.png	Чаплин поселился в Швейцарии, в городе Веве.
0008398.png	См. также
0008399.png	Генеральное управление оборонной информации Министерства национальной обороны
0008400.png	Литература
0008401.png	Скульптура Медеи. Автор Мераб Бердзенишвили, народный художник Грузии.
0008402.png	Мирон Полякин (ум. 1941), российский и советский скрипач и педагог.
0008403.png	Парусная регата «Голубая волна» в акватории реки Волги;
0008404.png	Родился  года в Москве.
0008405.png	Динамический хаос
0008406.png	Коллекционные монеты
0008407.png	17 декабря
0008408.png	Станционный сельсовет
0008409.png	Администрация города Шарья
0008410.png	Симптомы хронического отравления
0008411.png	Наталья Солдатова, российская актриса театра и кино.
0008412.png	Правительство и администрация
0008413.png	Население
0008414.png	Портрет Дж. Гершвина (1936, Музей современного искусства, Нью-Йорк)
0008415.png	Малый Власьевский переулок
0008416.png	Пример: Рассмотрим предложения
0008417.png	Фотографии мыса Казантип
0008418.png	Краеведческий музей.
0008419.png	145 км: водоток падь Типкурауча
0008420.png	Современные рефлексы
0008421.png	Революционеры России
0008422.png	Население
0008423.png	География
0008424.png	Дербеневский 2-й переулок
0008425.png	Первый год на Башне
0008426.png	Кондакова, Елена Владимировна
0008427.png	Абалацкой («Знамение») (1637);
0008428.png	Наумов, Юрий Михайлович (12.03.1997, 390)
0008429.png	Дистрибутивность умножения относительно сложения:
0008430.png	Ричард Фейнман в журнале «Успехи физических наук»
0008431.png	Математика
0008432.png	Джоанна Пейдж, уэльская актриса и певица.
0008433.png	Академические музыканты Польши
0008434.png	Победитель первенства СССР среди команд класса «Б»: 1967
0008435.png	Классификация
0008436.png	Гомологический ряд и изомерия
0008437.png	Брит-поп
0008438.png	Ссылки
0008439.png	Родились
0008440.png	Природоохранная политика в Индонезии
0008441.png	Биография
0008442.png	Иностранные награды
0008443.png	История
0008444.png	Сайт «Антибольшевистская Россия»
0008445.png	Краткая биография
0008446.png	«Эспоо Блюз» (Эспоо, Финляндия)
0008447.png	Временная шкала далёкого будущего
0008448.png	См. также
0008449.png	Делай сегодня то дело, что выполнить в силах,
0008450.png	Кафедра ботаники и физиологии растений;
0008451.png	Вера Матвеева,
0008452.png	хронический стресс.
0008453.png	Пустыни Калифорнии
0008454.png	Путаница в названиях
0008455.png	Скончались
0008456.png	"Молзавод" - район молочного завода;
0008457.png	См. также
0008458.png	Литература
0008459.png	Архитекторы эклектики
0008460.png	Гопалатапани-упанишада (Атхарваведа)
0008461.png	Образование Марокканской компании в Англии.
0008462.png	Примечания
0008463.png	Настоящее время
0008464.png	Падение власти персов в Египте.
0008465.png	Малая Польша
0008466.png	Злоупотребление психоактивными веществами
0008467.png	Другие работы
0008468.png	Экономическая политика государства
0008469.png	Физиологический шум
0008470.png	среднюю ножку мозжечка;
0008471.png	Приезжий (1974)
0008472.png	Отрезки, соединяющие середины противоположных рёбер тетраэдра, равны.
0008473.png	Стипендиаты Мак-Артура
0008474.png	43 домашних матча подряд «Реал» забивал в Лиге чемпионов УЕФА
0008475.png	Фильмы об искусственном интеллекте
0008476.png	часть США
0008477.png	77 км: Мелковица
0008478.png	Литература
0008479.png	в электротехнике
0008480.png	Организация миссионерской работы
0008481.png	Члены КПСС
0008482.png	Факультет довузовской подготовки
0008483.png	См. также
0008484.png	Фамилии
0008485.png	История и нахождение в природе
0008486.png	Генетика
0008487.png	Страница на сайте УрО РАН
0008488.png	Официальный сайт
0008489.png	Лучшая режиссура (Барри Левинсон)
0008490.png	Желание иметь детей: 3:38, 19:3-6, 21:89
0008491.png	Искусствоведы СССР
0008492.png	Литература
0008493.png	память Папы Римского Гилария;
0008494.png	Достопримечательности
0008495.png	Художники религиозного жанра
0008496.png	Курортные ресурсы
0008497.png	Дело о «минтаевом» картеле
0008498.png	Этимология
0008499.png	Родились
0008500.png	Без лиц, в трех лицах божества!
0008501.png	Оболочники
0008502.png	Зимой и летом стройная,
0008503.png	основу переплёта составляют:
0008504.png	Источники
0008505.png	Демократический союз,
0008506.png	Карл Брегер во Флери () (1930)
0008507.png	Реки Турции
0008508.png	Приметы
0008509.png	Ссылки
0008510.png	Экономический факультет
0008511.png	Медаль «В память 800-летия Москвы» (1948)
0008512.png	Манасоведение
0008513.png	Строение экосистемы
0008514.png	Межрегиональная Академия Управления персоналом
0008515.png	Обнаружение места сражения
0008516.png	Имеются мебельный цех, производство тротуарной плитки, пилорамы.
0008517.png	орден «Знак Почёта» (22.9.1959)
0008518.png	Диоклетиан одерживает несколько побед вдоль Дуная.
0008519.png	Государственные секретари Испании
0008520.png	Планеты земной группы
0008521.png	Сугимото-дэра
0008522.png	Судьба членов Временного правительства
0008523.png	2010-х
0008524.png	Ссылки
0008525.png	Народный Герой Казахстана (12.01.1995)
0008526.png	Этимология
0008527.png	Юридическая функция.
0008528.png	«Снайпер 2» (2002)
0008529.png	Изготовление очень простое:
0008530.png	Сергей Морозов
0008531.png	У египтян и хананеев
0008532.png	Ссылки
0008533.png	История
0008534.png	Монеты Траяна
0008535.png	Замкнутая форма
0008536.png	Влияние
0008537.png	Справочники
0008538.png	Появление в России широкого класса самостоятельных собственников.
0008539.png	Россия 88
0008540.png	Турнирные и матчевые результаты
0008541.png	Официальный сайт дворца
0008542.png	Самбургское нефтегазоконденсатное месторождение
0008543.png	Китайская Республика (Тайвань)
0008544.png	Новым премьер-министром Италии стал Франческо Коссига
0008545.png	Образование Туркестанского фронта и прорыв блокады
0008546.png	Индивидуальный предприниматель
0008547.png	ЭТА На «Агентуре»
0008548.png	Фортификационные сооружения
0008549.png	Фрагменты «Виленского альбома»
0008550.png	Ромео и Джульетта (1935)
0008551.png	Сельское хозяйство
0008552.png	Туннельное магнитосопротивление
0008553.png	Ссылки
0008554.png	См. также
0008555.png	Необходимое условие
0008556.png	Игроки сборной Литвы по футболу
0008557.png	История открытия и исследования Северной Америки
0008558.png	О началах (в 4-х кн. или ч.)
0008559.png	Древнетюркское письмо
0008560.png	Поход Святослава на вятичей.
0008561.png	Композиторы по алфавиту
0008562.png	Население
0008563.png	Ссылки
0008564.png	Панэллинские игры
0008565.png	Собор Псковских святых
0008566.png	Нижегородский рыбзавод.
0008567.png	у ясеня Иггдрасиль:
0008568.png	Текст
0008569.png	Шина Истон, шотландская певица и актриса.
0008570.png	Царскосельская художественная премия (2004)
0008571.png	Выпускники Галле-Виттенбергского университета
0008572.png	Литература
0008573.png	Телефония
0008574.png	Соманакамура-хан ()
0008575.png	16 февраля
0008576.png	Фаворит
0008577.png	Обонежская пятина
0008578.png	Память
0008579.png	Праздники и памятные дни
0008580.png	Физико-географическая характеристика
0008581.png	Омовение
0008582.png	Выпускники Калифорнийского университета в Лос-Анджелесе
0008583.png	Английское химическое общество (1883),
0008584.png	Библиография
0008585.png	Отряды лучепёрых рыб
0008586.png	Наследие
0008587.png	Дворец творчества детей и молодёжи.
0008588.png	Исследование крови
0008589.png	Главный корпус ЧелГУ
0008590.png	В литературе
0008591.png	Принц Мотоёси, член японской императорской семьи и известный поэт периода Хэйан.
0008592.png	Сноски
0008593.png	Своим путём. (Израиль)
0008594.png	Комментарии
0008595.png	Ор. 55. «Тюркский марш» (1926).
0008596.png	Генерал-адъютант (12.12.1824).
0008597.png	Вторые секретари Фрунзенского горкома КП Киргизии
0008598.png	Литература
0008599.png	горные реки опасны из-за высокой сейсмичности районов;
0008600.png	Литература
0008601.png	Стрэйф
0008602.png	Генералиссимусы Российской империи
0008603.png	Ракеты
0008604.png	Участие в разминировании местности
0008605.png	Туристический портал города Уфы
0008606.png	Поминальная еда
0008607.png	Книга памяти «Пармы»
0008608.png	Техпроцесс, нм: 10
0008609.png	«Сатурн-3»
0008610.png	Активные ядра галактик
0008611.png	Детективные фильмы Франции
0008612.png	Монастырь в 1915 году на фотографиях Сергея Прокудина-Горского.
0008613.png	Министерство образования
0008614.png	Ссылки
0008615.png	Памятник Александру Матвеевичу Матросову.
0008616.png	Театры
0008617.png	См. также
0008618.png	Ссылки
0008619.png	Ссылки
0008620.png	области;
0008621.png	Поверхности матки
0008622.png	Примечания
0008623.png	Казахстан
0008624.png	Расширяемость
0008625.png	Тепловоз ТУ5
0008626.png	Изо проект ПАРТА. Видеоурок «Линогравюра».
0008627.png	Евро-азиатская хоккейная лига
0008628.png	Известные представители
0008629.png	Ранние годы и брак
0008630.png	Статус
0008631.png	Общеобразовательные и дошкольные
0008632.png	Источники
0008633.png	Тверская ТЭЦ-3;
0008634.png	Марлон Брандо
0008635.png	Родились
0008636.png	Художники Российской империи
0008637.png	Воинские звания Вооружённых сил СССР
0008638.png	«О казнях богах язычников» ();
0008639.png	Под руководством Антонова были созданы:
0008640.png	Члены Демократической партии США
0008641.png	Основные положения
0008642.png	Исупов Иван Дмитриевич - воевода в Путивле (1624-1626).
0008643.png	Генри Тюдор, герцог Корнуолльский (р. и ум 1511)
0008644.png	20 июля 1942 года город Краснодон был оккупирован войсками нацистской Германии.
0008645.png	2 апреля
0008646.png	Парсек
0008647.png	Примечания
0008648.png	Расширенные уровни измерений редко используются вне академической географии.
0008649.png	Кудинов, Михаил Павлович
0008650.png	Драматурги России
0008651.png	Культура
0008652.png	Средства массовой информации
0008653.png	См. также
0008654.png	См. также
0008655.png	, между «Мельбурн Виктори» и «Сидней»
0008656.png	Поэты по алфавиту
0008657.png	Композиторы
0008658.png	Члены Общества московских художников
0008659.png	Ифигения
0008660.png	остров Калимнос, Греция
0008661.png	СП «Перевозский».
0008662.png	Выпускники Томского государственного педагогического университета
0008663.png	Кроме того, в городе расположены:
0008664.png	Винер Н. Динамические системы в физике и биологии (статья)
0008665.png	Авторы мемуаров о Революции 1917 года в России
0008666.png	Участники Бородинского сражения
0008667.png	концерты (по два) для фортепиано, скрипки и виолончели с оркестром;
0008668.png	Родионов, Евгений Николаевич (02.05.1996, 273)
0008669.png	См. также
0008670.png	Шпенглер ярко портретирует «души» культур:
0008671.png	«Мне кажется, что я
0008672.png	Себастьян Хабеншаден, немецкий художник.
0008673.png	Резиденция Буковинских митрополитов (Черновцы)
0008674.png	302,3 км: Ясенка (лв)
0008675.png	См. также: :Категория:Умершие в 1480 году
0008676.png	музей истории пивоварения юга России (на территории завода «Балтика-Юг»),
0008677.png	Перу объявляет войну Германии.
0008678.png	Преподаватели Николаевской военной академии
0008679.png	Ссылки
0008680.png	Государства в истории Таджикистана
0008681.png	Александровская колонна.
0008682.png	печень
0008683.png	Свойства
0008684.png	Казановичи
0008685.png	Крюковская площадь
0008686.png	См. также
0008687.png	Культура
0008688.png	Библиография
0008689.png	Памятники архитектуры
0008690.png	Медаль «40 лет Вооружённых Сил СССР» (1958)
0008691.png	Орден Дружбы народов (Белоруссия, 2014).
0008692.png	Ссылки
0008693.png	Тенистая улица (деревня Сосенки)
0008694.png	физический
0008695.png	Министерство внутренних дел Приднестровской Молдавской Республики
0008696.png	река Мельничная (пр)
0008697.png	Название
0008698.png	Флодденская катастрофа
0008699.png	Феноменология эмоций: шкалы самооценки «ощущения эмоций».
0008700.png	Лоренц-ковариантность
0008701.png	Концертные альбомы
0008702.png	Членство в организациях
0008703.png	Братоубийцы
0008704.png	Социальная сфера
0008705.png	Исчезли в 850 году
0008706.png	посёлок Большая Силаевка;
0008707.png	синхронный реактивный двигатель;
0008708.png	Ссылки
0008709.png	Комментарии
0008710.png	Патинир, Иоахим, художник.
0008711.png	Киновоплощения
0008712.png	«человек, который не может этого сделать».
0008713.png	Дифференциальные уравнения
0008714.png	Тимур Шаов. Развивая Фоменко (песня).
0008715.png	Литература
0008716.png	Гватемальцы
0008717.png	Скончались
0008718.png	Приложения
0008719.png	Лингвистическая характеристика
0008720.png	Доброкачественная опухоль
0008721.png	Посмертные дети
0008722.png	Писатели Израиля
0008723.png	Альбомы на немецком языке
0008724.png	Светлогорск, Россия (до 2022 г.)
0008725.png	Ранние годы и путь в Афины
0008726.png	Описание типов документов: языки схем
0008727.png	Депутаты Сейма Речи Посполитой
0008728.png	Цари Тира
0008729.png	Комментарии
0008730.png	четыре ордена Красного Знамени (01.10.1943, 28.07.1944, 03.11.1944, 28.01.1945);
0008731.png	8 августа
0008732.png	Адвокаты Швейцарии
0008733.png	Памятник в селе Константиново
0008734.png	Ревизор
0008735.png	Ссылки
0008736.png	Изборск упоминается в книге Владимира Свержина «Крестовый поход восвояси».
0008737.png	Олимпийские игры
0008738.png	Литература
0008739.png	Критика типологии Стивенса
0008740.png	Железнодорожный транспорт
0008741.png	Философы Чехии
0008742.png	Онтология
0008743.png	Почётные граждане
0008744.png	г. Бельск-Подляски (Бельский повят, Подлясское воеводство, Польша)
0008745.png	Жил в Донецке. Работал в штабе Гражданской обороны города.
0008746.png	Игроки сборной Камеруна по футболу
0008747.png	Я. Он сам мне это говорил. Он написал памфлет на графа Панина.»
0008748.png	Словари
0008749.png	Примечания
0008750.png	В Саратове официально 9 городских кладбищ.
0008751.png	Текущие события в космонавтике
0008752.png	География
0008753.png	Архитекторы Российской империи
0008754.png	Рауль Хулия (р. 1940), американский киноактёр пуэрто-риканского происхождения.
0008755.png	Газеты:
0008756.png	Скончались
0008757.png	Персоналии по алфавиту
0008758.png	История
0008759.png	Варенский район, официальная страница
0008760.png	Награждённые Королевской медалью
0008761.png	Королёв Гермоген
0008762.png	Литература
0008763.png	Московский логический кружок
0008764.png	В последние годы он полностью посвятил себя редакционной работе в кругу Бранко.
0008765.png	Код да Винчи
0008766.png	В эмиграции
0008767.png	Строительство Турксиба
0008768.png	Празднование 1150-летия
0008769.png	Именины
0008770.png	Примечания
0008771.png	Ши Лэ отбил нападение Дуани и заключил с ней мир.
0008772.png	Крестьянский вопрос
0008773.png	См. также
0008774.png	История
0008775.png	Произвольный треугольник
0008776.png	События
0008777.png	Ролля
0008778.png	Примечания
0008779.png	Из хранящихся в соборе святынь замечательны:
0008780.png	Задержка шайбы руками
0008781.png	Остальные элементы должны идти именно в указанном порядке.
0008782.png	Быстрый заряд
0008783.png	Литература
0008784.png	Правила шахмат
0008785.png	Преданные анафеме
0008786.png	острая интоксикация барбитуратами;
0008787.png	Лиссабон, Португалия
0008788.png	Убитые в результате операций спецслужб США
0008789.png	Милан Михалек, чешский хоккеист.
0008790.png	Стоимость
0008791.png	В 6 луне цисцы присоединили поля к западу от реки Цзи, ранее принадлежавшие Лу.
0008792.png	Директором аэропорта назначен Роман Фроленко;
0008793.png	Согласно п. 2 ст. 20 Конституции РФ:
0008794.png	67 год (окончание правления Юлиев-Клавдиев),
0008795.png	Ферритный метод
0008796.png	Ссылки
0008797.png	Авиационные двигатели
0008798.png	Слышно за версту.
0008799.png	Заводская улица
0008800.png	13 февраля
0008801.png	Революционеры ЮАР
0008802.png	Запрещённые политические партии Украины
0008803.png	Выпускники Военно-воздушной академии имени Ю. А. Гагарина
0008804.png	Нобелевские премии
0008805.png	«Чёрные бушлаты».
0008806.png	Носители информации
0008807.png	Квантовые явления
0008808.png	Урбанизация
0008809.png	Часовня в память погибших в Чечне и Афганистане;
0008810.png	Министры внутренних дел Киргизии
0008811.png	все население:
0008812.png	Международный ежегодный книжный фестиваль «Мир Книги».
0008813.png	Выступал с беседами о музыке по радио и телевидению.
0008814.png	Переименованные населённые пункты России
0008815.png	Комментарии
0008816.png	Лёгкая атлетика
0008817.png	Сайт о Федерико Феллини
0008818.png	Републико наша, здравей!
0008819.png	Основные темы современных дискуссий: см. История и статью История демократии
0008820.png	Кавалер ордена Почётного легиона (Франция, март 1999).
0008821.png	Банкноты рупии
0008822.png	Сумка Фабрициуса
0008823.png	Туркестанское генерал-губернаторство(1867-1917гг)
0008824.png	Интерметаллиды лития и палладия
0008825.png	Телеведущие НТВ
0008826.png	Примечания
0008827.png	22 июня
0008828.png	Выпускники МГТУ
0008829.png	В «Слове о полку Игореве»
0008830.png	Гидродинамика
0008831.png	Труды
0008832.png	Потребность
0008833.png	Связи между движениями
0008834.png	Ян Фрид (ум. 2003), советский кинорежиссёр и сценарист.
0008835.png	Информация на Нобелевском сайте
0008836.png	ТОВ «Витротекс»;
0008837.png	Ссылки
0008838.png	Возрождение языка
0008839.png	Библиотеки виджетов
0008840.png	Русские писатели по алфавиту
0008841.png	Письменность телугу
0008842.png	События
0008843.png	См. также
0008844.png	Гросс-Розен (Германия)
0008845.png	Трёхдневное молчание: 3:41, 19:10-11
0008846.png	Критика
0008847.png	набережная реки Фонтанки, д. 133
0008848.png	Происхождение названия
0008849.png	ДНТ «Клён» (мкр. «Мамонтовка»)
0008850.png	Межрегиональная инспекция ФНС России по камеральному контролю
0008851.png	Предприятия цветной металлургии России
0008852.png	Страны, которые нельзя считать стандартными офшорными зонами
0008853.png	Манипуляция массовым сознанием
0008854.png	Премия французских кинокритиков за лучшую актёрскую игру (Максим Мунзук)
0008855.png	Ссылки
0008856.png	Брачный период
0008857.png	История
0008858.png	Бисексуальная теория
0008859.png	Баскские земли имеют свои дополнительные гастрономические особенности:
0008860.png	Сотрудники МИАН
0008861.png	С 1851 по 1920 год в состав губернии входило восемь уездов:
0008862.png	Сборники
0008863.png	Ссылки
0008864.png	Крайние формы библиофилии
0008865.png	Система образовательных учреждений
0008866.png	Пассажир водного транспорта и на ЖЗД по закону РФ
0008867.png	«Акушерство новейшего времени»
0008868.png	Администрация
0008869.png	Примечания
0008870.png	Военачальники в Бородинском сражении
0008871.png	Популярная музыка
0008872.png	Осцилляции
0008873.png	Биография
0008874.png	математическая или оккультная;
0008875.png	Итого по краю: 3669 административно-территориальных единиц.
0008876.png	Арабские астрономы
0008877.png	Воинские формирования
0008878.png	Культура
0008879.png	Библиография
0008880.png	4 февраля
0008881.png	Адомас Варнас
0008882.png	Исторические районы Волгограда
0008883.png	Ростелеком
0008884.png	Председатели Центрального Исполнительного Комитета
0008885.png	жидкостные и механические термометры,
0008886.png	Правовое и информационное обеспечение
0008887.png	Внешний вид
0008888.png	Примечания
0008889.png	Дворец спорта КМАпроектжилстроя
0008890.png	Ссылки
0008891.png	Древнее время
0008892.png	Начало самостоятельной жизни
0008893.png	Символика
0008894.png	1950-х
0008895.png	Последний уик-энд (2004)
0008896.png	Меридиан;
0008897.png	Торговля
0008898.png	Писатели Украины
0008899.png	СФО. Руководители Томской области Б.Мальцев и В.Кресс (фото)
0008900.png	Пехотный 2-й переулок
0008901.png	Норусовская волость,
0008902.png	Выпуклое метрическое пространство
0008903.png	География
0008904.png	Литература
0008905.png	Просодия
0008906.png	Хэпинли
0008907.png	Церковь Иоанна Предтечи (1738)
0008908.png	Примечания
0008909.png	Примечания
0008910.png	Вычислительная геометрия
0008911.png	Примечания
0008912.png	Корабли
0008913.png	Наименования
0008914.png	Кмита участвовал в работе «Бабинской республики».
0008915.png	отдел оборонных отраслей и административных органов
0008916.png	Ссылки
0008917.png	Комплексный анализ
0008918.png	Происхождение
0008919.png	См. также: :Категория:Праздники 15 декабря
0008920.png	Высшая школа международного бизнеса
0008921.png	Педагогические технологии
0008922.png	Катастрофы и стихийные бедствия
0008923.png	В Новое время
0008924.png	Культура
0008925.png	Герой Социалистического Труда (13.03.1969)
0008926.png	Всемирный день улыбки
0008927.png	Увековечение памяти
0008928.png	Переименованные населённые пункты Казахстана
0008929.png	Умершие от инфаркта миокарда
0008930.png	См. также другие значения аббревиатуры ПНД.
0008931.png	Теорема Коши о среднем значении
0008932.png	Ремонтно-технические предприятия
0008933.png	Малые Антильские острова
0008934.png	Офицер ордена Почётного легиона (14 июня 1804 года)
0008935.png	Сернистый газ
0008936.png	Ерейментау (горы)
0008937.png	Секстеты
0008938.png	Ссылки
0008939.png	Расизм и национализм
0008940.png	См. также
0008941.png	Средняя Волга
0008942.png	Мария Та же Мария Палеолог, жена Константина Тихого и Ивайло.
0008943.png	Олег Константинович
0008944.png	Другие работы
0008945.png	Космические обсерватории
0008946.png	Укрепление власти
0008947.png	(), Коста-Рика (2013)
0008948.png	факелы или предметы, их имитирующие,
0008949.png	Памятники
0008950.png	Международные договоры Швеции
0008951.png	Умер Колумба (апостол Каледонии).
0008952.png	Упразднённые муниципальные районы Нижегородской области
0008953.png	Ледоколы в России сегодня
0008954.png	Упразднённые населённые пункты
0008955.png	География
0008956.png	Ссылки
0008957.png	Обладатель Суперкубка Италии: 2001
0008958.png	Иж-Байки (деревня в Татарстане)
0008959.png	Сравнение по модулю
0008960.png	Этос в музыке
0008961.png	Сайт Кубанская генеалогия
0008962.png	60-й стрелковый полк в Ленинграде, 27.
0008963.png	Примечания
0008964.png	Недостаточное число
0008965.png	Виды средневековых пиратов и пиратов нового времени
0008966.png	Осакаровский район
0008967.png	Почётный профессор Московского государственного университета (2004)
0008968.png	Среднее общее образование
0008969.png	Институт управления и предпринимательства
0008970.png	Климат
0008971.png	Примечания
0008972.png	Лауреаты Нобелевской премии из Германии
0008973.png	Нормализация массы тела.
0008974.png	См. также
0008975.png	Языки богослужений
0008976.png	Дизайн интерьера
0008977.png	Мигренозный статус
0008978.png	Примечания
0008979.png	Сила Кориолиса (1835; Кориолис).
0008980.png	Могут подаваться письменно, устно или через интернет.
0008981.png	Олег Долгов
0008982.png	Ворошиловский проспект
0008983.png	Статьи
0008984.png	Шорт-трек
0008985.png	Немецкая геральдика
0008986.png	Змеевик (медальон)
0008987.png	Азербайджан
0008988.png	Януарий
0008989.png	Великая Северная экспедиция
0008990.png	Васнецова, переулок
0008991.png	Выход огня в Адене, который погонит людей к месту собрания.
0008992.png	Распознавание паттернов
0008993.png	В индуизме
0008994.png	Гвинея вышла из зоны франка и ввела собственную валюту.
0008995.png	Архитектура
0008996.png	Бейрут, Ливан
0008997.png	Родились
0008998.png	Похороненные на кладбище Грейсленд
0008999.png	Ноктюрн
0009000.png	И над пармою в песнях звенят.
0009001.png	Оропом
0009002.png	Литература
0009003.png	Почитание Вишну
0009004.png	Моменты ядра
0009005.png	Известные представители
0009006.png	Ломоносовская премия (1972).
0009007.png	См. также
0009008.png	Саратовский геологический колледж СГУ им. Н. Г. Чернышевского
0009009.png	Непрерывный спектр в квантовой механике
0009010.png	Грибы
0009011.png	Определение
0009012.png	Промышленность
0009013.png	Вымышленные массовые убийцы
0009014.png	Северодонецкая 1-я улица
0009015.png	Современный период
0009016.png	См. также
0009017.png	У большинства сыновей и дочерей Рамсеса неизвестны имена их матерей.
0009018.png	Азербайджан и Узбекистан установили дипломатические отношения.
0009019.png	Обладателем Кубка Стэнли стал клуб Нью-Йорк Рейнджерс.
0009020.png	См. также
0009021.png	Каролина
0009022.png	Биография
0009023.png	Дальма А. Эварист Галуа: Революционер и математик. М.: Наука, 1984.
0009024.png	См. также
0009025.png	Экранизации
0009026.png	Режиссёр Ян Немец, 1975
0009027.png	Председатели Союза польских писателей
0009028.png	Основание города Сан-Себастьян-ду-Анта в Бразилии.
0009029.png	Консулы Марк Сервий Октавий Ленат Понтиан и Марк Антоний Руфин.
0009030.png	Зимин Виктор Михайлович
0009031.png	Приговорённые к смертной казни
0009032.png	Лагуны
0009033.png	Веб-порталы
0009034.png	фельдмаршал (Королевство Ганновер, 21 июня 1813)
0009035.png	Последние годы
0009036.png	Ноль в информатике и вычислительной технике
0009037.png	Биография
0009038.png	Версии для мобильных систем, включая планшеты
0009039.png	Библиография
0009040.png	Литература
0009041.png	См. также
0009042.png	Биография
0009043.png	Примечания
0009044.png	Бертран Рассел:
0009045.png	Терроризм в Древнем мире
0009046.png	Кафедра общей физики и дидактики физики
0009047.png	Ссылки
0009048.png	Полиграфия
0009049.png	Награды
0009050.png	Источники
0009051.png	Заключительные стадии испарения чёрной дыры
0009052.png	Скончались
0009053.png	Особые указания
0009054.png	Ссылки
0009055.png	См. также: :Категория:Родившиеся в 1936 году
0009056.png	В городе работают:
0009057.png	Торговый центр «Кореновский», торговый центер «Квартал».
0009058.png	Начало вещания ТВ-3 (в Москве).
0009059.png	Дагестанский государственный университет народного хозяйства
0009060.png	Участники французского движения Сопротивления
0009061.png	Вадим (р. 2006)
0009062.png	«Прости любовь» (исп. Джахан Поллыева и Игорь Миркурбанов)
0009063.png	Марсианские сутки
0009064.png	Жан Дюбюффе (р.1901), французский художник и скульптор;
0009065.png	Критика
0009066.png	Ферон
0009067.png	Гостиница «Транзит С»;
0009068.png	Гусевской хрустальный завод
0009069.png	Мемориал "Вечный огонь,
0009070.png	Современные наблюдения
0009071.png	«Пустыня» (А. Жемчужников)
0009072.png	Чебоксарцы устроили митинг в честь чувашского поэта
0009073.png	Критика общества иезуитов
0009074.png	881 км: Лёнва
0009075.png	2 поклонных креста
0009076.png	Пилотируемые космические аппараты
0009077.png	Здравоохранение
0009078.png	Лазерные материалы
0009079.png	Валентин Лебедев. Дневник космонавта.
0009080.png	Остров сокровищ
0009081.png	Группы альтернативного рока Германии
0009082.png	Города
0009083.png	Охота на леопардов
0009084.png	Железнодорожный транспорт
0009085.png	защищать интересы инвесторов и публики.
0009086.png	Наказание
0009087.png	Наибольшее из чисел, факториал которого меньше гугола.
0009088.png	237 км: протока Борисовская
0009089.png	Запатентовано в 1931 году
0009090.png	Атропинокоматозная терапия
0009091.png	Показания
0009092.png	Климат
0009093.png	Персоналии:Этика
0009094.png	Авиастроительные компании Украины
0009095.png	Родившиеся 18 февраля
0009096.png	Православные:
0009097.png	Возвращение в «некоронованные чемпионы»
0009098.png	Лауреаты Нобелевской премии по алфавиту
0009099.png	Ссылки
0009100.png	Наука самолётопоклонников
0009101.png	Михрани
0009102.png	гримальдийская
0009103.png	Общие и частные интересы
0009104.png	«Дюна: Наследник Каладана» (2022)
0009105.png	Пафиопедилюм
0009106.png	Центавр (созвездие)
0009107.png	Примечания
0009108.png	Беларуси
0009109.png	Ссылки
0009110.png	42. Второй галоп принца
0009111.png	Биография О. Петрова (1903)
0009112.png	Исполнители средневекового метала
0009113.png	В 2016 году была героем программы «Мой герой» на телеканале ТВ Центр.
0009114.png	очков за один сезон среди защитников:  Карел Рахунек, 59
0009115.png	ОАО «Химлаборприбор»
0009116.png	Это было дворянское гнездо во всем своём великолепии.
0009117.png	Сопутствующие ПАВ
0009118.png	МУП «Коммунхоз»
0009119.png	Аника Нони Роуз, американская актриса и певица.
0009120.png	Российская Социалистическая Федеративная Советская Республика
0009121.png	События
0009122.png	Озёрная улица (деревня Малыгино)
0009123.png	Международные
0009124.png	Робин Вайгерт, американская актриса
0009125.png	Андрей Синявский «Что такое социалистический реализм»
0009126.png	События
0009127.png	«Приспособление для пломбирования»
0009128.png	ИА «Псковское агентство информации»
0009129.png	Примечания
0009130.png	Модель на базе теории струн
0009131.png	Полнометражный фильм
0009132.png	Михаил Носоновский. От разрушения к созиданию.
0009133.png	Беларусь
0009134.png	Первый Канал
0009135.png	Герундий
0009136.png	Википедия:Персоналии, не категоризованные по месту рождения
0009137.png	Метание (гадание по жребию)
0009138.png	См. также
0009139.png	Сочинения
0009140.png	слободы: Ламская, Пушкарская
0009141.png	Мнения учёных
0009142.png	Адаптации
0009143.png	Список генетических терминов
0009144.png	Депутаты Совета Союза 11-го созыва
0009145.png	Би-Би-Си: «Коммунизм: проект, пытавшийся изменить мир»
0009146.png	В 1781 году получил статус уездного города Казанского наместничества
0009147.png	Первый брак
0009148.png	Секвенирование РНК
0009149.png	Биография
0009150.png	Лауреаты премии «Хрустальная Турандот»
0009151.png	В 1938 году поселению было присвоено статус города, отстроена третья школа.
0009152.png	Лисичанский профессиональный торгово-кулинарный лицей
0009153.png	С галогенами образует галогеноводороды:
0009154.png	Социолингвистические сведения
0009155.png	Администрация муниципального района Балтачевский район
0009156.png	См. также
0009157.png	Лаокоонт
0009158.png	8. Пролетарский
0009159.png	келарь
0009160.png	Смерть
0009161.png	Сватава, слева, 203 км
0009162.png	Казахская ССР
0009163.png	Весь Томск. ГП НПО Вирион
0009164.png	Физическая химия
0009165.png	Современный иврит является возрождённой формой древнееврейского языка.
0009166.png	Начат вывод советских войск из Венгрии.
0009167.png	Скалярное произведение векторов
0009168.png	Применение в урологии
0009169.png	Примечания
0009170.png	Обратные связи
0009171.png	Некоторые понятия функционального анализа
0009172.png	Название
0009173.png	Скончались
0009174.png	Соединение с предварительной аутентификацией
0009175.png	Радио
0009176.png	Умер св. Кутберт.
0009177.png	Основные сборники произведений Лосева
0009178.png	Примечания
0009179.png	Из иллюстрированного журнала «Искры» от 29 июня 1914 года:
0009180.png	Витая пара
0009181.png	Чирко-Кемь протекает через озёра:
0009182.png	Институт теоретической физики и астрономии
0009183.png	Шенгенская зона
0009184.png	Программирование в машинных кодах
0009185.png	Памятник Б. М. Хитрово в Карсуне
0009186.png	Принять зашифрованное сообщение
0009187.png	Диона
0009188.png	5 января 1974 года в Ульяновске был запущен троллейбус.
0009189.png	Епархия Аляски
0009190.png	Особенности традиции Гелуг
0009191.png	Обсерватория Галльского университета
0009192.png	Железнодорожный транспорт
0009193.png	Ссылки
0009194.png	Критика и оценки диалектики
0009195.png	Богатырь (1886; запрещена, опубликована только в 1922 году)
0009196.png	Домашняя арена
0009197.png	«Искусственный разум» (2001)
0009198.png	Религиозная этика
0009199.png	Примечания
0009200.png	Борьба с транснациональными криминальными предприятиями
0009201.png	Братья Васильевы
0009202.png	Водородные технологии
0009203.png	Орден Ленина (1960)
0009204.png	Фототермины
0009205.png	Ссылки
0009206.png	Бессудная грамота
0009207.png	Родившиеся в 1829 году
0009208.png	Другое
0009209.png	Литература
0009210.png	Псевдонимы
0009211.png	законодательные (представительные) органы субъектов Российской Федерации;
0009212.png	Губернаторы острова Джерси
0009213.png	Образование
0009214.png	Берёзовка
0009215.png	Томас Сангстер («Стать Джоном Ленноном», 2009)
0009216.png	Театральная деятельность в 1960-е годы
0009217.png	Люминесценция
0009218.png	Окаменелости в Московском метрополитене
0009219.png	Семья и родственники
0009220.png	Виноградов-Волжинский
0009221.png	Российское общество Вудхауза
0009222.png	Стоматологическая поликлиника
0009223.png	Национальный состав
0009224.png	Превращение эвфемизмов в табуированные слова
0009225.png	Документальные фильмы о Владимире Наумове
0009226.png	Транспорт
0009227.png	Кронос
0009228.png	Изменение численности населения Тульской области
0009229.png	Жонас Савимби
0009230.png	Сексуальная ориентация
0009231.png	Экспедиции
0009232.png	Ссылки
0009233.png	Душевнобольные
0009234.png	Источники
0009235.png	Реалистическое устрашение
0009236.png	Биография
0009237.png	в Эстонии начинается Перводекабрьское восстание.
0009238.png	См. также
0009239.png	Угарову Алексею Алексеевичу (сквер «Асеновград», микрорайон Солнечный)
0009240.png	Местное самоуправление
0009241.png	Среднее образование города представлено 2 школами:
0009242.png	Панно «Битва Рамы на Ланке» (западная галерея, северная сторона)
0009243.png	Памятник В. И. Ленину
0009244.png	Археологические артефакты
0009245.png	См. также
0009246.png	Литература
0009247.png	История
0009248.png	В 1869 году свирепствовала сибирская язва.
0009249.png	Запись
0009250.png	Коды языков
0009251.png	«Устюжаночка»
0009252.png	См. также: :Категория:События 9 июля
0009253.png	Внешняя торговля
0009254.png	Фитнес центр "ЗОЖников"
0009255.png	География
0009256.png	География
0009257.png	Обход каталогов
0009258.png	Свойства
0009259.png	Основные библиотеки
0009260.png	Техника
0009261.png	Библиотеки
0009262.png	Литература
0009263.png	Разделение эльфов
0009264.png	Родились
0009265.png	Платонов, Андрей Платонович, «Котлован» (1930).
0009266.png	Общие сведения
0009267.png	Похороненные в Вестминстерском аббатстве
0009268.png	Я не хочу продолжать жить,
0009269.png	Фармакокинетика
0009270.png	Почётные граждане Атырау
0009271.png	То же можно сказать о представлении матрицами билинейных (квадратичных) форм.
0009272.png	Населённые пункты краевого подчинения Красноярского края
0009273.png	Эпилептический статус
0009274.png	Храм иконы Божией Матери «Неопалимая Купина»
0009275.png	Современная жизнь обители. Деятельность Попечительского совета
0009276.png	редакция газеты «Степной край»
0009277.png	«Золотая свадьба» с Л. Кнауса,
0009278.png	Гемоглобин А
0009279.png	Литература
0009280.png	Отношение общественности
0009281.png	обстоятельственные цели
0009282.png	Прусский Орден Красного орла со звездою (1861)
0009283.png	Этносоциология
0009284.png	Города на Мораве
0009285.png	Награды и звания
0009286.png	НИИИТ (АО Научно-исследовательский институт информационных технологий);
0009287.png	Католические блаженные
0009288.png	Ходынский бульвар
0009289.png	Вышедшие из употребления письменные системы
0009290.png	Экономика
0009291.png	Члены Французской академии наук
0009292.png	пустого множества;
0009293.png	Форматы бумаги
0009294.png	Далее шли войсковые служители:
0009295.png	Ссылки
0009296.png	Лесков
0009297.png	Что сердце проходит через круги ада
0009298.png	Люди в чёрном
0009299.png	Консерванты
0009300.png	Приход к власти
0009301.png	Закон или Тора, включающая Пятикнижие Моисеево.
0009302.png	Высокомерие адитов: 41:15, 26:128-129,
0009303.png	Пролетарская,
0009304.png	Игровые принадлежности
0009305.png	Дворянские роды, на гербах которых изображены львы
0009306.png	История
0009307.png	Бибирево
0009308.png	Определитель матрицы равен произведению её собственных значений.
0009309.png	См. также: :Категория:События 28 января
0009310.png	Инвестиционный потенциал
0009311.png	Скончались
0009312.png	Фильмы, спродюсированные Альфредом Хичкоком
0009313.png	Топоним
0009314.png	См. также
0009315.png	Фуллерены в природе
0009316.png	летать
0009317.png	Прошлое, настоящее и будущее
0009318.png	Уроженцы
0009319.png	Контроль за соблюдением
0009320.png	Журнал "Фармакокинетика и Фармакодинамика"
0009321.png	Адреса в Санкт-Петербурге
0009322.png	Роль учителя
0009323.png	Происхождение и история рода
0009324.png	Языки-потомки
0009325.png	День воинской славы
0009326.png	Февральская улица
0009327.png	Население
0009328.png	Лауреаты премии «Фигаро»
0009329.png	Памятник Ыбраю Алтынсарину. Открыт в мае 2013 года
0009330.png	Сайт общественно-политической газеты «Сельская новь»
0009331.png	Биография Георгия Сергеевича Полтавченко на сайте Администрации Санкт-Петербурга
0009332.png	Палау (наряду с палауским)
0009333.png	Национальные
0009334.png	Применение
0009335.png	Фильмы Терри Гиллиама
0009336.png	Литература
0009337.png	Флейте подобно, милый снигирь?
0009338.png	Построен Лавочный мост в Кёнигсберге.
0009339.png	Аркадская академия
0009340.png	Последние годы
0009341.png	История версий
0009342.png	По категориям размещения и климатическому исполнению
0009343.png	Умер .
0009344.png	Комментарии
0009345.png	Лопатовидный: лист в виде лопаты
0009346.png	Ссылки
0009347.png	Многобожие в исламе
0009348.png	Адвокаты Российской империи
0009349.png	События
0009350.png	Депутаты Верховного Совета Таджикской ССР 1-го созыва
0009351.png	Примечания
0009352.png	Литература
0009353.png	Шахматные партии
0009354.png	Самость
0009355.png	высокая прочность на растяжение и изгиб;
0009356.png	Фосфоресценция
0009357.png	Римское право
0009358.png	Сержанты в ВС Российской империи
0009359.png	ДК «Алмаз».
0009360.png	Ссылки
0009361.png	Мужские монастыри
0009362.png	Агрессия в отношении готов
0009363.png	Похороненные на Бернардинском кладбище
0009364.png	Биологическая роль
0009365.png	Полезные ископаемые
0009366.png	память мучеников Никомидийских: Васса, Евсевия, Евтихия и Василида (303)
0009367.png	Биография
0009368.png	Транспорт
0009369.png	Организации, которые действуют в Кремле
0009370.png	См. также
0009371.png	Художник-гример: Ольга Матвейчук
0009372.png	Литература
0009373.png	См. также: :Категория:Родившиеся в 1677 году
0009374.png	Переименованные населённые пункты России
0009375.png	Скончались
0009376.png	Попытка реабилитации
0009377.png	Всеобщая ядерная война (США)
0009378.png	Почётные доктора Ягеллонского университета
0009379.png	Экранизации
0009380.png	Ссылки
0009381.png	Известные носители:
0009382.png	Суммируем с результатом предыдущего цикла:
0009383.png	На английском языке
0009384.png	Физико-географическая характеристика
0009385.png	«Электроника ЭМ-25»
0009386.png	Право граждан на охрану здоровья при распространении рекламы;
0009387.png	Ссылки
0009388.png	Туристскими тропами
0009389.png	Капиллярный глубиномер
0009390.png	Династии Древней Персии
0009391.png	Китай
0009392.png	Род Игнатьевых в родословной росписи Голенищевых-Кутузовых
0009393.png	Интересные факты
0009394.png	«Кладбище домашних животных» (1983), Стивен Кинг
0009395.png	Белая стрела. Возмездие
0009396.png	Осташков, Россия
0009397.png	Казнённые во Вторую мировую войну
0009398.png	5 отдельных дорожно-строительных батальона;
0009399.png	Гетманы Войска Запорожского
0009400.png	Источники
0009401.png	Обсценная лексика в топонимике
0009402.png	Примечания
0009403.png	Свежим хлебом не пахнет,
0009404.png	Письменность и литература
0009405.png	Фердинанд Грегоровиус. «История города Рима в средние века».
0009406.png	Регламентация пересечения границы
0009407.png	Дом-музей Нико Пиросмани в селе Мирзаани
0009408.png	Производство
0009409.png	Выпускники Житомирской гимназии
0009410.png	1998 год
0009411.png	Список флагов Вооружённых сил России
0009412.png	Дай на земли!
0009413.png	Переводчики Адама Мицкевича
0009414.png	5-й корпус (Позен и Силезия)
0009415.png	Задолженность
0009416.png	«Златые горы»
0009417.png	События
0009418.png	Письмо ЦК КПК к ЦК КПСС с изложением взглядов китайских коммунистов.
0009419.png	Первые две цифры года: 19
0009420.png	Международные рейтинги
0009421.png	Лавры
0009422.png	Гражданская война в Бурунди.
0009423.png	«Золотой век».
0009424.png	Печорин
0009425.png	Интерфейс пользователя
0009426.png	Национальный состав в 1897 году:
0009427.png	Внутреннего сгорания
0009428.png	Солдатские императоры
0009429.png	Джино Уоткинс возглавил экспедицию на остров Эдж, архипелаг Шпицберген.
0009430.png	Национальный педагогический университет имени М. П. Драгоманова
0009431.png	Чатланский язык
0009432.png	См. также
0009433.png	Имитация трещинок
0009434.png	Примечания
0009435.png	Ссылки
0009436.png	6 марта 2005 в Ираке скончался 18-й украинский миротворец.
0009437.png	1. Майкопский республиканский городской округ,
0009438.png	Категория 5
0009439.png	Предаюсь на Бога и уповаю на милость и благость его!
0009440.png	14.12.1798 назначен шефом Навагинского мушкетёрского полка.
0009441.png	Переводчики с французского языка
0009442.png	Экономика
0009443.png	Минуты: перерыв.
0009444.png	Географы Германии
0009445.png	Парламентские выборы на Кипре.
0009446.png	География производства
0009447.png	Геология
0009448.png	Календарное лето
0009449.png	Славятинский
0009450.png	Пётр Дамиани
0009451.png	Примерами средств обеспечения полётов являются:
0009452.png	Гребенщиков об участниках коллектива:
0009453.png	Исполнительный директор
0009454.png	Сайт городской газеты «Байкал-новости»
0009455.png	Производители программного обеспечения США
0009456.png	Энциклопедические статьи
0009457.png	Население
0009458.png	Примечания
0009459.png	«Кремлёвский проект» СПС и интервью с Никитой Белых
0009460.png	См. также
0009461.png	14-е простое число.
0009462.png	На территории посёлка у залива находится памятник природы Комаровский берег.
0009463.png	Химические свойства
0009464.png	Официальное сообщество ВКонтакте
0009465.png	Ссылки
0009466.png	Долгое время через Памир проходило ответвление Великого Шёлкового пути.
0009467.png	Писатели-соцреалисты
0009468.png	Научно-исследовательский институт резиновой промышленности
0009469.png	Закон о запрещении винокурения (Тоба-Вэй).
0009470.png	Классы светимости
0009471.png	Фамилия
0009472.png	Люсина книжка, 1940
0009473.png	Ансамбль Площади Мира
0009474.png	Пример новостного аккаунта: .
0009475.png	Афанасий, Маврикий.
0009476.png	Акции
0009477.png	Любительские наблюдения
0009478.png	История
0009479.png	Столица
0009480.png	Андреев, Даниил Леонидович
0009481.png	Географическое положение
0009482.png	Устройство
0009483.png	Лондон, Великобритания
0009484.png	Фотографии из истории города
0009485.png	55 История
0009486.png	Первое упоминание племен под названием «болгар»
0009487.png	Академические музыканты СССР
0009488.png	подтверждено существование топ-кварка, ранее наблюдавшегося только на Тэватроне;
0009489.png	Двойное летнее время
0009490.png	Джорджо Моранди
0009491.png	Географические названия, производные от имени
0009492.png	Фракции Государственной думы Российской Федерации
0009493.png	Расположение
0009494.png	2002 Спарта
0009495.png	Государства в истории Черногории
0009496.png	Населённые пункты Костанайской области
0009497.png	По типу памяти
0009498.png	«Мир» (закрыт)
0009499.png	См. также
0009500.png	Пример из работы «Новые метро-строфы»:
0009501.png	Переводы
0009502.png	См. также: :Категория:Родившиеся в 1855 году
0009503.png	Реки Братиславского края
0009504.png	Жизнь после окончания карьеры
0009505.png	См. также
0009506.png	Члены Гёттингенской академии наук
0009507.png	Первый фильм про историю г. Марганца
0009508.png	Орджоникидзеград
0009509.png	Потребление по регионам
0009510.png	Геофизика
0009511.png	Еврит и Ктеат из Элиды. От Молионы (версия).
0009512.png	Международное признание
0009513.png	Установлены дипломатические отношения между Узбекистаном и Замбией.
0009514.png	босанчица (разновидность кириллицы);
0009515.png	Ссылки
0009516.png	В 1765 году в крепости была открыта двухклассная школа «для обучения юношества».
0009517.png	Патология
0009518.png	«Символы утраченного священного женского начала»
0009519.png	Этимология
0009520.png	Ссылки
0009521.png	Литература
0009522.png	Шостакович Д. «Барышня и хулиган»
0009523.png	Коническая константа
0009524.png	Дочерние организации
0009525.png	Раннее христианство
0009526.png	5 центров реабилитации подростков (дневного пребывания);
0009527.png	18 апреля
0009528.png	Культура
0009529.png	См. также
0009530.png	Изобразительное искусство СССР
0009531.png	ФК «Вологда»
0009532.png	Революция 1848 и приход к власти
0009533.png	Прошли выборы в Третье (29-е) Народное собрание Болгарии.
0009534.png	Населённые пункты
0009535.png	Ташкентский театр «Ильхом»
0009536.png	Пищевая промышленность и быт
0009537.png	Лига чемпионов ФИБА (баскетбол)
0009538.png	Обобщённое программирование
0009539.png	Вакцина для профилактики гриппа
0009540.png	на севере с Вытегорским районом;
0009541.png	Министры юстиции Российской Федерации
0009542.png	Шмелькова Нина Ивановна, заслуженная артистка Российской Федерации
0009543.png	Интегральный секанс
0009544.png	Павел Дыбенко (р. 1889), революционер, советский политический и военный деятель;
0009545.png	Третий снег (1953)
0009546.png	«Волк»
0009547.png	Химическая промышленность
0009548.png	Перевод Акилы
0009549.png	Удельный период
0009550.png	Транспортные открытки.
0009551.png	«Я легкомысленный грузин!», РЕН ТВ, 1994 (документальный фильм Эльдара Рязанова)
0009552.png	Литература
0009553.png	Обратная теорема
0009554.png	Города Луганской области
0009555.png	В МКБ 10 пересмотра выделяются следующие формы сифилиса:
0009556.png	Византийские императоры
0009557.png	Эдуард Володарский
0009558.png	См. также: :Категория:Умершие в 1024 году
0009559.png	Борис Поздняков
0009560.png	Сентябрь
0009561.png	Планирование учебного процесса
0009562.png	Почётный доктор Венского университета.
0009563.png	Заболевания печени
0009564.png	Ссылки
0009565.png	Переводы на русский язык
0009566.png	Конструкторы бронетехники
0009567.png	В буддизме
0009568.png	декоративное садоводство
0009569.png	Применение
0009570.png	Со стороны системы кроветворения: лейкопения, анемия, тромбоцитопения.
0009571.png	Примечания
0009572.png	История празднования
0009573.png	«земли» (соответствия месту),
0009574.png	Епархии Санкт-Пёльтена.
0009575.png	Кафедра компьютерных технологий
0009576.png	Северный крест
0009577.png	Население
0009578.png	21 посёлок.
0009579.png	Биография
0009580.png	События
0009581.png	Населённые пункты Неманского района
0009582.png	Образ
0009583.png	См. также
0009584.png	Мифические долгожители
0009585.png	Компьютерные сети
0009586.png	Силы специальных операций
0009587.png	Паром «Композитор Мусоргский».
0009588.png	Творчество
0009589.png	Персонажи мультфильма «Трансформеры: Кино»
0009590.png	Научная библиотека УдГУ
0009591.png	Германская оккупация в годы Второй мировой войны
0009592.png	Список свободных программ для электронной коммерции
0009593.png	Турция
0009594.png	Литература
0009595.png	Фториды ксенона
0009596.png	Рок-музыка в России
0009597.png	«Герой Республики» (Сирия, 1987)
0009598.png	Города-побратимы
0009599.png	по критичности;
0009600.png	См. также
0009601.png	Литература
0009602.png	Весной луский князь встретился с княгиней Малого Ци Бо-цзи в Тао.
0009603.png	Мэр Петрозаводска
0009604.png	Россия
0009605.png	Западная Азия
0009606.png	ООО «Кизлярский коньячный комбинат»;
0009607.png	В 1917 году Резерфорд заметил, что когда альфа-частицы попадают в воздух,
0009608.png	Бриллиантовый крест для ношения на клобуке (1916 год).
0009609.png	Сочинения
0009610.png	прочие сведения (текущее время, например).
0009611.png	Литература
0009612.png	Ванфуцзин
0009613.png	Почётные граждане Калуги
0009614.png	Годовые показатели температуры воздуха и осадков:
0009615.png	Дьайык
0009616.png	Литература
0009617.png	Битва за Новороссийск
0009618.png	Учебные заведения, основанные в 1930 году
0009619.png	транспиляция;
0009620.png	Малаховка
0009621.png	Автор сценария: Александр Довженко
0009622.png	Примечания
0009623.png	Фамилии: Трофимов, Трофимцев, Трофимин, Трошин, Трофим.
0009624.png	Галльская война
0009625.png	Биография
0009626.png	Режиссёры немого кино
0009627.png	Почётные доктора Технического университета в Брно
0009628.png	Суммируя всё сказанное выше, можно записать:
0009629.png	Эпитеты Геры
0009630.png	Авитала
0009631.png	Адриан, мученик, память 1 ноября
0009632.png	Родились
0009633.png	Векторный графический редактор
0009634.png	Умершие от болезни Паркинсона
0009635.png	Егоров, Дмитрий Николаевич (09.10.2023)
0009636.png	Архитекторы Каталонии
0009637.png	Спорт
0009638.png	Ударения в фамилиях Героев приведены по книге «».
0009639.png	Религия в Древней Греции
0009640.png	Обеспечение электроэнергией
0009641.png	нахско-дагестанские языки: удинский, бацбийский, чеченский (кистинский)
0009642.png	Монархи, погибшие в бою
0009643.png	Кубок немецкой лиги
0009644.png	Литература
0009645.png	Ссылки
0009646.png	Поэты Византии
0009647.png	Взвешенное органическое вещество
0009648.png	История исследований
0009649.png	О развитии автомобильных дорог регионального значения
0009650.png	Галерея
0009651.png	Персонажи Александра Пушкина
0009652.png	Дом культуры
0009653.png	Соответствующая признаку функция:
0009654.png	Гильбоа (горный хребет)
0009655.png	Выделяют следующие подтипы шизотипического расстройства:
0009656.png	Литература
0009657.png	краткий очерк о. Якова Кротова
0009658.png	Кира Седжвик, американская актриса кино и телевидения.
0009659.png	Ульбинский металлургический завод;
0009660.png	Луппенские заморозки.
0009661.png	Муниципии Молдавии
0009662.png	Официальный сайт
0009663.png	Ректор
0009664.png	Македонский алфавит
0009665.png	Похороненные на Смоленском православном кладбище, чьи могилы утрачены
0009666.png	Большереченский район
0009667.png	Издания
0009668.png	Фёдор Толстой (ум. 1873), русский художник, медальер и скульптор.
0009669.png	Лекарственное взаимодействие
0009670.png	Наиболее распространённые виды спама
0009671.png	Частушки о частушке (сл. А. Иркутова, 1931)
0009672.png	Еврейская культура
0009673.png	Игрушки
0009674.png	Международная ассоциация развития с 2004 года;
0009675.png	(1-е издание)
0009676.png	Коренные племена и первые европейские поселенцы
0009677.png	Фьючерсные биржи
0009678.png	Далёкие галактики наблюдаются с помощью телескопов «Хаббл» и «Спитцер».
0009679.png	Исторические формы романа
0009680.png	Примечания
0009681.png	Византия начинает активное наступление на Западно-Болгарское царство.
0009682.png	Директора ИМЭМО
0009683.png	Белоозёрский,
0009684.png	Фитнес-центр «Стиль жизни»,
0009685.png	Чередниченко Т. Русская музыка и геополитика
0009686.png	Русские переводы
0009687.png	Золотое оружие с надписью «За храбрость» (1905; утв. ВП 20.06.1907)
0009688.png	Примечания
0009689.png	Ракель Кэссиди, английская актриса театра, кино и телевидения.
0009690.png	Землетрясение разрушило остров Рюген, в результате чего откололся остров Руден.
0009691.png	«За горами, за морями» (1955)
0009692.png	Астерия
0009693.png	уровень функциональной готовности к выполнению нагрузок;
0009694.png	Республика Коми
0009695.png	21 сентября исполнилось бы 85 лет Юрию Лужкову
0009696.png	Персоны года
0009697.png	краткое описание должности, на которую он претендует.
0009698.png	Президиум Генерального совета
0009699.png	Батлерианский Джихад
0009700.png	См. также
0009701.png	Александр Масляков-младший
0009702.png	Присвоено следующим лицам:
0009703.png	другой (человек), другие (люди)
0009704.png	Подготовка объектов
0009705.png	Комментарии
0009706.png	Спортивные клубы Караганды
0009707.png	Механизм действия
0009708.png	Эвакуация коллекций во время нацистской оккупации
0009709.png	Гражданин должен иметь безупречную репутацию;
0009710.png	Литература
0009711.png	Конвенция о предупреждении геноцида и наказании за него
0009712.png	Царствование Павла
0009713.png	Сохранились воспоминания Надежды Забелы об их первой встрече с Врубелем:
0009714.png	Примечания
0009715.png	Суахили
0009716.png	Цефей
0009717.png	Атомная физика
0009718.png	6 мая
0009719.png	Курортологи
0009720.png	Устройство христианского храма
0009721.png	Орден Святого Месропа Маштоца (Армения)
0009722.png	все население:
0009723.png	В кино и театре
0009724.png	Примечания
0009725.png	Описанная окружность
0009726.png	ООО «Завод герметизирующих материалов»,
0009727.png	Примечания
0009728.png	Неофициальный сайт города Ахтубинска
0009729.png	В Германии
0009730.png	Кланы ниндзя
0009731.png	Умершие 30 марта
0009732.png	Чешские писатели
0009733.png	Фомин, Александр Гурьевич (18.06.2001, 730)
0009734.png	Примечания
0009735.png	Лигроин
0009736.png	Баляйкин,
0009737.png	Наука
0009738.png	Примечания
0009739.png	Авторы-исполнители России
0009740.png	Приморский парк Победы
0009741.png	Меценаты Российской империи
0009742.png	Производные
0009743.png	тяжеловодными водоохлаждаемыми
0009744.png	Субару
0009745.png	Официальный сайт Фонда Вольфа
0009746.png	Парад в Дафне
0009747.png	Равенна
0009748.png	«Сорока»,
0009749.png	Игроки сборной России по футболу
0009750.png	Захаров Иван Кириллович - стольник, воевода в Вологде (1696-1698).
0009751.png	Научная деятельность
0009752.png	Общественные деятели Российской империи
0009753.png	О названиях
0009754.png	Примечания
0009755.png	В частности, уравнение
0009756.png	АТП «Пошехонское» (транспортные перевозки)
0009757.png	После Великой Отечественной войны
0009758.png	Переулок Балакирева (Екатеринбург)
0009759.png	люфтштрайткрефте (военно-воздушных сил)
0009760.png	Выпускники Тбилисского государственного университета
0009761.png	667 км: Ик
0009762.png	Йозгат, Турция (2 ноября 2012 года)
0009763.png	Деятели католицизма
0009764.png	Множество
0009765.png	Территориальное деление
0009766.png	Музей военно-морского флота.
0009767.png	Статьи автора, критические статьи, биография
0009768.png	«Крылья Советов» (женск.)
0009769.png	Фриденсрайх Хундертвассер (р. 1928), австрийский архитектор и живописец.
0009770.png	Примечания
0009771.png	Полярные леса мелового периода
0009772.png	Животноводство
0009773.png	В СССР
0009774.png	Античные писатели, чьи труды дошли до нашего времени
0009775.png	17 июня
0009776.png	византийский слой;
0009777.png	Уфимский государственный нефтяной технический университет Октябрьский филиал
0009778.png	Возникновение и развитие цитологии
0009779.png	Муниципальные округа Нижегородской области
0009780.png	Реки Николаевского района Хабаровского края
0009781.png	На городских маршрутах в среднем в сутки работает (2021 год):
0009782.png	Грузия
0009783.png	ГАЗ-3351 (двухзвенный)
0009784.png	Железнодорожный транспорт
0009785.png	Чехия
0009786.png	Башкиры
0009787.png	Биография
0009788.png	См. также: :Категория:Праздники 25 июня
0009789.png	География
0009790.png	Папа распространил легатские полномочия Бонифация на «всю Галльскую провинцию».
0009791.png	Транспорт
0009792.png	Ссылки
0009793.png	См. также
0009794.png	Стихи Андрея Анпилова на сайте иронической поэзии
0009795.png	Шляхетские роды герба Котвица
0009796.png	Винный этикет
0009797.png	Магистральные ЛЭП
0009798.png	Ралли
0009799.png	Секретари КПК
0009800.png	Безак Александр Павлович
0009801.png	«Балтия» (Кунья, Великие Луки, Новосокольники, Идрица и Себеж)
0009802.png	Зарина (Алла Лименес)
0009803.png	«Таппара» (Тампере, Финляндия)
0009804.png	Примечания
0009805.png	19 июля:
0009806.png	Имена христианского Бога
0009807.png	Отчёт о деятельности Центрального Склада Её Величества в г. Харбине.
0009808.png	Игорь Чугайнов
0009809.png	и мн. др.
0009810.png	Калининградский автобус
0009811.png	Литература
0009812.png	Выпускники Колледжа Христа
0009813.png	Родились
0009814.png	Все водные объекты расположены за пределами города.
0009815.png	В античной мифологии
0009816.png	Ветеринарный проезд
0009817.png	Был хиротонисан 2 мая 1650 года во епископа Могилёвского.
0009818.png	Ньяя-сутры Акшапады Гаутамы;
0009819.png	Примечания
0009820.png	Бельцы (2005)
0009821.png	Абстрагирование
0009822.png	16 февраля
0009823.png	Литература
0009824.png	Население
0009825.png	Средневековая мифология
0009826.png	Продолжительность: 6 часов 50 минут
0009827.png	Строение
0009828.png	История
0009829.png	Аппарат Правительства Российской Федерации
0009830.png	Литература
0009831.png	Потребительский рынок
0009832.png	Участие в телепроектах
0009833.png	Городской бюджет
0009834.png	Туркменистан
0009835.png	Сети телекоммуникаций
0009836.png	Вещественные векторы
0009837.png	Кремний в Популярной библиотеке минералов
0009838.png	Генералиссимусы
0009839.png	См. также
0009840.png	Братьев Фонченко, улица
0009841.png	Прикладная статистика
0009842.png	Бертрана
0009843.png	Персонажи «Божественной комедии»
0009844.png	Мальчик-с-пальчик
0009845.png	Биография
0009846.png	Поражается чёрной пятнистостью, настоящей и ложной мучнистой росой, тлёй.
0009847.png	Алкоголь-индуцированный гепатит
0009848.png	Теоремы
0009849.png	Ссылки
0009850.png	Кто сей Царь славы? Господь сил, Он Царь славы.
0009851.png	Экономика
0009852.png	Фредериксбергская кампания
0009853.png	Электоральная география
0009854.png	См. также
0009855.png	Управление спросом
0009856.png	Вазопись
0009857.png	География
0009858.png	Религиозные
0009859.png	Первая поездка Платона к Дионисию Старшему.
0009860.png	Административным центром Коми-Пермяцкого округа является город Кудымкар.
0009861.png	Триада
0009862.png	Верховинский диалект
0009863.png	Повелительное наклонение (императив)
0009864.png	Скончались
0009865.png	Игроки года по версии ФИФА
0009866.png	Память
0009867.png	Адмиралтейский
0009868.png	Компьютерные ошибки
0009869.png	История принятия Великой хартии вольностей
0009870.png	Инженерный корпус
0009871.png	Депутаты Верховного Совета Башкирской АССР третьего созыва
0009872.png	Создан Московский государственный геологоразведочный университет.
0009873.png	Переведеновский переулок
0009874.png	Британские командиры Наполеоновских и Революционных войн
0009875.png	Участники Третьего крестового похода
0009876.png	Обладатели Кинг Клэнси Трофи
0009877.png	гражданского права
0009878.png	Педагогические профессии
0009879.png	Архитектура и достопримечательности
0009880.png	В честь Эвриномы назван астероид (79) Эвринома, открытый в 1863 году.
0009881.png	Первая картина.
0009882.png	Военная карьера
0009883.png	Георг Кальвер () (ум. 1618)
0009884.png	Зеленодольская улица
0009885.png	Полуфиналист (2): 2010, 2020
0009886.png	Репрессированные в Российской империи
0009887.png	ускорители заряженных частиц
0009888.png	рак поджелудочной железы
0009889.png	Казнённые религиозные деятели
0009890.png	Ссылки
0009891.png	3. Постановка задач теории упругости в смешанном виде.
0009892.png	Примечания
0009893.png	Выпускники педагогического института при Виленском университете
0009894.png	Библиография Эльфриды Елинек
0009895.png	Художники-фрескисты
0009896.png	Революция и гражданская война
0009897.png	История
0009898.png	Солёность океанов
0009899.png	Мандатное управление доступом
0009900.png	История создания
0009901.png	Детская хоровая музыкальная школа;
0009902.png	Образование
0009903.png	Компьютерные игры с процедурной генерацией игрового мира
0009904.png	Существующие типы атрибутов:
0009905.png	включена молитва Манассии (), имеющаяся в конце второй книги Паралипоменон.
0009906.png	Удельная ёмкость
0009907.png	Площади круга, его частей, описанных и вписанных в круг фигур
0009908.png	Ссылки
0009909.png	Форма счёта-фактуры
0009910.png	См. также
0009911.png	Главный герой повести Михаила Казовского «Русские Гавайи» (М., «Подвиг», 2016).
0009912.png	Символом города стал памятник «Казак Кривой Рог».
0009913.png	Память
0009914.png	Задать целевую функцию (приспособленности) для особей популяции
0009915.png	Малый Сергиевский переулок
0009916.png	Легенды хоккея. Анатолий Фирсов
0009917.png	Изобразительное искусство СССР
0009918.png	Библиотеки
0009919.png	Острова Эпарсе
0009920.png	Стачка в Лионе.
0009921.png	25 шахматных задач, основанных на партиях Чигорин
0009922.png	Клубная
0009923.png	(под синтезатор, кроме альбома «Избранное, часть 2»)
0009924.png	Биография
0009925.png	Важнейшие события
0009926.png	Герцоги де Вальми
0009927.png	Генеральный секретарь
0009928.png	Примечания
0009929.png	Образование
0009930.png	Енисейские кыргызы
0009931.png	Эхо ТМ
0009932.png	15. Биерини,
0009933.png	Фильмы о Вашингтоне
0009934.png	Примечания
0009935.png	Аллергические реакции: крапивница, бронхоспазм.
0009936.png	где предметы  принадлежат универсуму  и обладают признаком .
0009937.png	Осада Дураццо.
0009938.png	Города Саратовской области
0009939.png	«Гуррен-Лаганн», телесериал 2007 года. Ведущий аниматор (27-я серия).
0009940.png	Авиация
0009941.png	В Дербенте работают:
0009942.png	Ссылки
0009943.png	Памятник «градорубу» Алексе
0009944.png	Биография
0009945.png	В октябре 1917 года образовано 11 районов:
0009946.png	Курение на Октоберфесте
0009947.png	17 декабря 2009 года состоялся первый рейс высокоскоростного поезда «Сапсан».
0009948.png	Арлекин и Коломбина, площадь у Молодёжного театра (скульптор А. Ткачук)
0009949.png	Культуры полей погребений проникают в Испанию (Каталония, Кастилия).
0009950.png	События
0009951.png	Основные сведения
0009952.png	«Германские племена распадаются на пять групп:
0009953.png	С 1989 года работал в концертно-театральной фирме «Музыка».
0009954.png	Мартиникцы (Мартиника)
0009955.png	Эпирское царство (до 1318 года)
0009956.png	Тибетская община за границей
0009957.png	Шляхетские роды герба Шренява
0009958.png	В честь Цвикки назван астероид 1803 Цвикки и кратер на Луне.
0009959.png	В буддизме нирвана имеет ряд взаимосвязанных определений:
0009960.png	Принудительно лишённые советского гражданства
0009961.png	Премии:
0009962.png	Ссылки
0009963.png	Скончались
0009964.png	Литература
0009965.png	Рождественский тупик
0009966.png	Этимология
0009967.png	Статистика выступлений
0009968.png	Поэты Италии
0009969.png	Монархисты сильны в исламских странах.
0009970.png	Токсикомания в СССР и на постсоветском пространстве
0009971.png	Императорская премия (1992).
0009972.png	Ссылки
0009973.png	Памятник рыбаку
0009974.png	Маленькая торжественная месса, для 4 голосов, хора, фисгармонии и фп. (1863)
0009975.png	Члены Палаты представителей Филиппин
0009976.png	Московское царство
0009977.png	Книга Мормона
0009978.png	Грифоны и скифы
0009979.png	Дворцовая площадь
0009980.png	Генералы от кавалерии (Российская империя)
0009981.png	См. также
0009982.png	Древнегреческие боги
0009983.png	Ссылки
0009984.png	конфигурацией;
0009985.png	Литература
0009986.png	Примечания
0009987.png	Завод штампов и пресс-форм
0009988.png	Серебряные призёры летних Олимпийских игр 2000 года
0009989.png	В Румынии в 1952 году насчитывалось 218 МТС.
0009990.png	Литература США
0009991.png	Риоплатский испанский
0009992.png	Выпускники Университета Кларка
0009993.png	Ведущая деятельность
0009994.png	Вьетнамская академия общественных наук
0009995.png	всё вышеперечисленное истинно, если выполняется условие сравнения;
0009996.png	Список округов Мадхья-Прадеш
0009997.png	Литература
0009998.png	Домик в Коломне (телеспектакль)
0009999.png	Исаак Померанчук (ум. 1966), советский физик-теоретик, академик АН СССР.