0000000.png	Краеведы Москвы
0000001.png	Государства в истории Германии
0000002.png	Союз-25 с 9 октября по 11 октября 1977
0000003.png	Кадровый состав
0000004.png	Население
0000005.png	Всемирный центр бахаи
0000006.png	Тихая революция в Квебеке.
0000007.png	В 2014 году разрешено производство и употребление марихуаны.
0000008.png	Поиск и исправление ошибок
0000009.png	«Видения» ()
0000010.png	Второе Чкаловское военное авиационное училище штурманов
0000011.png	Климат
0000012.png	хребет Зильмердак,
0000013.png	Театр
0000014.png	Исследователи
0000015.png	Произведения, переведенные на русский язык
0000016.png	«Бомбы и бомбоньерки» (1950)
0000017.png	Переводы на русский язык
0000018.png	Примечания
0000019.png	Философы Древней Греции
0000020.png	Информационное обслуживание
0000021.png	Варианты и техники минета
0000022.png	Нахождение в природе
0000023.png	Сборник «Стихи? Смысл?» (1883)
0000024.png	Литература
0000025.png	Женские праздники
0000026.png	Масляный канал
0000027.png	Примечания
0000028.png	Ахтырская церковь
0000029.png	Современность
0000030.png	Рабочее название фильма «72 метра» было «Прощание славянки».
0000031.png	Примечания
0000032.png	Статистика
0000033.png	Кинематограф
0000034.png	Славянская кухня
0000035.png	Дореволюционный период
0000036.png	Дыхательный аппарат
0000037.png	Неединственность разложения в кольце
0000038.png	Гитаристы США
0000039.png	Боа-Виста-дас-Мисойнс
0000040.png	Исследование
0000041.png	Иные свойства
0000042.png	История
0000043.png	Залесский (два «с»)
0000044.png	Охрана природы
0000045.png	Новый театр
0000046.png	Реабилитированные в России
0000047.png	Предприятие «Армавиркабель».
0000048.png	Оратории
0000049.png	Интриги Хуай-ди против Сыма Юя. Союз с табгачским ханом Илу против хуннов.
0000050.png	Официальный сайт
0000051.png	Метастабильные состояния
0000052.png	Свято-Сретенский храм
0000053.png	Регулярное судоходство от Туркменабада.
0000054.png	23 июля
0000055.png	18 км: Большой Силим (пр)
0000056.png	Январь
0000057.png	Климат
0000058.png	Исаак
0000059.png	Сильный голод в провинции Шэньси.
0000060.png	1 сантиметр равен:
0000061.png	Библиография
0000062.png	Гран-при Каннского кинофестиваля за фильм «Отрыв», 1971 год.
0000063.png	Библиография
0000064.png	Казахстанские железные дороги (по станциям Кигаш, Озинки)
0000065.png	Эльзас-Лотарингия
0000066.png	ядра становятся крупными гиперхромными.
0000067.png	Цитата
0000068.png	Мясное скотоводство развивающаяся отрасль и представлена:
0000069.png	См. также
0000070.png	Культура и достопримечательности
0000071.png	Реки Моравскосилезского края
0000072.png	Внешняя политика Туркменистана
0000073.png	Действительные статские советники
0000074.png	На паперти жизни слова.
0000075.png	Марина Влади
0000076.png	Сергеев, Игорь Дмитриевич (27.10.1999, 502)
0000077.png	Климат
0000078.png	Война с Константом и гибель
0000079.png	Генерал-полковник авиации (8.08.1955);
0000080.png	Казахстан
0000081.png	Литературные направления
0000082.png	Золотое кольцо России
0000083.png	Текст
0000084.png	Профессора королевской академии Або
0000085.png	Городские автобусы
0000086.png	указ Горбачёва «О демократизации и развитии телевидения в СССР»: создание ВГТРК.
0000087.png	27 букв в некоторых алфавитах (испанском, еврейском и старогреческом)
0000088.png	Биология
0000089.png	09.02.07 «Информационные системы и программирование»
0000090.png	4 км: река Чуровка (лв)
0000091.png	Международные
0000092.png	Крупные промышленные предприятия
0000093.png	См. также
0000094.png	Св. Александра Невского (),
0000095.png	4) группой лиц по предварительному сговору;
0000096.png	Подавление Синаххерибом восстания в Киликии наместника Кируа.
0000097.png	Хозяйственное использование
0000098.png	Государственное регулирование
0000099.png	Почётные граждане Каунаса
0000100.png	Ноотропные средства применяются в России при следующих состояниях:
0000101.png	События
0000102.png	История понятия
0000103.png	Дискордианизм
0000104.png	Член ВКП(б) с 1943 года.
0000105.png	по недропользованию
0000106.png	Разводят крупный рогатый скот мясо-молочного направления, свиней, птицу.
0000107.png	Моисей в авраамических религиях
0000108.png	Беломорканал
0000109.png	Триатлон парк Астана
0000110.png	Аллотропные модификации
0000111.png	Местночтимые святые
0000112.png	Устав
0000113.png	Премия «Жизнь в музыке» от ассоциации «Омадже-то Венеция» (1984)
0000114.png	Русская премия за поэзию (2013).
0000115.png	Каунас (), Литва
0000116.png	японка
0000117.png	Основание города Тану (Антананариву)
0000118.png	В 1875 году было открыто Токсовское двуклассное училище (земская школа).
0000119.png	Большой крест со Святой Венгерской Короной ордена Заслуг (2002)
0000120.png	Успенская церковь
0000121.png	РАЙПО (торговля, общественное питание)
0000122.png	Пять постоянств праведного человека
0000123.png	: Перемещает курсор на один символ назад (эквивалентно клавише ).
0000124.png	Сложение и умножение на скаляр:
0000125.png	Этимология имени
0000126.png	Ссылки
0000127.png	Метель (1918)
0000128.png	События
0000129.png	Часто астазия сочетается с абазией (потерей способности хождения).
0000130.png	Музей Мирового океана
0000131.png	Математические свойства
0000132.png	Музыка
0000133.png	, День армии (День вооружённых сил).
0000134.png	Список победителей турниров Большого шлема в мужском одиночном разряде
0000135.png	Седна
0000136.png	Роковая рыбалка Виктора Цоя, или о чём молчит водитель «Икаруса»
0000137.png	Джим Миллер, американский боец смешанных боевых искусств.
0000138.png	Ссылки
0000139.png	Вятский государственный гуманитарный университет
0000140.png	Игорь Северянин. Стихи
0000141.png	память Торибио де Могровехо.
0000142.png	Примечания
0000143.png	В честь Сервантеса назван аргентинский эскадренный миноносец типа «Чуррука».
0000144.png	Мифы об Аполлоне
0000145.png	Преподаватели Императорской Академии художеств
0000146.png	Климат
0000147.png	Статьи по экономике из научных библиотек
0000148.png	Литература
0000149.png	Города-побратимы
0000150.png	Медаль Обороны Америки
0000151.png	Литература
0000152.png	Одиссея
0000153.png	Геральдика
0000154.png	Примечания
0000155.png	Ссылки
0000156.png	См. также
0000157.png	Объёмный рендеринг
0000158.png	Спортивные объекты
0000159.png	Русские поэты-футуристы
0000160.png	Поселения и жилища
0000161.png	Города Шёлкового пути
0000162.png	Галиция в составе Польши
0000163.png	Космическая философия
0000164.png	Сибай в топонимах
0000165.png	Кызылординский государственный университет имени Коркыт-Ата.
0000166.png	Исторические карты
0000167.png	Примечания
0000168.png	Ссылки
0000169.png	Князья Збаражские
0000170.png	31 января 2002 года был упразднен Томинский сельсовет.
0000171.png	Биография и тексты в Балтийском архиве
0000172.png	Горка, улица
0000173.png	Эпицентр
0000174.png	Графы Новосильцевы (РИ)
0000175.png	Механика твёрдого деформируемого тела
0000176.png	«Вечерний звон» (слова Ивана Козлова),
0000177.png	Храмы, построенные в 1790 году
0000178.png	Структуру органов местного самоуправления города Тобольска составляют:
0000179.png	оптические криостаты;
0000180.png	Лётчик-космонавт СССР (22.01.1969).
0000181.png	Курпатов А.
0000182.png	Воздушный транспорт
0000183.png	Метод локальной фиксации потенциала
0000184.png	следует, что каждая из внутренних сумм не превышает .
0000185.png	Выпускники Морского кадетского корпуса
0000186.png	События
0000187.png	День спортивного кино.
0000188.png	орден Ленина (10.06.1945)
0000189.png	Пассажирский железнодорожный транспорт
0000190.png	Хронология биотехнологий
0000191.png	Скорняжный переулок
0000192.png	История
0000193.png	Умершие в 1856 году
0000194.png	Добрая воля (философия)
0000195.png	Медики Португалии
0000196.png	Наместничество в Киликии и гражданская война
0000197.png	Сокеты Беркли
0000198.png	Александрийская традиция
0000199.png	Религия в Древнем Египте
0000200.png	Диарея
0000201.png	Хуан Хименес Кановас
0000202.png	Бригада
0000203.png	Собрания сочинений
0000204.png	Грамматика
0000205.png	12 мая
0000206.png	Трэш-метал
0000207.png	Экономика
0000208.png	Награды СССР
0000209.png	Интернет
0000210.png	компонентами производной.
0000211.png	Портовые города Крыма
0000212.png	палеогеография (д. г.-м. н., проф. Стефан Селивёрстович Коноваленко);
0000213.png	Выпускники СамГТУ
0000214.png	Метакогнитивные процессы
0000215.png	Роль УПЦ в Канаде и УПЦ в США
0000216.png	Скульптура модерна
0000217.png	Поддерживаемые стандарты
0000218.png	Полярные координаты
0000219.png	Покушения в Саратовской губернии
0000220.png	История
0000221.png	Нацистами уничтожено гетто в Островно.
0000222.png	Павел Нилин
0000223.png	Поливитамины
0000224.png	Практическая арифметика
0000225.png	Фильмы, снятые по заказу Первого канала
0000226.png	См. также
0000227.png	Дорожные знаки
0000228.png	События
0000229.png	Марпа, лама.
0000230.png	Лютеранская церковь
0000231.png	Водолазные суда
0000232.png	Похороненные на Волковском православном кладбище
0000233.png	Гросс (мера счёта)
0000234.png	Аномальный (патологический) гермафродитизм
0000235.png	Конфликты 1800 года
0000236.png	Римское право
0000237.png	Патриархи Московские
0000238.png	Шаманизм в Восточной Азии
0000239.png	Действительные члены Петербургской академии наук
0000240.png	Аналогией здесь может служить деятельность вируса в клеточном организме.
0000241.png	Балтисты
0000242.png	ООО «Ростелеком»
0000243.png	Не менее беспокойное утро
0000244.png	Почётные доктора Гёттингенского университета
0000245.png	Кристиан Слейтер, американский киноактёр.
0000246.png	Юрий Барабаш, автор-исполнитель русского шансона. (ум. в 1996)
0000247.png	Франческа Ли, американская порноактриса и режиссёр.
0000248.png	Персональный сайт
0000249.png	История
0000250.png	Чернобыль-86, вариант ситуации (публицистика)
0000251.png	восстановление спортсменов после тренировочных и соревновательных нагрузок;
0000252.png	События
0000253.png	Подъезды дворца
0000254.png	Площадь Свободы ()
0000255.png	Родились
0000256.png	Отмирание денег
0000257.png	Рекурсия
0000258.png	Гагарина, площадь
0000259.png	См. также
0000260.png	Беримбау
0000261.png	Сотрудники администрации президента России
0000262.png	Примечания
0000263.png	В Брешиа и Вероне остготы снова поднимают восстание.
0000264.png	Дошкольное и среднее образование
0000265.png	В Кампании постепенно введено римское общинное управление.
0000266.png	Диоскорид
0000267.png	24 апреля
0000268.png	Использование
0000269.png	Службу басмачам паша начал в отряде Ишон-Султана.
0000270.png	Ранние годы
0000271.png	Термический класс
0000272.png	Если ночь ясная и течёт тёплая вода, то лето будет тёплое и сухое.
0000273.png	сравнений
0000274.png	Проект «МакГрэм»
0000275.png	Небоскрёбы
0000276.png	Физиологическое действие
0000277.png	Иностранные члены Академии моральных и политических наук
0000278.png	Пиетизм
0000279.png	крыночка (белена);
0000280.png	Экономические проблемы
0000281.png	Астрофитум
0000282.png	Монумент «Скорбящая мать» (1985, Каунас).
0000283.png	См. также
0000284.png	Литература
0000285.png	Правители
0000286.png	Символика
0000287.png	моторные,
0000288.png	12 декабря 1945 года село Асино было отнесено к категории рабочих посёлков.
0000289.png	Памятник К. С. Заслонову
0000290.png	Ноябрьск в энциклопедии «Мой город»
0000291.png	Губин Андрей Терентьевич
0000292.png	Персонаж
0000293.png	Ссылки
0000294.png	Ливия и Запад
0000295.png	Критик Вадим Левенталь отмечает:
0000296.png	Четыре века (1920)
0000297.png	более 30 миномётов;
0000298.png	Результаты выступлений
0000299.png	Ссылки
0000300.png	Электричество
0000301.png	Родились
0000302.png	ПИК-ФАРМА
0000303.png	Родившиеся в 1010-е годы
0000304.png	Психоанализ
0000305.png	Орден Верности, большой крест с золотой цепью (1871)
0000306.png	Эксцентриситет
0000307.png	Денис Угаров
0000308.png	Здания и сооружения Красной площади
0000309.png	Мир. Группа британских учёных. За доказательство, что ругань снимает боль.
0000310.png	Почётный профессор Ленинградской консерватории
0000311.png	10-я истребительная эскадрилья (И-15 бис)
0000312.png	Общая информация
0000313.png	Лик. Царь Ливии.
0000314.png	Заводские автоспортивные команды
0000315.png	Официальный сайт
0000316.png	См. также
0000317.png	Ссылки
0000318.png	Кронбургская улица
0000319.png	Подсознательное
0000320.png	На других языках
0000321.png	Музыка
0000322.png	Литература
0000323.png	Жертвы наезда поезда
0000324.png	См. также
0000325.png	Фотография и визуальный поворот
0000326.png	во-первых, под зёрнышками он понимал то клетки, то клеточные ядра;
0000327.png	Медики Германии
0000328.png	200 мл воды
0000329.png	следовательно
0000330.png	Местные органы власти
0000331.png	В 1993 году в городе открывается Сургутский государственный университет.
0000332.png	Религия
0000333.png	Сосновые
0000334.png	Музыкальные стили:
0000335.png	Борок
0000336.png	Йоруба
0000337.png	Убит Минамото Юкииэ (Ёсимори). Умер Тайра Ёримори.
0000338.png	кротости учителя
0000339.png	Продолжительность полёта составила 179 суток 00 часов 43 минуты 46 секунд.
0000340.png	Ссылки
0000341.png	Атхарвашира-упанишада (Атхарваведа)
0000342.png	Розничная торговля
0000343.png	Догмат
0000344.png	Куянов, Олег Викторович (30.12.1999, 526)
0000345.png	Младшие минные офицеры:
0000346.png	Энциклопедия земли Вятской. Т. 4. Киров, 1994.
0000347.png	Мотоциклы байкеров
0000348.png	В античности
0000349.png	Методы цифровой параметрической стеганографии
0000350.png	Государственного научно-исследовательского и производственного центра «Природа»
0000351.png	См. также
0000352.png	Преосвященный Филарет Амфитеатров), епископ рижский,
0000353.png	Память
0000354.png	Третий переходный период
0000355.png	Северо-Кавказская ордена Ленина железная дорога (1974),
0000356.png	Население
0000357.png	См. также
0000358.png	Примечания
0000359.png	Биография
0000360.png	Стоимость таких масок очень высока, что ограничивает их распространение.
0000361.png	Памятник Евфросинии Полоцкой (2000; скульптор И. Голубев).
0000362.png	Новое царство
0000363.png	Сериалы
0000364.png	Владимирская область
0000365.png	История
0000366.png	Кирсанов. В го?
0000367.png	Примечания
0000368.png	Особая степень почётного знака «За заслуги перед Австрийской Республикой» (2002)
0000369.png	Примечания
0000370.png	См. также
0000371.png	Патрик Депайе (погиб в 1980), французский автогонщик, пилот «Формулы-1».
0000372.png	Охрана труда регламентируется следующими документами:
0000373.png	Издательский Дом ТГУ
0000374.png	Кабельные телеканалы
0000375.png	Устюгов Александр
0000376.png	ОАО «Олонецкий хлебозавод».
0000377.png	Метафизика
0000378.png	Биография
0000379.png	Практика
0000380.png	«Мастер плей-офф»
0000381.png	Диагональные компоненты этой матрицы   равны соответственно  .
0000382.png	Новополоцк в произведениях искусства
0000383.png	Вопрос о складывании турецкой народности
0000384.png	Населённые пункты Курагинского района
0000385.png	Футурошок
0000386.png	Список нововведений
0000387.png	актриса Нина Ургант
0000388.png	Ссылки
0000389.png	Сиквелы
0000390.png	Памятник в Сарапуле.
0000391.png	доход от имеющихся ценных бумаг;
0000392.png	Первое письменное упоминание села Триполье.
0000393.png	Репродукции
0000394.png	Все сыновья умерли в эмиграции.
0000395.png	Ссылки
0000396.png	Натуральный каучук
0000397.png	Бугылы
0000398.png	Примечания
0000399.png	Издатели Польши
0000400.png	Талмудические академии
0000401.png	Братья и сёстры супругов
0000402.png	1780-е годы
0000403.png	Параметры полёта
0000404.png	Тайфун (семейство бронеавтомобилей)
0000405.png	Последствия войны
0000406.png	Московский метрополитен как объект гражданской обороны
0000407.png	Подготовка англичан
0000408.png	Нематериальные активы
0000409.png	В СССР
0000410.png	Части города в 1810 году
0000411.png	Ласло Тисса (1935)
0000412.png	Учение Августина
0000413.png	Физиология растений
0000414.png	«Религия Китая: конфуцианство и даосизм»
0000415.png	Переводы стихотворений Джона Хейвуда на сайте «Английская поэзия»
0000416.png	Соколиной Горы, 9-я улица
0000417.png	Гибель
0000418.png	Центр внешкольной работы (Дом пионеров),
0000419.png	Литература
0000420.png	Библиография
0000421.png	Сексология
0000422.png	24 апреля
0000423.png	6 сентября, 10 сентября, 12 сентября
0000424.png	Ураганы в Арканзасе
0000425.png	Городская больница
0000426.png	Юлия Ковальчук, российская певица, телеведущая.
0000427.png	Анжелика Каллио, латвийская и финская топ-модель.
0000428.png	Оценка. Пусть , , . Тогда
0000429.png	признательность Его Императорского Величества (1913);
0000430.png	Классическая драма
0000431.png	Комментарии
0000432.png	Борьба с незаконным производством и оборотом наркотиков
0000433.png	Помпеи: карта, описание регионов и всех важных построек города, история
0000434.png	РУССКИЕ ОРУЖЕЙНИКИ: Жизнь, оборвавшаяся на взлёте
0000435.png	с Коношским районом Архангельской области,
0000436.png	Ссылки
0000437.png	Ссылки
0000438.png	Монархи Африки
0000439.png	Тоба Тао вернул в мир буддийских монахов моложе 50 лет.
0000440.png	Лауреаты премии Гринцане Кавур
0000441.png	Ссылки
0000442.png	Батл красного (2013)
0000443.png	Старый дворец
0000444.png	«Горбатый мост», построенный в 1927 году (ул. Горная)
0000445.png	Философия
0000446.png	Повышение уровня жизни
0000447.png	Ссылки
0000448.png	Гаагская конвенция по вопросам гражданского процесса 1954 года
0000449.png	Последние монархи государств
0000450.png	Для фортепиано с оркестром
0000451.png	См. также
0000452.png	Геология
0000453.png	Способ базирования
0000454.png	Сайт муниципального образования Абдулинский городской округ
0000455.png	Омметр
0000456.png	Цели и принципы систематики
0000457.png	Авары разгромили баваров и напали на франков и тюрингов.
0000458.png	В городе Майкопе действуют следующие научные учреждения:
0000459.png	Дистанция гражданских сооружений (НГЧ-3)
0000460.png	Язычество по народам
0000461.png	Климат
0000462.png	Было высказано множество гипотез, дабы разрешить указанный парадокс:
0000463.png	Солнечная улица (посёлок Птичное)
0000464.png	Трамвай
0000465.png	Ссылки
0000466.png	Вороны и Птицы
0000467.png	Психическая функция:
0000468.png	523 км: Кукша
0000469.png	Поиск партнёра
0000470.png	Удмуртская мифология
0000471.png	Погибшие в войнах и вооружённых конфликтах
0000472.png	Тагалы
0000473.png	В романе Пимена Карпова «Пламень».
0000474.png	Сайт Фестиваля колокольного звона и музыки "Бирюза" в Болхове
0000475.png	Преобразования на примере десятичной системы счисления
0000476.png	бацбийцы,
0000477.png	Вице-адмирал,
0000478.png	Примечания
0000479.png	История
0000480.png	Биосинтез
0000481.png	Премия Американской киноакадемии «Оскар»
0000482.png	Режим валютного курса
0000483.png	См. также: :Категория:События 10 марта
0000484.png	Роль вомероназального органа в половом поведении животных
0000485.png	Хань и Хунну:
0000486.png	Энциклопедия пряностей
0000487.png	См. также
0000488.png	Джером Дэвид Сэлинджер (ум. 2010), американский писатель.
0000489.png	Тоба Тао заключил союз с Западной Цинь, теснимой хуннами Хэси.
0000490.png	Немедикаментозная терапия
0000491.png	В музыке
0000492.png	Зарезервированные имена доменов
0000493.png	Геральдическое описание герба:
0000494.png	МК-12В (компрессионный двигатель)
0000495.png	Зарубин, Александр Максимович (1999)
0000496.png	Шитова, набережная
0000497.png	Число Таинств Православной Церкви
0000498.png	Иаковиты
0000499.png	Литература
0000500.png	Святого Иосифа () в микрорайоне Пилайте (ул. Толминкемё 4); освящён в 2001 году
0000501.png	Четвёртый венец
0000502.png	1740: Артемий Волынский (анафема снята в 1742)
0000503.png	Витгенштейн (фильм)
0000504.png	Галкины
0000505.png	Физико-географическая характеристика
0000506.png	0,3 индейцы.
0000507.png	Православие
0000508.png	Показания
0000509.png	Западномонгольская группа
0000510.png	Публикации
0000511.png	губернские и уездные администрации
0000512.png	Структура пакетов
0000513.png	Ссылки
0000514.png	Создал множество произведений различных жанров, в их числе:
0000515.png	События
0000516.png	Гимны
0000517.png	Физиологическая роль
0000518.png	Литература
0000519.png	Текстовые редакторы
0000520.png	Распространение христианства и укрепление позиций духовенства
0000521.png	Примечания
0000522.png	Сторонники Рона Хабарда
0000523.png	Эквивалентность норм на векторном пространстве.
0000524.png	Основная статья: Умершие в 400 году до н.э.
0000525.png	Награды
0000526.png	Архитектура
0000527.png	Памятники архитектуры Смоленского района
0000528.png	Социальная философия
0000529.png	Галльская война
0000530.png	Клиническая безопасность Меронема при беременности не устанавливалась.
0000531.png	Функции
0000532.png	Достопримечательности
0000533.png	Стихи в Антологии русской поэзии
0000534.png	Электростеклорез
0000535.png	ГЕОГРАФИЧЕСКИЙ СЛОВАРЬ
0000536.png	Иакинф Жабин был новгородским боярином в 1345 году.
0000537.png	Биография
0000538.png	Екатерина Семёнова, российская актриса театра и кино.
0000539.png	Третий полёт
0000540.png	Биохимический комбинат (производство спирта),
0000541.png	Спортивные сооружения
0000542.png	«Расовая борьба»
0000543.png	Шляхетские роды герба Елита
0000544.png	Готье (ум. до 1308);
0000545.png	Пярну (), Эстония (с 1994 года)
0000546.png	все памятные монеты, выпущенные с 1897 года.
0000547.png	Братский профессиональный техникум
0000548.png	Телеведущие СССР
0000549.png	Кибалион
0000550.png	эксплуатируемые леса.
0000551.png	Церковь Святого Димитрия (православная; 1818)
0000552.png	и демократическое социалистическое крыло.
0000553.png	В этой записи:
0000554.png	Населённые пункты
0000555.png	Теория чисел
0000556.png	Писатель
0000557.png	Фонетика и фонология
0000558.png	Примечания
0000559.png	Литература
0000560.png	Профиль М. М. Антокольского на официальном сайте Российской академии художеств
0000561.png	Персоналии
0000562.png	Генерал-полковник (5.03.1944)
0000563.png	Регулярное, по запланированному расписанию, в основе которого лежат:
0000564.png	Неоконсерватизм
0000565.png	Список (текстология)
0000566.png	Именем Поморцева назван кратер на Луне.
0000567.png	Длительность полёта
0000568.png	Шарабха-упанишада (Атхарваведа)
0000569.png	Почётные доктора Оксфордского университета
0000570.png	Результаты
0000571.png	См. также
0000572.png	Родословная
0000573.png	Канашский, Коргузинский и Майданский сельсоветы Зеленодольского района.
0000574.png	Тоба Гуй принял на службу китайских чиновников.
0000575.png	Оценки и мнения
0000576.png	Ранние годы и образование
0000577.png	Ссылки
0000578.png	Описание герба
0000579.png	Правила терминов
0000580.png	Фёдор Кузьмич
0000581.png	С начала 2021 года производится в России компанией ФГУП МЭЗ Эндофарм
0000582.png	Чемпионат Франции (Лига 1)
0000583.png	Генрих Плантагенет становится герцогом Нормандии.
0000584.png	Крупнейшие спортивные объекты города:
0000585.png	максимальном применении опыта уран-графитовых реакторов;
0000586.png	Примечания
0000587.png	Состав простого суждения
0000588.png	Вегетарианство и отношение к животным
0000589.png	Туллио Пинелли (р. 1908), итальянский писатель и сценарист.
0000590.png	Позывные радиостанции «Маяк» (мотив песни Подмосковные вечера).
0000591.png	Тренажёр для образования
0000592.png	Один из героев американского фильма «Коэффициент интеллекта» (1994)
0000593.png	«Поединок». Терентий Новак.
0000594.png	Научно-исследовательский институт сельского хозяйства РАСХН
0000595.png	Произведения
0000596.png	Примечания
0000597.png	Посвящение
0000598.png	Центр культуры и искусства "Спутник"
0000599.png	на 1 начинаются коды красителей;
0000600.png	Краснодарский край
0000601.png	Промышленность в СССР периода нэпа
0000602.png	Пропазин можно получить через реакцию цианурхлорида с изопропиламином.
0000603.png	Семья
0000604.png	Примечания
0000605.png	Дневник академика Бориса Раушенбаха
0000606.png	События
0000607.png	В Древневосточных православных церквях:
0000608.png	Морские термины
0000609.png	Литература
0000610.png	2 песнопения Страстной седмицы «Разбойника благоразумнаго»
0000611.png	Военная служба
0000612.png	Даты рождения и важных событий
0000613.png	Образ крейсера в культуре
0000614.png	См. также
0000615.png	Депутаты Верховного Совета Украинской ССР 3-го созыва
0000616.png	основного общего образования (средняя школа) (в России с 5 по 9 классы)
0000617.png	Литература
0000618.png	Эссеисты по алфавиту
0000619.png	Фильмы
0000620.png	«Русская стихотворная хрестоматия» (М., 1829): часть 1, часть 2;
0000621.png	Фатальная семейная бессонница
0000622.png	продукция химической и фармацевтической промышленности (50,1 млрд);
0000623.png	Врата Сибири
0000624.png	Космодром «Ясный».
0000625.png	Баянисты СССР
0000626.png	Примечания
0000627.png	Комментарии
0000628.png	Биография
0000629.png	Примечания
0000630.png	Начало революционной деятельности
0000631.png	Русские писатели по алфавиту
0000632.png	Кинотеатр «Родина»;
0000633.png	Физические свойства
0000634.png	Анни Перро, канадская шорт-трекистка, двукратная олимпийская чемпионка.
0000635.png	Творчество Уильяма Вордсворта
0000636.png	Игроки в аренде
0000637.png	Литература
0000638.png	Лауреаты премии Американской психологической ассоциации за вклад в психологию
0000639.png	Арендт, Х. Истоки тоталитаризма (1951 г.)
0000640.png	Церковь Успения Пресвятой Богородицы (Успенская) в Гефсиманском скиту.
0000641.png	Орден Ленина (1987), медали
0000642.png	Реки Одесской области
0000643.png	Население
0000644.png	Образование
0000645.png	Околоземное космическое пространство
0000646.png	Примечания
0000647.png	Опала
0000648.png	Губернаторская кадетская школа-интернат
0000649.png	острое нарушение мозгового кровообращения;
0000650.png	Похороненные на Смоленском православном кладбище, чьи могилы утрачены
0000651.png	Литература
0000652.png	Правление
0000653.png	Градоначальники
0000654.png	Преподаватели вузов Львова
0000655.png	Библиография русскоязычных работ о Боэции на портале Богослов. РУ
0000656.png	Умершие от дизентерии
0000657.png	самовар «Паричко»;
0000658.png	Спортивные результаты
0000659.png	Этимология
0000660.png	Святилище Афины Пронайи в Дельфах: храм Афины Пронайи, Сокровищница и Толос
0000661.png	Главы государства
0000662.png	Погодные явления под грозами
0000663.png	Военные действия
0000664.png	Историки России
0000665.png	Бизнесмен
0000666.png	См. также
0000667.png	Тютчеведы
0000668.png	Эман патар атипату тиру мейньяанак корал
0000669.png	Нижний Новгород окончательно присоединяется к Московскому государству
0000670.png	Национальный состав
0000671.png	Медицинские высшие учебные заведения России
0000672.png	Ноябрь 2001 год
0000673.png	ГОСТ Р 55458-2013 Виноградная водка. Общие технические условия
0000674.png	Численность населения .
0000675.png	Приведённые характеристики соответствуют модификации Су-7Б.
0000676.png	Фактическое вмешательство
0000677.png	Средства массовой информации
0000678.png	Угорские народы
0000679.png	Социолингвистические сведения
0000680.png	Именины
0000681.png	Болезни и паразиты птиц
0000682.png	2 июня
0000683.png	Трамваи
0000684.png	Составное число
0000685.png	Союз московских архитекторов
0000686.png	Энекелер (старушки, матери Эмегендер)
0000687.png	Завершение соединения
0000688.png	Сапёры Великой Отечественной войны
0000689.png	Форма
0000690.png	Примечания
0000691.png	Был в Париже учеником Дунса Скота.
0000692.png	Замечания
0000693.png	Прочие альбомы с участием Пасториуса
0000694.png	Младшая Авеста
0000695.png	Почётный гражданин городов Ростов и Киржач;
0000696.png	Трофика и динамика численности саранчовых
0000697.png	Бельгия
0000698.png	Звания
0000699.png	Литовские поэты
0000700.png	Отделение управления
0000701.png	Литература
0000702.png	Трансцендентные числа
0000703.png	Болезни, для которых характерны парамнезии
0000704.png	Литература
0000705.png	организации:
0000706.png	Общественная деятельность в России
0000707.png	Жанры вокальной музыки:
0000708.png	Шишаков Юрий Николаевич
0000709.png	Примечания
0000710.png	Ссылки
0000711.png	Срединно-океанические хребты
0000712.png	Александр Машин
0000713.png	Хирургические
0000714.png	Головин, Петр Дмитриевич : с мая 1990 по 1991 председатель горсовета
0000715.png	Религиозные
0000716.png	раке яичников;
0000717.png	Применение для выживания
0000718.png	Концентрация в плазме
0000719.png	Особенности галилеевых спутников
0000720.png	Чистый Дор. М., Детская литература, 1981
0000721.png	Компьютерные игры, подвергавшиеся цензуре
0000722.png	орден Чести (1994, Грузия)
0000723.png	Финалист: 1966
0000724.png	вокруг этой трапеции можно описать окружность;
0000725.png	Литература
0000726.png	Сфера деятельности
0000727.png	Арест и приговор
0000728.png	См. также
0000729.png	Персоналии по алфавиту
0000730.png	Семья
0000731.png	Особенности полёта
0000732.png	Примечания
0000733.png	Международные договоры о территориальных изменениях
0000734.png	27 мая
0000735.png	Шемиран
0000736.png	Начальники Тульского оружейного завода
0000737.png	Персонажи фильмов
0000738.png	Таким образом, согласно МЭК, , а .
0000739.png	Участники Великого Вильнюсского сейма
0000740.png	В древности
0000741.png	Казахское ханство
0000742.png	Роман-трилогия («Люди как боги», Сергей Снегов);
0000743.png	Учебные заведения, основанные в 1991 году
0000744.png	Ипки-Иштар
0000745.png	Ссылки
0000746.png	Ссылки
0000747.png	Эфиальт
0000748.png	Примечания
0000749.png	Герой Труда Социалистической Республики Вьетнам;
0000750.png	События
0000751.png	Запланированные миссии
0000752.png	Примечания
0000753.png	См. также
0000754.png	Иностранные члены Сербской академии наук и искусств
0000755.png	Для лечения урологических инфекций: цистит, уретрит.
0000756.png	строго убывающей, то есть последовательности , где  означает  и .
0000757.png	соблазнённая речами;
0000758.png	приматоведение, т.е. изучение современных и ископаемых обезьян и полуобезьян;
0000759.png	Отношение подмножества является отношением частичного порядка:
0000760.png	Придворная карьера
0000761.png	Убийство В. Володарского
0000762.png	Текст (перевод с английского):
0000763.png	Дворянские роды, на гербах которых изображены орлы
0000764.png	сказать
0000765.png	Грузовая таможенная декларация
0000766.png	Культура и искусство
0000767.png	Другие страны
0000768.png	Литературная энциклопедия на сайте ФЭБ
0000769.png	Литература
0000770.png	Родились
0000771.png	Составляющие экономики
0000772.png	Альтернативное объяснение мотивов преступлений
0000773.png	Нобелевская премия мира на официальном сайте Нобелевской премии
0000774.png	строкоотливного машинного;
0000775.png	Примечания
0000776.png	Медицинское применение
0000777.png	Церковь Святого Благоверного Князя Александра Невского
0000778.png	Почётный доктор Евразийского Национального университета в Астане
0000779.png	Примечания
0000780.png	Чикано
0000781.png	Десна
0000782.png	Именем Зиновьева ранее называлась Беломорская улица в Санкт-Петербурге.
0000783.png	Владимир Ярославич, новгородский князь.
0000784.png	Аппарат акима города Экибастуза
0000785.png	На 2009 год население города составляло  человек.
0000786.png	Если бы Хлебников жил сегодня, он писал бы как Кацюба.
0000787.png	ФОТОФАКТ: Города Беларуси. Слоним
0000788.png	Из наиболее известных памятников Ахтубинска можно выделить:
0000789.png	Сочинения
0000790.png	Города трудовой доблести
0000791.png	Подтип Неполноусые
0000792.png	Сладкая жизнь
0000793.png	Коми язык
0000794.png	Прекращение поддержки
0000795.png	Примечания
0000796.png	Ранние годы
0000797.png	ул. Энергетическая, д. 8, корп. 2,
0000798.png	Осенью в Лу было половодье.
0000799.png	Интернет-газета «Карелия»
0000800.png	Население
0000801.png	См. также
0000802.png	Спорт
0000803.png	История науки об изменении климата
0000804.png	Великая Отечественная пропагандистская война
0000805.png	См. также: :Категория:События 19 марта
0000806.png	Родобольский, Игорь Олегович (21.09.2003, 797)
0000807.png	Иранисты СССР
0000808.png	События
0000809.png	Литература
0000810.png	Склеротерапия
0000811.png	Статистика
0000812.png	Бренд луганщини
0000813.png	Социальный капитал
0000814.png	См. также
0000815.png	Примечания
0000816.png	См. также
0000817.png	Праздники и памятные дни
0000818.png	Жильё
0000819.png	Ссылки
0000820.png	Исторические области Германии
0000821.png	Гнездовья. Размножение
0000822.png	После обращения
0000823.png	Ссылки
0000824.png	Магистры богословия
0000825.png	Многозначная логика Лукасевича
0000826.png	Киносценарии
0000827.png	память святого Гвинллиу.
0000828.png	Доктора искусствоведения
0000829.png	Музыка
0000830.png	Советский период
0000831.png	Использование
0000832.png	Ссылки
0000833.png	Грот-брам-рей
0000834.png	Вандалы
0000835.png	Знаменитые выпускники
0000836.png	Указом президента Ельцина министр обороны Павел Грачёв был отправлен в отставку.
0000837.png	Подмосковный Алексеевский дворец (не сохранился)
0000838.png	Создание баз геоданных (геокодирование) и управление ими
0000839.png	Литература
0000840.png	Известные люди, связанные с районом
0000841.png	Примечания
0000842.png	Писатели России по алфавиту
0000843.png	Примечания
0000844.png	Новый крестовый поход немцев против пруссов.
0000845.png	Примечания
0000846.png	Примечания
0000847.png	Исследование Урана
0000848.png	Финансы
0000849.png	Власть и финансово-промышленные группы
0000850.png	Астрономы Нидерландов
0000851.png	Примечания
0000852.png	Частная полиция
0000853.png	поддержка и развитие человеческого интеллекта на пользу человечества;
0000854.png	Молочная кухня
0000855.png	Примечания
0000856.png	Интегральные преобразования
0000857.png	См. также
0000858.png	Германий в Популярной библиотеке химических элементов
0000859.png	Румыния (до 12.09.1944)
0000860.png	Богословы Германии
0000861.png	Разрешение (компьютерная графика)
0000862.png	Источники
0000863.png	Основы термодинамики
0000864.png	Яванское море
0000865.png	Поэты Литвы
0000866.png	Кенсингтон и Челси
0000867.png	Персоналии:Восточная Пруссия
0000868.png	Закон смещения Вина
0000869.png	Москва Варлама Шаламова в проекте «Топография террора» Международного мемориала
0000870.png	География
0000871.png	Умершие в 1970 году
0000872.png	География
0000873.png	См. также: :Категория:Умершие в 1819 году
0000874.png	См. также
0000875.png	Примечания
0000876.png	Отчуждение, война и безумие
0000877.png	Авария в энергосистеме
0000878.png	Бронзовый призёр чемпионата РСФСР (2): 1956, 1962
0000879.png	Члены Западно-Сибирского отдела Императорского русского географического общества
0000880.png	земля
0000881.png	Похороненные на Лазаревском кладбище Александро-Невской лавры
0000882.png	Примечания
0000883.png	Коллежские советники
0000884.png	Сквер Заура Джибилова,
0000885.png	Базовые понятия герменевтики
0000886.png	Образование
0000887.png	Спорт
0000888.png	В культуре
0000889.png	Источники информации
0000890.png	Похлёбкин В. В. История важнейших пищевых продуктов. -М. Центрполиграф. 2001.
0000891.png	ПА-42
0000892.png	Механизмы уширения
0000893.png	Летоисчисление
0000894.png	Примечания
0000895.png	в Броварах (в 2015 году, бывшая улица Черняховского),
0000896.png	Единые пулемёты
0000897.png	Михаил Жарковский (р. 1919), советский актёр театра и кино.
0000898.png	Кипу в Риобамбе, 1823
0000899.png	полярные.
0000900.png	Музейные коллекции
0000901.png	29 мая
0000902.png	Сюжет
0000903.png	Служба военной топографии;
0000904.png	К вопросу о свободе совести и о веротерпимости. Юрьев, 1905.
0000905.png	Примечания
0000906.png	Гринвич
0000907.png	Символика
0000908.png	Система комплемента
0000909.png	Кубок Куйбышева
0000910.png	Половцы и Хорезм
0000911.png	В культуре
0000912.png	Родившиеся в Париже
0000913.png	Взаимодействие с человеком
0000914.png	Советское время
0000915.png	Телепнев Михаил Ефимович - стряпчий с платьем (1627-1629).
0000916.png	Игры патриотов (фильм, 1992, по книге Тома Клэнси (1987)
0000917.png	Аспазия. СПб., 1884
0000918.png	Николай Иванович
0000919.png	целостных колец тоже будет целостным кольцом.
0000920.png	Гояс, штат Бразилии
0000921.png	Активность тестостерона
0000922.png	Мюзикл
0000923.png	Завоевание Англии Свеном
0000924.png	Экспериментальная реализация
0000925.png	Он сводится к уравнению для правильного октаэдра, когда:
0000926.png	Прочее
0000927.png	Монографии по литературоведению, искусствоведению и религиоведению
0000928.png	На этой странице представлен список наиболее часто встречающихся первообразных.
0000929.png	Радиостанции
0000930.png	Вила-Верде
0000931.png	Окаянная Дженет (1881)
0000932.png	Фильмы на русском языке
0000933.png	Даль Орлов «Реплика в зал. Записки действующего лица»
0000934.png	Писатели барокко
0000935.png	43 км: Ича (пр)
0000936.png	Правила сложения целых чисел.
0000937.png	Несбывшаяся поэма
0000938.png	Марина Ладынина (ум. 2003), актриса театра и кино, народная артистка СССР.
0000939.png	В различных культурах
0000940.png	Айнмере мак Сетнай, король Кенел Конайлл.
0000941.png	Кандидаты технических наук
0000942.png	Официальный сайт Свято-Исидоровской церкви
0000943.png	Интеллектуальные причины
0000944.png	Примечания
0000945.png	Железорудные месторождения России
0000946.png	8 февраля
0000947.png	Наблюдение
0000948.png	Вторая мировая война
0000949.png	См. также
0000950.png	Место постиндустриальных обществ в мире
0000951.png	Первое афинское кладбище
0000952.png	В городе действует радио «Норд-ФМ». Единый информационный портал «2 ГОРОДА».
0000953.png	Хронология пилотируемых космических полётов
0000954.png	Этнический состав
0000955.png	Знак абзаца
0000956.png	Старинное еврейское кладбище (Санкт-Петербург, Сестрорецк) .
0000957.png	Примечания
0000958.png	Издание результатов экспедиции
0000959.png	392 педагога в школах района;
0000960.png	Византийцы заключили перемирие на востоке и перебросили войска на Балканы.
0000961.png	Предыстория
0000962.png	Ромео и Джульетта
0000963.png	Орден Чести (Грузия)
0000964.png	Религия и политика
0000965.png	Социалисты США
0000966.png	Главные маршалы бронетанковых войск
0000967.png	Примечания
0000968.png	Лидия
0000969.png	Департамент недвижимости Банка России
0000970.png	В 2020 году была выпущена почтовая марка, посвящённая 150-летию И. А. Бунина.
0000971.png	Камфору используют в медицине и ароматерапии (см. ниже).
0000972.png	Школы
0000973.png	Аввакум в Фундаментальной электронной библиотеке «Русская литература и фольклор»
0000974.png	Символы государства
0000975.png	Участники Семилетней войны
0000976.png	Образ жизни
0000977.png	Телефония
0000978.png	Церковь Святого Димитрия (православная; 1818)
0000979.png	Изобразительное искусство
0000980.png	Этимология
0000981.png	Религиозные деятели Великобритании
0000982.png	передовой отряд
0000983.png	Харитон, Юлий Борисович.
0000984.png	0,8 нм при 15 кВ
0000985.png	Генная инженерия человека
0000986.png	Рок-музыканты СССР
0000987.png	аулы, станицы, сёла, посёлки сельского типа, хутора.
0000988.png	Награждённые золотой медалью Королевского астрономического общества
0000989.png	Суть принципа
0000990.png	Города Пермского края
0000991.png	Александрийская бумага
0000992.png	Алмазные знаки к Ордену Святого Александра Невского (1855)
0000993.png	Литература
0000994.png	певица Марина Капуро
0000995.png	Примечания
0000996.png	Конец жизни
0000997.png	Бурятский институт инфокоммуникаций (БИИК СибГУТИ) (филиал СибГУТИ),
0000998.png	Этимология
0000999.png	Похороненные в Успенском соборе Московского Кремля
0001000.png	Покровское кладбище (в Рыбацком);
0001001.png	Профессора Калифорнийского университета в Беркли
0001002.png	Похороненные в парижском Пантеоне
0001003.png	шлакоблочный завод (ООО «Уралстройиндустрия»),
0001004.png	Звезда и смерть Абульфаза Эльчибея
0001005.png	См. Византийская мозаика
0001006.png	Муниципальные районы
0001007.png	Кинотеатры
0001008.png	Хмельницкий институт МАУП
0001009.png	Решение задачи сводится к решению «диофантова уравнения» (см. ):
0001010.png	Стелла Маккартни провела в Париже свой первый показ мод.
0001011.png	Глава «Роскосмоса»
0001012.png	Научные понятия
0001013.png	Огородная Слобода, переулок
0001014.png	Орден Святой Анны 1-й ст. (10.09.1843).
0001015.png	Рикардо Виньес (р. 1875), испанский пианист.
0001016.png	Исследования
0001017.png	Медаль «В память 850-летия Москвы» (1997)
0001018.png	Кинокомплекс «Космос»
0001019.png	Умершие в 559 году до н. э.
0001020.png	Выпускники Суортмор-колледжа
0001021.png	Голливуд
0001022.png	Консулы: Гай Навтий Рутил (во 2-й раз) и Луций Минуций Эсквилин Авгурин.
0001023.png	предпразднество Преображения Господня;
0001024.png	Гостиницы
0001025.png	у деревни Володеево;
0001026.png	Озвучивание мультфильмов
0001027.png	Загоскин Иван Андреевич - московский дворянин (1627-1640).
0001028.png	История исследований
0001029.png	Экспорт лёгких грузовиков в 2015 году «Группа ГАЗ» осуществляла в 39 стран мира.
0001030.png	Троицкий собор (с 1812 года)
0001031.png	Австрия
0001032.png	Эхокардиография
0001033.png	Испытания на полигоне осуществлялись на 3 технологических площадках:
0001034.png	Лауреаты Царскосельской художественной премии
0001035.png	Формами реализации права являются:
0001036.png	Медицина
0001037.png	Пируй и гуляй баба на Масленице, а про пост вспоминай.
0001038.png	История
0001039.png	Феликс Валлотон (ум. 1925), швейцарский художник и график.
0001040.png	Именины
0001041.png	Связь с другими районами города осуществляется:
0001042.png	Сражения по алфавиту
0001043.png	Падма Вибхушан (2007).
0001044.png	Поражения (46)
0001045.png	Румб является результатом вычисления пеленга.
0001046.png	Проект «Крупным планом»
0001047.png	История
0001048.png	После упорной обороны Днепропетровска гитлеровским войскам удалось взять город.
0001049.png	Диафрагма с предварительной установкой
0001050.png	Музыка
0001051.png	Геомаркетинг
0001052.png	Петрозаводску присвоен статус исторического города России.
0001053.png	Сражения по алфавиту
0001054.png	170 км: река Рудица (лв)
0001055.png	Памятники
0001056.png	Бушир
0001057.png	Дискриминация
0001058.png	«Внешнее состояние православия на Волыни» (Почаев, 1892);
0001059.png	См. также
0001060.png	Комментарии
0001061.png	Жан де Жуанвиль, французский историк.
0001062.png	20 октября
0001063.png	В кнессете 18 созыва
0001064.png	12 июля Начало Второй ливанской войны.
0001065.png	Тьмутаракань
0001066.png	Петров Вал
0001067.png	Изотопы и их применение
0001068.png	Выпускники Киевской 2-й гимназии
0001069.png	На чемпионате мира по биатлону:
0001070.png	Интересные факты
0001071.png	Литература
0001072.png	Источники
0001073.png	Литература
0001074.png	Главные художники-постановщики: Александр Борисов, Сергей Воронков
0001075.png	См. также: :Категория:Родившиеся в 1395 году
0001076.png	Населённые пункты Саратовской области
0001077.png	Октябрь
0001078.png	История
0001079.png	Кафедра патологической физиологии
0001080.png	Артём Дзюба
0001081.png	Лен состоит из 5 коммун:
0001082.png	Коэффициент интеллекта
0001083.png	ЯВОРНИЦКИЙ Дмитрий Иванович. История запорожских казаков.
0001084.png	Морская служба
0001085.png	:Категория:Преподаватели Санкт-Петербургского государственного университета
0001086.png	Орден Турецкой Республики (19 апреля 2000 года, Турция).
0001087.png	Фратрекс братьев Аттиедиев;
0001088.png	По направлению от устья к истоку:
0001089.png	уголовные законы.
0001090.png	Исчезли в 106 году
0001091.png	Эргашев Абдилхамит Абдирохманович
0001092.png	Зенон Элейский
0001093.png	Новосёлки, 1-я улица
0001094.png	Биография
0001095.png	Хронология новейшей истории области выглядит следующим образом:
0001096.png	Иноязычные заимствования в каталанском языке
0001097.png	Члены Военного совета Российской империи
0001098.png	Ссылки
0001099.png	Комментарии
0001100.png	контроль возобновляемых и естественных природных ресурсов;
0001101.png	Классификация сложностей
0001102.png	иные органы государственной власти Пермского края:
0001103.png	оз. Соколозеро
0001104.png	Члены объединения «Маковец»
0001105.png	Транспозиция
0001106.png	Примечания
0001107.png	Ссылки
0001108.png	Список глав администрации района
0001109.png	Синтопия
0001110.png	Список участников ММО, получивших 3 или более золотых медалей.
0001111.png	Луи Арагон (Франция; 2 октября 1972)
0001112.png	Дворец культуры автомобилестроителей
0001113.png	Поручик ()
0001114.png	Авиаремонт
0001115.png	История
0001116.png	«Дикинсон» (2019, США)
0001117.png	Канонизация
0001118.png	См. также
0001119.png	Архиереи Украинской православной церкви избираются её Синодом.
0001120.png	Институт евразийских и межрегиональных исследований
0001121.png	Базилика Святой Клотильды.
0001122.png	(частично признанное государство)
0001123.png	Своё умножали богатство».
0001124.png	Ближневосточный неолит
0001125.png	Егор Абозов (1915)
0001126.png	Геодезия
0001127.png	Гибель
0001128.png	Литература
0001129.png	Здравоохранение
0001130.png	Существуют другие модификации .
0001131.png	Литература модернизма
0001132.png	Типология идеологий по Курту Ленку
0001133.png	Художники-иллюстраторы Чехословакии
0001134.png	Левое и правое полушария мозга
0001135.png	Музыка
0001136.png	Происхождение
0001137.png	Ареал и места обитания
0001138.png	В Советском Союзе первые олимпиады состоялись:
0001139.png	Столовая (1903).
0001140.png	Латиноамериканская музыка
0001141.png	Ростовщичество, взяточничество
0001142.png	Оператор: Нестор Альмендрос
0001143.png	Системы отсчёта
0001144.png	Скончались
0001145.png	Вторжение России на Украину
0001146.png	Галицкие бояре
0001147.png	Входит в состав Центрального федерального округа.
0001148.png	Рыбья символика
0001149.png	Видения судов Божьих и новой земли.
0001150.png	Литература
0001151.png	Лекарственные растения
0001152.png	Газета «Родники Ирбитские»
0001153.png	Официальные титулы, награды и герб
0001154.png	Беловский филиал Кемеровского медицинского колледжа
0001155.png	Литература
0001156.png	Советский период
0001157.png	Памятник воинам-интернационалистам
0001158.png	Журнал появился в продаже в середине июля 1927 года.
0001159.png	Сайт лиги
0001160.png	Орден Почётного легиона офицерский крест
0001161.png	Ташкентский институт ирригации и мелиорации
0001162.png	Питание
0001163.png	Профиль на сайте футбольного клуба звёзд эстрады «Старко»
0001164.png	Поэты по алфавиту
0001165.png	Художники-керамисты Франции
0001166.png	Обобщённая функция
0001167.png	методы, изучающие гигиеническое состояние факторов внешней среды;
0001168.png	Ссылки
0001169.png	Регенеративная хирургия
0001170.png	Ссылка в Горький
0001171.png	Спортивный комплекс «Абанский»
0001172.png	Биография
0001173.png	В СССР зарегистрирована Республиканская партия РСФСР (позднее России).
0001174.png	В Советской России
0001175.png	Биография
0001176.png	Ссылки
0001177.png	Космонавт-испытатель 3-го класса (12.04.1969).
0001178.png	Персоналии
0001179.png	Рогволод Полоцкий
0001180.png	Василий Ряховский. «Евпатий Коловрат» (1947)
0001181.png	Система управления вооружением
0001182.png	Трамвай Саппоро
0001183.png	Литература
0001184.png	истоки Двины, Днепра, Волги и Дона;
0001185.png	Специалисты по уголовному праву
0001186.png	Карикатуры Феллини
0001187.png	А что пилоту нужно (стихи И. Шаферана)
0001188.png	Дальнейшее правление
0001189.png	Огородная улица
0001190.png	Ссылки
0001191.png	Ссылки
0001192.png	орден «За военные заслуги»
0001193.png	Биография
0001194.png	Ориген
0001195.png	Беот и Эол. От Арны, или Меланиппы, или Антиопы.
0001196.png	Примечания
0001197.png	Современные
0001198.png	ВАЗ-2103
0001199.png	История
0001200.png	Тульская область
0001201.png	Космический полёт
0001202.png	Литература
0001203.png	Умершие на островах Банкс
0001204.png	История пропаганды
0001205.png	До июля 1924 года Шумерля входила в состав Нижегородской губернии.
0001206.png	Молодёжная улица (деревня Марушкино)
0001207.png	Минералы
0001208.png	Примечания
0001209.png	Антисекреторные препараты.
0001210.png	медицинскими;
0001211.png	Февраль
0001212.png	Единицы СИ
0001213.png	Мосты
0001214.png	Образование озона проходит по обратимой реакции:
0001215.png	Лагиш (правый)
0001216.png	Антропология религии
0001217.png	Восточно-Казахстанский университет имени С. Аманжолова
0001218.png	Деньги Фиджи
0001219.png	Родившиеся в 1060 году
0001220.png	См. также: :Категория:Родившиеся в 1844 году
0001221.png	Запуски по итогам миссии
0001222.png	Население
0001223.png	Индустриальные дни, 2 дня, следовавшие за 7 ноября
0001224.png	Лечение
0001225.png	Костюмы
0001226.png	Кратер на Луне;
0001227.png	Орден Дружбы народов (1984).
0001228.png	Другое
0001229.png	Примечания
0001230.png	Основные соединения
0001231.png	См. также: :Категория:События 27 апреля
0001232.png	Население
0001233.png	Абу Зарр аль-Гифари, один из известных сподвижников пророка Мухаммеда.
0001234.png	Панорамы
0001235.png	Русские мужские имена
0001236.png	События
0001237.png	Языки
0001238.png	Метро
0001239.png	Библиотека Всероссийского общества слепых
0001240.png	Характеристики и оформление
0001241.png	Изменено число просфор на проскомидии и начертание печати на просфорах.
0001242.png	Почитание, канонизация, мощи
0001243.png	Медицина
0001244.png	Классификация
0001245.png	Иммиграция китайских граждан в Россию
0001246.png	От более глубоких органов к более поверхностно расположенным.
0001247.png	Объединённая демократическая партия (5 мест в законодательной ассамблее).
0001248.png	Первая гражданская война в Либерии
0001249.png	Смета содержания
0001250.png	Единицы измерения информации
0001251.png	Первая подтверждённая вспышка «испанки» в США.
0001252.png	Французские дивизионные генералы Революционных и Наполеоновских войн
0001253.png	Архипелаговое море
0001254.png	Политические партии
0001255.png	Валюты с названием «доллар»
0001256.png	В 1832 году Аккерман исключён из разряда крепостей 3-го класса.
0001257.png	средняя часть (часто увенчанная куполом),
0001258.png	Мыс Беринга
0001259.png	См. также: :Категория:Родившиеся в 1166 году
0001260.png	Разновидности
0001261.png	АО «Источник плюс» (производство модульных систем пожаротушения),
0001262.png	Структура
0001263.png	(поскольку устоявшегося обозначения нет, используется функциональное).
0001264.png	Гавайи и Гражданская война в США
0001265.png	Литература
0001266.png	Шляхетские роды герба Равич
0001267.png	японский Высший орден Хризантемы (20.12.1915).
0001268.png	1991 год
0001269.png	Участники войны против барских конфедератов
0001270.png	НСДАП, гестапо, СД, СС, СА. Приговор Нюрнбергского трибунала
0001271.png	Название
0001272.png	Литература
0001273.png	Башня наместника
0001274.png	Аустенитные стали
0001275.png	Центральная Европа как экономический партнёр России
0001276.png	Орден «Знак Почёта»
0001277.png	Все тригонометрические функции можно выразить через тангенс половинного угла:
0001278.png	Юрий Хохлов
0001279.png	Социальная группа
0001280.png	Города на Одре
0001281.png	Семья
0001282.png	Адриан на обратном пути заехал в Испанию и провёл там зиму.
0001283.png	Мастер спорта СССР: 1960
0001284.png	Эшли Коул, английский футболист.
0001285.png	Литература
0001286.png	История
0001287.png	«Оранжевая зима» (документальный фильм) ;
0001288.png	Католические
0001289.png	«Чёртова кукла». Роман. Изд. «Московское книгоиздательство». М. 1911.
0001290.png	По данным Всероссийской переписи населения 2010 года:
0001291.png	Персоналии:Печора
0001292.png	Историческое значение
0001293.png	Сатира
0001294.png	Международный язык эсперанто: полный учебник (2-е издание).
0001295.png	Блок «Единство»
0001296.png	Капитаны
0001297.png	Созвездия
0001298.png	Жилищно-коммунальное хозяйство
0001299.png	Упразднённые населённые пункты
0001300.png	Выпущенные модели
0001301.png	Критика его работ
0001302.png	См. также
0001303.png	парк «Здоровье»;
0001304.png	Великие озёра
0001305.png	См. также
0001306.png	Бахвалов, Николай Сергеевич
0001307.png	Разметная грамота
0001308.png	Английские поэты
0001309.png	Композитор: Александр Флярковский
0001310.png	Православное богословие
0001311.png	Нокс (Ночь)
0001312.png	Ссылки
0001313.png	В России
0001314.png	1934 год в Москве
0001315.png	Боль в животе или судороги
0001316.png	Историко-краеведческий музей
0001317.png	Вячеслав Грулёв
0001318.png	Иов Многострадальный
0001319.png	Васильевская 1768; Васильевская зимний 1798
0001320.png	Семья
0001321.png	История
0001322.png	Сверхпроводники
0001323.png	Славянская тарантелла (в четыре руки, 1865)
0001324.png	Автоматические межпланетные станции
0001325.png	Иличевский, Александр Викторович в «Живом Журнале».
0001326.png	Внешняя политика
0001327.png	Литература
0001328.png	тошнота, рвота, диарея, боль в животе;
0001329.png	Сложность алгоритма
0001330.png	Биография
0001331.png	См. также
0001332.png	в словах типа тр-тр-тр, др-др-др и так далее;
0001333.png	«Рыбалка Тора»
0001334.png	Вторая основная экспедиция орбитальной научной станции «Салют-7».
0001335.png	Бемидбар 11:16 «Собери для меня семьдесят человек из старейшин Израиля»;
0001336.png	Получение
0001337.png	Ферментативная активность: реакции и условия
0001338.png	В искусстве
0001339.png	Летом была большая засуха.
0001340.png	Марио Дель Монако, итальянский оперный певец (род. 1915).
0001341.png	Договоры и конвенции ООН
0001342.png	Администрация города Хабаровска
0001343.png	Составные фамилии
0001344.png	Административное деление Республики Алтай
0001345.png	Предотвращение ржавления
0001346.png	Огаки, Япония (1988)
0001347.png	Посетитель музея
0001348.png	Портрет.
0001349.png	Александр Воеводин, советский и российский актёр театра и кино.
0001350.png	Выражая  через , получаем формулу замедления времени.
0001351.png	Католические: Людмила, Улита, Пётр.
0001352.png	Самая крупная победа в КХЛ:
0001353.png	Б. Лившиц «Полутораглазый стрелец».
0001354.png	Мех (значения)
0001355.png	Участники Кавказской войны
0001356.png	Новосибирск и область
0001357.png	наличия у полководца способностей,
0001358.png	Епископы Падерборна
0001359.png	Перечень ЖНВЛП
0001360.png	Ускорительные центры
0001361.png	Кадмий в Популярной библиотеке химических элементов.
0001362.png	Мертворождаемость
0001363.png	Синицевые
0001364.png	таты,
0001365.png	Сельское хозяйство
0001366.png	Из-за тебя под поезд прыгал я,
0001367.png	Энвайронментализм
0001368.png	Изобретатели парового двигателя
0001369.png	Ссылки
0001370.png	Сюжет
0001371.png	Лексика
0001372.png	Сенаторы от штата Нью-Гэмпшир
0001373.png	Литература
0001374.png	Вооружённые силы Люксембурга
0001375.png	Фазовое пространство
0001376.png	Список символов штата Юта
0001377.png	Организации
0001378.png	В честь острова получил своё название американский штат Нью-Джерси.
0001379.png	129. Марии Магдалине, равноап.
0001380.png	Ломоносовская премия (1972).
0001381.png	Кавалеры ордена Почётного легиона
0001382.png	Литературоведы Чехии
0001383.png	Нежный ветер ласкал мое лицо любя,
0001384.png	См. также
0001385.png	Феликс (герцог Аквитании).
0001386.png	Арекипа, Перу
0001387.png	Бывшие внерайонные города Германии
0001388.png	Боровой, Константин Натанович
0001389.png	Итоги войны
0001390.png	Виды имён
0001391.png	См. также
0001392.png	Художники Бельгии
0001393.png	Сумерин Николай Михайлович
0001394.png	Гидролиз
0001395.png	Санкции
0001396.png	Старт
0001397.png	Церковь Рождества Иоанна Предтечи в Переяславле.
0001398.png	Пятая французская республика
0001399.png	Ректально
0001400.png	По конструктивному решению
0001401.png	Достоинства и недостатки интерпретаторов
0001402.png	Задача об упаковке в контейнеры,
0001403.png	В гуманитарных науках
0001404.png	Послереволюционный период
0001405.png	Датчанин пьёт чай.
0001406.png	Осиповичи, Белоруссия (1998)
0001407.png	Слон (самолёт)
0001408.png	Вакантные места (45)
0001409.png	Григорьев, Владимир Федорович
0001410.png	Примечания
0001411.png	Примечания
0001412.png	Мифы о происхождении скифов
0001413.png	Компьютерная томография
0001414.png	Персоналии
0001415.png	Андрология
0001416.png	Общее описание
0001417.png	Физико-географическая характеристика
0001418.png	Литература
0001419.png	Когда появился первый в мире фотоаппарат?
0001420.png	«Золотой лук» (в 2 книгах)
0001421.png	Садоводство
0001422.png	Чтобы её найти, вычислим сначала полную вероятность признания больным:
0001423.png	Примечания
0001424.png	Великая Армения
0001425.png	434 год. Трон гуннов заняли братья Блед и Аттила
0001426.png	Невский проспект в культуре
0001427.png	Ингаляционные наркозные средства
0001428.png	От истока к устью:
0001429.png	Структурированная кабельная система
0001430.png	Землетрясения
0001431.png	Баяр А. Тайная история татар
0001432.png	Сражения Наполеоновских войн
0001433.png	Старая могильная плита (, 1852)
0001434.png	Объекты, названные в честь Якуба Коласа
0001435.png	Литература
0001436.png	Квантовый провод
0001437.png	Отчёты об ошибках
0001438.png	Родились
0001439.png	Белоцерковский филиал Киевского института бизнеса и технологий;
0001440.png	Испанская фаланга
0001441.png	Русский перевод с английского издания:
0001442.png	Боги по алфавиту
0001443.png	Гидрологические памятки природы: Теремновские пруды
0001444.png	Реки Браславского района
0001445.png	Звания и награды
0001446.png	Мониторинг фонового загрязнения природных сред. в. 1, Л., 1982.
0001447.png	1997 Роман-трилогия «Чёрный Баламут» (в 3 книгах)
0001448.png	Рюриковичи по алфавиту
0001449.png	Рэмзи
0001450.png	«Работы начнутся пятого марта»
0001451.png	См. также
0001452.png	СССР, Россия
0001453.png	Основные работы
0001454.png	Медаль Дж. Пибоди за выдающийся вклад в музыку Америки (США, 1994)
0001455.png	Список главных тренеров
0001456.png	Дубровская, Анна Анатольевна (с 1994 года)
0001457.png	одиночество, недостаток внимания и заботы со стороны окружающих;
0001458.png	Ссылки
0001459.png	Украина
0001460.png	Гормоны передней доли гипофиза
0001461.png	В кино
0001462.png	Литература
0001463.png	Стихи Маршака: , ,
0001464.png	Китай
0001465.png	Тибетская традиция Бон в Беларуси и Украине
0001466.png	Зябликово
0001467.png	Флора и фауна
0001468.png	См. также
0001469.png	Консулы Флавий Калепий и Флавий Ардавурий Юниор.
0001470.png	Мельничный Ручей,
0001471.png	Геологическое строение
0001472.png	Биржевая сделка
0001473.png	Теория чисел
0001474.png	См. также
0001475.png	Философские термины
0001476.png	Спорт
0001477.png	Разновидности барабанов:
0001478.png	Этимология и значение
0001479.png	Перво,
0001480.png	Полезные ископаемые
0001481.png	Уэнди Хиллер (р. 1912), английская актриса, обладательница премии «Оскар».
0001482.png	Внешность и характер короля
0001483.png	Книги
0001484.png	Послужной список Камбре-Диньи и его некролог
0001485.png	Апрель
0001486.png	Галицкое княжество
0001487.png	НПК «Фотоприбор»
0001488.png	Марксизм
0001489.png	Послы Русского государства в Китае
0001490.png	транспортные средства (19,3 млрд);
0001491.png	Статьи
0001492.png	Участники Среднеазиатских походов
0001493.png	Высшие учебные заведения, центры повышения квалификации
0001494.png	Типы леса
0001495.png	Официальный сайт государства Уругвай
0001496.png	Шляхетские роды герба Прус
0001497.png	Лугвень Ольгердович совершил поход на Верховские княжества.
0001498.png	Орден Белого орла (1851 год)
0001499.png	«В погоне за метеором» (роман Жюля Верна);
0001500.png	Население
0001501.png	Высокочастотные волны
0001502.png	Теория множеств
0001503.png	См. также
0001504.png	Хлопководческий комбайн
0001505.png	Города на Волге
0001506.png	преподобный
0001507.png	Примечания
0001508.png	Украина
0001509.png	Екатеринославский егерский корпус
0001510.png	Ольга Громыко является неверующей.
0001511.png	См. также
0001512.png	Англичане
0001513.png	Другие группы населения
0001514.png	Дмитрий Хохлов
0001515.png	Подготовка офицеров
0001516.png	Родились
0001517.png	Городское поселение
0001518.png	Головная боль.
0001519.png	Фрикс
0001520.png	Операция «Дунай»
0001521.png	Пермский военный институт войск национальной гвардии Российской Федерации.
0001522.png	Ботанический сад Львовского медицинского университета
0001523.png	Депутаты Совета Союза 1-го созыва
0001524.png	Проведённые фестивали
0001525.png	Других религиозных конфессий
0001526.png	Театр
0001527.png	Литература
0001528.png	Гинзбург, Виталий Лазаревич
0001529.png	Остров-музей под открытым небом Сеурасаари
0001530.png	в Москве на Манежной площади произошёл взрыв.
0001531.png	Военные действия
0001532.png	Примечания
0001533.png	политехнический колледж при МГТУ,
0001534.png	Пол Беттани, английский актёр.
0001535.png	Литература
0001536.png	Города центрального подчинения
0001537.png	Наука
0001538.png	Бессермяне
0001539.png	-адические числа
0001540.png	Именины
0001541.png	См. также
0001542.png	анализатор спектра космических лучей,
0001543.png	Характеристики молекул растворителей
0001544.png	Гадес на сайте Теой Прожект
0001545.png	Предприниматели США
0001546.png	Не ищите виноватых (стихи М. Танича)
0001547.png	См. также: :Категория:Умершие в 1549 году
0001548.png	Пилотируемые космические аппараты
0001549.png	Салли Филлипс, британская актриса театра, кино и телевидения.
0001550.png	15 сентября
0001551.png	466 км: река Нюхмиж
0001552.png	Развитие взглядов
0001553.png	Образ жизни и питание
0001554.png	Выпускники Факультета философии и литературы Гранадского университета
0001555.png	С 1995 года по 1996 год входил в совет директоров ОРТ.
0001556.png	Амьенский собор
0001557.png	или что то же самое:
0001558.png	Депутаты Совета Союза 9-го созыва
0001559.png	Метеорологи Российской империи
0001560.png	У церкви св. Александра Невского (1874) справа:
0001561.png	Православные: Иван, .
0001562.png	Мифические народы
0001563.png	Физики по алфавиту
0001564.png	Теонимика
0001565.png	Студия местного телевидения «Вечерний Дмитров»
0001566.png	В австрийской экономической школе
0001567.png	62 км: ручей Осётрик (пр)
0001568.png	1920 год в Турции
0001569.png	Ссылки
0001570.png	Форма выпуска
0001571.png	Президент Германии
0001572.png	Словари и энциклопедии
0001573.png	Самаритянство
0001574.png	26 км: Шаква
0001575.png	Тимур Батрутдинов
0001576.png	советского фильма «Молодой человек из хорошей семьи» (1989).
0001577.png	4, 8, 17, 27 июля
0001578.png	Люди, связанные с городом
0001579.png	Приставки «кило-», «мега-», «гига-» понимаются как двоичные:
0001580.png	Самые массовые выезды болельщиков «Локомотива»
0001581.png	Брестово
0001582.png	Литература
0001583.png	История Александрии
0001584.png	Сёла Рождественское и Коврово
0001585.png	Преподаватели Казанской академии ветеринарной медицины
0001586.png	Депутаты Верховного Совета РСФСР 1-го созыва
0001587.png	Рекорды, установленные мостом
0001588.png	низовья Дона и побережье Азовского моря;
0001589.png	память Гуго Клюнийского.
0001590.png	В компьютерных играх
0001591.png	Часто формулу Стирлинга записывают в виде
0001592.png	На немецком:
0001593.png	Биография
0001594.png	Литература
0001595.png	«Билайн»
0001596.png	царевичи Имеретинские (род прервался в 1711 году);
0001597.png	Алгебраические числа
0001598.png	Связь
0001599.png	Смотри также: Список архиереев Русской православной старообрядческой церкви.
0001600.png	Памятники природы
0001601.png	Политики Германии
0001602.png	В вазописи используются сюжеты мифа о Гере в сценах с Ио, суде Париса и др.
0001603.png	для однократной записи;
0001604.png	Лариса Шепитько (погибла в 1979), советский кинорежиссёр, сценарист и актриса.
0001605.png	См. также
0001606.png	Штефан Эффенберг, немецкий футболист.
0001607.png	Электронная карта
0001608.png	Одиссей
0001609.png	Герб и флаг
0001610.png	Экономика
0001611.png	Таль-Кади
0001612.png	Примечания
0001613.png	Например,
0001614.png	Бородинское поле
0001615.png	Примеры
0001616.png	Остановочный пункт
0001617.png	Лисичанский многопрофильный лицей
0001618.png	«Картотека»
0001619.png	Моросанова В. И. Индивидуальный стиль саморегуляции. М.: Наука, 2001.
0001620.png	Мирные договоры с Шотландией и Францией
0001621.png	Галерея
0001622.png	Военно-политическая ситуация на юге России к концу мая
0001623.png	Таиланд
0001624.png	Молодость
0001625.png	Римско-католический приход Святого Михаила Архангела в Новогрудке
0001626.png	Изгнание и смерть
0001627.png	Амфотерные оксиды
0001628.png	Станковые пулемёты
0001629.png	Скончался 17 июля 2022 года.
0001630.png	Увлекался игрой в шахматы.
0001631.png	Функции общественного мнения
0001632.png	Фуникулёры
0001633.png	Примечания
0001634.png	Паровоз
0001635.png	Юристы по алфавиту
0001636.png	Организации, основанные в 1975 году
0001637.png	обеспечение устойчивого развития окружающей среды;
0001638.png	Этапы развития онейроида
0001639.png	3-летняя проповедь Иисуса Христа среди жителей древнего Израиля.
0001640.png	Карликовые берёзы (1966)
0001641.png	Личная миссия как эмоционально мотивирующий фактор.
0001642.png	Лермонтовская площадь
0001643.png	Ссылки
0001644.png	Иллирийские императоры
0001645.png	Таким образом, к металлам могут относиться более 90 элементов из всех открытых.
0001646.png	за достижения в области истории и политики (2004)
0001647.png	Издания
0001648.png	Торговля
0001649.png	Примечания
0001650.png	Личная жизнь
0001651.png	История
0001652.png	«Приз имени Валентина Сыча»:
0001653.png	Название
0001654.png	Ранние годы
0001655.png	Сретенский переулок
0001656.png	Барановское и Сосновицкое сельские поселения в Сосновицкое сельское поселение.
0001657.png	Русские писатели по алфавиту
0001658.png	Космическая индустрия
0001659.png	Ссылки
0001660.png	дублирование кода;
0001661.png	См. также
0001662.png	Казнённые во время Великой французской революции на гильотине
0001663.png	Одон Клюнийский, католический святой.
0001664.png	См. также
0001665.png	Золотая медаль имени Низами Гянджеви (Азербайджан, 2015).
0001666.png	Международная торговля
0001667.png	Семья
0001668.png	Городской
0001669.png	Здравоохранение
0001670.png	одноплодная беременность;
0001671.png	В Которе расположено консульство Хорватии.
0001672.png	Гитаговинда
0001673.png	Религиозные
0001674.png	История
0001675.png	События
0001676.png	для стерилизации изделий медицинского назначения;
0001677.png	Многие из комментариев и сочинений Абарбанеля были переведены на латинский язык.
0001678.png	Туризм
0001679.png	Похищение тела Чаплина с целью получения выкупа
0001680.png	Церковь евангельских христиан-баптистов «Спасение» (ул. Серикбаева)
0001681.png	Реки Ононского района
0001682.png	Деррик Роуз, американский баскетболист.
0001683.png	Игроки сборных в составе «Локомотива»
0001684.png	Описание
0001685.png	В массовой культуре
0001686.png	Реализм
0001687.png	Книга «Прирастать будет Сибирью» на сайте Отделения ГПНТБ СО РАН
0001688.png	Логика
0001689.png	Изменение глобального климата
0001690.png	Струйные принтеры
0001691.png	Образ персонажа
0001692.png	География
0001693.png	Семей на Британнике
0001694.png	Струбцина
0001695.png	Ричард Столлман
0001696.png	24 октября
0001697.png	Русский язык и культура речи: Речь и взаимопонимание
0001698.png	См. также
0001699.png	Участники Венгерской войны
0001700.png	Примечания
0001701.png	Маршала Голованова, улица
0001702.png	Царь Кашмира Праварасена.
0001703.png	Объясняя суть реформы, Ито Хиробуми писал:
0001704.png	Юго-восточно-иранские
0001705.png	Женщин: 43,1 года (2020 год).
0001706.png	Командиры полков в Великой Отечественной войне
0001707.png	Центр антиковедения СПбГУ
0001708.png	Санго
0001709.png	Расовый состав
0001710.png	Выпускники Морского инженерного училища
0001711.png	Климат
0001712.png	Сычуаньская версия
0001713.png	В 1978 году издан художественный маркированный конверт, посвящённый герою.
0001714.png	Административно-территориальное деление Северной Осетии
0001715.png	Гидросфера Марса
0001716.png	Глобальные (например: Вторая мировая война)
0001717.png	Чхого (Пэкче), пятый правителем Пэкче.
0001718.png	Чемпионат Европы по футболу выиграла сборная  ФРГ.
0001719.png	Установлены Почётные звания Российской Федерации.
0001720.png	Награды
0001721.png	Схолии к Софоклу
0001722.png	храм Амвросия Оптинского (архитектор Симиненко),
0001723.png	Литература
0001724.png	Закончены японские хроники «Нихон сёки» и Фудоки".
0001725.png	Кавалеры Баварского ордена Максимилиана «За достижения в науке и искусстве»
0001726.png	Комментарии
0001727.png	Президенты Королевского географического общества
0001728.png	Белгород впервые упоминается как населённый пункт.
0001729.png	Обозначения
0001730.png	Ссылки
0001731.png	Восстановление лица по черепу
0001732.png	Колгатин, Александр Михайлович (12.03.2000, 563)
0001733.png	Здание Ксенинской женской гимназии.
0001734.png	Часовой пояс
0001735.png	Паскарь
0001736.png	Царь: Тулл Гостилий.
0001737.png	Ссылки
0001738.png	Биографии героев
0001739.png	Ссылки
0001740.png	Обратная матрица к матрице проводимости называется тензором сопротивлений
0001741.png	Методы психологии
0001742.png	В Кирове и области регулярно проводятся:
0001743.png	Он поёт в микрофон, как в цветок.«Зигфрид» из ПТУ.
0001744.png	коммутативность умножения:  (коммутативное кольцо);
0001745.png	Примечания
0001746.png	в ядрах крупных галактик,
0001747.png	События
0001748.png	Список сенаторов Российской Федерации с 2000 года
0001749.png	Африка в древнегреческой мифологии
0001750.png	Стюарты
0001751.png	посёлки городского типа районного подчинения;
0001752.png	байырку (предполагается, что состояли из 9 частей)
0001753.png	Экономика
0001754.png	Воинские чины и звания
0001755.png	См. также
0001756.png	Дональд Винникотт. Игра и реальность (1971)
0001757.png	Правозащитники Франции
0001758.png	Свято-Крестовоздвиженская церковь
0001759.png	Слависты
0001760.png	Научно-популярные книги о языке
0001761.png	Кавалерийские мушкетоны
0001762.png	15 сентября
0001763.png	Еврейское сопротивление в период Холокоста:Персоналии
0001764.png	Современная формулировка:
0001765.png	Примечания
0001766.png	Литература
0001767.png	Литература
0001768.png	Литература
0001769.png	Люди, подвергшиеся лоботомии
0001770.png	Память Иоанна Божьего (1550);
0001771.png	Стандарты МСЭ
0001772.png	Песня о Лазо (сл. Б. Зернит, 1938)
0001773.png	Задачи полета
0001774.png	Выпускница музыкальной академии Ганновера.
0001775.png	Верхний рынок
0001776.png	Командарм 1 ранга (14.09.1938)
0001777.png	Источники
0001778.png	Литература
0001779.png	Ссылки
0001780.png	Праведные
0001781.png	Сикхизм
0001782.png	Признание
0001783.png	Причастия
0001784.png	Список Сводеша для славянских языков (включая македонский)
0001785.png	лишайников. Регион относится к
0001786.png	История
0001787.png	Убсу-Нур
0001788.png	народный артист СССР (1948);
0001789.png	Правители
0001790.png	Правовое положение
0001791.png	Северный Хорасан
0001792.png	Творчество
0001793.png	инсомния (возможна гиперсомния);
0001794.png	Сквер «У Дома молодёжи».
0001795.png	Архангельск (Россия)
0001796.png	Существуют разные версии происхождения названия Конотоп.
0001797.png	Медовый месяц
0001798.png	В 1950 году получил статус города.
0001799.png	Растительность
0001800.png	Память
0001801.png	Сами музыканты опровергают подобные обвинения:
0001802.png	Вторая очередь
0001803.png	События
0001804.png	Этимология
0001805.png	(с 1990-х годов строчка заменена на:
0001806.png	Буддийские титулы
0001807.png	Примечания
0001808.png	Экслибрис игумена Досифея
0001809.png	Библиография
0001810.png	Менестрель
0001811.png	Восприятие
0001812.png	Похороненные на Смоленском православном кладбище, чьи могилы утрачены
0001813.png	Бесси Смит (ум. 1937), американская певица, «императрица блюза».
0001814.png	Почётные звания Российской Федерации
0001815.png	Вомероназальный орган человека
0001816.png	Населённые пункты муниципального образования город Киров
0001817.png	отдел В восточных среднерусских акающих говоров;
0001818.png	продолжительность
0001819.png	Светочувствительность фотоматериала
0001820.png	Реклама
0001821.png	Тель-Авив, Израиль (2000)
0001822.png	Другие крупные бассейны
0001823.png	Пригожая улица
0001824.png	Примечания
0001825.png	Предыстория
0001826.png	Семья и образование
0001827.png	Группа свободного поиска (ГСП)
0001828.png	Тургеневы
0001829.png	Здравоохранение
0001830.png	Именины
0001831.png	Актиноиды
0001832.png	Обучение иностранцев
0001833.png	Песни 1956 года
0001834.png	кучевое облако,
0001835.png	Ситникова Елена Вячеславовна (с 12 мая 2021)
0001836.png	Децентрализация власти, её разделение по территориальному уровню
0001837.png	Администрация
0001838.png	ИЮПАК (международная организация, способствующая прогрессу в области химии).
0001839.png	определённая система социально-нравственных самооценок.
0001840.png	Города, награждённые орденом Отечественной войны
0001841.png	Известные преподаватели
0001842.png	Населённые пункты
0001843.png	Классификация
0001844.png	цех подготовки составов
0001845.png	Искусственные спутники Марса
0001846.png	Предыстория
0001847.png	Акушер-гинеколог
0001848.png	Изучение внутреннего строения Земли и упругих свойств слагающих её слоев.
0001849.png	Политическая карьера
0001850.png	Ячейки
0001851.png	Определения
0001852.png	Информационно-новостной портал города Очёр
0001853.png	Старый Оскол упоминается в художественной литературе:
0001854.png	Вторая мировая война: высадка в Аитапе.
0001855.png	Поэты-шестидесятники
0001856.png	«Идеологические операции» КГБ
0001857.png	19 августа
0001858.png	Официальный сайт администрации
0001859.png	Ссылки
0001860.png	Флигель-адъютант ()
0001861.png	Конструктивисты
0001862.png	В христианстве
0001863.png	Памятники Сталинградской битвы в Волгограде
0001864.png	Нарвская (станция метро)
0001865.png	Фильмы на русском языке
0001866.png	Существуют планы постепенного уменьшения количества ЗАТО.
0001867.png	2. Те же деяния, совершённые:
0001868.png	Литература
0001869.png	Театры
0001870.png	Правительство
0001871.png	Джазмены США
0001872.png	Гидростатическая модель
0001873.png	Депутаты Государственной думы Российской Федерации от одномандатных округов
0001874.png	Выпускники Московских гимназий Российской империи
0001875.png	Годы обучения
0001876.png	Зоркальцев, Виктор Ильич (заместитель председателя фракции)
0001877.png	Литература
0001878.png	Родились
0001879.png	Лауреаты премии «Странник»
0001880.png	через 5 лет риск инфаркта миокарда станет в 2 раза меньше, чем у курящих
0001881.png	Оператор: Нестор Альмендрос
0001882.png	Симптомы эзофагита включают:
0001883.png	Примечания
0001884.png	Участники Восьмого крестового похода
0001885.png	Культурные связи
0001886.png	Имя прилагательное
0001887.png	Ольмеки
0001888.png	Шведский Орден Святого Олафа ()
0001889.png	Деятельность
0001890.png	Поддержка интегрированных сред разработки
0001891.png	Евклей (Эвклей). На орфических золотых пластинках имя некоего подземного бога.
0001892.png	Климат
0001893.png	Регламент или устав главного магистрата
0001894.png	Особенности кровоснабжения печени
0001895.png	Валерий Сидоров (2010)
0001896.png	Библиография
0001897.png	исторический роман Д. Балашова «Воля и власть»
0001898.png	Физический облик
0001899.png	Воинские части и формирования, расформированные в 1945 году
0001900.png	Видеоигры
0001901.png	Экосистемы
0001902.png	Дьяки
0001903.png	Биотрансформация
0001904.png	Судьба термина Бактрия
0001905.png	Ссылки
0001906.png	История
0001907.png	Государства в истории Словении
0001908.png	Ученики-иностранцы
0001909.png	Профессора Императорского Казанского университета
0001910.png	Название
0001911.png	Литургическое использование
0001912.png	Флора и фауна
0001913.png	Новокрестьянские поэты
0001914.png	Литература
0001915.png	Оттенки фиолетового
0001916.png	Военное дело у инков
0001917.png	Инкор и Ко
0001918.png	Примечания
0001919.png	Агиография
0001920.png	Славянский курорт
0001921.png	Интерполяция методом ближайшего соседа.
0001922.png	Список видов терапии
0001923.png	Ссылки
0001924.png	Примечания
0001925.png	Первичные организации
0001926.png	Неаполитанский Константиновский орден Святого Георгия, большой крест
0001927.png	Налоговые вычеты
0001928.png	Ссылки
0001929.png	Лилия долины (1835)
0001930.png	Методы элементного анализа
0001931.png	салон сотовой связи «Билайн»,
0001932.png	Протовиллановианский период
0001933.png	(значения)
0001934.png	часть России
0001935.png	Водоросли
0001936.png	Эксперимент Шульца на обезьяне
0001937.png	Технические параметры
0001938.png	Оформил кафе Филиппова на Тверской (1905), создал барельеф «Пиршество» (1910).
0001939.png	Падение Саньяна и переход циньских войск за реку Хуай.
0001940.png	Конец царствования
0001941.png	организация производства плутония на территории Хэнфордского комплекса,
0001942.png	Изобразительного искусства и дизайна
0001943.png	Литература
0001944.png	Дочь Челси Клинтон вышла замуж за банкира Марка Мезвински в июле 2010 года.
0001945.png	Атта.
0001946.png	Белоцерковский мир
0001947.png	«Шерлок Холмс и доктор Ватсон» Игоря Масленникова
0001948.png	Фазоинвертор
0001949.png	Страница программы на сайте СТС
0001950.png	Русские писатели по алфавиту
0001951.png	Германцы
0001952.png	Викеке
0001953.png	Награды
0001954.png	Примечания
0001955.png	См. также: :Категория:Родившиеся 6 января
0001956.png	Пятигорский трамвай
0001957.png	узуальные и окказиональные (сухое вино);
0001958.png	Квадробика
0001959.png	Факультет систем управления и робототехники
0001960.png	Военачальники Северо-Восточной Руси
0001961.png	или, в ионной форме
0001962.png	Международные организации и группы;
0001963.png	«Дом у Старого Пимена»
0001964.png	Члены Бунда
0001965.png	Потребности в решении духовных проблем (институт религии).
0001966.png	Задача о количестве ожерелий
0001967.png	Литература
0001968.png	Исаия
0001969.png	Члены Прусской академии наук
0001970.png	Центр детского творчества и детская музыкальная школа в Большом Селе.
0001971.png	Примечания
0001972.png	Биография
0001973.png	1 июня
0001974.png	Умершие от лейкоза
0001975.png	Примечания
0001976.png	«Рождественский дед»
0001977.png	2) проблемная ситуация;
0001978.png	Дэвид Саутер, американский юрист, судья Верховного суда США.
0001979.png	26 марта
0001980.png	Коренных народов северной Америки
0001981.png	В 1240 году Васильков был разрушен во время монголо-татарского нашествия.
0001982.png	Ан-158
0001983.png	Первое радио 105.6
0001984.png	Родившиеся в Дижоне
0001985.png	Литература
0001986.png	Населённые пункты, затопленные при строительстве Новосибирской ГЭС
0001987.png	Имена латинского происхождения
0001988.png	Внешняя торговля и иностранные инвестиции
0001989.png	Руководство МХЛ
0001990.png	Примечания
0001991.png	Штейнман, Лариса Алексеевна
0001992.png	Исследования
0001993.png	Классическая
0001994.png	Изменённые состояния сознания
0001995.png	«Побег на рывок» (в 3 книгах)
0001996.png	Населённые пункты с численностью населения более 5000 чел.
0001997.png	Типы приводов вентиляторов
0001998.png	Источники
0001999.png	Падение и ссылка
0002000.png	Путеводитель по науке для разумного человека (2 тома)
0002001.png	В Международной лиге КВН играет команда КВН "Сборная Заозёрска"
0002002.png	Объекты Книги рекордов Гиннесса
0002003.png	Метки хранятся в Юникоде, а не в национальной кодировке.
0002004.png	окклюзионные заболевания сосудов (в том числе в анамнезе)
0002005.png	Скончались
0002006.png	В настоящее время работает на телеканале «78».
0002007.png	Ссылки
0002008.png	улица Владимира Великого в Слободке-Мушкатовской
0002009.png	Например, газотурбоход «Циклон-М» с 2 газотурбинными двигателями ДО37.
0002010.png	См. также
0002011.png	Сферы применения
0002012.png	Обладатель Кубка немецкой лиги (6): 1997, 1998, 1999, 2000, 2004, 2007
0002013.png	универсальная;
0002014.png	Сергей Песьяков (172)
0002015.png	база отдыха «Изумруд-2»
0002016.png	Является одиозным числом
0002017.png	Погребальный обряд
0002018.png	Хакеры-злоумышленники
0002019.png	Реакция современников и потомков на убийство Дмитрия Шемяки
0002020.png	Парусный спорт
0002021.png	Инквизиция в романе Дяченко «Ведьмин век».
0002022.png	Литература
0002023.png	Ссылки
0002024.png	динамические нелинейные структуры в плазме
0002025.png	Почётный знак «За заслуги перед Санкт-Петербургом» (2015)
0002026.png	Операция пересечения множеств коммутативна
0002027.png	Наука Грузинской ССР
0002028.png	(в пер.)
0002029.png	Нейтральные
0002030.png	Маркизы Франции
0002031.png	Примечания
0002032.png	Каустик
0002033.png	Метрополитен
0002034.png	В 7 луне луский посол Шусунь Бао поехал в Сун.
0002035.png	Сарасвати
0002036.png	Нобелевская премия по химии (1977).
0002037.png	Галерея
0002038.png	Шевченко, Павел Анатольевич (30.12.1999, 540)
0002039.png	Выпускники Базельского университета
0002040.png	Лекарственные средства
0002041.png	Климат
0002042.png	Сепарация
0002043.png	Ссылки
0002044.png	В Вильнюсе открыт Университет Стефана Батория.
0002045.png	Членами АСЕМ по состоянию на 2016 год являются:
0002046.png	Дворец детского и юношеского творчества
0002047.png	Академики Императорской Академии художеств
0002048.png	Управления Аппарата:
0002049.png	Метеорология
0002050.png	Земельные владения Строгановых
0002051.png	орден Красной Звезды (22 июня 1942)
0002052.png	Неоднородности разрешающей силы
0002053.png	Пасха.
0002054.png	Дао дэ цзин (гл. 76).
0002055.png	Фёдора Достоевского
0002056.png	Улица Генерала Петрова (Севастополь)
0002057.png	Реки Красноармейского района (Челябинская область)
0002058.png	Пермский музей современного искусства
0002059.png	На русском языке
0002060.png	Велика България
0002061.png	Среднее профессиональное образование
0002062.png	прогноз эволюции климата и её последствий;
0002063.png	Ссылки
0002064.png	Озёрский Театр драмы и комедии «Наш дом»
0002065.png	Сэйю: Миёко Асо
0002066.png	Сойкин день.
0002067.png	Руководители ГУКР СМЕРШ
0002068.png	Гибель экипажа космического корабля «Союз-11» при возвращении на Землю (1971).
0002069.png	Административное деление
0002070.png	Персоналии по алфавиту
0002071.png	Шымкент-цирк
0002072.png	Армения, 5 февраля 2003 года (145-й член ВТО).
0002073.png	Растениеводство занимается производством следующих культур:
0002074.png	Дворцово-парковый ансамбль «Знаменка».
0002075.png	В Пирее находятся судостроительные и судоремонтные предприятия.
0002076.png	Сутки в астрономии
0002077.png	Городское фэнтези
0002078.png	Подробнее см. также: :Категория:1943 год
0002079.png	См. также
0002080.png	Скончались
0002081.png	Биография
0002082.png	Простые числа
0002083.png	Литература
0002084.png	Часовой пояс
0002085.png	Сектор услуг
0002086.png	ООО «Великодворский стеклотарный завод» (посёлок Великодворский)
0002087.png	Искусственные языки
0002088.png	Творческий путь
0002089.png	Калининский;
0002090.png	Города Днепропетровской области
0002091.png	Алексеев Федор Яковлевич. Картинная галерея
0002092.png	Король Лев
0002093.png	Ссылки
0002094.png	Героини древнегреческих мифов
0002095.png	Персоналии:Ленфильм
0002096.png	Электронная коллекция изданий на марийском языке
0002097.png	«Трудно быть богом» (1964)
0002098.png	Принципы и особенности дипломатии
0002099.png	Например,  найдёт , но не .
0002100.png	Распространение
0002101.png	Оснащение государств ядерным оружием
0002102.png	Лев Кассиль
0002103.png	Великобритания восстанавливает дипломатические отношения с СССР.
0002104.png	Русские эмигранты первой волны в Германии
0002105.png	Экранизации
0002106.png	Комментарии
0002107.png	Смоленский колледж лёгкой промышленности и индустрии моды
0002108.png	Этнический состав
0002109.png	Исследователи искусственного интеллекта
0002110.png	Населённые пункты городского округа Солнечногорск
0002111.png	См. также
0002112.png	Нарциссическая травма
0002113.png	Художники Франции
0002114.png	Литература
0002115.png	Члены Национального зала славы изобретателей
0002116.png	Генетические маркеры индоевропейцев
0002117.png	Суперорганизм
0002118.png	Рельеф
0002119.png	Детский фольклор
0002120.png	Противопоказания к применению
0002121.png	Песня
0002122.png	Героини древнегреческих мифов
0002123.png	Фильмы-мелодрамы России
0002124.png	Биография
0002125.png	Положительные числа
0002126.png	Для приблизительного определения твёрдости в быту можно использовать:
0002127.png	Андрей Весенин - Весну у двоих не отнять
0002128.png	«Буддийский центр Алмазного Пути Школы Карма Кагью города Смоленска»
0002129.png	Изданные посмертно
0002130.png	1 ноября
0002131.png	Декреты:
0002132.png	Среди плотоядных млекопитающих выделяются:
0002133.png	Список председателей хукумата
0002134.png	Меценаты Российской империи
0002135.png	См. также
0002136.png	Нумизмат, обладатель редких коллекций. Любил путешествовать.
0002137.png	Римское царство
0002138.png	Ссылки
0002139.png	Поощрения президента и Правительства Российской Федерации:
0002140.png	Получение
0002141.png	Биография
0002142.png	См. также
0002143.png	Титаны
0002144.png	Юрьевская улица
0002145.png	В 2007 году завоёваны очередные два приза ГК ВМФ России.
0002146.png	Имя режиссёра не должно фигурировать в титрах.
0002147.png	Туристские районы в границах Кемеровской области:
0002148.png	Выпускники Университета Перуджи
0002149.png	Современные системы
0002150.png	Примечания
0002151.png	Циклопическая кладка
0002152.png	Божий завет с Аврамом.
0002153.png	События
0002154.png	Примечания
0002155.png	Расшифровка иероглифов майя
0002156.png	широкое использование аблаута как фономорфологического средства,
0002157.png	Эстрадная студия при ЦКР «Солнечный».
0002158.png	орденом «За службу Родине в Вооружённых Силах СССР» 3-й степени,
0002159.png	Музейный комплекс УГМК, г. Верхняя Пышма, Свердловская область.
0002160.png	ингевоны (фризы, хавки, саксы, англы);
0002161.png	Репертуар
0002162.png	«Том Сойер за границей» (1894)
0002163.png	Члены Общественного совета при Министерстве обороны Российской Федерации
0002164.png	Финансирование
0002165.png	Откровение
0002166.png	Президентская медаль Свободы (1987, США)
0002167.png	Объяснение закона Хаббла
0002168.png	Колокольни
0002169.png	Известные люди
0002170.png	См. также
0002171.png	Сочинения
0002172.png	штраф
0002173.png	Шестое поколение
0002174.png	такое, что
0002175.png	В окружающей среде
0002176.png	Аренда в «Окжетпес»
0002177.png	Музыкальные термины
0002178.png	Астрономия
0002179.png	Лётчики Китая
0002180.png	демонстрация операций обратного отсчета в
0002181.png	Часовой пояс
0002182.png	Кавказоведы Российской империи
0002183.png	Затем из Минска пригласили Валентина Белькевича и Александра Хацкевича.
0002184.png	Шаблоны проектирования распределённых систем
0002185.png	Экспонаты в музеях
0002186.png	Бульвар ветеранов,
0002187.png	Награды
0002188.png	Древнерусский период
0002189.png	Молодёжный центр «Сибирь»
0002190.png	Литература
0002191.png	См. также: :Категория:Родившиеся в 1512 году
0002192.png	Ореховый проезд
0002193.png	Авиационная техника. Самолёты, вертолёты. Описание, фото
0002194.png	Экспертный класс
0002195.png	История фридайвинга
0002196.png	Стела «Город воинской славы» (открыта 12 июня 2011 года)
0002197.png	Волгручей (правый)
0002198.png	Безопасность
0002199.png	Оценки личности и деятельности
0002200.png	Теорема синусов
0002201.png	Биография
0002202.png	Вологодская область: Вологда, Великий Устюг, Белозерск;
0002203.png	Архитектура Иерусалимского храма
0002204.png	Список депутатских объединений
0002205.png	Литература
0002206.png	Источники
0002207.png	Трамвай «Желание» (1951) Название фильма предопределяет развитие сюжета;
0002208.png	Османская империя
0002209.png	Производные единицы СИ
0002210.png	Скончались
0002211.png	Смешивающие конденсаторы
0002212.png	Закон о шахтах и работе (1956)
0002213.png	Комментарии
0002214.png	Орден Святого Владимира 2-й степени (1807)
0002215.png	Репродукции
0002216.png	Пятигорский 2-й проезд
0002217.png	ЛКМ подразделяются на следующие группы:
0002218.png	Сила Лоренца
0002219.png	Спецтехника
0002220.png	Абсолютный дух
0002221.png	Судьба немецких участников
0002222.png	Пензенский строительный колледж;
0002223.png	См. также
0002224.png	центральная библиотечная система, объединяющая 12 библиотек.
0002225.png	В стекловарении для атомной промышленности применяется также и фосфат бария.
0002226.png	Список радиостанций города Краснодара с устойчивым сигналом:
0002227.png	АООТ «Нафиса» (предприятие по производству чулочно-носочных изделий);
0002228.png	Квантование (обработка сигналов)
0002229.png	Политические движения
0002230.png	Похороненные в Нёйи-сюр-Сен
0002231.png	Комментарии
0002232.png	Аудит персонала
0002233.png	Научные вычисления
0002234.png	проблемы, связанные с базами данных;
0002235.png	Оптические материалы
0002236.png	Спорт
0002237.png	Памятник в Белгороде, на улице им. С. Есенина
0002238.png	Производители вооружений
0002239.png	Федеративные государства, существовавшие в прошлом
0002240.png	Русские эмигранты третьей волны в Германии
0002241.png	Кирасирская улица
0002242.png	Символика
0002243.png	Общество
0002244.png	Кафедра английского языка и методики обучения английскому языку
0002245.png	Память о военных действиях
0002246.png	Михайлов Борис Петрович
0002247.png	Примечания
0002248.png	Инженер путей сообщения
0002249.png	Награждённые благодарностью Президента Российской Федерации
0002250.png	«Комета»
0002251.png	Заправочные станции (количество станций)
0002252.png	Восстание в Германии мелких феодалов против князей. Разгром восстания.
0002253.png	Государственный комитет национальной безопасности (ГКНБ)
0002254.png	Аниций Манлий Торкват Северин Боэций (по одной из версий)
0002255.png	Вещательные организации
0002256.png	Прямое произведение в теории множеств
0002257.png	Писатели-соцреалисты
0002258.png	Примечания
0002259.png	Шахматный Оскар
0002260.png	Взятие киданями столицы Корё.
0002261.png	на официальном канале Одесской киностудии
0002262.png	Иностранные члены Лондонского королевского общества
0002263.png	Плазма крови
0002264.png	Теория государства и права
0002265.png	Князь Юрий Московский убит в Орде Дмитрием Грозные Очи.
0002266.png	церковь иконы Божией Матери «Скоропослушница», освящена 5 ноября 2016 года,
0002267.png	Четыре неуказанных сына и шесть неуказанных дочерей.
0002268.png	Памятник Г. К. Жукову
0002269.png	Нихром широко используется:
0002270.png	Челленджер (фильм) (2012)
0002271.png	от географического названия: местность Киноскефалия (возвышенность в Фессалии)
0002272.png	Цари Фракии
0002273.png	Общественные и региональные награды
0002274.png	Цикловой индекс
0002275.png	Ска-группы
0002276.png	Лауреаты Государственной премии ПНР
0002277.png	Средневековые манускрипты Ирландии
0002278.png	Города Красноярского края
0002279.png	День Родни Кинга в США
0002280.png	Историческая реконструкция
0002281.png	Создание американской системы ПРО (системы ПРО НАТО) в Европе
0002282.png	Скончались
0002283.png	Отдел "Дом-музей В.И.Ленина" г. Псков.
0002284.png	Гарфилд малышам. Учимся считать (2008)
0002285.png	Больницы
0002286.png	Города Португалии
0002287.png	Литература
0002288.png	Лагерь Фридланд
0002289.png	Вторая империя
0002290.png	Поляризация
0002291.png	Битва на Нежатиной Ниве (1078), поражение Великого князя Изяслава Ярославича.
0002292.png	Профессиональный жаргон
0002293.png	См. также
0002294.png	Примечания
0002295.png	Соединения бора
0002296.png	Газодизельный двигатель
0002297.png	Оригиналы
0002298.png	Семья и родственники
0002299.png	Международный турнир
0002300.png	западножемайтский диалект
0002301.png	В некоторых храмах певчие поют на балконе (хорах), устроенном напротив алтаря.
0002302.png	В литературе
0002303.png	Киевщина
0002304.png	После упразднения монархии в России
0002305.png	Литература
0002306.png	Сверхтекучая модель ядра
0002307.png	Чугунолитейный завод признан банкротом и закрыт в 2012 году.
0002308.png	В 1885 году прекращается гласный надзор над ним.
0002309.png	отношения сотрудничества и конфликта
0002310.png	Литература
0002311.png	ОАО «Нижегородский масло-жировой комбинат»;
0002312.png	Восточно-Казахстанский региональный университет (ВКРУ)
0002313.png	Биография
0002314.png	Приглашённые музыканты
0002315.png	Это нерекурсивный метод построения
0002316.png	Вторая мировая война
0002317.png	Логический позитивизм
0002318.png	Усатова Балка
0002319.png	В Японии
0002320.png	Хорватия стала ассоциированным членом в 2019 году
0002321.png	Джероламо Кардано
0002322.png	Ван Юаньцзи, жена Сыма Чжао (родилась в 217)
0002323.png	Водоемы
0002324.png	Члены Русского географического общества до 1917 года
0002325.png	Управление инцидентами
0002326.png	прижигающие жидкости;
0002327.png	«Рёгле» (Швеция)
0002328.png	Древнегреческие богини
0002329.png	Реки Ярославского района Ярославской области
0002330.png	Ломбардский язык
0002331.png	Примечания
0002332.png	Словарь синонимов.
0002333.png	память святого Евтропия Сентского;
0002334.png	Микробиология
0002335.png	Ютуберы России
0002336.png	Амора , основатель талмудической академии в Пумбедите (Вавилон).
0002337.png	Роман Джона Бэнвилла Кеплер, переведённый на русский язык в 2008 году.
0002338.png	Католические: Доминика, Люция, Тереза.
0002339.png	Храм Рождества Пресвятой Богородицы (1990 год).
0002340.png	В других областях
0002341.png	Суахили
0002342.png	Этимология
0002343.png	Геометры
0002344.png	Плюс: простота.
0002345.png	Дурува (язык Парджи)
0002346.png	Станция московского метрополитена «Тургеневская».
0002347.png	Личная жизнь
0002348.png	Религия
0002349.png	Отношение к религии
0002350.png	Традиционно 1 сентября каждого года в сквере проходят школьные линейки.
0002351.png	Миронов, Дмитрий Олегович (15.02.1999, 478)
0002352.png	Социология
0002353.png	4. Если , ,  и
0002354.png	В 1971 году награждена орденом «Знак Почёта».
0002355.png	Ссылки
0002356.png	Отрицатели глобального потепления
0002357.png	Ссылки
0002358.png	Примечания
0002359.png	Связанные определения
0002360.png	Музей долгожителей.
0002361.png	Городской транспорт
0002362.png	Грузино-абхазский конфликт
0002363.png	Герцоги Браганса
0002364.png	Художественная литература
0002365.png	поселение Филимонковское
0002366.png	Воинское кладбище «Осиновая Роща» (Санкт-Петербург, Песочное шоссе, д. 35) ;
0002367.png	Орден Заслуг перед Республикой Венгрия с Большим Крестом
0002368.png	Классы животных
0002369.png	Родившиеся в 1280-е годы
0002370.png	События
0002371.png	Архиепархия Алеппо, Архиепархия Дамаска, Епархия Лаодикеи.
0002372.png	Составные фамилии
0002373.png	Еженедельник «Репортёр»
0002374.png	Обратное преобразование
0002375.png	На Фёдора Студита покойники по земле тоскуют.
0002376.png	См. также
0002377.png	Категория: Фильмы-мелодрамы
0002378.png	Измерение и отображение температуры микропроцессора
0002379.png	Орден Дружбы народов «Белые журавли России» (2015)
0002380.png	Суринамцы-креолы (Суринамцы)
0002381.png	Гастингс разгромил основные силы повстанцев в Бенгалии.
0002382.png	Самокражская волость
0002383.png	Похороненные на Смоленском православном кладбище
0002384.png	Болезнь Кушинга
0002385.png	Таксоны, описанные Ричардом Оуэном
0002386.png	Депортация турок-месхетинцев
0002387.png	память святой мученицы Бибианы (около 363 года);
0002388.png	Афина и Дионис
0002389.png	Жёны и дети
0002390.png	24 марта
0002391.png	Вагоны грузового парка
0002392.png	См. также
0002393.png	Литература
0002394.png	Судоподъёмник
0002395.png	Книготорговля
0002396.png	Стремление к языковому суверенитету
0002397.png	Комментарии
0002398.png	Биография
0002399.png	Лазерная химия
0002400.png	Биография
0002401.png	Постоянные представители Российской Федерации при ЕС
0002402.png	Притоки Усы (приток Печоры)
0002403.png	Подотряд жвачных
0002404.png	Кирибати
0002405.png	Искусство
0002406.png	Суматра является самым западным из главных островов Индонезийского архипелага.
0002407.png	См. также
0002408.png	Конституция устанавливает государственное устройство Литовской Республики.
0002409.png	Недостаточные числа
0002410.png	Экономика
0002411.png	Город Лыткарино
0002412.png	компас
0002413.png	По временам сижу «на троне».
0002414.png	Распространённые марки объективов
0002415.png	Ссылки
0002416.png	Парусное судно
0002417.png	Во Вроцлаве 11 государственных высших учебных заведений:
0002418.png	Примечания
0002419.png	Симметрия (физика)
0002420.png	Примечания
0002421.png	Дискоидная сыпь (эритема).
0002422.png	См. также
0002423.png	См. также
0002424.png	Храмовая служба
0002425.png	Памятники боевой славы, установленные в других частях города:
0002426.png	Латинские фразы и выражения
0002427.png	Общественная деятельность и награды
0002428.png	короткими цепями питания из-за небольшого числа видов;
0002429.png	Родились
0002430.png	Сахалинская область
0002431.png	Отцы-основатели США
0002432.png	Густав Малер включил в состав Третьей симфонии «полуночную песнь» Заратустры.
0002433.png	Возрастная и половая структура населения
0002434.png	История
0002435.png	Дата празднования
0002436.png	: Ивате (префектура).
0002437.png	Закон Планка
0002438.png	Руины в России
0002439.png	Религия
0002440.png	можно построить матрицу
0002441.png	См. также
0002442.png	центральные говоры: шаришские и земплинские;
0002443.png	Родились
0002444.png	Прибрежная улица (село Былово)
0002445.png	Тевкры
0002446.png	Полковая артиллерия
0002447.png	При  кубический многочлен имеет три различных вещественных корня.
0002448.png	Векшё, Швеция
0002449.png	Экономика
0002450.png	Литовские поэты
0002451.png	Институт геофизики НАН Украины
0002452.png	Расписание движение муниципальных и частных автобусов в Новокузнецке
0002453.png	Калужский
0002454.png	(в пер., суперобл.)
0002455.png	Книги
0002456.png	Литература
0002457.png	Лучший защитник года по версии УЕФА: 2007
0002458.png	Топоним
0002459.png	Умершие от холеры
0002460.png	Образ соблазнительного демона Лилит фигурирует в множестве фильмов и видеоигр.
0002461.png	развитие интеллектуальных способностей
0002462.png	Белоруссия
0002463.png	19 января
0002464.png	В кино в эпизодических ролях Наталья Гундарева снималась с 1971 года.
0002465.png	Связь
0002466.png	Национальные службы предупреждения наводнений
0002467.png	Жан-Мари Ле Пен, французский политик-националист, депутат Европарламента.
0002468.png	«Сталин в Батумской типографии»
0002469.png	Литература
0002470.png	Эти условия дают следующую матрицу:
0002471.png	Скончались
0002472.png	Медики Российской империи
0002473.png	Члены Киевского общества летописца Нестора
0002474.png	Покровский собор бывшего Зверина монастыря
0002475.png	Смоленская художественная галерея
0002476.png	Более 20 лет увлекается конным спортом.
0002477.png	Вопрос даты основания клуба
0002478.png	Примечания
0002479.png	Средние специальные учебные заведения
0002480.png	Личность
0002481.png	Рюриковичи по алфавиту
0002482.png	Признаки колоний
0002483.png	Примечания
0002484.png	Гражданство, национальность, этническая принадлежность
0002485.png	В общем
0002486.png	Дарья
0002487.png	Московский психолого-социальный институт (филиал);
0002488.png	Фиксированная связь
0002489.png	Полтавскому государственному педагогическому институту;
0002490.png	Опера в дореволюционной России
0002491.png	В зависимости от времени возникновения внутрибольничной пневмонии выделяют:
0002492.png	Примечания
0002493.png	Транспорт
0002494.png	Военные чины
0002495.png	Боги планеты Венера
0002496.png	Первое упоминание в летописях немецкого города Плауэн.
0002497.png	Биология и гендер
0002498.png	Позиция «69» в сексе.
0002499.png	Европа, Европа
0002500.png	Торговля и сфера услуг
0002501.png	Обобщённая функция Мёбиуса
0002502.png	Административная деятельность
0002503.png	Федерация флаинг диска России
0002504.png	Описание
0002505.png	Игроки ФК «Вердер»
0002506.png	Гонка на время с раздельным стартом
0002507.png	Ссылки
0002508.png	Центр народной культуры «Берегиня»
0002509.png	Губернаторы Пермской области
0002510.png	121: Луций Опимий и Квинт Фабий Максим
0002511.png	«Боевой конь» (2011)
0002512.png	Владимир Жириновский
0002513.png	Святые Армянской апостольской церкви
0002514.png	В законодательном массиве административного права следует выделять:
0002515.png	«Список благодеяний» (1930)
0002516.png	Редакторы России
0002517.png	Боревич З. И. Определители и матрицы. - М.: Наука, 1988.
0002518.png	Фонд фото-негативных материалов
0002519.png	Система проходит все тесты
0002520.png	станция Инская
0002521.png	Политологи Швейцарии
0002522.png	Русские мужские имена
0002523.png	Городская управа
0002524.png	Биография
0002525.png	Большой Кавказ
0002526.png	События
0002527.png	Рождение Цезариона
0002528.png	Уфология
0002529.png	Почётные доктора Университета Макгилла
0002530.png	Официальный сайт городского совета
0002531.png	К системе глагольных форм примыкают два типа отглагольных прилагательных ().
0002532.png	Белогвардейские выпуски
0002533.png	Медаль и премия Гутри (1960)
0002534.png	Бирюк Андрей Сергеевич (с 9 января 2019 года)
0002535.png	Праздники и памятные дни
0002536.png	Музей декабристов (город Минусинск, Красноярский край)
0002537.png	Литература
0002538.png	Примечательные объекты
0002539.png	Примечания
0002540.png	Основоположники национальной письменности и литературы
0002541.png	генерал-полковник (1998);
0002542.png	Официальный сайт города
0002543.png	Т. 1: Вопросы жизни. Дневник старого врача ;
0002544.png	Ферей. Сатир, участник индийского похода.
0002545.png	Управляющие конструкции
0002546.png	Посёлки городского типа Нижегородской области
0002547.png	18 октября
0002548.png	Примечания
0002549.png	Административно-территориальное деление Чувашии
0002550.png	Последние годы
0002551.png	Бронзовый призёр чемпионата России: 2001
0002552.png	Примечания
0002553.png	В 2018 году аэропорт принял первый регулярный рейс после реконструкции.
0002554.png	Любит блюда грузинской и русской кухни.
0002555.png	Гигантский список Корана и гигантский котёл-казан Тимура
0002556.png	Аллергия на пиразолоны
0002557.png	Мати-Гора
0002558.png	Озеро Урмия
0002559.png	Примечания
0002560.png	Лужнецкая набережная
0002561.png	1990-е
0002562.png	Работы Сведенборг, Эммануил (считаются равными Библии)
0002563.png	Персоналии:Этика
0002564.png	Фриц Ланг (1964),
0002565.png	1901  Бунт
0002566.png	613 заповедей
0002567.png	Наследственные болезни
0002568.png	История развития спортивных соревнований по скалолазанию
0002569.png	В 1876 году в Полтаве открылось Александровское реальное шестиклассное училище.
0002570.png	Население
0002571.png	Методы самовоспитания
0002572.png	Псковская Провинция. Издаётся с 1 марта 1930 г
0002573.png	Распространённость
0002574.png	Статьи о Смоктуновском
0002575.png	Предпринимательство
0002576.png	Примечания
0002577.png	Шахматные фигуры
0002578.png	Примечания
0002579.png	Новый Завет
0002580.png	Галльская мифология
0002581.png	См. также
0002582.png	Ссылки
0002583.png	Карелия в живописи
0002584.png	Сносудец (Сонник)
0002585.png	Ректоры Лейпцигского университета
0002586.png	Квашнин Анатолий Васильевич  на сайте Министерства обороны Российской Федерации
0002587.png	Украинский унион
0002588.png	В царството на самодивите Поэзия, лирико-фантастическая поэма
0002589.png	В 1971 году был введён в национальный Зал славы авторов песен.
0002590.png	История
0002591.png	Сотрудники Физико-технического института имени А. Ф. Иоффе
0002592.png	Ссылки
0002593.png	Чемпионы России по шахматам
0002594.png	Отношение к религии
0002595.png	Радиовещание
0002596.png	Полярно-альпийский ботанический сад-институт
0002597.png	Академики АН Эстонии
0002598.png	Композитор: Григорий Фрид
0002599.png	Похороненные в Лионе
0002600.png	«Книга для таких, как я» (2019)
0002601.png	Удалить
0002602.png	Психология и когнитология
0002603.png	Список звёзд созвездия Рак
0002604.png	Праздники
0002605.png	При хронической диарее приём лоперамида возможен только по назначению врача.
0002606.png	Обозначение
0002607.png	Четвертованные
0002608.png	«Одиссея»
0002609.png	Реки Швейцарии
0002610.png	Сюжет
0002611.png	Гонконг
0002612.png	Примечания
0002613.png	Нейропептиды и их аналоги:
0002614.png	Южное Таранаки, Новая Зеландия (2005)
0002615.png	Рузвельт (Юта)
0002616.png	Метил-трет-бутиловый эфир (МТБЭ)
0002617.png	Публикации фрагментов
0002618.png	Здравоохранение
0002619.png	Литература
0002620.png	нейроэндокринные опухоли
0002621.png	Примечания
0002622.png	кафедра 307 «Цифровые технологии и информационные системы»
0002623.png	Примечания
0002624.png	Умершие от опухоли мозга
0002625.png	Иоахим Генрих Кампе в Российской педагогической энциклопедии
0002626.png	Ведутся научные исследования по трем направлениям:
0002627.png	Происхождение и история рода
0002628.png	Писатели Российской империи
0002629.png	Воронёнок
0002630.png	Ссылки
0002631.png	Хозяйственное значение
0002632.png	Деньги Финляндии
0002633.png	География
0002634.png	Выделяют приведения типов:
0002635.png	Албания
0002636.png	Акварельные карандаши
0002637.png	Елеопомазание совершается:
0002638.png	Установлены дипломатические отношение между Узбекистаном и Эфиопией.
0002639.png	Архимандриты Русской православной церкви
0002640.png	У супругов появилось на свет трое детей:
0002641.png	Города
0002642.png	«Томский вестник»
0002643.png	Существует ровно пять точек Лагранжа.
0002644.png	Металлы
0002645.png	Художественная
0002646.png	Стиль
0002647.png	Воздушные парады
0002648.png	Сиро-малабарская католическая церковь
0002649.png	В качестве характерных признаков метода выделяют:
0002650.png	Примечания
0002651.png	«Национальная идея»
0002652.png	Затонувшие атомные подводные лодки
0002653.png	«Агония страха» (2007),
0002654.png	Лауреаты Нобелевской премии мира
0002655.png	Теобальд. Галлюцинации пьяницы
0002656.png	Мировые ресурсы гафния
0002657.png	Практикуемые в современном мире виды смертной казни:
0002658.png	Греческий проект
0002659.png	Фильмы о Первой мировой войне
0002660.png	Описание и символика
0002661.png	Золотая медаль имени Александра Фадеева (1975)
0002662.png	Военное искусство
0002663.png	Печатные издания, закрытые в 1859 году
0002664.png	Самолёты «Ан»
0002665.png	Ссылки
0002666.png	Центр здравоохранения ()
0002667.png	Деятели Русской православной церкви на официальном сайте Патриархия.Ру.
0002668.png	В 1980 году вступил в КПСС.
0002669.png	Метаболизм
0002670.png	Философский камень
0002671.png	Звезда родилась (значения)
0002672.png	Автономный округ полностью относился к Крайнему Северу России.
0002673.png	Биографическая повесть «Золотая шашка» Романа Сефа.
0002674.png	Описание
0002675.png	По направленности движения
0002676.png	Общественные деятели Российской империи
0002677.png	Особенности
0002678.png	Рио-де-Жанейро: 1160 км
0002679.png	Литература
0002680.png	Нерешённые проблемы философии
0002681.png	Пилоты Формулы-1 1970-х годов
0002682.png	Календари Хань
0002683.png	«Дерсу Узала»
0002684.png	Иранское интермеццо
0002685.png	Гобой да качча (охотничий гобой)
0002686.png	Стадион «Жигер»
0002687.png	филиал Международной академии предпринимательства
0002688.png	Андижанское Государственное Медицинское училище.
0002689.png	Факультет химических технологий (ФХТ)
0002690.png	Награды и звания
0002691.png	Минис
0002692.png	Франсишку Афонсу, генерал правительственных войск Анголы
0002693.png	21 педагог в учреждениях дополнительного образования.
0002694.png	«Сивекингская благотворительная община»
0002695.png	Казахстанско-Американский свободный университет (КАСУ)
0002696.png	Сайт А.Ларионова
0002697.png	Берёзовский Лог
0002698.png	Персоны, известные по имени
0002699.png	Физические свойства
0002700.png	Национальный состав (на октябрь 2023 года).
0002701.png	Париж, Франция (город-партнёр)
0002702.png	Взаимопомощь
0002703.png	Анатомическая терминология
0002704.png	Канцлер
0002705.png	Примечания
0002706.png	Умершие в 1580 году
0002707.png	Ссылки
0002708.png	Физические свойства
0002709.png	Слово «Македония» происходит от , что означает «высокий».
0002710.png	Среди исторических замков города известен водный замок Белый дом.
0002711.png	Родились
0002712.png	Транслитерация
0002713.png	Боги по алфавиту
0002714.png	Пять конечностей времени
0002715.png	Телесно-ориентированная психотерапия
0002716.png	Интерфейс и операционная система
0002717.png	Залоги,
0002718.png	Администрация
0002719.png	Геральдическая корона
0002720.png	Городеск
0002721.png	«Федералист»
0002722.png	Деятельность
0002723.png	Мемориальный комплекс Марины Цветаевой в Елабуге.
0002724.png	Национальные
0002725.png	Биография
0002726.png	ДНК-исследование «Замечательный человек Александр Баширов»
0002727.png	слабо обогащённый уран
0002728.png	Ссылки
0002729.png	Принцы Древнего Египта
0002730.png	Оптимус Праймал
0002731.png	(см. невозможное событие).
0002732.png	Борис Андреев на сайте «Культура Саратова»
0002733.png	Манне
0002734.png	Ссылки
0002735.png	Транспорт
0002736.png	Поддержка управления версиями культурных данных сортировки и сравнения строк.
0002737.png	Дельта-модуляция
0002738.png	См. также
0002739.png	сопутствующие органические заболевания;
0002740.png	Николай
0002741.png	Предельная точка направления
0002742.png	Аллопатрическое видообразование
0002743.png	Хронология
0002744.png	Металлы по химическим свойствам
0002745.png	Семеняко Ю. «Колючая роза» (первая постановка)
0002746.png	Твёрдость
0002747.png	часть Молдавии
0002748.png	Невил Шют: романы «Крысолов», «На берегу»
0002749.png	Биография
0002750.png	Береговой, Георгий Тимофеевич ()
0002751.png	Спорт
0002752.png	Домашний
0002753.png	Передача арабского письма латиницей
0002754.png	Захват португальцами Бассейна (Индия).
0002755.png	Медиа-партнёры:
0002756.png	Города Франции
0002757.png	Консулы Флавий Агапит и Флавий Анастасий Павел Проб Сабиниан Помпей Анастасий.
0002758.png	Литература
0002759.png	В Испании Алкала Замора избран президентом.
0002760.png	В плане сельского хозяйства, хорошо развиты животноводства и рыболовство.
0002761.png	Столовая НГУ
0002762.png	События
0002763.png	«Главная» ВПП
0002764.png	Краткие содержания опер Верди на сайте «100 опер»
0002765.png	Комментарии
0002766.png	Католицизм
0002767.png	Виды террора
0002768.png	Умершие от опухоли мозга
0002769.png	Образование прочих гетероциклов
0002770.png	Примечания
0002771.png	Литература
0002772.png	Литература
0002773.png	Ссылки
0002774.png	(билингвальное изд.)
0002775.png	Палица
0002776.png	Религиозные сооружения
0002777.png	Главное управление связи
0002778.png	Савойский военный орден, большой крест (Сардинское королевство, 16.11.1857)
0002779.png	Ссылки
0002780.png	Следует последний круг торгов
0002781.png	Детско-юношеский центр (ДЮЦ) (ул. Московская, д. 49)
0002782.png	Ссылки
0002783.png	Мужские:
0002784.png	ООО «ЛЕККС»
0002785.png	Ирина Рейнард (меццо-сопрано)
0002786.png	Финская кампания
0002787.png	Гудков, Василий:
0002788.png	Средневековье
0002789.png	Прямое произведение графов
0002790.png	Профессора Императорского Московского университета
0002791.png	Окситанские словари в сети
0002792.png	Мальтийские монархи
0002793.png	Ревматическая полимиалгия
0002794.png	События
0002795.png	Ссылки
0002796.png	Свойства нуля:
0002797.png	Стоимость папируса
0002798.png	Литература
0002799.png	Этнографические группы и племена
0002800.png	Фольклористы Финляндии
0002801.png	Транспорт
0002802.png	См. также
0002803.png	Районные центры Краснодарского края
0002804.png	Примечания
0002805.png	Название
0002806.png	Олега Табакова, улица
0002807.png	Персонажи
0002808.png	В романе Кима Ньюмана «Кроваво-красный барон» (1995) изображён в виде вампира.
0002809.png	Расположение и границы
0002810.png	Искусство
0002811.png	Литература
0002812.png	Участники Гражданской войны в России (красные)
0002813.png	2-й год по эре правления луского князя Хуань-гуна.
0002814.png	Николай Аввакумов (ум. 1945), советский художник-график.
0002815.png	Чемпионат мира 1986
0002816.png	Имена, начинающиеся с прописной буквы, обозначают константы и классы.
0002817.png	Города-побратимы
0002818.png	Исходя из вышесказанного, можно сделать следующие выводы:
0002819.png	Тейлор Лотнер, американский актёр кино, телевидения и озвучивания, певец.
0002820.png	Родившиеся в Пирятинском уезде
0002821.png	Научно-исследовательское судно «Академик Сергей Королёв».
0002822.png	В декабре 2007 года открыта пограничная застава «Бурон».
0002823.png	Родились
0002824.png	Частично децентрализованные сети
0002825.png	Берберы
0002826.png	Основные произведения
0002827.png	развитие единых транспортных коммуникаций;
0002828.png	В массовой культуре
0002829.png	Наоми Уоттс, британская актриса и продюсер.
0002830.png	Мобильные технологии
0002831.png	Список учёных и инженеров на Эйфелевой башне
0002832.png	Прочее
0002833.png	Квантовая механика
0002834.png	Библиография
0002835.png	Бизнес родственников:
0002836.png	Музыкальные достижения
0002837.png	Трифон.
0002838.png	Турецкий Орден Османие ()
0002839.png	Дальневосточный федеральный округ
0002840.png	Первые секретари городских комитетов КП Киргизии
0002841.png	Ранние годы
0002842.png	Цели и задачи:
0002843.png	Применение в медицине
0002844.png	Примечания
0002845.png	Ссылки
0002846.png	Лауреаты Нобелевской премии по физике
0002847.png	для микросхем и микромодулей.
0002848.png	Формулировка
0002849.png	«РВС»
0002850.png	равночастные оксюмороны (эпицентр праздника)
0002851.png	Дуальности
0002852.png	Законы развития техники
0002853.png	Формы размножения
0002854.png	Деятели еврейских общественных организаций
0002855.png	Памятные монеты
0002856.png	Чёрная горчица, она же настоящая, французская
0002857.png	Природа
0002858.png	Пальмовое масло и риск онкологических заболеваний
0002859.png	Примечания
0002860.png	Дорогие старики!
0002861.png	Охота
0002862.png	Ссылки
0002863.png	Взрослые
0002864.png	Мессина, Италия (2011)
0002865.png	Клинковое оружие
0002866.png	Управление корпоративных технологий
0002867.png	Орден Башни и Меча, большой крест (Португалия, 03.08.1852)
0002868.png	См. также
0002869.png	Биография
0002870.png	Однако цилиндры могут быть описаны далеко не только уравнениями такого рода.
0002871.png	После начала первой мировой войны Радзивилов оказался в прифронтовой зоне.
0002872.png	10-й год по эре правления луского князя Инь-гуна.
0002873.png	Разновидности
0002874.png	Ссылки
0002875.png	Письменные
0002876.png	Классификация
0002877.png	По данным от 1 января 2009 года
0002878.png	Альбомы со скрытыми дорожками
0002879.png	Семья
0002880.png	Средние века и эпоха Возрождения
0002881.png	Взаимодействие потоков
0002882.png	Примечания
0002883.png	Конфликт (мультфильм) (1983)
0002884.png	Метрополитен
0002885.png	Детство
0002886.png	Тринадцатиканоние
0002887.png	Авиационные профессии
0002888.png	Аналоги в других религиях
0002889.png	События
0002890.png	Берёзовка
0002891.png	Лауреаты
0002892.png	«НТВ-видение: Муслим Магомаев. Возвращение» (НТВ, 2017).
0002893.png	Примечания
0002894.png	ракетные катера,
0002895.png	Зал Коллегии
0002896.png	Переводчики с французского языка
0002897.png	Реки Пермского края
0002898.png	хоровая студия «Подснежник»,
0002899.png	Общественная деятельность
0002900.png	Ссылки
0002901.png	Притоки
0002902.png	Религиозные деятели Эстонии
0002903.png	Культура
0002904.png	Википедия:Биографии современников
0002905.png	Комментарии
0002906.png	Персоналии:Сергиева Приморская пустынь
0002907.png	Улица Римского-Корсакова в Новосибирске.
0002908.png	Наместник Верхней Германии Гальба.
0002909.png	Многочисленные замки и крепости, например замок Веезенштайн, крепость Штольпен.
0002910.png	Лауреаты премии Мариам Мирзахани по математике
0002911.png	«Макбет» У. Шекспира (1955, Малый театр, Москва)
0002912.png	Работы Э. Гуссерля на русском языке
0002913.png	В индуизме
0002914.png	Национальный состав
0002915.png	Энтомологическое общество Вашингтона (1884), США
0002916.png	«Свободная республика»
0002917.png	лактация (период грудного вскармливания);
0002918.png	Ливерпуль (фильм, 2012)
0002919.png	Эльбрус-90микро
0002920.png	Преступники Техаса
0002921.png	События
0002922.png	Роща и огонь
0002923.png	Население по годам
0002924.png	Чистый мат (пат)
0002925.png	Жизненный путь
0002926.png	Католическая теология
0002927.png	Реки Уфы
0002928.png	Оденсе, Дания
0002929.png	а также другие филиалы и представительства.
0002930.png	С алкенами и алкинами реагирует, присоединяясь к кратным связям:
0002931.png	Этимология
0002932.png	Примечания
0002933.png	Кларнетисты по алфавиту
0002934.png	автомагистраль ;
0002935.png	Японская эстетика
0002936.png	Кончанское,
0002937.png	Народный музей образования Прикарпатья
0002938.png	Светлана Ражнатович (псевдоним Цеца), сербская поп-певица.
0002939.png	Нарвские Триумфальные ворота на сайте «Музеи России»
0002940.png	Социологи по алфавиту
0002941.png	Крымский инженерно-педагогический университет
0002942.png	Примечания
0002943.png	Драмы
0002944.png	Термин «», используемый в статье, следует понимать как земля в зоне растекания.
0002945.png	География
0002946.png	Жители ЖСК «Советский писатель»
0002947.png	Экономика
0002948.png	1439 км: Ведуга (пр)
0002949.png	Журнал «Финансы»
0002950.png	Кресс Клавдия Фёдоровна
0002951.png	улица Невзоровой
0002952.png	Форма выпуска
0002953.png	Исследования об Италии
0002954.png	Репрезентации
0002955.png	Существуют экспериментальные модели велосипедов с гидравлическим приводом.
0002956.png	История
0002957.png	Молочные коровы,
0002958.png	Министерство обороны
0002959.png	прошёл первый тур президентских выборов на Украине.
0002960.png	Парабель
0002961.png	Персонажи литературы ужасов
0002962.png	Государственный совет (Правительство) Финляндии
0002963.png	Скончались
0002964.png	Примечания
0002965.png	Интерпретация параметров в формуле Евклида
0002966.png	Этимология
0002967.png	Ветеринарный проезд
0002968.png	Центральносибирский заповедник
0002969.png	Начало интервенции в Ливии.
0002970.png	Психостимуляторы
0002971.png	Макроэкономические показатели
0002972.png	Телевидение и пресса. Спонсоры
0002973.png	Кредитные средства обращения и платежа
0002974.png	Литература
0002975.png	Полька фа-диез минор (1859)
0002976.png	строки матрицы  составляют элементы пространства размерности .
0002977.png	Литература
0002978.png	Волны плотности
0002979.png	Дальнейшее участие в политике Египта
0002980.png	Правительственный кризис
0002981.png	Примечания
0002982.png	1950 год в праве
0002983.png	Вокальные и хореографические коллективы ЦДЮТ
0002984.png	Экология
0002985.png	Дорожная больница (Киевский район)
0002986.png	застрелена Кристина Гримми (р. 1994), американская певица и пианистка.
0002987.png	Примечания
0002988.png	Источники
0002989.png	Изобретатели по алфавиту
0002990.png	Военно-морские силы
0002991.png	Освоение Арктики
0002992.png	Импрессионизм в женском исполнении.
0002993.png	Конец 1930-х годов отмечен вступлением в строй новых больших заводов:
0002994.png	Подготовка Фу Цзянем войны против Цзинь.
0002995.png	Статус города
0002996.png	Количество участников: 29 яхт, 122 спортсмена, 7 городов, 4 региона
0002997.png	Библиография
0002998.png	мекленбург-шверинский орден Вендской короны (30.08.1869);
0002999.png	Галлий является побочным продуктом в производстве алюминия.
0003000.png	Признание и награды
0003001.png	Порты Средиземного моря
0003002.png	Известные носители
0003003.png	Национальный состав по переписям:
0003004.png	Женские
0003005.png	Книги
0003006.png	Важнейшие события
0003007.png	Ссылки
0003008.png	Орфография
0003009.png	Личные качества и оценки
0003010.png	Политическая деятельность
0003011.png	Супердействительное число
0003012.png	Браузер формирует и отправляет обычный запрос серверу;
0003013.png	газета «Региональные вести»
0003014.png	С февраля 2017 года «Базис» осуществляет поддержку «Элементов».
0003015.png	академик-корреспондент Испанской академии наук (1934)
0003016.png	См. также
0003017.png	Город Гумбольдт в провинции Саскачеван в Канаде.
0003018.png	Литература
0003019.png	Умер в Познани и был похоронен в Милославе.
0003020.png	внук Павел.
0003021.png	Изваринская улица
0003022.png	Центральный горно-обогатительный комбинат
0003023.png	История Кузнецкого металлургического комбината
0003024.png	Металлы
0003025.png	Миокимия
0003026.png	Источники
0003027.png	Родились
0003028.png	Миф о герое Этане
0003029.png	Многожёнство
0003030.png	Анна Ахматова. «Вечер» 1912.
0003031.png	Католические святые
0003032.png	Все участники распределяются в зависимости от весовых категорий.
0003033.png	Исследования:
0003034.png	Кинокомедии Франции
0003035.png	город Иваново (16 декабря 1970)
0003036.png	Курская область
0003037.png	ХК «Амур»
0003038.png	См. также
0003039.png	События
0003040.png	Названия
0003041.png	Техпроцесс, нм: 32
0003042.png	Биомагнетизм
0003043.png	Якутск, Россия (2007)
0003044.png	Программа профилактики травматизма;
0003045.png	Первые секретари Ленинградского обкома КПСС
0003046.png	Физическая космология
0003047.png	Вестник ПСТГУ
0003048.png	Сложность .
0003049.png	Города на Миссисипи
0003050.png	Ссылки
0003051.png	Методика криминологии
0003052.png	Умершие от инфаркта миокарда
0003053.png	Галерея денежных знаков на сайте Национального банка Республики Казахстан
0003054.png	Творчество
0003055.png	Гандианцы
0003056.png	История
0003057.png	Интернет-архив Конрада Цузе
0003058.png	Биография
0003059.png	Переименованные города Киргизии
0003060.png	В некоторых источниках лодка ошибочно называется К-442, К-526 или К-512.
0003061.png	Примечания
0003062.png	Сборники
0003063.png	Управление финансами для ИТ
0003064.png	Перечень градоначальств
0003065.png	Евсеевская улица
0003066.png	Католицизм
0003067.png	Почвы
0003068.png	Музыка
0003069.png	Герб Кортеса
0003070.png	См. также
0003071.png	Старые Близнецы - прежнее название села Садовое Харьковской области.
0003072.png	Последствия аварии
0003073.png	ресурсов природы и техники и способов их использования.
0003074.png	Языки Колумбии
0003075.png	Танец
0003076.png	Статьи о Смоктуновском
0003077.png	См. также
0003078.png	размерность стабилизатора,  размерность группы Ли.
0003079.png	Примечания
0003080.png	Мой друг с моим врагом сегодня рядом был.
0003081.png	Клайв Оуэн, британский актёр театра и кино.
0003082.png	Драгалевский монастырь на горе Витоша
0003083.png	Байесовская вероятность
0003084.png	МКАД 43 км
0003085.png	Кровяное давление
0003086.png	Транспорт
0003087.png	(в пер.)
0003088.png	Ижевский и Тураевский сельсоветы Красноборского района.
0003089.png	Законодательная власть
0003090.png	ДНК-компьютер
0003091.png	Анализ роста надёжности
0003092.png	Два ордена Трудового Красного Знамени (1967, 1980)
0003093.png	Биография
0003094.png	Варианты периодизации
0003095.png	Ошмяны в Великом княжестве Литовском
0003096.png	Примечания
0003097.png	Константин Михайлович работает над повестью «Первые шаги».
0003098.png	Пари ввысь, орёл свободы,
0003099.png	Потребности
0003100.png	Значение для человека
0003101.png	Крефельд, Германия (1974)
0003102.png	Разрешающая способность счетчика частиц (ионизирующего излучения)
0003103.png	Политическая позиция
0003104.png	Разделы науки, занимающиеся изучением ЭМИ
0003105.png	Гувернёр
0003106.png	Орбитальная станция «Салют-7»
0003107.png	Литература
0003108.png	См. также
0003109.png	Литература
0003110.png	Эксплуатация темы
0003111.png	Железнодорожные вокзалы Нидерландов
0003112.png	Иконописцы Древней Руси
0003113.png	Адриан Сутиль, немецкий автогонщик.
0003114.png	Ротмистры есть в армии Чехии (), но относятся они к категории прапорщиков ().
0003115.png	Рэйчел Николс, американская актриса кино и телевидения, модель.
0003116.png	Громкоговорители
0003117.png	Биография
0003118.png	Население
0003119.png	Каймановы острова
0003120.png	Статья о колебаниях концентрации углекислого газа
0003121.png	Двор обсерватории
0003122.png	«Музыка над моей головой»
0003123.png	(Направление данного ускорения перпендикулярно  и ).
0003124.png	История
0003125.png	Королевство Саксония
0003126.png	Моиз Чомбе провозгласил независимость провинции Катанга от Республики Конго.
0003127.png	бетонный завод,
0003128.png	Ирландские мифы в картинах Дж. Фицпатрика
0003129.png	Захват Киева русами-варягами Аскольдом и Диром.
0003130.png	Миссисипи (округ, Арканзас)
0003131.png	Законы Кеплера
0003132.png	Вокзальный переулок
0003133.png	Лобовой (лоботокарный) станок
0003134.png	Естествознание
0003135.png	Ссылки
0003136.png	Юэ Лин, тайваньская актриса.
0003137.png	Программы, сайты и др.
0003138.png	Химические свойства
0003139.png	Население
0003140.png	Семья
0003141.png	упразднённые населённые пункты
0003142.png	Боровский проезд
0003143.png	См. также
0003144.png	Другие эксперименты с вакуумом
0003145.png	47 км: Изверь (Изверя) (лв)
0003146.png	Примечание
0003147.png	Примечания
0003148.png	то получатся обобщённые пятиугольные числа:
0003149.png	(Эйлер, 1747)
0003150.png	Братские корпуса
0003151.png	Большой Строченовский переулок
0003152.png	Комментарии
0003153.png	Города Томской области
0003154.png	Метод бухгалтерского учёта
0003155.png	Ростовщичество и религия
0003156.png	Томская область
0003157.png	География
0003158.png	Повести
0003159.png	Павел Ульяшов, литературный критик
0003160.png	Личная жизнь
0003161.png	Спорт
0003162.png	Лечение и разновидности эзофагита
0003163.png	Рокер Р. Георг Вильгельм Фридрих Гегель
0003164.png	Инженерно-технические воинские формирования
0003165.png	Труды
0003166.png	Был председателем Австрийской шахматной федерации.
0003167.png	Промышленность в СССР периода нэпа
0003168.png	Монгольские нашествия
0003169.png	Железнодорожные вокзалы по алфавиту
0003170.png	корееведение
0003171.png	17 июля:
0003172.png	Название
0003173.png	032401 Реклама
0003174.png	Авраам Руссо (наст. имя Абрахам Ипджян), российский эстрадный певец.
0003175.png	Испанской;
0003176.png	Турку (Финляндия)
0003177.png	Август
0003178.png	Происхождение
0003179.png	Похороненные в Баварии
0003180.png	Предание об авторстве
0003181.png	Частные учреждения высшего образования:
0003182.png	Восприятие и дискриминация
0003183.png	Додома, Танзания
0003184.png	Романовы, пострижённые в монахи
0003185.png	психофизика каналов информационных преобразований
0003186.png	Награды
0003187.png	Правительство меньшинства
0003188.png	Городской
0003189.png	Умершие в Глазго
0003190.png	Филий (, покровительствующий дружбе). Эпитет Зевса.
0003191.png	Топоним
0003192.png	В популярной культуре
0003193.png	Дошкольное
0003194.png	Исторические художники России
0003195.png	Расположение
0003196.png	Электродинамика
0003197.png	Глубинная экология
0003198.png	Примечания
0003199.png	Действующие организации
0003200.png	Саввинский скит (1862);
0003201.png	Проблемы детства и юношества
0003202.png	Имидазолы
0003203.png	Женщины
0003204.png	Прочее
0003205.png	Китайские домены верхнего уровня
0003206.png	Ботанические сады России
0003207.png	Сценарист
0003208.png	постановщика помех (опционально),
0003209.png	Примечания
0003210.png	Косвенная адресация:
0003211.png	Академический лицей при Андижанском Техническом университете (филиал ТашГТУ),
0003212.png	Инженеры и конструкторы, репрессированные в СССР
0003213.png	Предмет онтологии
0003214.png	Владимир Соловьёв
0003215.png	Михаил Жванецкий (ум. 2020), российский писатель-сатирик.
0003216.png	Источники
0003217.png	Фасмер в Тарту
0003218.png	Литература
0003219.png	Консулы Имп. Цезарь Луций Домиций Аврелиан А. и Марцеллин.
0003220.png	Вспомнит обо мне,
0003221.png	Развитие международных связей
0003222.png	При правлении Нарбутабия
0003223.png	Грузия
0003224.png	Персоналии по алфавиту
0003225.png	Сочинения
0003226.png	Игроки ФК «Штутгарт»
0003227.png	Структуру органов местного самоуправления муниципального образования составляют:
0003228.png	Литература
0003229.png	Прах Айседоры Дункан покоится в колумбарии на кладбище Пер-Лашез.
0003230.png	Иностранные награды:
0003231.png	Апшеронская узкоколейная железная дорога
0003232.png	7 марта
0003233.png	Улица Карла-Юхана
0003234.png	Биография
0003235.png	Примечания
0003236.png	этатизм (государственный контроль в экономике);
0003237.png	Эксгибиционизм и общество
0003238.png	тонизирующие культуры: чай, кофе, какао;
0003239.png	Мемуаристы России
0003240.png	Основные дисциплины зоологии, выделяемые по задачам исследования:
0003241.png	По назначению (прочие объективы)
0003242.png	216. Феодосию Тотемскому, прп.
0003243.png	Обозначения на латинице
0003244.png	осудить войну как империалистическую и немедленно выйти из неё;
0003245.png	Бронзовый призёр (5): 1952, 1978, 1989, 1993, 2009
0003246.png	История
0003247.png	Безработных:
0003248.png	Описание
0003249.png	Центр Келдыша
0003250.png	Хронология отмены рабства и крепостного права по странам
0003251.png	Григорий Амнуэль
0003252.png	Свято-Николо-Матроновский храм
0003253.png	названием учреждения: Министерство образования.
0003254.png	Ссылки
0003255.png	Первые международные соревнования самбистов с дзюдоистами
0003256.png	Эффект Кориолиса
0003257.png	Монархи, свергнутые в детстве
0003258.png	Ссылки
0003259.png	Футбольные клубы
0003260.png	Завершение войны
0003261.png	Междугородное автобусное сообщение
0003262.png	Близнечные мифы
0003263.png	См. также
0003264.png	В городе расположены сразу 7 памятников Ленину:
0003265.png	Сборники:
0003266.png	23 января
0003267.png	Учёба и работа в авиации
0003268.png	Международные
0003269.png	Депутаты Верховного Совета СССР 7-го созыва
0003270.png	Железнодорожный транспорт
0003271.png	Области
0003272.png	Извержение вулкана на Филиппинах.
0003273.png	Село Покровское Вашкинского района
0003274.png	Афроамериканское и франко-африканское население
0003275.png	Являлся заместителем главного редактора журнала «Авиация и космонавтика».
0003276.png	Беркли, США
0003277.png	Расстрелянные в РСФСР
0003278.png	Почётные доктора университета Витовта Великого
0003279.png	Загрязнение
0003280.png	Преподаватели МЭИ
0003281.png	Описание
0003282.png	Латгальские фамилии
0003283.png	Примечания
0003284.png	Методы контрабанды
0003285.png	ионные;
0003286.png	Ссылки
0003287.png	Церковный собор, восстановивший иконопочитание в Византии.
0003288.png	Таблицы
0003289.png	Россия
0003290.png	Форт «Риф»
0003291.png	ООО МПП «Строитель»;
0003292.png	По степени дифференцировки опухолевых клеток
0003293.png	г. Белогорск
0003294.png	на других языках
0003295.png	Официальный сайт
0003296.png	Галерея
0003297.png	Геральдика
0003298.png	Ссылки
0003299.png	Климат
0003300.png	Профессиональный праздник
0003301.png	Исаак Магитон (р. 1922), советский кинорежиссёр, сценарист.
0003302.png	В филателии
0003303.png	Сталеваров, улица
0003304.png	Шри-Ланкийская рупия
0003305.png	Наука и искусство
0003306.png	Другие спутники и запуск космических аппаратов на Луну
0003307.png	Ссылки
0003308.png	стихотворение «Два слова»;
0003309.png	Примечания
0003310.png	Литература
0003311.png	Это был последний полёт космического корабля «Союз»  модификации Союз 7К-Т.
0003312.png	Электромашинная муфта
0003313.png	Советский период
0003314.png	Радиоактивность
0003315.png	Примечания
0003316.png	Пионеры фотографии
0003317.png	См. также
0003318.png	Международные
0003319.png	Пример департаментов описан в статье о Министерстве Финансов России.
0003320.png	При дворе царевны
0003321.png	Храмы
0003322.png	Фидонет
0003323.png	Доходы
0003324.png	Ссылки
0003325.png	Царствование
0003326.png	Участники сражения при Гейльсберге
0003327.png	Миротворческие операции ООН
0003328.png	Война пятой коалиции (1809). Шёнбруннский мир.
0003329.png	Комментарии
0003330.png	Курбанов, Абдулхалик Шамилович (21.03.2004, 815)
0003331.png	История Швеции
0003332.png	См. также
0003333.png	Смазочный материал
0003334.png	Отклик медиа
0003335.png	Творчество
0003336.png	Ростовщиков, Валерий Александрович (30.12.1999, 529)
0003337.png	135. Меркурию Кесарийскому, вмч.
0003338.png	Тохарский А.
0003339.png	Зона Грефенберга
0003340.png	Кировский химический завод
0003341.png	Костов И., Кристаллография, пер. с болг., М., 1965.
0003342.png	См. также
0003343.png	В ролях
0003344.png	Населённые пункты Новогрудского района
0003345.png	быстроходные.
0003346.png	История археологии
0003347.png	Лауреаты премии «Сезар»
0003348.png	Приморская область (с 1856 года)
0003349.png	Покровский кафедральный собор;
0003350.png	Педагоги США
0003351.png	Правопорядок
0003352.png	Офтальмологический центр. Открыт в феврале 2013 года
0003353.png	Литература
0003354.png	Александр Коротич («Чужая земля», «Титаник», «Яблокитай»)
0003355.png	Родившиеся в Самаре
0003356.png	См. также
0003357.png	Юлия Грицук
0003358.png	Базовым активом по данному договору могут быть:
0003359.png	1818 год
0003360.png	свиноводство
0003361.png	Режевской механический завод (не работает),.
0003362.png	Поход Ши Лэ к реке Хуай и ликвидация китайского правительства.
0003363.png	Письмо и след
0003364.png	беременность;
0003365.png	Арвидас Янонис
0003366.png	Бактериальные капсульные полисахариды
0003367.png	Арприт. (неясно)
0003368.png	Внешние ссылки
0003369.png	Люди, чей прах был развеян
0003370.png	Не следует назначать флуспирилен женщинам в первые 3 месяца беременности.
0003371.png	Памятники
0003372.png	Нумизматика
0003373.png	генерал-полковник (28.12.1956)
0003374.png	Маннергеймы
0003375.png	Писатели-маринисты
0003376.png	Городское кабаре для состоятельной публики.
0003377.png	Детская и подростковая (взрослая) мастурбация
0003378.png	В физике
0003379.png	Депутаты Верховного Совета СССР 7-го созыва
0003380.png	Депутаты Верховного Совета Литовской ССР 3-го созыва
0003381.png	Преподаватели Северо-Западного заочного технического университета
0003382.png	Писатели Италии
0003383.png	Ссылки
0003384.png	Морские термины
0003385.png	Философы языка
0003386.png	Примечания
0003387.png	Осуждение «Новой хронологии» в отчёте РАН (2000)
0003388.png	Культ личности
0003389.png	Путь из варяг в персы
0003390.png	Рыбинский полиграфический колледж
0003391.png	Екатерина Климова, российская актриса театра и кино.
0003392.png	Протригеон. Имя Диониса.
0003393.png	Иллюстрации
0003394.png	1125 км: Казинка (лв)
0003395.png	Тамбовская область
0003396.png	Активно-реактивная мина
0003397.png	Свойства простого вещества
0003398.png	Примечания
0003399.png	Похожие программы
0003400.png	Орден Святой Анны 2-й ст. (12.08.1824)
0003401.png	Публикации и сборники
0003402.png	Нервно-мышечная релаксация
0003403.png	Введение в теорию аналитических функций, включающее теорию действительных чисел.
0003404.png	Кавалер Большого креста ордена Святого Олафа (Норвегия, 2000)
0003405.png	Города областного подчинения Московской области
0003406.png	набережная канала Грибоедова (чётная сторона)
0003407.png	аминосульфиты
0003408.png	Крюйс-бом-брам-стеньга
0003409.png	«Вестник»
0003410.png	Термопары
0003411.png	Примечания
0003412.png	Любовь Яровая (Ян Фрид, 1953)
0003413.png	Сирийская кухня
0003414.png	Сталинские репрессии
0003415.png	О Кафке
0003416.png	Затмение Фалеса
0003417.png	Главы Администрации города:
0003418.png	Участники Берлинской операции
0003419.png	Тыквенные
0003420.png	Пневмоход
0003421.png	Зафире-хатун
0003422.png	Дескриптивный метод
0003423.png	Ссылки
0003424.png	Климат
0003425.png	Экономика
0003426.png	Другие значения
0003427.png	Город является членом следующих международных организаций:
0003428.png	Примечания
0003429.png	озеро Виктория на улице Мунчештской (дом 788 на берегу озера)
0003430.png	В литературе
0003431.png	Наука
0003432.png	Примечания
0003433.png	В 1983 Панов Г.П. сделал вольный поэтический пересказ «Слова о полку Игореве».
0003434.png	генерал-губернатор Москвы великий князь Сергей Александрович (4.02.1905),
0003435.png	27 января. Международный день жертв памяти холокоста
0003436.png	Повреждение биологических мембран.
0003437.png	Художественные фильмы
0003438.png	! глухие
0003439.png	Государства в истории Казахстана
0003440.png	Заграничный период
0003441.png	Тля туевая побеговая
0003442.png	Мюзикл
0003443.png	Улица Аль-Хорезми в Дашогузе, Туркменистан.
0003444.png	Анна Гречишкина (сопрано)
0003445.png	Примечания
0003446.png	Германия
0003447.png	Габрово, Болгария
0003448.png	См. также
0003449.png	«Титаномахия»
0003450.png	Сайт администрации Чернушинского городского округа
0003451.png	Города, названные в честь Марии Александровны
0003452.png	Детские писатели Великобритании
0003453.png	Определимость.
0003454.png	Примечания
0003455.png	29 июня
0003456.png	Другие распространённые системы координат
0003457.png	Почётные граждане Калуги
0003458.png	Послевоенный период
0003459.png	Семейство
0003460.png	Морские термины
0003461.png	Никопольские степи
0003462.png	Ссылки
0003463.png	Памятник Неизвестному Солдату
0003464.png	Евфросин (1454)
0003465.png	Возможно три способа соединения обшивки с каркасом:
0003466.png	Скончались
0003467.png	Население
0003468.png	Саша Грей, американская порноактриса.
0003469.png	Биография
0003470.png	Перечисление может реализовывать интерфейсы.
0003471.png	аппаратура размножения сигналов;
0003472.png	Школьная улица
0003473.png	Лучший защитник
0003474.png	В пользу подложности документа говорят:
0003475.png	Культурные коллективы
0003476.png	Иранское интермеццо
0003477.png	Достопримечательности
0003478.png	События
0003479.png	Именины
0003480.png	Всеволод (линейный корабль, 1809)
0003481.png	Изобретения, открытия
0003482.png	Округ Вила-Реал (все 14 муниципалитетов)
0003483.png	Снегирь и человек
0003484.png	Биография
0003485.png	орден Трудового Красного Знамени (1958)
0003486.png	Члены Объединения современных архитекторов
0003487.png	Бондюжский, в состав которого вошли:
0003488.png	Музыкальные коллективы, появившиеся в 1968 году
0003489.png	Возможности языка
0003490.png	Правители Греции
0003491.png	Руководитель Театра с Улицы Роз Хармелин, Юрий Аркадьевич
0003492.png	такса за километр по счётчику.
0003493.png	1727-1778  Российская империя,  Белгородская губерния, Орловская провинция
0003494.png	25 января
0003495.png	В такой форме он справедлив для любых малых объёмов материала.
0003496.png	«Билайн»
0003497.png	поощрение исследований и разработок по мирному использованию атомной энергии;
0003498.png	Завод «Центросвармаш»
0003499.png	Лечение гонореи сводится к применению курса антибиотиков.
0003500.png	Появления картофеля в Испании, как ботанической диковины.
0003501.png	Айнский язык
0003502.png	«Былое увлечение» (слова Оскара Строка)
0003503.png	Полномочные представители президента Российской Федерации в СЗФО
0003504.png	Вознесенский храм
0003505.png	Конт, О.
0003506.png	Турция
0003507.png	Систематической коллекцией минералов;
0003508.png	Софизм
0003509.png	Рассматривается вопрос о строительстве моста через Севастопольскую бухту.
0003510.png	Выкуп в 2 млн ефимков
0003511.png	Для этих множеств обобщённых чисел справедливо следующее выражение:
0003512.png	Титулы
0003513.png	Снятие фоторезиста
0003514.png	описывается как «одновременный  и ». Однако это разложение оспаривается.
0003515.png	В геральдике
0003516.png	Рассказ об избрании Саула на царство излагается в Библии в трех разных версиях.
0003517.png	Магдебург
0003518.png	Эффект Умова
0003519.png	Смоленск подразделяется на 3 внутригородских района:
0003520.png	Притоки
0003521.png	Осень
0003522.png	Города Дашогузского велаята
0003523.png	Композиторы по алфавиту
0003524.png	Производители компьютеров США
0003525.png	Телережиссёры США
0003526.png	Сценаристы: Даниэль Томпсон, Клод Пиното
0003527.png	В Гренобле
0003528.png	Военные свойства
0003529.png	Поддержка кооперативов и товариществ крестьян.
0003530.png	Награждённые именным оружием
0003531.png	В кубке СССР:
0003532.png	Такелаж
0003533.png	Позитивизм
0003534.png	Носители фамилии:
0003535.png	Знаменитая авария НЛО в Розуэлле.
0003536.png	Назначают тропацин обычно внутрь в таблетках (после еды).
0003537.png	Вопросы наследования состояния пока не разрешены.
0003538.png	Государства в истории Португалии
0003539.png	Неисчерпание новых эффективных средств правовой защиты
0003540.png	Январь
0003541.png	Национальный аграрный университет Армении
0003542.png	Примечания
0003543.png	Альянс Франсез Самара ().
0003544.png	Примечания
0003545.png	Литература
0003546.png	Действительные государственные советники Российской Федерации 1-го класса
0003547.png	Ни один из НЛО никогда не представлял угрозы национальной безопасности США;
0003548.png	Происхождение жизни
0003549.png	Украина (Закарпатье, Галиция и северная Буковина)
0003550.png	Вийёрбан, Франция
0003551.png	Запорожская область
0003552.png	Политические режимы
0003553.png	Литература
0003554.png	Среди его покровителей были писатель Андре Мальро и политик Джавахарлал Неру.
0003555.png	Носители фамилии
0003556.png	Князья смоленские
0003557.png	андийские народы,
0003558.png	Глазирователи
0003559.png	хэбэй-шаньдунский
0003560.png	Потребительский рынок
0003561.png	Первая мировая война
0003562.png	Литература
0003563.png	Фототермины
0003564.png	Историки Российской империи
0003565.png	Утраченные дворцы
0003566.png	Убитые римские императоры
0003567.png	География
0003568.png	История
0003569.png	Дубьязский, Зеленодольский, Верхнеуслонский, Нурлатский районы полностью;
0003570.png	финансовые активы,
0003571.png	в октябре свет увидела пятая книга «» () в издательстве «Петрополис».
0003572.png	1975 год
0003573.png	Конструкция
0003574.png	Бисероплетение
0003575.png	Сдвиг Яковлева
0003576.png	Академические музыканты Италии
0003577.png	Культура и общество
0003578.png	Гравитационное притяжение
0003579.png	Алдан (река)
0003580.png	Центральный планировочный район
0003581.png	Антрепренёры Российской империи
0003582.png	профессор права и политической экономии Шимон Малевский
0003583.png	Национальный состав
0003584.png	Железнодорожный транспорт
0003585.png	Лягушка-голиаф
0003586.png	Население
0003587.png	Узбекский драматический театр имени Аброра Хидоятова
0003588.png	События
0003589.png	Авиаперевозки и аэропорты
0003590.png	Литература
0003591.png	Строительство Успенского собора
0003592.png	«Барселона»
0003593.png	Изобретатели по алфавиту
0003594.png	Критика
0003595.png	По целям:
0003596.png	НКГБ и НКВД СССР объединены в единый Наркомат внутренних дел.
0003597.png	Микотоксины (например, афлатоксины, Т-2, мускарин)
0003598.png	Часовой пояс
0003599.png	Генерала Жадова, площадь
0003600.png	восточная часть Свердловской области;
0003601.png	Крейдлин Григорий Ефимович, Шмелёв А. Д. Математика помогает лингвистике.
0003602.png	Директор картины: Глеб Кузнецов
0003603.png	Тронхейм, Норвегия
0003604.png	Публицисты России
0003605.png	Половой акт при менструации
0003606.png	См. также: :Категория:Умершие в 1913 году
0003607.png	Женат. Имел трёх детей, три внука, два правнука.
0003608.png	Содержание
0003609.png	Циклобутаны
0003610.png	сэр Ридли Скотт, британский кинорежиссёр и продюсер.
0003611.png	Герои древнегреческих мифов
0003612.png	Бронетехника России
0003613.png	См. также
0003614.png	Конькобежный спорт (подробнее)
0003615.png	Родились
0003616.png	Невербальное общение
0003617.png	Рекорды, установленные зданием
0003618.png	Исследование планет
0003619.png	Виды стратегической противоракетной обороны
0003620.png	Секция медико-биологических наук
0003621.png	Руководство города
0003622.png	Примечания
0003623.png	дистанционное управление;
0003624.png	Примечания
0003625.png	Похороненные на кладбище Пер-Лашез
0003626.png	Персоналии:Санкт-Петербург
0003627.png	Умершие от рака лёгкого
0003628.png	решение вопроса, являются человеческие пороки врождёнными или приобретёнными;
0003629.png	Фракталы и размерность
0003630.png	Построение систем управления знаниями. См. Экспертные системы.
0003631.png	Примечания
0003632.png	Адыгейский педагогический колледж им. Х. Андрухаева
0003633.png	Осада Быхова (1707)
0003634.png	Примечания
0003635.png	Низложение Гуго (ум.947), короля Италии.
0003636.png	Общественные
0003637.png	Характеристика
0003638.png	См. также
0003639.png	Телекоммуникации и СМИ
0003640.png	Механизмы пульсаций
0003641.png	Примеры текста
0003642.png	Художественный руководитель
0003643.png	Отдельные слова, приписки и буквы встречаются в:
0003644.png	Улица Лазо
0003645.png	Сенаторы Речи Посполитой
0003646.png	Храм Архистратига Михаила;
0003647.png	Книги воспоминаний
0003648.png	Климат
0003649.png	Ислам
0003650.png	Российское минералогическое общество
0003651.png	Действительные статские советники
0003652.png	Памятник в Бремене.
0003653.png	названиями нот,
0003654.png	История Ставропольского края
0003655.png	Дардан
0003656.png	Биография
0003657.png	Списки транспортных средств
0003658.png	Чеченский язык: Язык чеченских вайнахов
0003659.png	Посмертно реабилитированные в СССР
0003660.png	НК-онлайн
0003661.png	Районная Детская библиотека;
0003662.png	Сибирское областничество
0003663.png	Обладатель Межконтинентального кубка: 1995
0003664.png	Уставная грамота 1861
0003665.png	Литература
0003666.png	Выпускники МГТУ
0003667.png	Текстовый редактор
0003668.png	Население
0003669.png	См. также: :Категория:Родившиеся 3 мая
0003670.png	Ссылки
0003671.png	Биография
0003672.png	Дмитрий Муляр («Государыня и разбойник», 2009)
0003673.png	Медаль «50 лет Монгольской Народной Армии» (1971).
0003674.png	Уравнение движения
0003675.png	Сбиты южнокорейский (1983) и иранский (1988) пассажирские самолёты.
0003676.png	Действовало свыше 460 торговых фирм, отделение Финляндского банка.
0003677.png	Хлопководческий комбайн
0003678.png	Средняя глубина: 3711 м;
0003679.png	Монархия
0003680.png	В связи со смертью писателя власти Колумбии объявили в стране трёхдневный траур.
0003681.png	История
0003682.png	Внешний вид
0003683.png	Средства, влияющие на нервно-мышечную передачу
0003684.png	прошёл первый тур парламентских выборов в Грузии.
0003685.png	Примечания
0003686.png	Эссеисты по алфавиту
0003687.png	ЗАТО Комаровский
0003688.png	Кромвель (Новая Зеландия)
0003689.png	Родились
0003690.png	«Горгий»
0003691.png	Католическая капелла (утрачена)
0003692.png	Гормональная (стероиды, эйкозаноиды, простагландины и прочие.)
0003693.png	Богословы Германии
0003694.png	Умершие в Эрлангене
0003695.png	Орден Святого Владимира 2-й ст. (1899)
0003696.png	Лев Триполийский, вступив в сговор с арабскими пиратами, разграбил Фессалоники.
0003697.png	Двигатель и трансмиссия
0003698.png	Россия
0003699.png	История
0003700.png	Командующие армиями в Великой Отечественной войне
0003701.png	Ссылки
0003702.png	«Кентервильское привидение»
0003703.png	Собор на еретиков 1490 года
0003704.png	Книги
0003705.png	Детство
0003706.png	Родились
0003707.png	Финалист: 2000
0003708.png	Отличия от машин с архитектурой фон Неймана
0003709.png	Часовой пояс
0003710.png	Население
0003711.png	Ссылки
0003712.png	Троицкая улица
0003713.png	Университет Айн-Шамс
0003714.png	Здание казарм Ахульгинского батальона.
0003715.png	Фестивали джазовой музыки «Джаз по-Ростовски» и «Ростовский джаз приглашает».
0003716.png	Здравоохранение
0003717.png	Трансформации береговой линии моря и водоёмов
0003718.png	1 января
0003719.png	Топонимы
0003720.png	Шарыповский район
0003721.png	«Гоголь и чёрт» М., 1906, она же «Гоголь. Творчество, жизнь и религия»» (1909)
0003722.png	Сборная Италии (до 21 года)
0003723.png	Национальные
0003724.png	Климат
0003725.png	Устройство самолёта
0003726.png	Диофантовы приближения.
0003727.png	Выпускники Королевского колледжа Лондона
0003728.png	Технические характеристики
0003729.png	, Телеканал Культура, 2022 год
0003730.png	Другие переводы:
0003731.png	Они занимались охотой, рыболовством и земледелием.
0003732.png	Производство
0003733.png	Сторонники арийской идеи
0003734.png	Экранизации произведений Герберта Уэллса
0003735.png	Самоубийцы, принявшие яд
0003736.png	Транспорт
0003737.png	Россия
0003738.png	Подобная система существовала прежде и в других скандинавских языках.
0003739.png	Религиозная философия
0003740.png	География Древнего Рима
0003741.png	Эпос о Гильгамеше
0003742.png	Релятивистское замедление времени
0003743.png	Память
0003744.png	Свободное программное обеспечение, написанное на Си
0003745.png	(владение Нидерландов)
0003746.png	Вышедшие из употребления
0003747.png	СНТ «Водопроводчик-3»
0003748.png	Военный орден Максимилиана Иосифа, рыцарь (Бавария, 8 мая 1854)
0003749.png	Сэлэнгэ (язык национального меньшинства)
0003750.png	Электрическая часть
0003751.png	Поход византийской армии на славян за Дунай.
0003752.png	История клуба
0003753.png	каменная церковь Святого Юрия (Георгиевская) на Горече (1767, в стиле барокко);
0003754.png	Древнейшая известная запись позиционной десятичной системы в Индии.
0003755.png	Умершие от туберкулёза
0003756.png	См. также
0003757.png	См. также
0003758.png	Греческий поэт Гесиод создаёт дидактические поэмы «Труды и дни» и «Теогония»
0003759.png	Анатолий Чубайс
0003760.png	Исламские термины
0003761.png	См. также
0003762.png	Американская версия
0003763.png	Билайн
0003764.png	Административные единицы, образованные в 1773 году
0003765.png	Игроки ХК «Флорида Пантерз»
0003766.png	Примечания
0003767.png	Рыболовство
0003768.png	Комментарии
0003769.png	Фантастические журналы США
0003770.png	Вторая Песнь о Хельги Убийце Хундинга
0003771.png	Совместное производство
0003772.png	Опухолевые маркеры
0003773.png	Убийство Евгения Щербаня
0003774.png	Вышивка бисером
0003775.png	Определение
0003776.png	Города Вологодской области
0003777.png	В произведениях искусства
0003778.png	Майк Ходжес (ум. 2022), британский кинорежиссёр, сценарист и продюсер.
0003779.png	См. также
0003780.png	Древние времена
0003781.png	Примечания
0003782.png	Горнолыжные курорты: Банско, Боровец, Пампорово, Витоша.
0003783.png	Виктор Некрасов «Вася Шукшин»
0003784.png	Вторая мировая война: Гитлер отдал распоряжение о начале разработки ракет «Фау».
0003785.png	Блокировка «за экстремистский контент»
0003786.png	Обобщённые координаты
0003787.png	Основные работы
0003788.png	Российская оккупация
0003789.png	Автоматическое реферирование текстов
0003790.png	Нумизматика
0003791.png	Венды Ливонии
0003792.png	Мэри-Кейт Олсен, американский модельер, актриса и продюсер.
0003793.png	Смерть Стефана
0003794.png	Ссылки
0003795.png	Ссылки
0003796.png	Исторические фильмы США
0003797.png	Дмитрий Рычков, ефрейтор Российской Армии, Герой России (погиб в 2000).
0003798.png	орден Ленина (22.07.1944);
0003799.png	Общины Силистренской области
0003800.png	Великие офицеры империи
0003801.png	Поэт Ходасевич высказывал своё мнение так:
0003802.png	Бруно Конти, итальянский футболист, чемпион мира (1982).
0003803.png	переводчики были одновременно пророками;
0003804.png	Правовой статус конопли
0003805.png	Автомобилестроение
0003806.png	Ранняя история
0003807.png	Прокл
0003808.png	Бывшие участники
0003809.png	На климат влияют следующие факторы:
0003810.png	Доказательство как метод
0003811.png	«Ради нескольких строчек» (1985, СССР, по повести «Дивизионка»)
0003812.png	Геохимические свойства железа
0003813.png	Автомобильный транспорт
0003814.png	2005. Успех в Австралии и травма колена
0003815.png	Фрайбург
0003816.png	Урбанизация
0003817.png	Апостолы от семидесяти
0003818.png	Коммунистический трансгуманизм
0003819.png	Юрий Визбор
0003820.png	Эсхатология
0003821.png	Интересные факты
0003822.png	Разгром найманов и меркитов Темуджином. Казнь Джамухи.
0003823.png	Возможности языка
0003824.png	Земляничная улица (деревня Зименки)
0003825.png	Эрик Робертс, американский актёр кино, телевидения и озвучивания.
0003826.png	Математические обозначения
0003827.png	На Дальнем Востоке распространена .
0003828.png	Водный центр
0003829.png	Тенезмы
0003830.png	Клото может означать:
0003831.png	У Гента есть 7 городов-побратимов:
0003832.png	Литература
0003833.png	8 женщин (фильм)
0003834.png	Ссылки
0003835.png	Рецепция
0003836.png	Русские мужские имена
0003837.png	Ссылки
0003838.png	Фильмы Игоря Апасяна
0003839.png	Тынов
0003840.png	высшие:
0003841.png	Российская Федерация
0003842.png	Галерея
0003843.png	и прочие,
0003844.png	Члены Европейской академии
0003845.png	Члены Народной партии (Латвия)
0003846.png	Структура
0003847.png	Галерея
0003848.png	Красноярский промышленный колледж (КПК НИЯУ МИФИ)
0003849.png	Министерство внутренней безопасности
0003850.png	Химические свойства
0003851.png	Венский мир Габсбургов с Бочкаи. Ряд уступок Габсбургов венгерским феодалам.
0003852.png	Минор
0003853.png	Языки Йемена
0003854.png	царевна из находившегося в Киликии государства Хиява.
0003855.png	Раввины Италии
0003856.png	кафедра 518 «История»
0003857.png	Примечания
0003858.png	Отдел комплектования иностранной литературой (ОИК);
0003859.png	Восприятие в религиях
0003860.png	Освобождение Монголии
0003861.png	Диалекты
0003862.png	старше("Василий", "Тимофей").
0003863.png	Профсоюзы
0003864.png	Венгрия также отказалась от всяких прав на порт Фиуме.
0003865.png	Религия
0003866.png	Кавалеры ордена Святого Станислава 3-й степени
0003867.png	Литература
0003868.png	Сырт (возвышенность)
0003869.png	Кар (римский император).
0003870.png	Ссылки
0003871.png	Примечания
0003872.png	Овидий Горчаков (ум. 2000), советский разведчик, писатель и сценарист.
0003873.png	Ссылки
0003874.png	Спорт
0003875.png	Ян Дюрица
0003876.png	Развитие мировоззрения Блейка
0003877.png	дата, до которой действителен документ на вступление в сделку своп;
0003878.png	Выпускники Тринити-колледжа (Дублин)
0003879.png	530 км: Большая Шанга (лв.)
0003880.png	Цикл «Мегамир»
0003881.png	Транспорт
0003882.png	Умершие от рака лёгкого
0003883.png	2009 год
0003884.png	Поиск окончательного ответа
0003885.png	Орогидрография
0003886.png	Фаза субкомпенсации
0003887.png	Примечания
0003888.png	Ядерная химия
0003889.png	память священномученика Михаила Околовича, пресвитера (1938 год);
0003890.png	Плано Карпини вручает хану Гуюку послание римского папы.
0003891.png	Связь
0003892.png	На Земле
0003893.png	Этимология
0003894.png	См. также
0003895.png	Семья
0003896.png	Инквизиция
0003897.png	гостиничные проститутки,
0003898.png	Этнокультурный центр «Виенан Карьяла» посёлка Калевала.
0003899.png	Сайт Минского областного исполнительного комитета
0003900.png	Память
0003901.png	суточные колебания ОФВ1 и ПСВ.
0003902.png	Произведения
0003903.png	Ссылки
0003904.png	Командующие Ленинградским военным округом
0003905.png	Губинский округ
0003906.png	Биография
0003907.png	Искусство модернизма
0003908.png	В свою очередь органические пестициды подразделяются на:
0003909.png	Морфология кристаллов
0003910.png	Разновидности
0003911.png	Баиров, Николай Улюмжаевич (20.07.1996, 306)
0003912.png	В геологии
0003913.png	Баденский орден Верности ()
0003914.png	Примечания
0003915.png	Скончались
0003916.png	См. также
0003917.png	Население
0003918.png	Фёдору Григорьевичу Маркову
0003919.png	Распространение в природе
0003920.png	Дальняя улица
0003921.png	Марки Ларримора
0003922.png	Не во всяком метрическом векторном пространстве может быть определена норма.
0003923.png	26 марта:
0003924.png	Михаэль Дорфман. Посиделки с Талмудом
0003925.png	14 сентября
0003926.png	районные газеты:
0003927.png	Минор
0003928.png	Примечания
0003929.png	Библиография
0003930.png	Ссылки
0003931.png	История
0003932.png	Калиматов, Алихан Макшарипович (04.11.2007, 886)
0003933.png	Занятие
0003934.png	Районные центры Владимирской области
0003935.png	См. также
0003936.png	Смоленцевский мост через реку Кукарка (приток Пижмы)
0003937.png	Ущелья Северной Осетии
0003938.png	Лютеранские проповедники
0003939.png	Нижеследующие популярные персоны известны своей любовью к аниме.
0003940.png	Богословы Италии
0003941.png	Общая хирургия
0003942.png	Реки Лотошинского района
0003943.png	Общественные деятели Российской империи
0003944.png	Интервью Ники Лауды газете «Аргументы и факты», 2003 год
0003945.png	Романизация армянского алфавита
0003946.png	теорема сформулирована в критериальной форме;
0003947.png	Выдающиеся преподаватели
0003948.png	Королевские члены Лондонского королевского общества
0003949.png	Аббасидские наместники Азербайджана
0003950.png	Комментарии
0003951.png	С Каладана на Арракис
0003952.png	«Идеалы и действительность в русской литературе».
0003953.png	Вторжение в Крым и осада Севастополя
0003954.png	Биография
0003955.png	Рок-группы Великобритании
0003956.png	Литература
0003957.png	Билайн;
0003958.png	Чудотворцы
0003959.png	История
0003960.png	Прогрессивизм
0003961.png	Печать
0003962.png	См. также
0003963.png	медали;
0003964.png	Древняя история Крыма
0003965.png	См. также: :Категория:1970 год
0003966.png	Кондитерское производство ОАО «Феникс»;
0003967.png	На территории города функционируют 4 мечети и одна православная церковь.
0003968.png	Комплексная логарифмическая функция и риманова поверхность
0003969.png	Городские округа Томской области
0003970.png	Воинские звания Вооружённых сил Польши
0003971.png	Питьевая сода
0003972.png	Ламы школы гелуг
0003973.png	Сказуемое
0003974.png	Фонологические сведения
0003975.png	События
0003976.png	Фигура (риторика)
0003977.png	Выпускники Вюрцбургского университета
0003978.png	Безнадзорные дети
0003979.png	Научное обеспечение хозяйственной деятельности
0003980.png	Населённые пункты
0003981.png	Гаруда-упанишада (Атхарваведа)
0003982.png	Примечания
0003983.png	Прусский орден Красного орла 1-й ст. (1813);
0003984.png	Архиепископ Фалештский и Восточно-Молдовский Филарет (Панку)
0003985.png	ООН приняла решение о прекращении опеки Новой Зеландии над Западным Самоа.
0003986.png	Депутаты Верховного Совета Мордовской АССР
0003987.png	В древнегреческих мифах
0003988.png	Нарын, Киргизия
0003989.png	Премии
0003990.png	Гейзе
0003991.png	Награды
0003992.png	Основание Братского острога
0003993.png	Виды персонализации карт
0003994.png	Атаки градиентного спуска
0003995.png	Литература
0003996.png	Раввины Испании
0003997.png	Дом учёных
0003998.png	См. также
0003999.png	Душанбинский международный полумарафон
0004000.png	Масонство в теориях заговоров
0004001.png	ЗАО «Богодуховский мясокомбинат».
0004002.png	Максим Траньков
0004003.png	Казахстан
0004004.png	Мессианский период
0004005.png	Примечания
0004006.png	Переводчики прозы и драматургии на чешский язык
0004007.png	Выпускники МГИМО
0004008.png	Сионская башня
0004009.png	См. также
0004010.png	Википедия:Персоналии, не категоризованные по годам рождения
0004011.png	Поход табгачей на Жужань.
0004012.png	Естественные условия курорта
0004013.png	Биологическая систематика
0004014.png	Свободные:
0004015.png	Институт хирургии имени Микаэляна
0004016.png	В компьютерных играх
0004017.png	Лётчик-испытатель Игорь Волк в тележурнале «Здесь и Сейчас»
0004018.png	Литература
0004019.png	В Москве открылся Второй съезд Советов СССР.
0004020.png	Примечания
0004021.png	Море Дейвиса
0004022.png	Иван Фёдорович погребён вместе с супругой в Рязанском Рождественском соборе.
0004023.png	Официальный сайт Администрации Солигаличского муниципального района
0004024.png	Люди Великой французской революции по алфавиту
0004025.png	Примечания
0004026.png	Французы основали город Пондишери в Индии.
0004027.png	Примечания
0004028.png	Мужчины женщинам не отдаются (2004)
0004029.png	Откровение Иоанна Богослова
0004030.png	Гербы с изображением пешего воина, вооружённого мечом
0004031.png	Инженер-министр: 100 лет маршалу Устинову.
0004032.png	Развитие промышленного местечка
0004033.png	В неэксклюзивной кэши могут вести себя как угодно.
0004034.png	Прочие трактовки
0004035.png	Штральзунд, Германия
0004036.png	Библиотека Йенского университета (Тюрингия, Йена)
0004037.png	Примечания
0004038.png	апостолов,
0004039.png	Другие
0004040.png	Количество судей: 17 человек
0004041.png	Недостатки
0004042.png	В 1980 году был проведён первый чемпионат мира среди женщин.
0004043.png	Руководители Новороссийской эвакуации
0004044.png	Швейная фабрика
0004045.png	Профессора Императорского Московского университета
0004046.png	Тресковые
0004047.png	Муниципальных облигаций
0004048.png	Современность
0004049.png	установление контроля над ценами (на электроэнергию, на проезд)
0004050.png	Скай Линк;
0004051.png	Стародубцев, Василий Александрович
0004052.png	Правители Тибета
0004053.png	Инглинги
0004054.png	Собрания сочинений
0004055.png	Фестивали и культурные мероприятия
0004056.png	«Тоска» Дж. Пуччини
0004057.png	Протестантизм
0004058.png	Похороненные в Корсунь-Шевченковском районе
0004059.png	Записка Асеевым:
0004060.png	2-я Огородная улица
0004061.png	Флора Северной Америки
0004062.png	Экономика
0004063.png	Дозоры
0004064.png	Поход Флавия Аспара в Африку.
0004065.png	Нейтральная зона
0004066.png	Водопроводный переулок
0004067.png	Ссылки
0004068.png	Супруга лично звала его «Ники».
0004069.png	Значения
0004070.png	Распад СССР: Верховный Совет Таджикистана ратифицировал беловежское соглашение.
0004071.png	восходящая ободочная кишка,
0004072.png	Пищевые добавки
0004073.png	См. также
0004074.png	Города Черновицкой области
0004075.png	Карты области и районов, планы городов
0004076.png	Румянцев Фёдор Иванович - стольник, воевода в Чебоксарах (1686-1687).
0004077.png	«Засохшие цветы»  (1897).
0004078.png	Библия
0004079.png	зрение;
0004080.png	Провал заговора
0004081.png	Светопреломляющий аппарат
0004082.png	Герои Социалистического Труда Кировской области
0004083.png	Партийная карьера
0004084.png	Климат
0004085.png	Экономическая сфера
0004086.png	Антиковеды Российской империи
0004087.png	Экономика
0004088.png	Итонама
0004089.png	Инфраструктура
0004090.png	Российские командиры Наполеоновских и Революционных войн
0004091.png	Фризы
0004092.png	Персоналии по алфавиту
0004093.png	Примечания
0004094.png	Литература
0004095.png	Кафизма 17,
0004096.png	Биеннале
0004097.png	Саитов, Олег Элекпаевич
0004098.png	Исторические определения
0004099.png	Литература
0004100.png	Вариации и обобщения
0004101.png	Инквизиция
0004102.png	Погрешность всегда положительна.
0004103.png	Получение
0004104.png	память мученика Квирина Римского, трибуна
0004105.png	Святой очаг всех монголов,
0004106.png	Нумизматика
0004107.png	Реки Зеленодольского района
0004108.png	Примечания
0004109.png	Примечания
0004110.png	Первоуральский политехникум;
0004111.png	Графы Тарновские
0004112.png	Дрокия, Молдова
0004113.png	ВАЗ-1151
0004114.png	Алфавит. Звуки. Специальные символы
0004115.png	Август Хирш (р. 1817), немецкий врач-эпидемиолог, историк медицины.
0004116.png	Оттава
0004117.png	О преимуществе прививания коровьей оспы перед обыкновенной.
0004118.png	Успехи физических наук (УФН)
0004119.png	Железнодорожный
0004120.png	Вторая мировая война
0004121.png	Становление театра
0004122.png	Ссылки
0004123.png	Участие в других боевых действиях
0004124.png	Луценко, Юрий Витальевич, украинский политический и государственный деятель.
0004125.png	Мемориалы, памятники
0004126.png	Крепости Российской империи
0004127.png	Уничтожение
0004128.png	Достопримечательности
0004129.png	Носовая часть
0004130.png	Виды маркетинга
0004131.png	Лауреаты Нобелевской премии из США
0004132.png	Источники
0004133.png	нарушение сна
0004134.png	Сайт села Кармаскалы и Кармаскалинского района
0004135.png	Экологическая безопасность
0004136.png	Воздаяние за добро и зло
0004137.png	Перегласовки:
0004138.png	часть Бельгии
0004139.png	Ссылки
0004140.png	По механизму взаимодействия
0004141.png	Выборг, Россия
0004142.png	Похороненные на кладбище Фридрихсфельде
0004143.png	Сфера образования
0004144.png	Бывшие колонии Великобритании
0004145.png	24 мая
0004146.png	Особенности анализатора:
0004147.png	События
0004148.png	Возможность зеркалирования хранилища
0004149.png	Советские танки в Берлине
0004150.png	В 2003 году завоеван приз ГК ВМФ России.
0004151.png	Сооружение Харесом из Линда Колосса Родосского (статуи Гелиоса).
0004152.png	Австрийская Академия наук
0004153.png	Регулярный сезон
0004154.png	Ждановский
0004155.png	Автобусы:
0004156.png	Персоналии по алфавиту
0004157.png	Нейроонтогенетические расстройства
0004158.png	Энергоблоки 1 и 2
0004159.png	Сельское хозяйство
0004160.png	События
0004161.png	Тарас Гаврилович Десяткин
0004162.png	Философские термины
0004163.png	Наука
0004164.png	вновь воспламенею,
0004165.png	Фигура (риторика)
0004166.png	отдел кадров
0004167.png	Обладатели Кубка африканских наций
0004168.png	Кармаскалинский район
0004169.png	Лингвистика и смежные области знания
0004170.png	Капитан (16.08.1974).
0004171.png	Нильс
0004172.png	Военные писатели Российской империи
0004173.png	Члены Народно-демократической партии (Украина)
0004174.png	Литература в Рунете
0004175.png	МКУК «Клуб Красный Молот»
0004176.png	Делегат и участник съездов и совещаний, среди них:
0004177.png	Не опасаясь пагубных последствий! (2 раза)
0004178.png	Климат
0004179.png	Округа Тверской области
0004180.png	Был приглашён в редакцию газеты «Русский курьер».
0004181.png	Фамилия
0004182.png	Шахматные окончания (серия книг)
0004183.png	Транспорт
0004184.png	Награды общественных организаций
0004185.png	Гатха Будды Шакьямуни Махакашьяпе была, согласно традиции, следующей:
0004186.png	размерам зёрен (крупные и мелкие);
0004187.png	Примечания
0004188.png	Кумовской капитализм
0004189.png	Ртутный барометр
0004190.png	Легкая промышленность
0004191.png	Избыточное число
0004192.png	С 1990-х город включён в состав Фурмановского района.
0004193.png	Резиденция: Иерусалим.
0004194.png	Амирабадская культура
0004195.png	Дальнейшее развитие теории чисел
0004196.png	мысленный эксперимент.
0004197.png	История
0004198.png	См. также
0004199.png	Период после распада СССР
0004200.png	Треугольники
0004201.png	Рукописи
0004202.png	Поражения (9)
0004203.png	Предыдущие названия
0004204.png	История
0004205.png	Часовой пояс
0004206.png	Подводная ракета «Барракуда» является оружием малой дальности .
0004207.png	нижние холмики четверохолмия;
0004208.png	Семантический натурализм
0004209.png	Литература
0004210.png	Возможные осложнения внутримышечных инъекций
0004211.png	Наука об информации
0004212.png	Эмульсия
0004213.png	Златоустовский мужской монастырь.
0004214.png	Сражения Крымской войны
0004215.png	Академический лицей при Андижанском Техническом университете (филиал ТашГТУ),
0004216.png	Лауреаты премии «Звёздный мост»
0004217.png	Мужской монастырь в честь святых Новомучеников Российских
0004218.png	Противоопухолевые антибиотики
0004219.png	Креационизм в биологии
0004220.png	Чёрная металлургия
0004221.png	отношение делимости ().
0004222.png	В 1913 году Милн женился на Дороти «Дафни» де Селинкурт.
0004223.png	Ссылки
0004224.png	Вымышленные драгоценности
0004225.png	Посёлок находится на севере Санкт-Петербурга.
0004226.png	«Камни Марса. Год спустя», 2005
0004227.png	самостоятельная гражданско-правовая ответственность.
0004228.png	Фестивали и награды
0004229.png	Примечания
0004230.png	См. также
0004231.png	Биография
0004232.png	Схема Красовского
0004233.png	Онлайн расчёт вероятности нормального распределения
0004234.png	Классификация наук Энгельса
0004235.png	1992 Зутермер (Нидерланды)
0004236.png	Кинематограф
0004237.png	Литература
0004238.png	Гражданская архитектура
0004239.png	Своё название район получил в честь деревни Молжаниновка.
0004240.png	184 км: река Писанка (пр)
0004241.png	Политика в Нормандии
0004242.png	Населённые пункты России, чеканившие монеты
0004243.png	Имидазолы
0004244.png	Высшее образование
0004245.png	Телевидение:
0004246.png	Древний Рим
0004247.png	Мачете
0004248.png	26 апреля
0004249.png	В США продемонстрированы первые шины из синтетической резины.
0004250.png	Премьер-министром правительства Румынии стал Константин Дэскэлеску.
0004251.png	Владимир Стойчев
0004252.png	Второй экстракционный цикл
0004253.png	В СССР и России выпущены почтовые марки и почтовый конверт, посвященные Перову:
0004254.png	Предприятия Росатома
0004255.png	Медаль в память о Мексиканской экспедиции
0004256.png	7 апреля
0004257.png	Происхождение
0004258.png	Мисао Окава (ум. 2015), старейшая жительница Земли (с 2013).
0004259.png	См. также
0004260.png	Примечания
0004261.png	Андижанский областной Киргизский культурно-просветительский центр.
0004262.png	География
0004263.png	«Вайнах»
0004264.png	после тела помещается точка,
0004265.png	3 ноября
0004266.png	вейвлеты Морле
0004267.png	Этимология
0004268.png	мемориал трудовой славы ПАО «СевГОК»;
0004269.png	Энергия
0004270.png	Фотообъединение Вузовского клуба
0004271.png	Биография
0004272.png	Все минеральные вяжущие подразделяют на 4 группы:
0004273.png	4 грамма чая
0004274.png	тестостерон пропионат;
0004275.png	орден Святой Анны 1-й ст. с императорской короной (1845)
0004276.png	Ветер преимущественно южный.
0004277.png	Особняк. 1905 г.
0004278.png	Города трудовой доблести
0004279.png	Орден Красного Знамени (ЧССР, 30.04.1970)
0004280.png	Национальная художественная галерея Болгарии
0004281.png	Аспирация
0004282.png	199 км: Сада
0004283.png	История
0004284.png	Продюсер
0004285.png	Сопутствующая утварь
0004286.png	Емельянов, Данила Анатольевич (17.01.2017)
0004287.png	и др.
0004288.png	Аптечки
0004289.png	14 общеобразовательных школ;
0004290.png	После поджога здания рейхстага заседания проводились в здании Кролль-оперы.
0004291.png	Горение водорода
0004292.png	Примечания
0004293.png	Похоронен в Москве на Новодевичьем кладбище.
0004294.png	Литература
0004295.png	Инициатор и организатор первых Академических экспедиций по изучению России.
0004296.png	Кевин Джеймс, американский актёр, комик, сценарист, продюсер.
0004297.png	Крупные и значимые учреждения
0004298.png	Примечания
0004299.png	Комментарии
0004300.png	большую войну с применением ограниченного количества ядерного оружия;
0004301.png	Бесфабричные полупроводниковые компании
0004302.png	Ереванский государственный театр марионеток
0004303.png	Документальные фильмы
0004304.png	Ранняя история
0004305.png	Языки Франции
0004306.png	Примечания
0004307.png	Иконография
0004308.png	Примечания
0004309.png	Летом князья Сун и Ци встретились в Лян-цю (в Ци).
0004310.png	Фармакологическое действие
0004311.png	Стиль
0004312.png	Ссылки
0004313.png	Имение
0004314.png	Объедовка (правый)
0004315.png	На территории Армении известно около 3500 видов растений из 150 семейств.
0004316.png	Редакторы Армении
0004317.png	Глухарка
0004318.png	Отменённые процессоры
0004319.png	Где могла быть родина ностратиков?
0004320.png	Воннегут и фантастика
0004321.png	Щёлковский Совет избирателей
0004322.png	Умершие 22 января
0004323.png	Основные сведения
0004324.png	Действующие:
0004325.png	Вывод уравнения теплопроводности
0004326.png	в помещениях объектов культурного назначения;
0004327.png	ОАО «Лес»
0004328.png	Исламофашизм
0004329.png	См. также
0004330.png	Родившиеся в Ярдымлинском районе
0004331.png	Фреймворк концептуальной модели
0004332.png	Астрономические гипотезы
0004333.png	Мнения о событиях на Украине (с 2022)
0004334.png	Организация власти
0004335.png	Экзистенциальное консультирование Джеймса Бьюдженталя, Ирвина Ялома, Ролло Мэя.
0004336.png	Примечания
0004337.png	различные игры;
0004338.png	Ссылки
0004339.png	рота разведки и РЭБ;
0004340.png	Городской парк
0004341.png	Михей-Тиховей. Узорник. Камнеклад. Камнерез.
0004342.png	Музыка гимна (со словами)
0004343.png	Медики Великобритании
0004344.png	Русские поэты
0004345.png	Проблема случайности мутаций
0004346.png	Основными аргументами против обрезания признаются следующие.
0004347.png	Дом лесничества
0004348.png	Мартирос Сарьян (р.1880), армянский художник.
0004349.png	288 сельских поселений.
0004350.png	Наука
0004351.png	История
0004352.png	29 ноября
0004353.png	Древнегреческие боги
0004354.png	Мейнстрим
0004355.png	Мотивация
0004356.png	Фрагменты поэмы «Шахматы» в Новой Шахматории Семена Губницко
0004357.png	Шамерзади
0004358.png	Препарат не следует применять в первые 3 месяца беременности.
0004359.png	Упразднённые муниципальные районы Нижегородской области
0004360.png	Медицинская физика изучает применение принципов физики в медицине.
0004361.png	Транспорт
0004362.png	Криминальные телесериалы России
0004363.png	Персоналии по алфавиту
0004364.png	Построен Храм Артемиды Эфесской
0004365.png	Погребной Павел Кузьмич
0004366.png	Аль-Багдади, Абуль-Баракат
0004367.png	Файлообменные сети
0004368.png	Магомедтагиров, Адильгерей Магомедович (10.06.2009, 947)
0004369.png	Рельеф
0004370.png	Стеганография Иоганна Тритемия
0004371.png	События
0004372.png	Типы климата
0004373.png	7 февраля 2007 года ушёл в отставку.
0004374.png	Проливы Средиземного моря
0004375.png	1980, 4 августа, Мохаммад Шахнам (генерал), Тегеран
0004376.png	Именование
0004377.png	Члены Лондонского королевского общества
0004378.png	Улица Декабристов
0004379.png	Ссылки
0004380.png	Члены Палаты депутатов рейхсрата Австро-Венгрии
0004381.png	Происходил из дворянского рода Забелло.
0004382.png	Изменение планов
0004383.png	Светочувствительные приборы
0004384.png	Одноколлапсники. «Русский журнал», 17.06.2010.
0004385.png	Экономика
0004386.png	209 км: Чичкаюл (450 км)
0004387.png	Военные теоретики
0004388.png	Фильмография
0004389.png	См. также
0004390.png	Наука
0004391.png	Автозаводская площадь
0004392.png	В математике
0004393.png	Девятая планета
0004394.png	Фразеологизм
0004395.png	Храм Тихвинской Иконы Божией Матери.
0004396.png	Сочинский цирк
0004397.png	Происхождение и история
0004398.png	Татарстан
0004399.png	Старинная икона в старообрядческой моленной
0004400.png	Летописные упоминания
0004401.png	Остзейское дворянство
0004402.png	Достижения инков
0004403.png	Шляхетские роды герба Гржимала
0004404.png	Компьютерные игры
0004405.png	«Трансформеры: Битвы зверей»
0004406.png	Родились
0004407.png	Наибольшее усиление мощности.
0004408.png	Луиш Фигу
0004409.png	Мечеть «Аль-Хаят»
0004410.png	Русское традиционное жилище
0004411.png	Названия препаратов:
0004412.png	Численность и размещение
0004413.png	Перевод
0004414.png	См. также: :Категория:События 18 июня
0004415.png	Примечания
0004416.png	1993 год в политике России
0004417.png	Сдвигаем десятичный разделитель ещё на разряд. На счётах 140.
0004418.png	Туризм
0004419.png	Пример 1. Для сравнения
0004420.png	Музыка
0004421.png	Дерби и ультрас
0004422.png	Капитальный ремонт поликлиник центральных районных больниц Белгородской области;
0004423.png	Литература
0004424.png	Герман Грапов (р. 1885), немецкий египтолог.
0004425.png	И лебедь, как прежде, плывет сквозь века,
0004426.png	Млекопитающие Азии
0004427.png	Притоки Свияги
0004428.png	Понтиан (папа римский)
0004429.png	Биография и творчество
0004430.png	Внешняя политика
0004431.png	Электронная схема движения общественного транспорта Йошкар-Олы
0004432.png	Текущий статус
0004433.png	Шайба заброшена любым способом в собственные ворота.
0004434.png	За великую землю Советскую (сл. В. Лебедева-Кумача, 1941)
0004435.png	История
0004436.png	География
0004437.png	Использование
0004438.png	Смысловая цельность текста
0004439.png	Сайт посвященный Григору Татеваци
0004440.png	Тесла (фильм, 2020).
0004441.png	См. также
0004442.png	Структура
0004443.png	Родившиеся в Пироте
0004444.png	Члены предложения
0004445.png	Деятельность в России
0004446.png	Коллаж в современном искусстве
0004447.png	Примечания
0004448.png	Примечания
0004449.png	Генерал-майор авиации (18.06.1970)
0004450.png	Зимой вэйский сановник Сунь Линь-фу бежал в Цзинь.
0004451.png	Напольное оборудование
0004452.png	Февральская революция
0004453.png	Микротрон
0004454.png	А. Бродович, «Книга пророка Осии» (Киев, 1901)
0004455.png	Примечания
0004456.png	Если ночь ясная и течёт тёплая вода, то лето будет тёплое и сухое.
0004457.png	Российско-германские отношения
0004458.png	Парк Семьи
0004459.png	Языки со «слабой» морфологией
0004460.png	Примечания
0004461.png	на других языках
0004462.png	см. также:
0004463.png	Леонид Дмитриевич Быстрицкий
0004464.png	Римско-католическая часовня св. Климента, папы Римского;
0004465.png	Симфоническая музыка
0004466.png	Создан Канадский военно-морской флот.
0004467.png	Петропавловская оборона, оставление Сахалина
0004468.png	Марсилий Ингенский умер 20 августа 1396 года в городе Гейдельберге.
0004469.png	Австралийская литература
0004470.png	литератор Галина Самойлова
0004471.png	ЗАО «Заволжский завод гусеничных тягачей»;
0004472.png	Служба в полиции
0004473.png	Центры регионов Франции
0004474.png	Также имеются города-партнёры:
0004475.png	Участники войны против польских повстанцев 1794 года
0004476.png	Режиссёрские работы
0004477.png	Ссылки
0004478.png	Бафир
0004479.png	Административные часовые пояса
0004480.png	Удины России являются последователями Русской православной церкви.
0004481.png	Игорь Семшов (24 место, 115 голов, в том числе 2 гола за КС)
0004482.png	Лаборатория психолого-педагогических проблем и здоровьесбережения
0004483.png	Литература
0004484.png	Публицисты России
0004485.png	Назначены консулами Секст Эруций Клар и Гней Клавдий Север Арабиан.
0004486.png	Нюрнберг (1990)
0004487.png	Джимми Три Несчастья
0004488.png	Философы Византии
0004489.png	Психологические теории эмоций
0004490.png	тюрьмы, ссылка
0004491.png	Гипотетические континенты
0004492.png	Древнейшие карты
0004493.png	Первый контакт
0004494.png	Рекомендуется отключить обновление компонентов ядра и самого ядра:
0004495.png	Награждённые Почётной грамотой Кыргызской Республики
0004496.png	заливное из пиленгаса;
0004497.png	Аманитовые
0004498.png	Формулы сложения и вычитания
0004499.png	Результаты на выборах
0004500.png	См. также
0004501.png	Обратный мат
0004502.png	Зубарев переулок
0004503.png	Примечания
0004504.png	Сотрудники Института экономики РАН
0004505.png	Во 2 луне цайский сановник Гунсунь Чэнь бежал в У.
0004506.png	Судебные медики Российской империи
0004507.png	Фильмы-боевики США
0004508.png	Лучший снайпер сезона:
0004509.png	«Шерлок младший» (1924).
0004510.png	Официальный сайт
0004511.png	Симферопольский техникум железнодорожного транспорта
0004512.png	Гигантская рука
0004513.png	История гидравлики;
0004514.png	системы государственных внебюджетных фондов.
0004515.png	Приз зрительских симпатий
0004516.png	Документалистика
0004517.png	1083 км: Войвож (пр.)
0004518.png	Прохождение перигелия (август 2015);
0004519.png	Дальневосточный федеральный округ
0004520.png	Кир Великий;
0004521.png	Танатология
0004522.png	выбор между активной и пассивной стратегией хеджирования
0004523.png	Общественные
0004524.png	Севернофризский язык
0004525.png	Литературный сквер у ТМК «Гринн»
0004526.png	медаль «200 лет МВД России»
0004527.png	Командование войск связи и кибербезопасности
0004528.png	Скончались
0004529.png	Высотная улица
0004530.png	: Бад-Кройцнах
0004531.png	Примечания
0004532.png	Экономика
0004533.png	Садовое кольцо
0004534.png	Великий голод 1315-1317 годов подходит к концу.
0004535.png	Почётные граждане Варны
0004536.png	В культуре
0004537.png	Лучшие иностранные игроки
0004538.png	Форматирование
0004539.png	Наличие модели социально-экономической ситуации.
0004540.png	Советские гособразования времён Гражданской войны в России
0004541.png	Ссылки
0004542.png	Пятый Канал
0004543.png	Литература
0004544.png	Герб периода СССР
0004545.png	Столицей королевства изначально был Реймс, позже ей стал Мец.
0004546.png	Юрий Гаврилов
0004547.png	Примечания
0004548.png	для хора из четырёх голосов
0004549.png	Фильмы США 2002 года
0004550.png	Храм Великомученика Георгия Победоносца;
0004551.png	Зоосад в период мировых войн
0004552.png	Система маркировки пластика
0004553.png	Примечания
0004554.png	Скончались
0004555.png	Извержение Везувия (1944)
0004556.png	Челябинский государственный музей изобразительных искусств.
0004557.png	Память
0004558.png	В башкирской мифологии
0004559.png	История
0004560.png	География
0004561.png	772 км: Тулдунь
0004562.png	Белый свет
0004563.png	Серьги
0004564.png	Изгнание в Нормандию сыновей Этельреда Эдуарда и Альфреда.
0004565.png	Закладная
0004566.png	Производство и применение
0004567.png	В 1873 году открыл класс органических соединений - лактоны.
0004568.png	Статья о Кольской сверхглубокой скважине в журнале «Вокруг Света»
0004569.png	Очистка и подготовка поверхности
0004570.png	Личные качества
0004571.png	Чанъань захвачена табгачами.
0004572.png	Пузырь доткомов
0004573.png	Казанский государственный цирк;
0004574.png	Химические свойства и производные
0004575.png	Бернар-Роже де Комменж, виконт де Брюникель
0004576.png	Города
0004577.png	Классификаторы
0004578.png	История Ахена
0004579.png	Возрождение КВН в 1986 году
0004580.png	Судебная власть
0004581.png	Уровни взаимодействия
0004582.png	Криптографы Великобритании
0004583.png	Рюриковичи по алфавиту
0004584.png	Финалы Олимпийских турниров в смешанном парном разряде (1)
0004585.png	Издания
0004586.png	Достопримечательности
0004587.png	деменции различного генеза (сосудистой, сенильной, при болезни Альцгеймера),
0004588.png	Устаревшие и ныне не применяющиеся правила
0004589.png	В настоящее время распространена номенклатура ИЮПАК.
0004590.png	Память
0004591.png	В память о Абеле Янсзоне Тасмане названы:
0004592.png	Гора-Валдай
0004593.png	У меня такой уклон:
0004594.png	Биография
0004595.png	РТК (рекламный телеканал)
0004596.png	Использование психиатрии в политических целях:Персоналии
0004597.png	См. также
0004598.png	Основные притоки:
0004599.png	Награды
0004600.png	Политики Франции
0004601.png	Герд А. С. Введение в этнолингвистику. СПб., 1995.
0004602.png	Примечания
0004603.png	Варенский
0004604.png	Хизб ут-Тахрир аль-Ислами
0004605.png	Два ордена Отечественной войны 1-й степени (2.11.1944; 11.03.1985).
0004606.png	Почётные доктора Лодзинского университета
0004607.png	Последние годы
0004608.png	Ссылки
0004609.png	Фрагменты
0004610.png	Специальные представители Президента Российской Федерации
0004611.png	События
0004612.png	Районные центры Саратовской области
0004613.png	Восстание Хмельницкого
0004614.png	См. также: :Категория:Родившиеся в 1136 году
0004615.png	Признак делимости на 41
0004616.png	Семейство
0004617.png	сосняки-брусничники
0004618.png	Литература
0004619.png	Симптомы
0004620.png	Поэт Леонид Мартынов в своих стихах описывал Омь в образе речки Тишины.
0004621.png	Графские роды
0004622.png	Литература
0004623.png	Бюст классику башкирской и татарской литературы Мажиту Гафури.
0004624.png	Фатима
0004625.png	Интервью Никонова в связи с запретом книги
0004626.png	Примечания
0004627.png	Синагоги Черновцов
0004628.png	Литература
0004629.png	См. также
0004630.png	Реки Северной Осетии
0004631.png	Ресурсы
0004632.png	Литература
0004633.png	Католические: Марк, Ярослав.
0004634.png	2 медали «За укрепление боевого содружества»
0004635.png	Скифия и Кавказ в древнегреческой мифологии
0004636.png	Если дискриминант больше нуля, то это гипербола или пара пересекающихся прямых.
0004637.png	564 км: прот. Вож-Ежва (пр.)
0004638.png	Либерец (Чехия)
0004639.png	В честь Турина назван астероид (512) Тауриненсида, открытый в 1903 году
0004640.png	Литература
0004641.png	Ссылки
0004642.png	1994 год
0004643.png	Севастополь
0004644.png	Войска Тимура подавили народное восстание в Исфахане.
0004645.png	Кратер в массиве вулкана Питон-де-ла-Фурнез, на острове Реюньон.
0004646.png	бакалавриат;
0004647.png	Жупа:
0004648.png	Актёр
0004649.png	Реагирует с раствором аммиака с образованием Реактива Швейцера:
0004650.png	орден Сухэ-Батора (МНР);
0004651.png	Топоним
0004652.png	Мекка: священный город похож на Манхэттен? (репортаж Би-би-си)
0004653.png	См. также: :Категория:Умершие в 53 году
0004654.png	См. также
0004655.png	План развития Петербургского метрополитена
0004656.png	См. также
0004657.png	Сущёвско-Марьинский
0004658.png	Раннее Средневековье
0004659.png	Работа в СССР
0004660.png	Укладка
0004661.png	Дон и Северный Кавказ
0004662.png	Экономика
0004663.png	Основная статья: :Категория:Родившиеся в 1694 году
0004664.png	18. Памятник генерал-лейтенанту Виктору Афанасьеву
0004665.png	Выпускники Морского кадетского корпуса
0004666.png	Издания произведений
0004667.png	Флора
0004668.png	Благословляй-ко ты нас, хозяин со хозяюшкою,
0004669.png	Подписавшие обращение «Мы с вами!» КиноСоюза
0004670.png	«Революционная идея в революции».
0004671.png	Городской округ Саранск
0004672.png	С 1937 года Бердичев, как районный центр, входит в состав Житомирской области.
0004673.png	В 1971 году призван на службу в Военно-морской флот.
0004674.png	Чемпион: 2003
0004675.png	Родились
0004676.png	Скончались
0004677.png	История картофелеводства в России
0004678.png	«Парламентская газета»;
0004679.png	Рекордсмены клуба среди легионеров
0004680.png	Районы (муниципальные районы) области:
0004681.png	Солнечные календари
0004682.png	Члены Государственного совета Российской империи
0004683.png	1978: в пуповинной крови обнаружены гемопоэтические стволовые клетки.
0004684.png	Двадцать избранных притч. СПб., 1895; 1898; 1909; 1915.
0004685.png	Адмиралы
0004686.png	В составе сплавов: для изготовления катодов гальванических элементов.
0004687.png	Анализ ошибок человека-оператора
0004688.png	В культуре
0004689.png	Территория
0004690.png	Экология
0004691.png	Получение
0004692.png	Улицы:
0004693.png	Примечания
0004694.png	Рэйчел Латтрелл, канадская актриса.
0004695.png	Литература
0004696.png	Централизованная библиотечная система города Усть-Каменогорска
0004697.png	Математические глоссарии
0004698.png	Женщина на Луне (фильм, 1929)
0004699.png	Страницы значений:Тёзки
0004700.png	Эспоо (. ), Финляндия (с 1989 года)
0004701.png	Артём:
0004702.png	Институт энергетики и систем управления
0004703.png	Культура и развлечения
0004704.png	Паровой роторный двигатель
0004705.png	Дорожное движение
0004706.png	Примечания
0004707.png	Противоопухолевые средства
0004708.png	Клише
0004709.png	абхазы (часть)
0004710.png	«Успехи математических наук»
0004711.png	обеспечивать своим клиентам наилучшие условия исполнения сделок;
0004712.png	Литература
0004713.png	Открытки с изображением женских образов, в том числе обнажённой натуры (ню).
0004714.png	ДК Химик
0004715.png	2004  Жак Сантини
0004716.png	Союз писателей Азербайджана
0004717.png	Получение
0004718.png	Сражения
0004719.png	Задачи
0004720.png	См. также
0004721.png	Изменение длины
0004722.png	Технологический транспорт
0004723.png	Джек Роберт Лаусма, американский астронавт.
0004724.png	Архаический смысл
0004725.png	Прусские командиры Наполеоновских и Революционных войн
0004726.png	Закрытие трещины
0004727.png	Тренерский штаб
0004728.png	Французской академии (1888);
0004729.png	Минский городской Совет депутатов
0004730.png	Созвездие в мифологии
0004731.png	Преподаватели Бриджпортского университета
0004732.png	Константин Каллаур
0004733.png	Прочее
0004734.png	Бензины автомобильные
0004735.png	Транспорт
0004736.png	Россини в историографии
0004737.png	Литература
0004738.png	13 марта, 15 марта
0004739.png	Евгений Торчинов. Тантрический буддизм (Ваджраяна)
0004740.png	Лицензия на программное обеспечение
0004741.png	Города-партнёры Гомеля
0004742.png	Сумская область: село Пироговка.
0004743.png	Минимальная декомпрессия
0004744.png	Литература
0004745.png	Аллергические реакции: кожная сыпь, кожный зуд.
0004746.png	Сетевой жаргон
0004747.png	Награждённые медалью Мариана Смолуховского
0004748.png	Бронзовый призёр чемпионата мира 2006
0004749.png	Классификации
0004750.png	Щёлковский клуб краеведов.
0004751.png	отчётная форма.
0004752.png	Чинопоследования
0004753.png	Выпускники Александровского лицея
0004754.png	История
0004755.png	Харсин
0004756.png	Была членом Российской партии пенсионеров.
0004757.png	Администрации Хадыженского городского поселения Апшеронского района
0004758.png	Поведенческие экономисты
0004759.png	Распад СССР: последнее заседание Президиума Верховного Совета СССР.
0004760.png	Игры о граффити
0004761.png	Члены Гейдельбергской академии наук
0004762.png	Кинематограф
0004763.png	Перверсный вуайеризм
0004764.png	События
0004765.png	Кира Прошутинская, советская и российская телеведущая, продюсер.
0004766.png	Животноводство
0004767.png	Даниловичи (Рюриковичи)
0004768.png	См. также: :Категория:Умершие в 1416 году
0004769.png	Ссылки
0004770.png	Исторические теории
0004771.png	Некоторые публикации:
0004772.png	1 декабря
0004773.png	Спорт
0004774.png	Жёны и дети
0004775.png	Похороненные на Смоленском православном кладбище, чьи могилы утрачены
0004776.png	Анизотропия
0004777.png	Аккреция Бонди
0004778.png	модель А, дополненная параметрами размерностей и знаков функций;
0004779.png	Блинная «Блины», ул. Советская, 95.
0004780.png	Патриархи чань
0004781.png	2 декабря
0004782.png	Родители
0004783.png	Сан-Салвадор
0004784.png	Американские международные организации
0004785.png	С 1951 по 2002 в этом театре он поставил 37 спектаклей:
0004786.png	Дмитрий Павлов (расстрелян в 1941), генерал армии, Герой Советского Союза.
0004787.png	Местные органы власти
0004788.png	В 1936 году город был переименован в Батуми.
0004789.png	Применение
0004790.png	Литература
0004791.png	Литература
0004792.png	Татьяна Романенко (Тутта Ларсен)
0004793.png	См. также
0004794.png	контр-адмирал (10.02.1948);
0004795.png	Взаимодействие с фенолятом железа
0004796.png	Ссылки
0004797.png	дробь
0004798.png	Молитва перед поэмой (1964)
0004799.png	Похороненные в Дубровнике
0004800.png	Мадонна в России
0004801.png	Производство и потребность
0004802.png	В низший класс входили крестьяне которые делились на несколько групп.
0004803.png	10 октября
0004804.png	Гормоны почек
0004805.png	Роспуск Пелопоннесского союза.
0004806.png	Переходные металлы
0004807.png	В этом варианте оба игрока А и В пытаются склонить ведущего к неверному решению.
0004808.png	Члены Русского географического общества до 1917 года
0004809.png	память ;
0004810.png	Александр Торбахов с 6 апреля 2020 года.
0004811.png	Кроссплатформенное программное обеспечение
0004812.png	Промышленность
0004813.png	Позиции студийных альбомов в мировых чартах
0004814.png	Государства и территории, основанные в 1890 году
0004815.png	Схема 2012 года, размещённая над дверью метро
0004816.png	Первая мировая война
0004817.png	Выпускники Парижского университета
0004818.png	Суперкубок Украины
0004819.png	Ранние годы
0004820.png	Ссылки
0004821.png	Газопровод «Сила Сибири-2»
0004822.png	Центральное направление
0004823.png	Примечания
0004824.png	Список телевизионных спутников
0004825.png	Киновоплощения
0004826.png	Малый Златоустинский переулок
0004827.png	Знак «25 лет победы в Великой Отечественной войне» (1970)
0004828.png	Производители
0004829.png	«Петрарка и Лаура» (М., 1822)
0004830.png	Образование
0004831.png	Родились
0004832.png	Игроки ФК «Бавария»
0004833.png	Литературные критики Германии
0004834.png	Экономика
0004835.png	Авторы книг по каббале
0004836.png	Финалист: 2005
0004837.png	вочеловечение и
0004838.png	Детройт
0004839.png	Религия
0004840.png	Культура
0004841.png	Возвращение мощей в послевоенные годы
0004842.png	Заречная улица
0004843.png	Музей боевой славы металлургов;
0004844.png	Хакасская автономная область
0004845.png	Систематика и филогения
0004846.png	Промышленность
0004847.png	В Союзе ССР: Лётчик-космонавт СССР.
0004848.png	года в городе была установлена Советская власть.
0004849.png	Антикварный салон (январь)
0004850.png	Хабаровская духовная семинария
0004851.png	Используется при производстве соусов, йогуртов, мороженого.
0004852.png	Литература
0004853.png	Денежная бумага используется в процессе производства банкнот.
0004854.png	Примечания
0004855.png	Август получил от сената пожизненный империй.
0004856.png	тензорезисторные (цифровые)
0004857.png	Ссылки
0004858.png	Экономический эффект
0004859.png	Суфражистки
0004860.png	Ссылки
0004861.png	Перемешивание
0004862.png	Период Третьего рейха
0004863.png	Письменность
0004864.png	Последний мамонт (1956)
0004865.png	Эмуляторы
0004866.png	Болезнь и кончина великого князя Николая Николаевича, Париж, 1929.
0004867.png	Трудовая деятельность
0004868.png	Критика
0004869.png	Транспорт
0004870.png	Военное кладбище Красной армии в Жилине
0004871.png	Провинция Фламандский Брабант
0004872.png	Ссылки
0004873.png	Начало царствования
0004874.png	Справочная литература
0004875.png	Согласно официальному сайту клуба
0004876.png	Сосновый тупик (деревня Зименки)
0004877.png	Литература
0004878.png	«Мы»: до и после
0004879.png	«Дом-музей Серафима (Звездинского)».
0004880.png	Столицы европейских государств
0004881.png	Органический синтез
0004882.png	Поверхности
0004883.png	Компании России, занимающиеся радио- и телевещанием
0004884.png	Ссылки
0004885.png	Владения
0004886.png	Войска манчжурской династии Цзинь взяли в осаду Кайфэн.
0004887.png	Премии и награды
0004888.png	1938 «Мёртвая рука» Альберта Эгеспарса
0004889.png	Соседний Кирилло-Белозерский монастырь успешно отбил все атаки интервентов.
0004890.png	Замечания о структуре повествовательного текста (1973)
0004891.png	Кошениль
0004892.png	Труды
0004893.png	См. также
0004894.png	Русские мужские имена
0004895.png	См. также
0004896.png	Примечания
0004897.png	На Илью второй урожай грибов.
0004898.png	1993 год
0004899.png	В России, в Ульяновской области, прошли похороны Валентины Леонтьевой.
0004900.png	Богословское определение
0004901.png	снижение налогов;
0004902.png	Дворянство Польши
0004903.png	Автор сочинений:
0004904.png	и другие.
0004905.png	Касательные в двойной точке составляют с отрезком  углы .
0004906.png	Герцоги де Жуайез
0004907.png	Достижения игроков
0004908.png	Культура
0004909.png	На мирандском
0004910.png	Нагрудные знаки и жетоны Гвардий.
0004911.png	Многоразовые проездные билеты
0004912.png	Источники
0004913.png	Попечители Кавказского учебного округа
0004914.png	Главная История
0004915.png	Сергей Есенин: сборники стихов «Исус младенец» (1918), «Голубень» (1918).
0004916.png	Справочник израильского водителя
0004917.png	Смерть Тайра Киёмори
0004918.png	Алмазные знаки к ордену Святого Александра Невского (11.11.1814)
0004919.png	Примечания
0004920.png	Возможность использования позднего связывания, для использования:
0004921.png	Персоналии:Флорищева пустынь
0004922.png	Места паломничества
0004923.png	Сеттинг
0004924.png	Обучение сети
0004925.png	Орлянка
0004926.png	Научная подготовка эксперимента
0004927.png	По степени фиксации вены в подкожной клетчатке выделяют следующие варианты:
0004928.png	Примечания
0004929.png	Детские школы искусств
0004930.png	Источники и использованная литература
0004931.png	Питер Сарсгаард, американский актёр.
0004932.png	Орден Святой Анны 1-й степени с алмазами (1827)
0004933.png	Биржи (особенно крупные);
0004934.png	использовать большой объём вещества в качестве растворителя,
0004935.png	Кофеин усиливает анальгезирующий эффект.
0004936.png	Достижения клубов
0004937.png	Выпускники Ленинградского театрального института имени А. Н. Островского
0004938.png	Скончались
0004939.png	производные пирролидона
0004940.png	1 июня
0004941.png	НИИ газоразрядных приборов «Плазма»
0004942.png	Инвалиды Великой Отечественной войны
0004943.png	Вольные города
0004944.png	В городе действует 81 библиотека, в том числе:
0004945.png	История возникновения и развития фагота
0004946.png	Договор о нераспространении ядерного оружия
0004947.png	Строительство здания
0004948.png	Этимология
0004949.png	Землетрясение в Невельске (2007)
0004950.png	Античность
0004951.png	по частотности
0004952.png	Участие в Русском походе 1812 года
0004953.png	Любит ходить босиком.
0004954.png	Русский язык:
0004955.png	Памятный музей Мгера Мкртчяна
0004956.png	Память Бальбины Римской;
0004957.png	Почетный профессор Уральской государственной юридической академии (1999)
0004958.png	Классификация
0004959.png	Библиотеки
0004960.png	на севере с Белозерским районом;
0004961.png	Бактериологи Германии
0004962.png	пастырь овец,
0004963.png	Биография
0004964.png	В Буздякском районе 81 населённый пункт.
0004965.png	Личная жизнь
0004966.png	В Страсбурге Иоганн Ментелин выпустил первую печатную немецкую Библию.
0004967.png	Личная жизнь
0004968.png	Простая душа (1919)
0004969.png	Библиография
0004970.png	Дезоксигенированный гемоглобин
0004971.png	Телефон экстренной связи
0004972.png	Музей истории МВД Карелии (Петрозаводск)
0004973.png	Морской транспорт
0004974.png	Музеи
0004975.png	Австрийская Республика
0004976.png	Гостинично-ресторанный комплекс УСКС ОАО «АНХК»;
0004977.png	Вторая Камчатская экспедиция
0004978.png	Механизм действия
0004979.png	Лауреаты премии Президента Российской Федерации
0004980.png	Городской парк аттракционов Геленджика;
0004981.png	Председатели губернского исполнительного комитета
0004982.png	Фискальные консерваторы
0004983.png	Классификация по характеру движения ценных бумаг
0004984.png	Оптика
0004985.png	Законы Плато
0004986.png	Ресторан японской кухни «Суши Сет»
0004987.png	Сценарист
0004988.png	Античность
0004989.png	Алексей Черепанов (р. 1989), российский хоккеист.
0004990.png	Персоны года
0004991.png	Орден Красной Звезды (1945)
0004992.png	Агонисты рецепторов моноаминов
0004993.png	Масаки Кобаяси (р. 1916), японский кинорежиссёр и сценарист.
0004994.png	Псевдокод (язык описания алгоритмов)
0004995.png	Лионский собор
0004996.png	Финансирование
0004997.png	Основные технические характеристики:
0004998.png	Направления политической философии
0004999.png	2017 год
0005000.png	См. также: :Категория:Родившиеся 11 мая
0005001.png	Кухня
0005002.png	Химические свойства
0005003.png	Основные типы теплоизоляции
0005004.png	Амины
0005005.png	Млодинов Л. (Не)совершенная случайность
0005006.png	Скончались
0005007.png	Орден Святого Александра Невского ()
0005008.png	Право женщин на планирование семьи и регулирование репродуктивной функции;
0005009.png	зал бокса «Дружба».
0005010.png	Ссылки
0005011.png	Политический активизм
0005012.png	Фильмография
0005013.png	Население
0005014.png	«Шведская модель»
0005015.png	Выпускники медицинского факультета Императорского Харьковского университета
0005016.png	барн.
0005017.png	Вооружённые силы
0005018.png	Мех (значения)
0005019.png	Районы Башкортостана
0005020.png	Книги
0005021.png	Йорк (), Пенсильвания, США
0005022.png	317 км: Куендат (80 км)
0005023.png	Победители шахматных олимпиад
0005024.png	Различают экстенсивные и интенсивные факторы роста экономики.
0005025.png	Неподвижная фаза с пропилнитрильной прививкой (нитрильной);
0005026.png	Астрономия
0005027.png	Биография
0005028.png	Местное самоуправление
0005029.png	См. также
0005030.png	Промышленность и сельское хозяйство
0005031.png	Литература
0005032.png	Кампус в Катаре
0005033.png	Фильмы о Распутине
0005034.png	Учёные Италии
0005035.png	Литература
0005036.png	29 ноября
0005037.png	Германо-скандинавская мифология
0005038.png	Город состоит из девяти административных районов:
0005039.png	Военная карьера
0005040.png	Примечания
0005041.png	Примечания
0005042.png	Путешественники Российской империи
0005043.png	Награды
0005044.png	Экранизации произведений Рэя Брэдбери
0005045.png	Примечания
0005046.png	Прокоп Перезимний, Дорогорушитель (только для невисокосных лет).
0005047.png	Криоагент
0005048.png	Культура и образование
0005049.png	Астрономические символы
0005050.png	Русские
0005051.png	Исторические публикации
0005052.png	Киберпанк
0005053.png	Исторические флаги Бразилии (галерея)
0005054.png	Исчисление эпох
0005055.png	Анисимов С. Исторический город Ялуторовск. М., 1930. 68 с.
0005056.png	Похороненные в Камчатском крае
0005057.png	Психолингвистика занимается:
0005058.png	Командор (31 мая 1890 года)
0005059.png	Ссылки
0005060.png	«Другой человек»
0005061.png	Похороненные на Покровском кладбище (Селятино)
0005062.png	либо состоит из одной вершины.
0005063.png	Примечания
0005064.png	Неприемлемо использование более одного потайного хода.
0005065.png	Президентская кампания 1996 года
0005066.png	Теоретико-числовые алгоритмы
0005067.png	Примечания
0005068.png	Четыре ордена Красного Знамени (3.11.1937, 3.11.1944, 21.07.1945, 1948)
0005069.png	Морозов Н. Ф.
0005070.png	Командные
0005071.png	Категории городов
0005072.png	Электроразведка
0005073.png	Мемориальная квартира Пушкина на Арбате
0005074.png	Научные взгляды
0005075.png	Птелея трехлистная
0005076.png	Этимология
0005077.png	Три ордена Ленина:
0005078.png	Экология
0005079.png	Расширение (ПО)
0005080.png	Многофункциональное устройство
0005081.png	Кокиэ (Экие)
0005082.png	В 2013 году открыт памятник в Киеве на Аллее Воинской Славы.
0005083.png	Все дифференциальные уравнения можно разделить на
0005084.png	А у 5 сына Романова у Дмитрея дети:
0005085.png	Национальный состав
0005086.png	Олесь Ульяненко (наст. имя Александр Ульянов; р. 1962), украинский писатель.
0005087.png	Музеи Некрасова
0005088.png	Ректоры Грацского университета
0005089.png	Что придумал суп варить
0005090.png	Великая Отечественная война
0005091.png	Города-побратимы
0005092.png	Злоупотребление
0005093.png	Этимология
0005094.png	Биография
0005095.png	Городская символика
0005096.png	Примечания
0005097.png	Песни на стихи Есенина
0005098.png	США приняли закон о национальной обороне.
0005099.png	Символы античных счётных и весовых единиц
0005100.png	Мужская
0005101.png	Примечания
0005102.png	В городе около 3 тыс. строений, более 70 улиц, площадей и переулков.
0005103.png	Наука и образование
0005104.png	Раввины Испании
0005105.png	Графы Богарне (3 ветви) (РИ)
0005106.png	Финальный турнир
0005107.png	Жертвенник
0005108.png	Станочная оснастка
0005109.png	Официальный сайт муниципального образования «Мамоновский городской округ»
0005110.png	Ильменские словене
0005111.png	Миньон
0005112.png	Манга Хокусая
0005113.png	Семёновка
0005114.png	Вдохновитель крестовых походов
0005115.png	Пунам Дхиллон, индийская актриса кино, театра и телевидения.
0005116.png	В 1949 году по приглашению Чикагского университета он посетил США.
0005117.png	Ссылки
0005118.png	Прусские командиры Наполеоновских и Революционных войн
0005119.png	Краковский университет (Галиция)
0005120.png	Публикации текстов
0005121.png	В 2006 году был образован городской округ.
0005122.png	Публицисты России
0005123.png	Примечания
0005124.png	Античная мифология
0005125.png	Япония заявила о невмешательстве в европейскую войну
0005126.png	Супрамолекула
0005127.png	Хелли
0005128.png	Медаль Эдварда Лонгстрета (1953)
0005129.png	См. также
0005130.png	«Часы Архимеда»;
0005131.png	Задорная улица
0005132.png	«Нигерийские письма»
0005133.png	Полярное сияние
0005134.png	Интеллектуальные занятия
0005135.png	Соратники Блофельда
0005136.png	После открытия
0005137.png	Синхронная орбита
0005138.png	Образование
0005139.png	Важнейшие события
0005140.png	В советское время
0005141.png	К стихам Пушкина писали музыку многие композиторы:
0005142.png	Литература
0005143.png	Янки из Коннектикута при дворе короля Артура
0005144.png	В Атланте базируется команда НБА «Атланта Хокс».
0005145.png	Михаил Таль (р. 1936), советский шахматист, гроссмейстер, 8-й чемпион мира.
0005146.png	Сайт администрации поселения
0005147.png	Описание
0005148.png	Литература
0005149.png	«Радио Болгар» (91,7 МГц)
0005150.png	Зоологи Бельгии
0005151.png	Лауреат национальной премии «Золотой глаз России».
0005152.png	Писатели Польши
0005153.png	См. также
0005154.png	Утверждение в Галиче
0005155.png	Сведения на сайте областной администрации
0005156.png	Тождества
0005157.png	Административное деление
0005158.png	Дочь: Татьяна Иващенко (род. 1983)
0005159.png	Иностранные члены Лондонского королевского общества
0005160.png	Дистрибутивы
0005161.png	Хабаровский судостроительный завод
0005162.png	ледник на острове Октябрьской Революции архипелага Северная 3емля
0005163.png	История
0005164.png	Гомель
0005165.png	События
0005166.png	15-пролётный мост относится к Арранской архитектурной школе.
0005167.png	Противопоказания
0005168.png	Так тот и не поделится,
0005169.png	Населённые пункты Ивановской области
0005170.png	Случаи заражения при лабораторной контаминации
0005171.png	Центры происхождения культурных растений
0005172.png	Мадейра
0005173.png	Основные опубликованные труды:
0005174.png	Змеевики можно классифицировать по пространственной укладке трубки:
0005175.png	Известные представители
0005176.png	!Состояние
0005177.png	Литература
0005178.png	Также имеются города-партнёры:
0005179.png	Ремонтное депо Шарья (ТЧР-33)
0005180.png	Особенности
0005181.png	Смоленский государственный университет
0005182.png	Ранние работы
0005183.png	Члены Демократической партии США
0005184.png	Родившиеся в 1542 году
0005185.png	Ставропольский кооперативный техникум экономики, коммерции и права
0005186.png	Грамматика словио
0005187.png	Литература
0005188.png	Населённые пункты
0005189.png	Выборы 28.03.1958 года
0005190.png	мутуализм
0005191.png	Максим Горький
0005192.png	Образование
0005193.png	Галлюцинозы в структуре отдельных болезней
0005194.png	Эрик Хобсбаум. Предисловие к «Манифесту коммунистической партии»
0005195.png	Клише, связанные с понятием «дружба»:
0005196.png	Умершие в 1924 году
0005197.png	Ссылки
0005198.png	Награды
0005199.png	Литература
0005200.png	Хронология
0005201.png	Скончались
0005202.png	Фототермины
0005203.png	Литература
0005204.png	Определение
0005205.png	Примечания
0005206.png	Литература
0005207.png	Великий герцог
0005208.png	2. Реакции с участием бензольного кольца
0005209.png	Медаль Фарадея по экспериментальной физике
0005210.png	«Песчаная горячка» (1955, опубл. 1991)
0005211.png	Бобруйский монастырь жен-мироносиц (2005)
0005212.png	Биологи СССР
0005213.png	Южная Азия:
0005214.png	Киворий
0005215.png	Русские писатели по алфавиту
0005216.png	Аладар Рац (р. 1886), венгерский солист на цимбалах.
0005217.png	Античные писатели, чьи труды дошли до нашего времени
0005218.png	БАТЭ-БГУФК (чемпионат Белоруссии по волейболу)
0005219.png	Адыгейский педагогический колледж им. Х. Андрухаева,
0005220.png	Большая Лубянка улица
0005221.png	17 апреля
0005222.png	Возможное авторство
0005223.png	Примечания
0005224.png	География
0005225.png	Памятный знак жертвам еврейского гетто (скульптор Ричард Груша)
0005226.png	1990-е годы в Буркина-Фасо
0005227.png	Арнульфинги и Пипиниды
0005228.png	Епископы смоленские
0005229.png	Примечания
0005230.png	Основания
0005231.png	Исходящий телемаркетинг и обработка телефонных вызовов
0005232.png	Грузовик ГАЗ-51, поставляющийся за границу, называли «Молотовка».
0005233.png	Применение
0005234.png	Биография
0005235.png	Рифмизация;
0005236.png	Остров Канта
0005237.png	В качестве поверхности обычно рассматривается сечение проводника.
0005238.png	Что позорное пятно трусливого подчинения никогда не будет смыто.
0005239.png	Промышленность
0005240.png	407 км: Аккем
0005241.png	Евнапий, византийский историк и софист.
0005242.png	Награды и премии
0005243.png	Крупнейшие каналы: Каракумский, Аму-Бухарский и др.
0005244.png	которое является частным случаем высказывания
0005245.png	Кавалеры ордена Святого апостола Андрея Первозванного
0005246.png	Режиссёр-постановщик
0005247.png	См. также
0005248.png	Биография
0005249.png	Экономика
0005250.png	Часовни
0005251.png	Города филистимлян
0005252.png	События
0005253.png	«Приключение в ночь под Новый год» ()
0005254.png	Орден «Дружба» (Узбекистан, 2006).
0005255.png	Родились
0005256.png	Распространение
0005257.png	См. также: :Категория:Родившиеся в 1677 году
0005258.png	Реформа образования
0005259.png	Определение
0005260.png	Умм Кульсум бинт Мухаммад
0005261.png	Отношения с другими государствами
0005262.png	Официальный сайт администрации округа
0005263.png	математики и информатики
0005264.png	Информационное сообщение
0005265.png	Афанасьев Роман Сергеевич на сайте «Архив фантастики».
0005266.png	Примечания
0005267.png	Целочисленный квантовый эффект Холла
0005268.png	Закон воспели придворные поэты:
0005269.png	Аппалачский английский
0005270.png	Награды
0005271.png	30 октября 2000 года была введена национальная валюта «сомони».
0005272.png	Фильмы
0005273.png	Родились
0005274.png	Церковь христиан веры евангельской «Источник жизни»
0005275.png	Литература
0005276.png	Географическое положение и климат
0005277.png	Клуге
0005278.png	кратер на Луне;
0005279.png	Меркушкин, Николай Иванович
0005280.png	Преподаватели Гёттингенского университета
0005281.png	Примечания
0005282.png	На 100 детей дошкольного возраста в ДОУ приходится 98 мест.
0005283.png	Члены-корреспонденты АПН РСФСР
0005284.png	Нетрадиционное использование
0005285.png	Символ любой валюты
0005286.png	Мстиславль
0005287.png	Образование
0005288.png	Сборники статей:
0005289.png	Основы стегоанализа
0005290.png	Полный список миллиардеров
0005291.png	Литература
0005292.png	Примечания
0005293.png	В оптопарах и твердотельных реле;
0005294.png	Последнее интервью Сергея Капицы
0005295.png	Сенаторы от штата Огайо
0005296.png	Химический состав
0005297.png	Бартанг
0005298.png	Бишкек, Киргизия (1992)
0005299.png	Территориальное устройство
0005300.png	Федеративная Республика Бразилия
0005301.png	Поляны, улица
0005302.png	Проблема Подкарпатской Руси после Первой мировой войны
0005303.png	Коптская православная церковь
0005304.png	Память блаженной Катрин дю Вердье дэ ла Сориньер;
0005305.png	География
0005306.png	Персоналии, чья дата рождения не установлена
0005307.png	Премия имени Джона Мак-Говерна за отличие в искусстве (1989)
0005308.png	Члены КПСС
0005309.png	Учившиеся, но не окончившие МЭИ
0005310.png	Премия Британской академии 2000 года
0005311.png	на март 2018 года: 0,83
0005312.png	наследование;
0005313.png	Культура и искусство
0005314.png	Альфа-адреномиметики
0005315.png	Здания для ремонта и хранения сельскохозяйственных машин.
0005316.png	Литература
0005317.png	Топоним
0005318.png	Развёртывание войны на Юге
0005319.png	Картины
0005320.png	Ссылки
0005321.png	ООО «Муромский завод трубопроводной арматуры»;
0005322.png	необходимо изучить показания электронного табло (при наличии);
0005323.png	Послы СССР в Швеции
0005324.png	Умершие в 1615 году
0005325.png	филология (квалификация выпускника «учитель двух иностранных языков»);
0005326.png	См. также
0005327.png	Адаптационно-трофическая функция симпатической нервной системы
0005328.png	Появились в 1987 году в США
0005329.png	Сборники стихотворений
0005330.png	Начальники Объединённой белорусской военной школы
0005331.png	См. также
0005332.png	Ссылки
0005333.png	Толмачёв, Виктор Григорьевич
0005334.png	Биографические очерки, мемуары
0005335.png	Интегрируемые функции
0005336.png	А медведиха осержалася,
0005337.png	Климат
0005338.png	Жуковка (левый)
0005339.png	Генеральный директор Малого театра: Тамара Анатольевна Михайлова
0005340.png	Информация на сайте Большого театра
0005341.png	Скончались
0005342.png	Литература
0005343.png	Праздники и памятные дни
0005344.png	Кубок Интертото УЕФА
0005345.png	Скончался  (по другим сведениям 26 декабря) в Петербурге.
0005346.png	История
0005347.png	Верхний предел последовательности :
0005348.png	Ссылки
0005349.png	1960-е
0005350.png	Базовые принципы на практике
0005351.png	усиленный аппетит;
0005352.png	Восточное Измайлово
0005353.png	Амфетамины
0005354.png	Энергетика
0005355.png	Исторический роман «Юный император», автор Всеволод Соловьёв.
0005356.png	В других областях
0005357.png	Биология
0005358.png	Музыковеды Германии
0005359.png	Города, ранее называвшиеся в честь Ленина
0005360.png	Ограничение или запрет судебного правотворчества
0005361.png	Известные носители
0005362.png	Персоналии по алфавиту
0005363.png	Передний Рейн
0005364.png	Частное мужское реальное училище С. Я. Ягубьянца.
0005365.png	Литература
0005366.png	Семья
0005367.png	Дворянские роды, на гербах которых изображены коронованные львы
0005368.png	Научная библиотека в послевоенное время
0005369.png	Музеи
0005370.png	Пивные палатки
0005371.png	Экранизации
0005372.png	Ссылки
0005373.png	См. также: :Категория:Умершие в 1874 году
0005374.png	Маскированная депрессия
0005375.png	Королевский колледж (), 1441
0005376.png	Голубая игуана
0005377.png	Давление (полное и динамическое)
0005378.png	В 1962 номинирован на Нобелевскую премию по литературе.
0005379.png	гидрирование имина до амина.
0005380.png	Орден Красного орла 1 степени (Королевство Пруссия, 30.05.1813)
0005381.png	Северный район: микрорайон Калинина, микрорайон Скворцы и промзона.
0005382.png	Спорт
0005383.png	Населённые пункты с численностью населения более 25 тысяч человек
0005384.png	Наиболее крупные дела ФАС России
0005385.png	ПО «Хлеб» (производство хлеба)
0005386.png	Территориальные подразделения
0005387.png	Межевой знак
0005388.png	Структуру органов местного самоуправления городского округа составляют:
0005389.png	Известные люди
0005390.png	Восприятие
0005391.png	разрушение почвенных экосистем;
0005392.png	Эфиопское письмо
0005393.png	Вершина (съемка ТВ Таллина, 1972)
0005394.png	Латинские названия городов Европы
0005395.png	Литература
0005396.png	Психолого-педагогическая классификация
0005397.png	1202 км: Делиндяк
0005398.png	Экипажи
0005399.png	Примечания
0005400.png	Примечания
0005401.png	Ралли Монте-Карло
0005402.png	эмуляции различных архитектур (например, эмулятор игровой приставки);
0005403.png	5 апреля:
0005404.png	Транспорт
0005405.png	Функциономика
0005406.png	Выпускники Лондонского университета
0005407.png	Число 127 в деталях
0005408.png	Одиссей и Юривака: мифологический образ в японской культуре
0005409.png	Литература
0005410.png	Типы астрономических объектов
0005411.png	Немецкий роман
0005412.png	Высшее образование
0005413.png	Упадок и запрет
0005414.png	Вадим Верещак (ум. 2008), советский и украинский кинооператор, актёр и педагог.
0005415.png	Малый Демидовский переулок
0005416.png	Международная морская организация
0005417.png	Населённые пункты
0005418.png	Примечания
0005419.png	один гипермаркет,
0005420.png	Фридрих Вильгельм фон Штойбен
0005421.png	Международный артист (Филиппины, 1982)
0005422.png	Члены Баварской академии наук
0005423.png	См. также
0005424.png	Автобус
0005425.png	Верейский
0005426.png	Социальная структура и размножение
0005427.png	Кикбоксеры Украины
0005428.png	Железнодорожная техника
0005429.png	Собор Св. Равноапостольных Константина и Елены (1935)
0005430.png	Экология
0005431.png	Редкоземельные элементы
0005432.png	Народные промыслы
0005433.png	Хорватские поэты
0005434.png	Мифические острова
0005435.png	Розеттский камень помог Француа Шампольону расшифровать египетские иероглифы.
0005436.png	Карьера при Карзае и Гани
0005437.png	Иностранные члены АМН СССР
0005438.png	Общественный транспорт
0005439.png	Истоки
0005440.png	Память
0005441.png	Печеночные
0005442.png	См. также
0005443.png	Лауреаты премии «Джуно»
0005444.png	Литература
0005445.png	Ссылки
0005446.png	Писатели по алфавиту
0005447.png	События
0005448.png	сернистый ангидрид;
0005449.png	Издания
0005450.png	Прощание в Дании
0005451.png	Роман «Рыжий Будда» (Сергей Марков).
0005452.png	Джиро ди Ломбардия
0005453.png	Ссылки
0005454.png	Литература
0005455.png	Примечания
0005456.png	См. также
0005457.png	Молодость
0005458.png	Расцвет творчества
0005459.png	Генуэзский период
0005460.png	Примечания
0005461.png	Богословы Эстонии
0005462.png	Германо-скандинавская мифология
0005463.png	Ссылки
0005464.png	орден Святой Анны 1-й ст. (1852)
0005465.png	Участники Сталинградской битвы
0005466.png	Ральф
0005467.png	Программное обеспечение
0005468.png	См. также
0005469.png	Рабочая улица
0005470.png	Аудиокниги
0005471.png	«Дуэт королевы и Бекингэма», исполняют Алиса Фрейндлих и Алексей Кузнецов
0005472.png	Теннис
0005473.png	События
0005474.png	Преподаватели Джульярдской школы
0005475.png	Красников, Константин Кириллович (07.10.1993, 042)
0005476.png	Рекуррентное соотношение для геометрической прогрессии:
0005477.png	Магнитная анизотропия
0005478.png	Тренировка базируется на трёх основных техниках:
0005479.png	Траншей-майор
0005480.png	Ракетогидродинамика
0005481.png	Применение
0005482.png	снижение неравномерности нейтронного поля.
0005483.png	Кассий обвинён в стремлении к тирании и казнён.
0005484.png	Работы классиков постмодернизма
0005485.png	Сказки 1943 года
0005486.png	Примечания
0005487.png	Преподаватели Главного педагогического института
0005488.png	Нервная сеть
0005489.png	Литература
0005490.png	1074 км: руч. Власий Пасашор (лв.)
0005491.png	Дискография
0005492.png	Член-корреспондент Баварской академии изящных искусств (1981)
0005493.png	Коэффициент рождаемости: 22,08;
0005494.png	(мост через бухту Золотой Рог)
0005495.png	Егорьевский проезд
0005496.png	Спектакли по алфавиту
0005497.png	21 февраля (6 марта)
0005498.png	Широков, Анатолий Григорьевич
0005499.png	Очередь
0005500.png	Династии исламских правителей
0005501.png	Получение
0005502.png	ВИЧ-инфекция
0005503.png	день апостола Варнавы (61)
0005504.png	Мятеж
0005505.png	Иудеохристианство
0005506.png	Действительные члены Петербургской академии наук
0005507.png	Телевидение высокой чёткости
0005508.png	ООО «Шумихинское машиностроительное предприятие»
0005509.png	9 августа 2021 запущена трамвайная сеть в Тампере.
0005510.png	Донецкая греческая библиотека
0005511.png	Лингвистическая характеристика
0005512.png	Преподаватели ВШЭ
0005513.png	Буддизм
0005514.png	Сайт о туграх османских султанов
0005515.png	Дункель
0005516.png	Дело Де Грегорио
0005517.png	Миры Андрея Кавецкого. Каталог выставки. Калининград, 2008.
0005518.png	Экономика
0005519.png	Интернет-проект «Иерархия церквей» об Ассирийской церкви
0005520.png	Роспись по телу
0005521.png	Оптические игрушки
0005522.png	Память
0005523.png	Ференц Пушкаш
0005524.png	Устная речь
0005525.png	История
0005526.png	Праздники и памятные дни
0005527.png	Растениеводство
0005528.png	Литература
0005529.png	деградация плодородных земель (эрозия почв, солончаки);
0005530.png	Древневосточные церкви
0005531.png	Населённые пункты городского округа город Первомайск
0005532.png	Союз Евангелическо-лютеранских церквей
0005533.png	Стратегические судебные иски, направленные против участия общественности
0005534.png	сконструированный язык (, , );
0005535.png	Артиллеристы Первой мировой войны (Германия)
0005536.png	Убийство
0005537.png	Лейпциг, Германия (16 октября 1984)
0005538.png	Особые формы брака
0005539.png	Биография
0005540.png	Орден Святой Анны 2-й степени (1908)
0005541.png	Этрурия
0005542.png	Уменьшение «цифрового» разрыва
0005543.png	Война с Англией и осада Ла-Рошели
0005544.png	В «Сказании» нет истории о любовнице, которой Дракула вспорол живот.
0005545.png	Сложность разработки ПО
0005546.png	11-е число Фибоначчи
0005547.png	Гипероним
0005548.png	3 учреждений дополнительного образования детей;
0005549.png	Корби, Великобритания
0005550.png	Современность
0005551.png	Скончались
0005552.png	Ссылки
0005553.png	Нет дружбы, кроме как в верности».
0005554.png	План Наполеона перед Ульмом
0005555.png	Канальный и физический уровни передачи данных
0005556.png	Парламентский кризис на Украине (2006)
0005557.png	Напряжение питания: 0,95-1.3 В
0005558.png	Польша
0005559.png	Главнокомандующие Западным фронтом (Первая мировая война)
0005560.png	Всемирный день радиолюбителя.
0005561.png	История
0005562.png	Свойства
0005563.png	Творческое мышление
0005564.png	Малый театр
0005565.png	В Японской империи
0005566.png	В традиционной системе:
0005567.png	Интерлингвистика и искусственные языки
0005568.png	Корела-попугай
0005569.png	Лётчики Великой Отечественной войны
0005570.png	Историографы
0005571.png	События
0005572.png	Символика
0005573.png	Выпускники Оксфордского университета
0005574.png	Троицкая улица (деревня Пучково)
0005575.png	См. также
0005576.png	Рудненская аллея.
0005577.png	Теллус
0005578.png	Россия
0005579.png	Условия мира
0005580.png	ВИЧ-инфекция
0005581.png	Выборы 7 созыва ГД: 18 сентября 2016;
0005582.png	Преподаватели Императорского Дерптского университета
0005583.png	Здравоохранение, физическая культура и социальное обеспечение
0005584.png	Рифма
0005585.png	В художественной литературе
0005586.png	Бред иноязычных и тугоухих.
0005587.png	В 1831 году эмигрировал во Францию; в Париже напечатал:
0005588.png	Литература
0005589.png	Рождение, ранние годы
0005590.png	Партизанская улица
0005591.png	28 августа 2018 года проект переведён в состояние первой бета-версии.
0005592.png	Тоническое стихосложение
0005593.png	Примечания
0005594.png	Разновидности
0005595.png	См. также
0005596.png	Происхождение
0005597.png	Практические попытки пройти СМП
0005598.png	Вантаа, Финляндия
0005599.png	Четверные звёзды
0005600.png	Россия
0005601.png	Действующее лицо в трагедиях Еврипида «Темен» и «Темениды».
0005602.png	осевые (аксиальные)
0005603.png	Выжившие в Холокосте
0005604.png	Ссылки
0005605.png	Украинское барокко
0005606.png	Сражения по алфавиту
0005607.png	Примечания
0005608.png	Примечания
0005609.png	Космические корабли серии «Спейс шаттл»
0005610.png	Города-побратимы
0005611.png	См. также
0005612.png	Герои Советского Союза и полные кавалеры ордена Славы
0005613.png	Российская телевизионная и радиовещательная сеть
0005614.png	Почётные граждане Теплице
0005615.png	Иммигрировавшие в США из Германии
0005616.png	Тихоокеанские ураганы
0005617.png	Детская библиотека
0005618.png	Ссылки
0005619.png	Авторское право
0005620.png	25. Памятник генерал-майору авиации, летчику-космонавту Анатолию Филипченко
0005621.png	Почётный гражданин Норильска.
0005622.png	Импульсный набор
0005623.png	Ссылки
0005624.png	Публицисты Франции
0005625.png	Британские войска вошли в Басру.
0005626.png	Почётный Компаньон ордена Австралии (Австралия, 9 июня 1999 года);
0005627.png	Умер в полном забвении и бедности.
0005628.png	Виды фотографии
0005629.png	Анатолий Алябьев
0005630.png	Бабизм
0005631.png	Оригами
0005632.png	Берег
0005633.png	Ресурсы
0005634.png	29 сентября
0005635.png	Заозёрный хребет
0005636.png	Источники
0005637.png	Международные вспомогательные языки
0005638.png	Фильтр Байера
0005639.png	События
0005640.png	Сотрудники Института Пастера
0005641.png	Населённые пункты Кавказского района (Краснодарский край)
0005642.png	Культура
0005643.png	Литература
0005644.png	Булыжник
0005645.png	Связь статистики с другими дисциплинами
0005646.png	Персоналии
0005647.png	Горнолыжный комплекс «Туутари-Парк», дер. Ретселя Ломоносовского района;
0005648.png	Агилольфинги
0005649.png	Глазуновский историко-краеведческий музей (Глазуновка, ул. Ленина, 17)
0005650.png	Публикации
0005651.png	Озёра Мядельского района
0005652.png	Литература
0005653.png	Алкоголь
0005654.png	плохие механические характеристики и низкая упругость;
0005655.png	Фильмы на английском языке
0005656.png	Структура компании
0005657.png	Вымышленные федерации
0005658.png	Наблюдение
0005659.png	Приватизация
0005660.png	Биология и экология
0005661.png	Парк молодежи
0005662.png	География
0005663.png	Старая крепость,
0005664.png	Рымникская духовная семинария
0005665.png	и другие (см. Собор преподобных отцов Киево-Печерских).
0005666.png	Диармайд с Инис Клотранн, аббат Инис Клотранна.
0005667.png	мужчины: 35,5 лет
0005668.png	Пол Прай
0005669.png	Климат
0005670.png	Французский Алжир
0005671.png	Заболевания по алфавиту
0005672.png	Литература
0005673.png	Еврейские огласовки
0005674.png	Проекты реформирования письменности в современности
0005675.png	Сюжет
0005676.png	Глюк. Балет «Дон Жуан» (1761)
0005677.png	Романы и повести
0005678.png	Примечания
0005679.png	Академики Болгарской академии наук
0005680.png	Литература
0005681.png	Аэропорты
0005682.png	Гамалеев Николай Аркадьевич (с 1994 года по 1997 год);
0005683.png	Сумма первых 53 простых чисел делится на 53
0005684.png	По мнению врачей того времени:
0005685.png	Левоцентристские партии
0005686.png	Списки простых и факторизованных составных чисел
0005687.png	Ганноверы
0005688.png	Понтус Комарк, шведский футболист.
0005689.png	Родились
0005690.png	Серия «Молот и крест»
0005691.png	См. также
0005692.png	Таблица построена на данных, приведенных муниципалитетом.
0005693.png	Хозяйство
0005694.png	Литература
0005695.png	Паисий
0005696.png	Промышленность
0005697.png	Храмы, памятники истории и архитектуры
0005698.png	Фристайл (подробнее)
0005699.png	Последствия американской и испанской колонизации
0005700.png	Наука, техника, технология
0005701.png	Скончались
0005702.png	журналист Юрий Рост
0005703.png	Страничка программы «Пионер» на сайте НАСА
0005704.png	Конструкция
0005705.png	Орден Доброй Надежды (ЮАР)
0005706.png	Температура как локальный параметр. Температурное поле
0005707.png	Культурная дипломатия
0005708.png	Возможности
0005709.png	1031 км: Ляча (лв)
0005710.png	Классы антидепрессантов
0005711.png	Марина Цветаева
0005712.png	Зорин
0005713.png	Понятие «индивиды», экземпляр «индивид».
0005714.png	Этимология
0005715.png	Космонавтика
0005716.png	Литература
0005717.png	Древняя Русь
0005718.png	Общие сведения
0005719.png	Убийство
0005720.png	Примечания
0005721.png	Электромагнитные величины в различных системах СГС
0005722.png	На счету Роберта Бартини свыше 60 проектов самолётов, в том числе:
0005723.png	Дотан, Труде
0005724.png	Исследования функции рецепторов
0005725.png	Конструкция
0005726.png	Церковь Сатаны в Европе
0005727.png	состоявшиеся президентские выборы признаны судом недействительными
0005728.png	Исламский мятеж в Мозамбике
0005729.png	Галерея
0005730.png	Телевидение
0005731.png	Экономика
0005732.png	Харьковская областная универсальная научная библиотека
0005733.png	Комаров
0005734.png	Сэмюэл Чейс
0005735.png	Независимые специфичные форматы меток безопасности и их содержание
0005736.png	Институт наук о воде
0005737.png	См. также: :Категория:Умершие в 1038 году
0005738.png	Бельгийская (треугольная) ферма;
0005739.png	Биография
0005740.png	Интерактивная модель расположения объектов на орбите Земли
0005741.png	Оплот, Оплот 2
0005742.png	Сосновоборский городской Совет депутатов шестого созыва.
0005743.png	Спорт
0005744.png	Переводчики Сербии
0005745.png	Образование
0005746.png	Литература
0005747.png	Министры финансов Италии
0005748.png	Раннее средневековье Византии
0005749.png	центробежные насосы
0005750.png	В Венесуэле была предпринята очередная попытка государственного переворота.
0005751.png	Исследования о Южной Азии
0005752.png	Германское интерлингвистическое общество, Берлин, Германия
0005753.png	память священномученика Николая Тохтуева, диакона (1943)
0005754.png	Казнённые во время Великой французской революции на гильотине
0005755.png	Эффективность систем управления
0005756.png	Официальные символы
0005757.png	Стол. Параб
0005758.png	возможна потеря сознания;
0005759.png	Ареал
0005760.png	Иммуноглобулины
0005761.png	Заместители министра иностранных дел СССР
0005762.png	Алеманны вторгаются в Италию к северу от реки По.
0005763.png	Образование и культура
0005764.png	О корректном употреблении терминов
0005765.png	Раздел
0005766.png	Ссылки
0005767.png	Источники
0005768.png	Депутаты Верховного Совета РСФСР 10-го созыва
0005769.png	Пермский край
0005770.png	Меры борьбы
0005771.png	высшие
0005772.png	Дни памяти
0005773.png	Нахождение касательной
0005774.png	Почётные доктора Кембриджского университета
0005775.png	Первый мультиплекс цифрового эфирного телевидения России
0005776.png	Руководитель глобальной коммерческой деятельности: Кристиан Парслоу
0005777.png	Космонавтика Европы
0005778.png	Геннадий Георгиев («Жар-птица»)
0005779.png	Гана принята в Организацию Объединённых Наций.
0005780.png	Световые, например: кристаллофосфор
0005781.png	Античные писатели, чьи труды дошли до нашего времени
0005782.png	Храм в честь Рождества Христова
0005783.png	Брейд-вымпелы цесаревичей и цесаревен
0005784.png	30 декабря:
0005785.png	Владимир-Волынское регентское духовное училище (УПЦ МП)
0005786.png	Музеи
0005787.png	бриллиантовые знаки к австрийскому ордену Леопольда большой крест (1897)
0005788.png	События
0005789.png	Это какая улица?
0005790.png	Ингибиторы моноаминоксидазы
0005791.png	Артём Дзюба
0005792.png	Православные богословы
0005793.png	Также жители Кумыкии выращивали хлопок и имели развитое шелководство.
0005794.png	ООО «Волгостройсервис» (строительство)
0005795.png	Градостроительная деятельность
0005796.png	Смерть епископа Северина.
0005797.png	Официальный сайт администрации города Мирный
0005798.png	Сергей Муравьёв-Апостол (р. 1796), подполковник русской армии, декабрист;
0005799.png	Родились
0005800.png	Языки программирования семейства Алгола
0005801.png	с 2019: Максим Борисович Смельницкий
0005802.png	органы управления;
0005803.png	Генуэзская крепость и отдельно стоящие башни
0005804.png	«Фармацевтический»
0005805.png	Адаптации
0005806.png	Сечения
0005807.png	необеспеченная драгоценными металлами (бумажная)
0005808.png	Радиоэлектроника
0005809.png	Сайт газеты «Ди Цайт»
0005810.png	Родившиеся в 1650 году
0005811.png	ахвахский (попытки с 1980-х)
0005812.png	Областная общественно-политическая газета «Всё будет хорошо!»;
0005813.png	Предпосылки создания вуза
0005814.png	Медаль ордена «За трудовые заслуги» (1959, Бразилия).
0005815.png	Ссылки
0005816.png	Начало творческой деятельности
0005817.png	География производства
0005818.png	мелкие серовато-голубоватые пятна на коже.
0005819.png	Мучной мост
0005820.png	Некоторые памятники, включенные в индексы отреченных книг:
0005821.png	Католицизм
0005822.png	Практически всегда файлы на дисках объединяются в каталоги.
0005823.png	Саксония
0005824.png	Сайт, посвящённый К. С. Станиславскому.
0005825.png	Классификация
0005826.png	Филиалы
0005827.png	Самолёт Ан-2. Инструкция по эксплуатации, 2 изд., Оборонгиз, 1959, 178 с.
0005828.png	Генерал-майоры (Российская империя)
0005829.png	Лорды Островов
0005830.png	Внутренние награды
0005831.png	Букварь
0005832.png	Перемещения
0005833.png	Переименованные населённые пункты России
0005834.png	Военные врачи Российской империи
0005835.png	Марксистские и постмарксистские школы и направления
0005836.png	На других языках
0005837.png	См. также
0005838.png	Прозрачное стекло
0005839.png	Губернские учреждения
0005840.png	Разгром западных союзников мятежников
0005841.png	Герцоги Саксонии
0005842.png	Железнодорожные станции
0005843.png	Казань, Россия
0005844.png	Декоративные деревья
0005845.png	Можайское шоссе
0005846.png	Сахарный диабет
0005847.png	Телевидение
0005848.png	Символика и облачение
0005849.png	См. также
0005850.png	Федерация шашек России
0005851.png	Гигиена и медицинская полиция;
0005852.png	Бенёвский. М.: Художественная литература, 1973. 268 с., 25 000 экз.
0005853.png	Государственные
0005854.png	Из книги Эрнеста Шеклтона «Юг»:
0005855.png	Памятник Владимиру Ильичу Ленину.
0005856.png	Члены Международного олимпийского комитета
0005857.png	Географические журналы
0005858.png	«Лифт» (1987),
0005859.png	Производственные процессы и операции
0005860.png	ООО «Балахнинский мясокомбинат»
0005861.png	Франтишек Пражский принимается за свою хронику
0005862.png	Битва на реке Пьяне (1367)
0005863.png	Брестский мир
0005864.png	Избранные произведения
0005865.png	Сосланные в Нарым
0005866.png	20 сентября
0005867.png	Суюрганская культура
0005868.png	Приметы
0005869.png	«Будь готов»
0005870.png	Виталий Карацупа. «Адвокат дьявола» на сайте «Архив фантастики»
0005871.png	г. Сливен (Болгария)
0005872.png	Щелочные металлы
0005873.png	«Сказка о трамвае»
0005874.png	Земля гномов (2017)
0005875.png	Городской транспорт
0005876.png	27 мая
0005877.png	«Начала» Евклида (1572);
0005878.png	Жерар Ланвен, французский актёр театра и кино, обладатель премии «Сезар».
0005879.png	Бутлерова, улица
0005880.png	В художественной литературе
0005881.png	Таблица расстояний между сёлами Усть-Коксинского района
0005882.png	Совместимость плазмы
0005883.png	«Анти-Эдип»
0005884.png	Ссылки
0005885.png	Русские:
0005886.png	Декоративные кустарники
0005887.png	Фосфакол (антихолинэстеразное средство)
0005888.png	Классификация
0005889.png	Позднее Средневековье
0005890.png	Призёры Евразийского и Всероссийского литературных фестивалей «ЛиФФт»
0005891.png	зуд кожи и слизистых оболочек,
0005892.png	Трудовой кодекс Российской Федерации
0005893.png	Библиотека русской религиозно-философской и художественной литературы «Вехи»
0005894.png	Математики Российской империи
0005895.png	Парки
0005896.png	Ковёр-самолёт. Повесть (1975)
0005897.png	Родились
0005898.png	См. также: :Категория:Родившиеся 15 июня
0005899.png	Болезнь и смерть
0005900.png	Родились
0005901.png	Ботанический сад Галльского университета (Галле, Пруссия)
0005902.png	Художники-анималисты Нидерландов
0005903.png	Санкт-Петербургское музыкальное училище имени М. П. Мусоргского.
0005904.png	Преподаватели факультета психологии МГУ
0005905.png	Колледж Мюррей Эдвардс (), 1954
0005906.png	Персоналии по алфавиту
0005907.png	Принадлежит этот сорт к кальвилям.
0005908.png	Ссылки
0005909.png	Мысленные эксперименты
0005910.png	Пищевые и кормовые дрожжи
0005911.png	Государственно-монополистический капитализм
0005912.png	Участники Гражданской войны в России
0005913.png	Экономика
0005914.png	Известные спортсмены
0005915.png	Публицисты США
0005916.png	Мифические герои Древней Месопотамии
0005917.png	«О благословении Валаама». Есть лишь отрывок у Леонтия Византийского.
0005918.png	Государственное устройство
0005919.png	Награждённые медалью Микробиологического общества
0005920.png	Примерно в одно время с ними эти земли заселяли и осваивали славяне.
0005921.png	юбилейный орден «1020 лет Крещения Киевской Руси» (УПЦ, 25 ноября 2008)
0005922.png	Триумфальная арка в честь 300-летия Астраханской Губернии
0005923.png	Международная премия «Балтийская звезда» (2019).
0005924.png	Оренбургская область
0005925.png	Начато производство грузового автомобиля ЗИЛ-4331.
0005926.png	114 км: река Большая Юра
0005927.png	Библиотеки
0005928.png	Франция
0005929.png	Триссур, штат Керала, Индия
0005930.png	Ноябрь
0005931.png	См. также
0005932.png	Теория государства и права
0005933.png	Некоторые инфекционные заболевания: корь, краснуха, хламидиоз и др.
0005934.png	Фрикативному -г- в отдельных словах в чувашском соответствует -в-
0005935.png	Ссылки
0005936.png	Из Якутска на север
0005937.png	Акихабара и Сибуя в Токио
0005938.png	Промышленное применение
0005939.png	Загородники
0005940.png	Примечания
0005941.png	Официальный сайт
0005942.png	Католические ордены
0005943.png	Православные богословы
0005944.png	Теории суверенитета
0005945.png	Национальные домены верхнего уровня
0005946.png	Отделение архивоведения, документоведения и информационно-правового обеспечения
0005947.png	таймер
0005948.png	Бюст Петра Климука (1979), бульвар Космонавтов
0005949.png	Редакторы иероглифических текстов:
0005950.png	Олег Фиалко, украинский кинорежиссёр и сценарист.
0005951.png	Также, на множестве  определено отображение (операция умножения)
0005952.png	Акционеры
0005953.png	Ссылки
0005954.png	История
0005955.png	Ссылки
0005956.png	Литература
0005957.png	Солёность и состав воды
0005958.png	Ссылки
0005959.png	Награды и научное признание
0005960.png	Здание прокуратуры;
0005961.png	Литература
0005962.png	Блэкгейз
0005963.png	Ссылки
0005964.png	Средняя линия Млечного Пути называется галактическим экватором.
0005965.png	Русские народные праздники
0005966.png	Консул (единственный) имп. Лев Младший.
0005967.png	Если , определение совпадает с обычным дифференцированием.
0005968.png	Киномузыка
0005969.png	Публикации
0005970.png	В области согласных звуков выделяются следующие фонетические закономерности:
0005971.png	Ссылки
0005972.png	А нынешние как-то проскочили.
0005973.png	Локомотивное депо Ртищево
0005974.png	Мемуаристы СССР
0005975.png	Образ в культуре
0005976.png	каган в период посольства в Хазарию Константина Философа.
0005977.png	Литература
0005978.png	Кладбище «Заволжское-1» («Майская гора») (Верхняя Терраса);
0005979.png	Эволюция
0005980.png	Хранение
0005981.png	«Моана» (Франция)
0005982.png	Баксанская нейтринная обсерватория
0005983.png	Классификация пакетов и поддержка
0005984.png	Цуканы
0005985.png	В ролях
0005986.png	Режиссёр
0005987.png	Профессии
0005988.png	Святой благоверный князь Даниил Московский
0005989.png	См. также
0005990.png	Члены Союза писателей СССР
0005991.png	гибкая грампластинка с цифровой записью (с 1975 года);
0005992.png	Юлианна Шахова, российская телеведущая, журналист, певица, композитор и педагог.
0005993.png	Алька. Рассказ (1981)
0005994.png	Таганрогский художественный музей
0005995.png	Сайты по алфавиту
0005996.png	Румынский атенеум
0005997.png	Шанхайская биржа золота
0005998.png	Опыты Луи Пастера
0005999.png	Виды леммингов в России
0006000.png	Производственный комплекс «Телекино»
0006001.png	Рюриковичи по алфавиту
0006002.png	129 км: Урдомка (пр.)
0006003.png	Историки Испании
0006004.png	Книги
0006005.png	«Катенька» (1987)
0006006.png	Биогеоценоз и экосистема
0006007.png	Крупнейшие спортивные соревнования
0006008.png	Часовой пояс
0006009.png	Братья чистоты
0006010.png	Монархи, умершие в детстве
0006011.png	Стрессовые жизненные события
0006012.png	Примечания
0006013.png	Ноябрь
0006014.png	Литература
0006015.png	Греция
0006016.png	Государственные (публичные суды):
0006017.png	Лекарственные средства, изъятые из оборота
0006018.png	Учёба
0006019.png	Россия
0006020.png	Мексиканская империя
0006021.png	Метрополитен
0006022.png	Исторические аулы, опустевшие без населения
0006023.png	1278 км: Плиска (лв)
0006024.png	3 стадиона
0006025.png	В Москве начато строительство Храма Василия Блаженного.
0006026.png	Биография
0006027.png	Типология антонимических отношений
0006028.png	Атака «Хирю» пикирующими бомбардировщиками
0006029.png	Как я ходил к Толстому, 1936
0006030.png	Писатели барокко
0006031.png	Россия-1
0006032.png	Необитаемый остров Хипполит-Рокс (Тасмания).
0006033.png	Языковые игры
0006034.png	Ссылки
0006035.png	См. также: :Категория:Родившиеся в 1407 году
0006036.png	Видные представители
0006037.png	Компьютерная химия
0006038.png	Октябрь
0006039.png	Выпускники школы имени Гнесиных
0006040.png	Матвеев, Виктор Анатольевич
0006041.png	Шухрат Турсунов (до 10.02.2013),
0006042.png	кардинал Джузеппе Антонио Эрменеджильдо Приско, архиепископ Неаполя (Италия);
0006043.png	Ссылки
0006044.png	щёлок калийных производств,
0006045.png	См. также
0006046.png	Малый мехмат
0006047.png	планковская длина ;
0006048.png	Сочинения
0006049.png	Суточная потребность в фосфоре составляет:
0006050.png	Эксперименты
0006051.png	Мемуаристы русского зарубежья
0006052.png	Обработка ошибок
0006053.png	Прочее:
0006054.png	Брюс Бокслейтнер, американский актёр телевидения, кино и озвучивания.
0006055.png	Психологи по алфавиту
0006056.png	На предприятии выпускались многие широко известные системы вооружения:
0006057.png	Гарри Каспаров
0006058.png	Литература
0006059.png	Фильмы о Древней Руси
0006060.png	Коническо-цилиндрический редуктор
0006061.png	Начало литературной деятельности
0006062.png	Возникновение поселения
0006063.png	Атхарва-веда
0006064.png	Призы КХЛ
0006065.png	Персонажи по алфавиту
0006066.png	Источники
0006067.png	Гоголя, улица (посёлок ДСК «Мичуринец»)
0006068.png	детский стационар.
0006069.png	Награды
0006070.png	Храм Афины Алеи в Тегее
0006071.png	Изотопы алюминия
0006072.png	Научная деятельность
0006073.png	НИИ кардиологии СО РАМН
0006074.png	Структурированная кабельная система
0006075.png	Сумской медицинский колледж
0006076.png	Современные группы, утверждающие, что являются потомками Израилевых колен
0006077.png	Документы, дневники и воспоминания
0006078.png	Главный штаб Войск Национальной гвардии Российской Федерации
0006079.png	Ник Кершоу, британский музыкант, певец, композитор, продюсер.
0006080.png	Старый дворец
0006081.png	Привет Сивому! (1974)
0006082.png	История
0006083.png	Художники США
0006084.png	Август
0006085.png	Дворянские роды, на гербах которых изображены шпаги
0006086.png	Миллиардеры США
0006087.png	Неоколониализм
0006088.png	Очередной герб города утверждён 16 июня 1982 года.
0006089.png	в Кашмир, Ладакх и Тибет;
0006090.png	Транспорт
0006091.png	Орден «Парасат» (1996, Казахстан).
0006092.png	Решениями этих уравнений является напряжённость электрического поля
0006093.png	Ненецкий автономный округ относится к районам Крайнего Севера.
0006094.png	Александр Абдулов на сайте Наш Фильм
0006095.png	Право интеллектуальной собственности
0006096.png	Сорта
0006097.png	Гёзде
0006098.png	Профессора Кембриджского университета
0006099.png	Рачук, Сергей Владимирович (22.12.2006, 879)
0006100.png	Чемпион России
0006101.png	Депутаты Верховного Совета Украинской ССР 1-го созыва
0006102.png	Небоскрёбы
0006103.png	Римское право
0006104.png	Красноярский аграрный техникум
0006105.png	Политики Франции
0006106.png	Чемпион (4): 1922 (в), 1926, 1933 (в), 1935 (о)
0006107.png	Примечания
0006108.png	Училище имени Н. Ф. Затворницкого
0006109.png	Умершие от пневмонии
0006110.png	Семья
0006111.png	Абдоминальное дыхание
0006112.png	Низшая мифология
0006113.png	Итальянские поэты
0006114.png	Наложение волн
0006115.png	Единицы измерения
0006116.png	Биография
0006117.png	Среди учеников Зенона были полководцы Перикл и Пифодор.
0006118.png	Времена года различаются:
0006119.png	Отложение Ван Сюня, правителя Ючжоу.
0006120.png	Фотографии Церкви Святого Духа.
0006121.png	Принцип действия
0006122.png	Члены Гёттингенской академии наук
0006123.png	Сэмунд Мудрый
0006124.png	Лондонский период
0006125.png	Востоковеды СССР
0006126.png	«На Запад» (2005, сериал, исполнительный продюсер)
0006127.png	Лауреаты премии Президента Российской Федерации
0006128.png	Кладбища
0006129.png	См. также: :Категория:Родившиеся в 1361 году
0006130.png	нахско-дагестанские языки: удинский, бацбийский, чеченский (кистинский)
0006131.png	РСПН 3
0006132.png	Разведывательные организации
0006133.png	Проводимость в валентной зоне
0006134.png	Совет Европы подписал рамочную конвенцию о защите национальных меньшинств.
0006135.png	Скончались
0006136.png	Примечания
0006137.png	Твой Бежецк (группа ВКонтакте)
0006138.png	Военная служба
0006139.png	Компьютерная терминология
0006140.png	Жизнь и творчество
0006141.png	СУ-122-54
0006142.png	Увлекался игрой в шахматы.
0006143.png	Участники Кавказской войны
0006144.png	Краславская волость
0006145.png	Диаспора
0006146.png	: Ташкент
0006147.png	Лётчики Великой Отечественной войны
0006148.png	Радиолюбители
0006149.png	Статистика
0006150.png	Другие возможные контаминанты:
0006151.png	Хадисе, турецко-бельгийская певица лезгино-кумыкского происхождения.
0006152.png	Вор и его учитель ()
0006153.png	Фортепианные дуэты
0006154.png	Книжная миниатюра
0006155.png	Фарид Тагиев («Страна Советов. Забытые вожди», 2016)
0006156.png	См. также
0006157.png	Сложные эфиры
0006158.png	Война Афин с Одрисским царством фракийцев.
0006159.png	Экология Байкала
0006160.png	Глава правительства СССР
0006161.png	Особое конструкторское бюро МЭИ
0006162.png	Амман (1987)
0006163.png	возбуждения генератора.
0006164.png	Литература по Ивану Грозному и его эпохе
0006165.png	Классификация ферментов
0006166.png	Культовые сооружения, построенные в 1685 году в России
0006167.png	Регби-7
0006168.png	Особенности
0006169.png	Похороненные в церкви Сен-Сюльпис
0006170.png	История
0006171.png	Ссылки
0006172.png	Фестивали
0006173.png	«Летние войны», фильм, 2009 год. Дизайн персонажей.
0006174.png	Религиозные
0006175.png	Украина:
0006176.png	Последствия сексуальных контактов со взрослыми для ребёнка
0006177.png	На русском
0006178.png	Висенте Тормо Альфонсо
0006179.png	Римское царство
0006180.png	Примечания
0006181.png	См. также
0006182.png	Диалог у телевизора (ТВ Австрии, 5 декабря 1975)
0006183.png	Ремонтно-механические мастерские
0006184.png	История создания
0006185.png	Фольклористы Бельгии
0006186.png	Ольстерцы (Англо-шотландо-ирландцы)
0006187.png	История
0006188.png	Медаль Губернатора Томской области «За достижения» (2014)
0006189.png	Другие виды гитар
0006190.png	система промежуточного перегрева пара;
0006191.png	Левое либертарианство
0006192.png	инсулиновые насосы
0006193.png	Фотографии Юпитера
0006194.png	Космос (философия)
0006195.png	История
0006196.png	События
0006197.png	Ссылки
0006198.png	Литература
0006199.png	Каракесек
0006200.png	Переизд.: 2012, другие изд.:2016, 2020.
0006201.png	Благовещенский переулок
0006202.png	Города на Западной Двине
0006203.png	Другое
0006204.png	Биография
0006205.png	Хронологический список московских патриархов
0006206.png	Биография
0006207.png	«Ростислав Алексеев» из цикла «Гении и злодеи уходящей эпохи» (2002)
0006208.png	По состоянию на 2017 год судоходны следующие участки Луары:
0006209.png	Достопримечательности
0006210.png	ВИЧ-1
0006211.png	По данным Всероссийской переписи населения 2010 года:
0006212.png	Модернити
0006213.png	сквер Сохо
0006214.png	Сан-Жасинту
0006215.png	«Тысяча плато»
0006216.png	Музыка
0006217.png	Рюриковичи по алфавиту
0006218.png	колтта-саамский язык (сколт, включая нотозерский диалект в России)
0006219.png	Реальные инвестиции (прямая покупка реального капитала в различных формах):
0006220.png	Альбомы, спродюсированные Джорджем Мартином
0006221.png	Ноябрь
0006222.png	Линидж
0006223.png	Отделочные работы
0006224.png	Оксфордская иллюстрированная энциклопедия
0006225.png	Почётные любители Императорской Академии художеств
0006226.png	В нумизматике
0006227.png	Награждённые Почётной грамотой Правительства Российской Федерации
0006228.png	Государственные секретари США
0006229.png	Пантелеймоновка.
0006230.png	См. также
0006231.png	Брянский техникум управления и бизнеса;
0006232.png	Такси
0006233.png	Похороненные в Санкт-Петербурге
0006234.png	Транспорт
0006235.png	Примечания
0006236.png	Мясокомбинат (ныне не работает)
0006237.png	Телепередачи и фильмы
0006238.png	Поручики
0006239.png	Казахстан
0006240.png	Апрель
0006241.png	История
0006242.png	Оксимоноаминокарбоновые: серин, треонин
0006243.png	В 2001 г. стала председателем Союза партий крестьян и новой демократии ().
0006244.png	Адриана Асти, итальянская актриса кино и театра.
0006245.png	Нарушение психического статуса в сочетании с хотя бы одним из перечисленного:
0006246.png	Организационно Северный морской путь делился при СССР на:
0006247.png	Библиография
0006248.png	Сухум,
0006249.png	Ленинская премия (1958)
0006250.png	Пыхов-Церковный проезд
0006251.png	Примечания
0006252.png	Библиотека Адриана
0006253.png	Гонщики, погибшие во время заездов
0006254.png	Франция: Рейн и Саар
0006255.png	Боги славян
0006256.png	Основные дофаминовые пути
0006257.png	См. также
0006258.png	багажная служба;
0006259.png	Атмосферные оптические явления
0006260.png	Известные сотрудники
0006261.png	Раттенау В. Новое хозяйство. М.: ВСНХ, 1923.
0006262.png	См. также
0006263.png	Примечания
0006264.png	Выпускники Пемброк-колледжа (Кембридж)
0006265.png	Прибрежный-1
0006266.png	Вторая мировая война
0006267.png	Р. Тагор (Британская Индия): «Дом и мир» (1916).
0006268.png	Институте технической химии АН ГДР
0006269.png	История Ленинградской области
0006270.png	Академические музыканты Италии
0006271.png	Принципы, которые были принципиальны, были непринципиальны.
0006272.png	Операционные системы нужны:
0006273.png	Разделённые регионы
0006274.png	Награждённые Международной золотой медалью Нильса Бора
0006275.png	Старая пекинская обсерватория
0006276.png	Премии и награды
0006277.png	Боевой лазер воздушного базирования
0006278.png	Литература
0006279.png	Научные работы
0006280.png	Русский язык, 21 век: новые заимствованные слова
0006281.png	Примечания
0006282.png	Война и мир (1967)
0006283.png	Примечания
0006284.png	Выпускники медицинского факультета Императорского Харьковского университета
0006285.png	Библиотека университета
0006286.png	Брежневский район
0006287.png	Озёра
0006288.png	Ссылки
0006289.png	Украина
0006290.png	Появились в 1817 году
0006291.png	Краевая стоматологическая поликлиника
0006292.png	Жорж Жак Дантон (р. 1759), политик, трибун, деятель Французской революции;
0006293.png	Функционалы агрегатов на примерах
0006294.png	Права и обязанности
0006295.png	Выпускники Славяно-греко-латинской академии
0006296.png	Брянский образовательный портал
0006297.png	Грин как автор произведений для детей.
0006298.png	Георгий Назаренко («Звезда эпохи», 2005)
0006299.png	Определение
0006300.png	Литература
0006301.png	Сражения 1700 года
0006302.png	Кириллизация
0006303.png	Образование советско-польского фронта
0006304.png	6 художественных школ;
0006305.png	Спорные вопросы
0006306.png	Выпускники Колледжа Христа
0006307.png	Структуры, системы, институты
0006308.png	Литература
0006309.png	Клерво
0006310.png	Культурное влияние китайской письменности
0006311.png	Чикасо
0006312.png	Статьи о Гражданской войне в США (1861)
0006313.png	на других языках
0006314.png	Пероральный приём
0006315.png	Литература
0006316.png	Статистика августовского Конклава
0006317.png	Здания и сооружения Большой Никитской
0006318.png	Примечания
0006319.png	Для окружности полагают  (хотя фактически при  ГМТ является только точка ).
0006320.png	Церковь евангельских христиан-баптистов «Вифлиемская Звезда»
0006321.png	Древняя Русь. Россия
0006322.png	Монтевидео (Уругвай)
0006323.png	История
0006324.png	Списки, связанные с Формулой-1
0006325.png	Сакские языки
0006326.png	Лента
0006327.png	гравировка
0006328.png	Похороненные в Кролевецком районе
0006329.png	Шилов Ю. Прародина ариев. М., 1995.
0006330.png	Иллюстрации
0006331.png	Тит Генуций, народный трибун.
0006332.png	Передвижной кинозал «Честер-паб».
0006333.png	Числители и знаменатели соседних подходящих дробей связаны соотношением
0006334.png	Биография
0006335.png	Праздники
0006336.png	Богдан Ступка («Красные колокола. Фильм 2. Я видел рождение нового мира», 1983)
0006337.png	Населённые пункты
0006338.png	Председатель
0006339.png	Классный чин
0006340.png	Сайт Мирослава Марека, Капетинги
0006341.png	Позвоночные животные России: Росомаха
0006342.png	Почётные доктора университета Сан-Маркос
0006343.png	Сериал «Экспроприатор» (2017)
0006344.png	1960-е: первый успех
0006345.png	Шариат
0006346.png	История Востока.
0006347.png	Сиднон
0006348.png	Буккроссинг в Казахстане
0006349.png	Населённые пункты
0006350.png	Примечания
0006351.png	Хелена Вайгель, немецкая актриса (ум. 1971).
0006352.png	Легкоатлеты, дисквалифицированные за нарушение антидопинговых правил
0006353.png	Католицизм
0006354.png	Лютеранская Реформация
0006355.png	Топоним
0006356.png	Примечания
0006357.png	Электролит
0006358.png	Допечатная подготовка
0006359.png	Психологии
0006360.png	изъязвления лимфоидной бляшки при брюшном тифе
0006361.png	Послевоенная история
0006362.png	Начал работу легкоатлетический манеж ДПИ.
0006363.png	Реки Шлезвиг-Гольштейна
0006364.png	Затем последовали:
0006365.png	Нападение на английский обоз и резня пленных французов
0006366.png	Посылки:
0006367.png	Синтез
0006368.png	Сатана
0006369.png	Трошев, Андрей Николаевич (17.03.2016)
0006370.png	Бельканто
0006371.png	Члены Государственного совета Российской империи
0006372.png	Консулы Флавий Симмах и Флавий Боэций.
0006373.png	Центральная площадь
0006374.png	Поражение крестоносцев при Тивериаде от эмира Мосула Маудуда.
0006375.png	Таубман, Фридрих, немецкий учёный, филолог, гуманист и новолатинский поэт.
0006376.png	БАШКИРЫ ДЮРТЮЛИНСКОГО РАЙОНА РБ (научный справочник)
0006377.png	Комментарии
0006378.png	Линкозамиды
0006379.png	ДОСААФ
0006380.png	Эдвард Дейес
0006381.png	«Ворота с башней. Новый Иерусалим», 1917, ГТГ;
0006382.png	Литература
0006383.png	Василий Васильевич Бледный
0006384.png	Типы идеологий
0006385.png	интенсивные физические нагрузки;
0006386.png	26 ноября
0006387.png	Ранний нуар
0006388.png	Потомки Афонсу
0006389.png	Симбирская губерния
0006390.png	Аляска стала сорок девятым штатом США.
0006391.png	Пивоваров, Олег Алексеевич (06.03.2023)
0006392.png	«Донцы. Рассказы из казачьей жизни». СПб., 1896
0006393.png	Новое кладбище (Эльтонское)
0006394.png	Санскритологи Германии
0006395.png	Варианты периодизации
0006396.png	Василенко, Вячеслав Андреевич (??.??.2018)
0006397.png	Магнитная рамочная антенна
0006398.png	Накануне Христова дня (1861)
0006399.png	Котёл газотрубный
0006400.png	Институт автоматики и электрометрии СО РАН
0006401.png	барон Эдуард фон Фальц-Фейн (Лихтенштейн)
0006402.png	Историки Великобритании
0006403.png	Тепловой и материальный баланс плавки
0006404.png	Паули
0006405.png	Ссылки
0006406.png	Холопы
0006407.png	Победитель: 1963
0006408.png	Кожно-венерологический диспансер
0006409.png	Награды иностранных государств
0006410.png	Периферия
0006411.png	Московский государственный объединённый музей-заповедник
0006412.png	На это государь ответил:
0006413.png	Квест
0006414.png	Города-побратимы
0006415.png	Пётр Афанасьевич
0006416.png	Игроки ФК «Америка» Мехико
0006417.png	Симптомы и течение
0006418.png	Заказник «Долина реки Смородинка»
0006419.png	древнееврейские (в основном из языка Библии):
0006420.png	Район Стикин
0006421.png	С Родиона начинаются стужа и метели: «Родион тепло гонит вон.»
0006422.png	Общественные деятели Украины
0006423.png	См. также
0006424.png	См. также
0006425.png	Литература
0006426.png	Почётные доктора Кембриджского университета
0006427.png	Бразилия: «Золотой мяч» лучшему футболисту года; присуждается журналом .
0006428.png	Люберецкая газета
0006429.png	Религиозные
0006430.png	Алгоритм Зиккурат
0006431.png	телеканал «Санси-ТМ».
0006432.png	Молодёжный футбол
0006433.png	Парал (сын Перикла).
0006434.png	Спорт
0006435.png	Институты ортопедии
0006436.png	Заключённые Песчанлага
0006437.png	Памятные монеты Белоруссии
0006438.png	Критика типологии Стивенса
0006439.png	Информационный портал Знаменска.
0006440.png	Родились
0006441.png	Психология
0006442.png	День города (27 мая)
0006443.png	Улан-Удэнский ипподром
0006444.png	Президентство
0006445.png	Культура
0006446.png	Векторные величины
0006447.png	Награды
0006448.png	Трижды Герои Социалистического Труда
0006449.png	Рейтинг стран по номинальному ВНП (в миллионах долларов США)
0006450.png	Примечания
0006451.png	География
0006452.png	См. также
0006453.png	Осенью начинается процесс против Жака де Моле и ордена тамплиеров.
0006454.png	Окончание реконкисты
0006455.png	Необитаемый остров Хипполит-Рокс (Тасмания).
0006456.png	Люди, связанные с городом
0006457.png	История
0006458.png	Матвей Ляров («П. К. П.», СССР, 1926)
0006459.png	Старинное еврейское кладбище (Санкт-Петербург, Сестрорецк) .
0006460.png	Тоденка (пр)
0006461.png	Официальный сайт Республики Алтай
0006462.png	26 февраля
0006463.png	Ссылки
0006464.png	Гэльские игры
0006465.png	Выпускники Пермского государственного университета
0006466.png	Нападение датчан на Фрисландию.
0006467.png	Средневековье
0006468.png	Классификация организмов на основании строения клеток
0006469.png	Фриц фон Опель (р. 1899), немецкий промышленник, создатель автомобилей «Опель».
0006470.png	События
0006471.png	Китайско-индийская пограничная война (1962)
0006472.png	Смесь азотной и серной кислот носит название «меланж».
0006473.png	Министерство внутренней безопасности
0006474.png	Ссылки
0006475.png	В Кракове произошёл антисемитский погром.
0006476.png	Черчилля, улица
0006477.png	Краевая детская клиническая больница;
0006478.png	7 сентября
0006479.png	Праздники и памятные дни
0006480.png	Русская православная церковь:
0006481.png	Монгольская Википедия
0006482.png	География
0006483.png	Алек Век, английская топ-модель африканского происхождения.
0006484.png	Литература
0006485.png	Чемпионы России по шахматам
0006486.png	(член УЕФА и Европейских олимпийских комитетов)
0006487.png	15 июля
0006488.png	Сюжет
0006489.png	Микропроцессорный комплект
0006490.png	В 1971 тхэквондо становится национальным спортом Южной Кореи.
0006491.png	Высшая школа коммуникаций и креативных индустрий
0006492.png	Персоналии Кировской области
0006493.png	Концепция
0006494.png	Исторические дороги и пути
0006495.png	Публикации
0006496.png	Саундтрек
0006497.png	Институт инициатив и референдумов в Европе
0006498.png	Формулировка
0006499.png	Магнитобиология
0006500.png	Литература
0006501.png	Институт минералогии и петрографии в составе
0006502.png	Институт Сервантеса
0006503.png	несколько статей по истории унии.
0006504.png	Декабрь
0006505.png	Персоналии
0006506.png	5-й Самоцветный переулок
0006507.png	Родившиеся в 1762 году
0006508.png	Член Коллегии Министерства культуры РФ
0006509.png	Почётные доктора Брандейского университета
0006510.png	По переписи 2001 года:
0006511.png	Анастасия Анатольевна Вирганская (род. 27 марта 1987).
0006512.png	Национальный состав
0006513.png	Примечания
0006514.png	Очерки истории Чили. М.: Наука, 1967.
0006515.png	Члены Национальной инженерной академии США
0006516.png	Прошедшие
0006517.png	Нравы
0006518.png	Товарный дефицит
0006519.png	Топонимы
0006520.png	Ссылки
0006521.png	Масоны Италии
0006522.png	Спорт
0006523.png	Улицы
0006524.png	Скончались
0006525.png	Интерферометр Рождественского
0006526.png	Примечания
0006527.png	Многоязычные тексты
0006528.png	Фото Высокого замка с разных ракурсов
0006529.png	В Российской Федерации
0006530.png	Политические партии ГДР (1989-1990)
0006531.png	1901 Буффало (США)
0006532.png	География
0006533.png	Псевдонимы
0006534.png	Пивченкова, улица
0006535.png	с вращающимся столом,
0006536.png	2 блок Армянской АЭС
0006537.png	Социализация
0006538.png	Литература
0006539.png	Богословы Германии
0006540.png	В службе:
0006541.png	Страх, 1937
0006542.png	Примечания
0006543.png	Гуанси-Чжуанский автономный район (наряду с китайским)
0006544.png	Память
0006545.png	Серьги
0006546.png	Таром
0006547.png	Ткани
0006548.png	Промышленность
0006549.png	Сведения на сайте областной администрации
0006550.png	Примечания
0006551.png	АО «Уральская монтажно-промышленная компания»;
0006552.png	Промышленность
0006553.png	Литература
0006554.png	Наука и образование
0006555.png	Примечания
0006556.png	Галерея
0006557.png	События
0006558.png	Концертные программы
0006559.png	Произведения и публикации
0006560.png	Химия твёрдого тела, технология твёрдого топлива и стекла.
0006561.png	Святые по алфавиту
0006562.png	Литература
0006563.png	Пензенский зоопарк;
0006564.png	Троллейбусы
0006565.png	Социальные сети и сайты знакомств
0006566.png	Образование и наука
0006567.png	Развитие мировоззрения Блейка
0006568.png	Различают следующие виды и типы конфликтов:
0006569.png	Ссылки
0006570.png	Житомирская улица
0006571.png	Орден Св. Анны 1-й ст. (22.10.1850, императорская корона к ордену в 1854);
0006572.png	Отношения с Западом
0006573.png	Профессора Императорского Дерптского университета
0006574.png	Германская империя (Королевство Пруссия):
0006575.png	Руководство
0006576.png	Примечания
0006577.png	Обитель Сергия Радонежского. На последнем рубеже. К 700 летию святого
0006578.png	Терская область;
0006579.png	2) кафедру педагогики;
0006580.png	ион-дипольное (между ионами и диполями);
0006581.png	Доклад
0006582.png	Свергнутые монархи
0006583.png	Бывшие еврейские местечки Белоруссии
0006584.png	Кристаллохимия
0006585.png	См. также
0006586.png	Примечания
0006587.png	Создан , джазовый оркестр, организованный Артемием Айвазяном.
0006588.png	сэр Род Стюарт, британский певец и автор песен.
0006589.png	В Вене создан совет рабочих депутатов.
0006590.png	с 24 июня 1993 года;
0006591.png	Лобачевского, улица
0006592.png	Католические кардиналы носят красные сутану, пояс, мантию, биретту.
0006593.png	Поколенная роспись
0006594.png	Странные ангелы (2017)
0006595.png	Герб Мекленбурга-Передней Померании
0006596.png	Преподаватели Монреальского университета
0006597.png	Литературный взлёт
0006598.png	Нахождение в природе
0006599.png	Примечания
0006600.png	Тара Линн Барр, американская актриса.
0006601.png	Древняя история
0006602.png	Ссылки
0006603.png	Чувствительность (физиология)
0006604.png	Межнациональная хоккейная лига
0006605.png	В. Барташов («Николай Вавилов», СССР, 1990)
0006606.png	Гай Ричи, британский кинорежиссёр, сценарист, продюсер.
0006607.png	Московский государственный драматический театр «Сопричасность»
0006608.png	Преимущества
0006609.png	Высота морской поверхности
0006610.png	Полиневриты,
0006611.png	В селе Пограничное расположена старинная церковь.
0006612.png	тяжёлый истребитель Су-13
0006613.png	Русские писатели по алфавиту
0006614.png	Краткое содержание «Правдивого слова»
0006615.png	Численность
0006616.png	Отряд космонавтов РКК «Энергия»
0006617.png	медаль «В память 300-летия царствования дома Романовых» (1913).
0006618.png	Азиатские религии
0006619.png	Заместители министра иностранных дел СССР
0006620.png	Война в Афганистане.
0006621.png	Гробница Узайра
0006622.png	Дифракция на щели
0006623.png	Художники Дании
0006624.png	Технологический техникум
0006625.png	Моделизм делится на два основных направления:
0006626.png	Навозные мухи
0006627.png	Александр Штейн (р. 1906), русский советский писатель, драматург, сценарист.
0006628.png	Статьи с примерами кода на Аде
0006629.png	Мавритания,
0006630.png	Ссылки
0006631.png	Дарджилинг в Западной Бенгалии
0006632.png	Парламентские выборы 2007 года
0006633.png	Существуют три основные формы радиоактивного распада:
0006634.png	См. также
0006635.png	Примечания
0006636.png	Один зептомоль вещества содержит приблизительно 602 молекулы.
0006637.png	Источники
0006638.png	«Глупая причина»
0006639.png	Примечания
0006640.png	Примечания
0006641.png	Ссылки
0006642.png	Большие пивные палатки
0006643.png	«Регионология»;
0006644.png	Дрю Бэрримор, американская актриса, обладательница «Золотого глобуса».
0006645.png	Известные представители
0006646.png	Архитекторы города
0006647.png	Примечания
0006648.png	Семрук
0006649.png	драма для чтения (пьеса для чтения)
0006650.png	Биография
0006651.png	Памятник воинам-интернационалистам.
0006652.png	Ария: «Я вас люблю» (Елецкий)
0006653.png	Бригитта Ирландская
0006654.png	Межпоселенческая централизованная библиотечная система
0006655.png	Сувениры
0006656.png	Прочее
0006657.png	Примечания
0006658.png	Налоги Речи Посполитой
0006659.png	Сувенирные значки.
0006660.png	«Футбол-хоккей»
0006661.png	Лужская правда
0006662.png	Индоевропейские языки
0006663.png	Появились в 1992 году на Украине
0006664.png	Ссылки
0006665.png	Коммунисты Испании
0006666.png	Обретение, Иванов день, Ивана Предтечи (для невисокосных лет).
0006667.png	Городские районы
0006668.png	Евреи в Римской империи
0006669.png	Член ВОФ с 1975 года; коллекционирует почтовые марки по теме «Космонавтика».
0006670.png	Официальный сайт Минфина России
0006671.png	85 км: Нига (пр)
0006672.png	Карьера
0006673.png	20 декабря
0006674.png	Геологическое строение
0006675.png	Московский драматический театр под руководством Армена Джигарханяна
0006676.png	Радиоактивные свойства некоторых изотопов нептуния:
0006677.png	в Феодосии
0006678.png	Иван Гаврилович Кондырев на сайте Биография.ру
0006679.png	Округляем до 3-го знака после запятой:  .
0006680.png	Компьютерная стеганография
0006681.png	Наука
0006682.png	Администрация лена
0006683.png	Каток
0006684.png	Христианско-демократические партии
0006685.png	2-й Цветочный переулок
0006686.png	Месяц сентябрь переименован в германик.
0006687.png	Выпускники вузов Барнаула
0006688.png	Краматорский завод «Кондиционер»
0006689.png	гильдейских купцах;
0006690.png	См. также
0006691.png	Актив
0006692.png	Институт высоких биомедицинских технологий ПетрГУ
0006693.png	Модельный ряд
0006694.png	тонкой кишки,
0006695.png	Мосты через Обводный канал
0006696.png	Вячеслав Ковтун
0006697.png	В честь Николая Николаевича Бекетова назван кратер на Луне.
0006698.png	Парламентские выборы на Украине (2006)
0006699.png	Международный Институт Демократии,
0006700.png	Ссылки
0006701.png	Классификации
0006702.png	Приход к власти
0006703.png	Басов, Николай Геннадиевич
0006704.png	Рыцарский поединок
0006705.png	Цифровые нивелиры
0006706.png	Дублирующий состав, вторая, молодёжная, клубная, любительская команды
0006707.png	Самородное Золото в базе «Каталога Минералов»
0006708.png	память преподобного Ферапонта Монзенского (1426)
0006709.png	Корниловское выступление
0006710.png	Бертран Лавье, французский художник, представитель «антиискусства».
0006711.png	Литература
0006712.png	Первый кризис в Тайваньском проливе (1954)
0006713.png	Герои Советского Союза
0006714.png	Батдоржийн Баасанджав «Равный небу Чингисхан» (1997);
0006715.png	Источники средневекового права
0006716.png	Серия Ле-Ман
0006717.png	Виды пророков
0006718.png	Спрингфилд, образца 1842
0006719.png	цзацзюй
0006720.png	Курительные устройства
0006721.png	Спасск в энциклопедии «Мой город».
0006722.png	Пояса в культуре
0006723.png	Ссылки
0006724.png	Идея рассказа «Превращение» использовалась в кино много раз
0006725.png	тождество Птолемея.
0006726.png	Пусть  (вогнутая функция). Имеем:
0006727.png	окрестности озера Маарду
0006728.png	Всеволод Иванов. «Императрица Фике» (1968)
0006729.png	Атлас Луганской области
0006730.png	Библиография
0006731.png	Архитекторы по алфавиту
0006732.png	Терминология и классификация
0006733.png	Общественно-политическая газета «Газета моего города»
0006734.png	2010-е
0006735.png	Поздний гностицизм
0006736.png	Памятник труженикам тыла
0006737.png	Михаил Науменков (97-ой общий)
0006738.png	Отношение к политике и военной службе
0006739.png	Медиафутбол
0006740.png	Бриттен, «Шесть метаморфоз по Овидию»;
0006741.png	Штыки
0006742.png	Источники
0006743.png	Медведь (2002)
0006744.png	Литература
0006745.png	Место психологии в системе наук
0006746.png	Источники
0006747.png	Областные центры Украины
0006748.png	Медаль «25 лет освобождения Румынии» (СРР, 3.11.1969);
0006749.png	См. также
0006750.png	Гражданский противогаз ГП-4у
0006751.png	Похожие случаи
0006752.png	Короленко и Ленин
0006753.png	Международный летний университет;
0006754.png	Кофу-хан ()
0006755.png	Общие сведения
0006756.png	Ссылки
0006757.png	Кислотные оксиды
0006758.png	География
0006759.png	Население
0006760.png	Астрономы мира. Фридрих Вильгельм Бессель. К 220-летию со дня рождения
0006761.png	Ссылки
0006762.png	Ссылки
0006763.png	Инженер-майор (25.12.1968).
0006764.png	Теннис является олимпийским видом спорта.
0006765.png	7) высшее наитие.
0006766.png	Литература
0006767.png	Верхняя Австрия
0006768.png	Велико Тырново, Болгария (7 июля 1997 года);
0006769.png	В память о погибшем Изяславе была построена церковь Покрова на Нерли.
0006770.png	Персонажи «Слова о полку Игореве»
0006771.png	1921 год в Грузии
0006772.png	Люди Великой французской революции по алфавиту
0006773.png	Музей А. Вампилова на родине драматурга в п. Кутулик.
0006774.png	Центральноукраинский национальный технический университет
0006775.png	Александр Коротич («Чужая земля», «Титаник», «Яблокитай»)
0006776.png	Ранние годы. Переплётчик
0006777.png	На месте захоронения Абая Кунанбаева сооружён Мавзолей Абая.
0006778.png	Книги Танаха
0006779.png	Семья
0006780.png	Ереван являлся одним из древнейших городов на территории бывшего СССР.
0006781.png	Две племянницы
0006782.png	Медаль Бенджамина Франклина
0006783.png	Студенческое движение
0006784.png	оператор взятия значения функции  в конкретной точке : ;
0006785.png	См. также
0006786.png	Браузерные войны
0006787.png	Ссылки
0006788.png	Поведенческие экономисты
0006789.png	Разновидности
0006790.png	Игры патриотов (фильм, 1992, по книге Тома Клэнси (1987)
0006791.png	Здравоохранение
0006792.png	Бесланское РСУ
0006793.png	Храм Архангела Михаила;
0006794.png	Портреты
0006795.png	Районные центры Костромской области
0006796.png	Бог дхармы
0006797.png	Сущность системного анализа
0006798.png	музей в родовом замке Лоухисаари.
0006799.png	1929 год в Италии
0006800.png	Фильмы о Жорж Санд
0006801.png	Большой адронный коллайдер
0006802.png	Космический полёт
0006803.png	Римский календарь
0006804.png	Правители
0006805.png	Шумилов Е. Н. Еловское Прикамье: Энциклопедический справочник. Пермь, 2008.
0006806.png	Официальный сайт на немецком языке (Берн).
0006807.png	Значение и классификация ошибок программного обеспечения
0006808.png	Группы новой волны из Великобритании
0006809.png	Эрот (по некоторым источникам)
0006810.png	Топоним
0006811.png	Также получил широкое распространение жанр художественных фильмов-катастроф.
0006812.png	Примечания
0006813.png	(в хронологическом порядке):
0006814.png	Руяне
0006815.png	«Аида» была поставлена в Каире в 1871 году с огромным успехом.
0006816.png	Литература
0006817.png	Блог «Лейб-гусар».
0006818.png	Ссылки
0006819.png	Происхождение и семья
0006820.png	Примечания
0006821.png	Мир Византии с Венгрией.
0006822.png	Расы как социальные категории
0006823.png	Карабахское движение
0006824.png	Принципы организации:
0006825.png	Официальный сайт муниципалитета
0006826.png	Музыка
0006827.png	Религия и шизофрения
0006828.png	Официальный сайт
0006829.png	Источники
0006830.png	И предметом шуток быть.
0006831.png	Примечания
0006832.png	Художественные особенности
0006833.png	Глобальное потепление
0006834.png	Педагогические технологии
0006835.png	Формальные науки
0006836.png	Кровеносная система
0006837.png	Каков Фирс, таков и февраль.
0006838.png	Литература
0006839.png	Богородичные праздники
0006840.png	Численное интегрирование
0006841.png	Литература
0006842.png	Возможный регент
0006843.png	9 мая
0006844.png	Созданы 3 района:
0006845.png	Ссылки
0006846.png	Примечания
0006847.png	Инцидент 1993 года
0006848.png	Апрель
0006849.png	Роберт Раушенберг (р.1925), американский художник, основоположник поп-арта.
0006850.png	Свойства
0006851.png	Районы Башкортостана
0006852.png	Безъядерная зона
0006853.png	Том 1. Исследование о растениях (1854)
0006854.png	Литература
0006855.png	Осенью луский гун и войска Сун и Ци воевали с Сю.
0006856.png	алтайская языковая семья
0006857.png	Финикийские колонии
0006858.png	Делайя;
0006859.png	Восстановление статуса государственного языка
0006860.png	Член-корреспондент АН СССР с 1946, академик с 1953 года.
0006861.png	Изоляция в середине жизни
0006862.png	Чапаев в кинематографе
0006863.png	Историки Армении
0006864.png	Расположение флага России при совместном использовании с другими флагами
0006865.png	История
0006866.png	ТСК «Юрюзань»
0006867.png	Кавказский филиал
0006868.png	Родились
0006869.png	Вентура Руис Агилера умер 1 июля 1881 года в городе Мадриде.
0006870.png	См. также
0006871.png	Игроки ФК ВВС
0006872.png	Станкевич, Игорь Валентинович (19.10.1995, 238)
0006873.png	Ченджераи Хунзви («Гитлер»)
0006874.png	Херсонский филиал Киевских государственных курсов иностранных языков
0006875.png	Собор Карельских святых
0006876.png	Вологодский проезд
0006877.png	Жан Расин, трагедия «Митридат» (1673).
0006878.png	Ядгар Насриддинова (р. 1920), советский партийный и государственный деятель.
0006879.png	Игроки сборной России по футболу (до 21 года)
0006880.png	в Петрограде расстреляна мирная демонстрация рабочих и солдат.
0006881.png	События
0006882.png	Административное деление
0006883.png	все тона коричневого с зелёным
0006884.png	Экранизации литературных произведений фантастики
0006885.png	Награды
0006886.png	Художественные произведения (романы, повести, рассказы).
0006887.png	Одомашнивание лошади
0006888.png	Ссылки
0006889.png	Избранные работы
0006890.png	См. также
0006891.png	Орден Святого Станислава 1-й степени (26 мая 1896 года);
0006892.png	Переводчики Декарта на русский язык
0006893.png	Папаруда
0006894.png	Книги стихов
0006895.png	Современная формулировка:
0006896.png	Боевые корабли
0006897.png	Награды и звания
0006898.png	Слияния и поглощения
0006899.png	Метро
0006900.png	Литература
0006901.png	Молекулы (видеурок, программа 7 класса)
0006902.png	ГБОУ «Центр педагогического мастерства»(Хамовнический Вал, 6)
0006903.png	Примечания
0006904.png	Теннесси Уильямс (1976),
0006905.png	портрет архитектора Кнобельсдорфа (с картины Антуана Пэна)
0006906.png	Типы калькуляторов
0006907.png	В фотографии
0006908.png	Полисемия
0006909.png	Анклав открытого моря
0006910.png	Сочинения
0006911.png	Военная продукция Федерального центра двойных технологий «Союз»
0006912.png	Верхний город ()
0006913.png	Кривая второго порядка
0006914.png	Процесс маркетинговых исследований включает следующие этапы и процедуры:
0006915.png	Сноски
0006916.png	Родились
0006917.png	Фудокан
0006918.png	Общая протяжённость судоходных речных путей области , сплавных путей более .
0006919.png	Миф: Европа не имела развитых систем боя
0006920.png	Примечания
0006921.png	Известные представители рода
0006922.png	Тарик ибн Зияд
0006923.png	фэнсабберские группы выпускают фэнсабы с отключаемыми субтитрами;
0006924.png	СВОЭВП предоставляет следующую информацию:
0006925.png	Макар Хабаров (64-й общий)
0006926.png	Примечания
0006927.png	Литература
0006928.png	Литературоведы Германии
0006929.png	История города Оулу
0006930.png	Персоналии по алфавиту
0006931.png	См. также
0006932.png	Синий треугольник. Почти фантастическая повесть (2001)
0006933.png	Председатель Секретариата ЦК КПК
0006934.png	На немецком
0006935.png	Почётные доктора Гарвардского университета
0006936.png	Металогика
0006937.png	См. также
0006938.png	Литература
0006939.png	При превышении дозировки чаще всего развиваются:
0006940.png	Ферзевый гамбит
0006941.png	См. также
0006942.png	, самый северный в мире.
0006943.png	Юрий Коваль. Сундук (стихотворение)
0006944.png	Почётные граждане Жуковского
0006945.png	Важнейшие работы:
0006946.png	Грачёвский
0006947.png	Орден Верности, большой крест
0006948.png	Сетевые протоколы
0006949.png	Булгарские языки
0006950.png	Списки:Оттава
0006951.png	Мировая борьба с офшорами
0006952.png	Джасинда Барретт, австралийско-американская актриса и бывшая модель.
0006953.png	Карта Латвии с поиском населённых пунктов
0006954.png	Сахалинская область
0006955.png	Жизнь в Европе
0006956.png	Название
0006957.png	Ступинский филиал Московского финансово-юридического университета (МФЮА)
0006958.png	Ояма Ивао
0006959.png	Лола Понсе, аргентинская певица, актриса и фотомодель.
0006960.png	Храм является объектом культурного наследия регионального значения.
0006961.png	Ссылки
0006962.png	Статьи
0006963.png	Канлы
0006964.png	Жизнь после Октябрьской революции
0006965.png	Епархией Айхштета
0006966.png	Раздел «История» в энциклопедии Эстоника.
0006967.png	Медаль «За усмирение Венгрии и Трансильвании» (28 февраля 1850 года)
0006968.png	Зимой чжэнское войско Гунсунь Ся напало на Чэнь.
0006969.png	«Малая проза». Анна Гераскина за рассказ «Я тебя не слышу».
0006970.png	Китай
0006971.png	Примечания
0006972.png	Русская древлеправославная церковь.
0006973.png	забросившая наибольшее количество шайб в матчах со всеми командами
0006974.png	Подрезковская 1-я улица
0006975.png	Ромеи во главе с Алексеем Комнином одержали победу над армией тюрок около Никеи.
0006976.png	Члены Прогрессистской партии (Испания)
0006977.png	Статистика выступлений
0006978.png	1, 5, 10, 12, 15, 16, 17, 20, 23, 24, 25, 26, 28 сентября
0006979.png	Аланский Успенский монастырь
0006980.png	Ленский
0006981.png	Основы синтеза звука
0006982.png	Ягеллонский университет (1989)
0006983.png	Математики СССР
0006984.png	Упоминания
0006985.png	Название
0006986.png	Информационное агентство ИнфоШОС
0006987.png	Примечания
0006988.png	Экономика
0006989.png	Бирманское письмо
0006990.png	«Таппара» (Тампере, Финляндия)
0006991.png	Гранд-офицер ордена Южного Креста (Бразилия)
0006992.png	Официальный сайт района
0006993.png	Города-побратимы
0006994.png	География
0006995.png	Депутаты Совета Союза 5-го созыва
0006996.png	Примечания
0006997.png	Все эти книги признаны также каноническими и в христианстве.
0006998.png	Сэди Синк, американская актриса театра, кино и телевидения.
0006999.png	Борисоглебский муниципальный драматический театр имени Н. Г. Чернышевского.
0007000.png	Аффективная законность, основанная на харизматичности лидера.
0007001.png	Медицинские процедуры
0007002.png	Этимология
0007003.png	Гипотезы
0007004.png	В поэзии Данте
0007005.png	Биохимия и метаболизм человека (в соавторстве с  и Б. Уолкером)
0007006.png	Чемпионки мира по шахматам
0007007.png	Система знаков и самовыражение в поведении
0007008.png	В 2012 году создана Магнитогорская и Верхнеуральская епархия РПЦ.
0007009.png	Похороненные на кладбище Пасси
0007010.png	Константинопольским епископом стал Евсевий Никомедийский.
0007011.png	Манчестерская музыкальная сцена
0007012.png	Международные суды и трибуналы
0007013.png	Постмодернизм в музыке
0007014.png	почему ровно три цвета?
0007015.png	Итальянское вторжение в Абиссинию
0007016.png	Речная долина
0007017.png	Музей археологии и этнографии
0007018.png	Похороненные в Массачусетсе
0007019.png	Дядька
0007020.png	Ссылки
0007021.png	Литература
0007022.png	Торговля и инфраструктура
0007023.png	Посттрансляционные модификации делят на:
0007024.png	Рудник Алтын-Топкан
0007025.png	Объектно-ориентированные языки программирования
0007026.png	Праздники
0007027.png	Список адмиралов Российского Императорского флота
0007028.png	Документы могут выполнять следующие функции:
0007029.png	Наиболее крупные дела ФАС России
0007030.png	Притоки
0007031.png	Исполнительные вице-президенты, подчиняющиеся непосредственно гендиректору
0007032.png	Добровольный или вынужденный отказ от сексуальности
0007033.png	Примечания
0007034.png	Примечания
0007035.png	25 Религии античности. Второстепенные культы и религии
0007036.png	Правление
0007037.png	Гостиница
0007038.png	В Авесте
0007039.png	Пантелеймон Голосов (р. 1882), советский архитектор.
0007040.png	Швеция
0007041.png	81 км: река Ржать (лв)
0007042.png	Ссылки
0007043.png	Социальная справедливость
0007044.png	Примечания
0007045.png	Тематика (фабула) бреда
0007046.png	Примечания
0007047.png	Похороненные на Новодевичьем кладбище
0007048.png	Астрономы по алфавиту
0007049.png	Преподаватели Казанской духовной семинарии
0007050.png	Бренд
0007051.png	Дозволенность
0007052.png	Примечания
0007053.png	См. также
0007054.png	Литература
0007055.png	Ломоносовский фарфоровый завод
0007056.png	Персоналии:Рунет
0007057.png	Звёзды как пыль (1951)
0007058.png	Исторические флаги
0007059.png	Библиография и кинематография
0007060.png	Казахский род
0007061.png	Примечания
0007062.png	Возобновление работы
0007063.png	См. также
0007064.png	Русские писатели по алфавиту
0007065.png	Женат, имеет двоих сыновей.
0007066.png	Медаль «В память 800-летия Москвы» (1948)
0007067.png	Цепное правило для колмогоровской сложности
0007068.png	Экоактивисты СССР
0007069.png	Тбилисские события 1989 года и выход Грузии из СССР
0007070.png	Хрулёв Павел
0007071.png	Лётчики морской авиации Великой Отечественной войны
0007072.png	Биография
0007073.png	Такси
0007074.png	Наложение символов
0007075.png	Алексей Шевченков («Иуда», Россия, 2013)
0007076.png	Географическое положение
0007077.png	Кармаскалинский район
0007078.png	Статьи с эдитнотисом об осторожности при редактировании
0007079.png	Провозглашение независимости
0007080.png	Духовное училище во имя апостола Иоанна Богослова
0007081.png	оси улицы Академика Скрябина,
0007082.png	Умершие от рака желудка
0007083.png	Известные уроженцы
0007084.png	Александр Мезенцев («Есенин», 2005)
0007085.png	Тайные советники
0007086.png	Киммерийцы
0007087.png	Римская империя
0007088.png	Почётные доктора Кильского университета
0007089.png	Ансамбль Площади Мира
0007090.png	Примечания
0007091.png	Персоналии:История Испании
0007092.png	Изониазид и имипрамин
0007093.png	Композиторы, награждённые рыцарским титулом
0007094.png	Население
0007095.png	Мат Бодена
0007096.png	Культура
0007097.png	Защищённые ноутбуки
0007098.png	75 км: река Острожня
0007099.png	19 век
0007100.png	Религиозные
0007101.png	Ссылки
0007102.png	Литература
0007103.png	Ссылки
0007104.png	См. также
0007105.png	Похороненные в некрополе у Кремлёвской стены
0007106.png	изолированная вершина.
0007107.png	Следы кариеса находили у людей, живших .
0007108.png	микрорайон Новый;
0007109.png	Подпоручик гвардии (24.12.1855)
0007110.png	990 км: Протва (лв)
0007111.png	Анимационный сериал Пингвинёнок Пороро (Корея).
0007112.png	Национальный состав
0007113.png	Вклад в науку
0007114.png	Белгород, Россия
0007115.png	Экономика
0007116.png	(см. также Английская система мер)
0007117.png	Социалисты Японии
0007118.png	Состояние вооружённых сил к началу войны
0007119.png	Творчество
0007120.png	Падающая Звезда:
0007121.png	Саратовский государственный университет имени Н. Г. Чернышевского
0007122.png	Балтиморский диалект
0007123.png	Формы государства
0007124.png	96 км: река Ачису (пр.)
0007125.png	чувствительность к внешним воздействиям,
0007126.png	Кафедра общей и неорганической химии
0007127.png	Примечания
0007128.png	Главные труды Клейна:
0007129.png	Медичи
0007130.png	Литература
0007131.png	115 км: Кузьминка
0007132.png	использование сигаретных фильтров;
0007133.png	Вернувшиеся русские эмигранты первой волны
0007134.png	Географические открытия
0007135.png	Рудные минералы
0007136.png	Пример, иллюстрирующий использованное выше выведение формулы:
0007137.png	Брисбен
0007138.png	Примечания
0007139.png	Гостевая
0007140.png	Таль:
0007141.png	Источники
0007142.png	Козулин, Алексей Иванович (1977)
0007143.png	Правовое положение физического лица в Российской Федерации
0007144.png	Суруга
0007145.png	Государственные языки: адыгейский и русский.
0007146.png	Сравнение массы и веса
0007147.png	Заслуженные профессора МГУ
0007148.png	Продуктовый супермаркет «ЕКО-Маркет»
0007149.png	Примечания
0007150.png	Родились
0007151.png	1410-е годы
0007152.png	Шестидневная война (1967)
0007153.png	Гиперкалиемии (высокому уровню калия)
0007154.png	Россия
0007155.png	В 1929 году в Белощелье началось строительство зданий «Дома ненца» и больницы.
0007156.png	См. также
0007157.png	Скончались
0007158.png	Восприятие лиц
0007159.png	Критика
0007160.png	Пикантный
0007161.png	Криминальная обстановка
0007162.png	Литература
0007163.png	Литература
0007164.png	Конногвардейцы
0007165.png	Источники
0007166.png	Родившиеся в 1844 году
0007167.png	Трубниковский переулок
0007168.png	Хвост может быть жестче, чем нос
0007169.png	Геймплей
0007170.png	Художники-карикатуристы России
0007171.png	Примечания
0007172.png	Сопряжённые диаметры гиперболы
0007173.png	См. также
0007174.png	Основатель тхэквондо умер в Пхеньяне 15 июня 2002 года на 84 году жизни.
0007175.png	Этногенез румын
0007176.png	Терновый венец
0007177.png	Война с антигелугпинской коалицией
0007178.png	Именем Анатолия Левченко названы улицы в городах Уфе и Жуковском .
0007179.png	События
0007180.png	Великая Отечественная война
0007181.png	Экранизации романа
0007182.png	Примеры предложений со смысловым глаголом в настоящем времени:
0007183.png	Детям моим. Воспоминания прошлых дней. Завещание. М.: «Московский рабочий», 1992
0007184.png	Марченко, Антон Александрович (01.10.2008, 928)
0007185.png	Признание
0007186.png	Хлоя Грейс Морец, американская актриса и модель.
0007187.png	Гостиница «Волна».
0007188.png	Родились
0007189.png	Он был предан русской литературе, её святому подходу к жизни.
0007190.png	События
0007191.png	Рэй Брэдбери (ум. 2012), американский писатель-фантаст.
0007192.png	Лётные характеристики
0007193.png	Физико-географическая характеристика
0007194.png	Примечания
0007195.png	Мессы
0007196.png	Повешенные в Японии
0007197.png	Издания
0007198.png	Три грамоты царя Михаила Федоровича архиепископу Киприану.
0007199.png	Екатерина Альмединген (р. 1853), российская детская писательница и переводчица.
0007200.png	Из опушённых видов распространены в культуре следующие:
0007201.png	общее предсердие;
0007202.png	Филологи Российской империи
0007203.png	Достоинства интерпретаторов по сравнению с компиляторами:
0007204.png	Показания
0007205.png	Оддармеантьей
0007206.png	Примечания
0007207.png	индексатор, обеспечивающий быстрый поиск по накопленной информации;
0007208.png	Гигроскопичность
0007209.png	Первые апостолы (не завершена)
0007210.png	Красный (литий, стронций)
0007211.png	Мифы Аттики
0007212.png	101,5 МГц Русское радио;
0007213.png	Мужские:
0007214.png	Гёссер
0007215.png	Трудам Папиниана была придана обязательная юридическая сила.
0007216.png	Члены Палаты пэров Франции эпохи Реставрации
0007217.png	крепость Очаков и её уезд остаются во владении Турции;
0007218.png	Оперные композиторы Мальты
0007219.png	Семья
0007220.png	Трансплантология имеет несколько направлений:
0007221.png	Частотная интерпретация
0007222.png	Примечания
0007223.png	Мир-Теймур Мамедов. А для письма бумага (История изготовления бумаги).
0007224.png	Философы-метафизики
0007225.png	Борис Андреев на сайте Театра киноактёра
0007226.png	Песня «Чёрно-белый цвет» (трибьют-альбом «Машине времени» «Машинопись», 2009)
0007227.png	Депутаты муниципальных образований Москвы
0007228.png	Пол Аллен
0007229.png	Средневековые легенды
0007230.png	Книги, монографии
0007231.png	Короли зулусов
0007232.png	Улица Римского-Корсакова в Луге.
0007233.png	развитие остеопороза и склонность к переломам костей
0007234.png	Вертикальная черта разделяет допустимые варианты.
0007235.png	В декабре 1972 открыт Дворец спорта.
0007236.png	Танкисты Великой Отечественной войны
0007237.png	По состоянию на 3 февраля 2011 года глубина скважины составила 3714,24 м.
0007238.png	80-е годы
0007239.png	История
0007240.png	Происхождение
0007241.png	Путешествие Зевульфа в Святую Землю (русский перевод).
0007242.png	Компьютерные шины
0007243.png	Скинхеды о рокстеди
0007244.png	Пропп В. Я. Русские аграрные праздники
0007245.png	Рауно Лехтинен (р. 1932), финский дирижёр и композитор.
0007246.png	См. также: :Категория:Умершие в 1053 году
0007247.png	Октябрь
0007248.png	Макрида сряжает осень, а Анна зиму.
0007249.png	См. также: :Категория:Родившиеся в 1419 году
0007250.png	Компьютерные игры
0007251.png	Теле- и радиовещание
0007252.png	Саяно-Алтай: Тагарская культура.
0007253.png	Мифология
0007254.png	Новомученик Филумен (Хасапис)
0007255.png	Ссылки
0007256.png	Политические и правовые воззрения
0007257.png	Комментарии
0007258.png	Искусствоведы Российской империи
0007259.png	Родились
0007260.png	Тандинский кожуун
0007261.png	179. Савве Сербскому, свт.
0007262.png	Исленьев Иван Степанович - стольник (1627).
0007263.png	Литература
0007264.png	Лингвистическое значение
0007265.png	См. также
0007266.png	Произведения, включённые в Зал славы научной фантастики и фэнтези
0007267.png	Музыкальная школа
0007268.png	См. также
0007269.png	Применение в медицине
0007270.png	Этноним
0007271.png	Спас Эммануил
0007272.png	Бобби Фишер
0007273.png	Александр Иванов, российский рок-певец, солист группы «Рондо».
0007274.png	Нефтегазовая промышленность Норвегии
0007275.png	См. также: :Категория:Родившиеся в 1160 году
0007276.png	Сходненский проезд
0007277.png	Университет Каламун
0007278.png	Сивард
0007279.png	Районные центры Башкортостана
0007280.png	«Союз Т-11»
0007281.png	Бибиков, Сергей Ильич
0007282.png	Дозы излучения и единицы измерения (раздел 5)
0007283.png	Недопёсок. М., Детская литература, 1979
0007284.png	Догерманский субстрат
0007285.png	Минарето
0007286.png	Поход в Манну
0007287.png	Связь с другими теориями
0007288.png	Союз писателей Москвы
0007289.png	Реки Могилёвской области
0007290.png	Похороненные в Вене
0007291.png	Именины
0007292.png	Персоналии:Воронежская губерния
0007293.png	Лауреаты Государственной премии РФ в области науки и технологий
0007294.png	Прогресс в области нанотехнологий вызвал определённый общественный резонанс.
0007295.png	Женский пол
0007296.png	Программные и аппаратные изменения платформы
0007297.png	Филипп, король Бельгии
0007298.png	Военное искусство
0007299.png	Дефляция (экономика)
0007300.png	Фирменный стиль.
0007301.png	Кинокомедии США
0007302.png	Парламентское телевидение Государственной думы Российской Федерации
0007303.png	Ссылки
0007304.png	Способы применения
0007305.png	8-й год по эре правления луского князя Чжуан-гуна.
0007306.png	Особенности менеджмента
0007307.png	Примечания
0007308.png	Сентябрь
0007309.png	История
0007310.png	Поклонение
0007311.png	Население
0007312.png	Личная жизнь
0007313.png	Литература
0007314.png	Профсоюзы
0007315.png	Переименованные населённые пункты России
0007316.png	Если , то .
0007317.png	В состав района вошли:
0007318.png	Ссылки
0007319.png	Существа в фэнтези
0007320.png	Филипов, Роман Николаевич (06.02.2018, 1094)
0007321.png	Страны, не имеющие выхода к морю
0007322.png	Радикал приставь с плюсом минусом,
0007323.png	Вирджиния Роундинг. «Екатерина Великая» (2009)
0007324.png	После возвращения в Великобританию
0007325.png	Получение
0007326.png	концерт для флейты с оркестром (утрачен)
0007327.png	Лауреаты Нобелевской премии мира
0007328.png	Примечания
0007329.png	Обозначения пустого множества
0007330.png	События
0007331.png	Близнечные мифы
0007332.png	Женский онлайн-чемпионат.
0007333.png	Литература
0007334.png	Медаль «За оборону Сталинграда»
0007335.png	Амстердам (), Нидерланды (29 октября 1994)
0007336.png	География
0007337.png	Коррупция
0007338.png	ПРО США
0007339.png	Орден Дракона
0007340.png	В составе Персии
0007341.png	Бывшие участники группы
0007342.png	Средства массовой информации
0007343.png	См. также
0007344.png	Примечания
0007345.png	Командующие воздушными армиями СССР
0007346.png	Артём Дзюба
0007347.png	Пионеры кинематографа
0007348.png	Скончались
0007349.png	Институт леса им. В. Н. Сукачёва СО РАН
0007350.png	К северо-востоку от Столина находится славянское Хотомельское городище
0007351.png	См. также
0007352.png	Тужилки по Масленице
0007353.png	Старинные фотографии города Кунгура
0007354.png	Справочные указатели
0007355.png	Мадридский диалект
0007356.png	См. также: :Категория:Умершие 6 сентября
0007357.png	См. также: :Категория:Родившиеся 25 января
0007358.png	Примечания
0007359.png	2016: землетрясение в Абруццо, Лацио
0007360.png	Убитые в США
0007361.png	Планарный фотонный кристалл
0007362.png	Основные понятия, которыми оперирует электродинамика, включают в себя:
0007363.png	Октоберфест
0007364.png	Города Могилёвской области
0007365.png	Эльмсхорн, Германия (1993)
0007366.png	См. также
0007367.png	Соединения азота по алфавиту
0007368.png	Пасхальные яйца
0007369.png	Середниковская улица
0007370.png	Внешние влияния
0007371.png	Спортивный комплекс «Буревестник»;
0007372.png	ЖСК Поляна, улица
0007373.png	Нечётное двузначное число.
0007374.png	Матнишян, Сурен Хачатурович ;
0007375.png	Литература
0007376.png	История буддизма
0007377.png	НПЗ Группы «Газпром нефть» в гг. Панчево и Нови-Сад, Сербия.
0007378.png	Грот Монзуммано и письмо г-на Л. Манна (, 1873)
0007379.png	Эксплуатация (экономика)
0007380.png	Орден Святой Анны 1-й степени (6 декабря 1906 года)
0007381.png	Искусственное сердце
0007382.png	Жители «дома Бенуа»
0007383.png	В Юэ взошёл на престол Юнь Чан.
0007384.png	Слова в Книге Исхода
0007385.png	Экономика
0007386.png	Таджикский
0007387.png	Норвежец живёт рядом с синим домом.
0007388.png	Киселёвская улица
0007389.png	Шкала примерно логарифмическая по скорости ветра.
0007390.png	Дублирующий экипаж
0007391.png	Городские и сельские поселения Чувашской Республики
0007392.png	Гермес
0007393.png	Родственники (значения)
0007394.png	Антон Шкаплеров, российский космонавт, Герой Российской Федерации.
0007395.png	Ролевые игры живого действия
0007396.png	Родились
0007397.png	Белорусский алфавит
0007398.png	Газета «Панорама»
0007399.png	Литература
0007400.png	Истинность
0007401.png	В это время у лосей отпадают старые рога, а в берлоге засыпает медведь.
0007402.png	Медали, в том числе:
0007403.png	Бусаров Сергей Николаевич
0007404.png	Разгром парижского Пор-Рояля, центра янсенизма.
0007405.png	См. также
0007406.png	Псёл 520
0007407.png	Князья рязанские
0007408.png	Доктора богословия
0007409.png	Тексты протоколов
0007410.png	Религия
0007411.png	Философии
0007412.png	Пол организмов
0007413.png	Масоны ВВФ
0007414.png	Лусака
0007415.png	Количество участников: 30 яхт, 125 спортсменов, 7 городов, 4 региона
0007416.png	Николай Меркушкин избран главой Мордовии.
0007417.png	Таганрогский государственный педагогический институт
0007418.png	Римское завоевание
0007419.png	Серебряный призёр чемпионата России: 2005, 2006, 2007
0007420.png	Азербайджанский манат;
0007421.png	поддержка языков БД (язык определения данных, язык манипулирования данными).
0007422.png	Примечания
0007423.png	Примечания
0007424.png	Ранида.
0007425.png	Физико-географическая характеристика
0007426.png	Официальный портал общественно-патриотического движения «Чёрная Сотня»
0007427.png	Ссылки
0007428.png	Генрих Гиммлер стал главой СС.
0007429.png	Юлиан Тувим (ум. 1953), польский поэт и прозаик.
0007430.png	Железнодорожный мост в Барнауле;
0007431.png	Хокимы
0007432.png	Детство и юность
0007433.png	Удинский язык
0007434.png	Препарат отпускается по рецепту.
0007435.png	Монография
0007436.png	Кратер Ферма
0007437.png	Композиторы Российской империи
0007438.png	функциональная диагностика;
0007439.png	Родившиеся в Юхновском районе
0007440.png	Каналы, вещающие за пределами России
0007441.png	Другое
0007442.png	Памятная медаль «В честь 60-летия Калининградской области» (2006)
0007443.png	В 2019 году Артамонов заявил о широкой поддержке данной инициативы:
0007444.png	Чоботовская 2-я аллея
0007445.png	которое подразумевает предложение
0007446.png	Население
0007447.png	Ректороманоскопия (исследование при помощи эндоскопа)
0007448.png	501 тысяча тонн моркови.
0007449.png	Православная Свято-Никольская классическая гимназия
0007450.png	В апостольских посланиях
0007451.png	Список воевод Рязани
0007452.png	В искусстве
0007453.png	Примечания
0007454.png	Результаты
0007455.png	Административно-территориальное устройство
0007456.png	Брак и дети
0007457.png	Кроме того, есть 4 общеуниверситетских факультетов:
0007458.png	Результирующие таблицы эндшпилей без пешек
0007459.png	Радиостанции
0007460.png	Особняк Хлебниковых
0007461.png	Прозрачность
0007462.png	Высшие учебные заведения
0007463.png	Главы области
0007464.png	Приборный отсек
0007465.png	Биография
0007466.png	Серпухов, Россия
0007467.png	«Космос-954»
0007468.png	Литература
0007469.png	По шестой:
0007470.png	Профессиональные спортивные команды Пекина:
0007471.png	Филиал государственного института азотной промышленности.
0007472.png	1990-е годы в Сирии
0007473.png	В конце 1530-х годов переселился в Гранаду, где торговал книгами и иконами.
0007474.png	История
0007475.png	Экология
0007476.png	Другие памятники
0007477.png	Клубы-основатели Футбольной лиги Англии
0007478.png	Примечания
0007479.png	Существует несколько видов процентных ставок.
0007480.png	Кафедра английского языка
0007481.png	Уоррен Эллис
0007482.png	Микросферы
0007483.png	Источники
0007484.png	Торговля
0007485.png	Последствия
0007486.png	Матвеев, Александр Степанович,
0007487.png	Владимир Прокошин
0007488.png	Площади
0007489.png	Домашняя
0007490.png	биологическая эволюция;
0007491.png	См. также:
0007492.png	Дальность обнаружения, км
0007493.png	Орден Восходящего солнца 1 степени (Япония)
0007494.png	Клития
0007495.png	Литература
0007496.png	Классический приватный университет (КПУ)
0007497.png	Авиценна. Программа «Эха Москвы» из цикла «Всё так»
0007498.png	МегаФон
0007499.png	См. также
0007500.png	Флаг Исландии.
0007501.png	В советское время
0007502.png	Примечания
0007503.png	Комментарии
0007504.png	Военно-морская база
0007505.png	Средневековье
0007506.png	является точкой строгого локального максимума. А если
0007507.png	Игроки ФК «Крылья Советов»
0007508.png	Распознавание штрих-кодов
0007509.png	Ослепшие художники
0007510.png	Кавалеры ордена Святой Анны 1-й степени
0007511.png	Вездеход
0007512.png	Политические партии Финляндии
0007513.png	Примечания
0007514.png	Важнейшие события
0007515.png	Государственный исторический музей
0007516.png	Период независимости
0007517.png	Литература
0007518.png	Ссылки
0007519.png	Политические страны (территория государства или колонии)
0007520.png	Соответствующая этому признаку функция:
0007521.png	Аркадий Райкин, советский актёр, юморист.
0007522.png	Рассказы
0007523.png	Римская республика
0007524.png	15 октября
0007525.png	Аргументы сторонников Власова
0007526.png	Национальная ассоциация телохранителей Украины
0007527.png	Нарциза Жмиховская родилась 4 марта 1819 года в Варшаве.
0007528.png	Учебные заведения
0007529.png	Награждённые медалью Каллума
0007530.png	Участники Второй мировой войны
0007531.png	Общие сведения
0007532.png	Чемпионы мира по плаванию
0007533.png	В России
0007534.png	кутчи
0007535.png	Зал славы АХЛ
0007536.png	Показания
0007537.png	Шишкин, Сергей Борисович
0007538.png	Иудаизм
0007539.png	Кошелихинский сельсовет
0007540.png	Эпоха до виртуального кинематографа (начало 1980-х-1990-е годы)
0007541.png	Флора и фауна
0007542.png	Выпускники Львовского университета
0007543.png	Удинский острог, позже Улан-Удэ
0007544.png	СУ-152
0007545.png	Ссылки
0007546.png	Апологетические
0007547.png	Лечение гонореи сводится к применению курса антибиотиков.
0007548.png	Труды
0007549.png	Каков Игнат, таков и август месяц.
0007550.png	Машиностроители
0007551.png	Примечания
0007552.png	Победа
0007553.png	Участники земельных отношений
0007554.png	Биография
0007555.png	Источники
0007556.png	Является центрированным треугольным числом
0007557.png	Раздел «Каталог шарлатанских ресурсов» на сайте «Фраудкаталог»
0007558.png	Ухудшение основных макроэкономических индикаторов.
0007559.png	Инфраструктура
0007560.png	История клуба
0007561.png	Переводчики поэзии на русский язык
0007562.png	ООО Лечебно-консультационный сервис-центр «Лисс», Советск.
0007563.png	Почётные члены Императорского православного палестинского общества
0007564.png	на русском языке
0007565.png	Ссылки
0007566.png	Название
0007567.png	Синдром самозванца
0007568.png	Военные министры Австрийской империи
0007569.png	17 июня
0007570.png	Растительность
0007571.png	Шляхетские роды герба Бялыня
0007572.png	Скончались
0007573.png	Мария Владимировна Новикова (род. 1962), в браке с 1987 года,
0007574.png	Интерферометр Рождественского
0007575.png	Тынянов Юрий. Смерть Вазир-Мухтара.
0007576.png	Католицизм
0007577.png	Репрессированные в СССР
0007578.png	Готы разоряют Малую Азию и Трабзон.
0007579.png	Биография
0007580.png	Родились
0007581.png	Активная модель
0007582.png	24 октября
0007583.png	Соотношение с другими единицами площади
0007584.png	Деревянная жилая застройка на улице Московская.
0007585.png	Выпускники Падуанского университета
0007586.png	«Августалы и сакральное магистерство», докторская диссертация, СПб., 1895,
0007587.png	24 октября
0007588.png	Война с Малгиумом
0007589.png	Личные гербы пап римских
0007590.png	Ссылки
0007591.png	Период регентства
0007592.png	Благодарность Президента РФ (2009), Почётная грамота Правительства РФ (2012)
0007593.png	Официальный сайт города Климовска
0007594.png	437 км: река Каланак (пр.)
0007595.png	Персоналии:Московский академический театр им. Вл. Маяковского
0007596.png	Члены Государственного совета Российской империи
0007597.png	факторы социальной диалектологии.
0007598.png	Фестиваль «Городские цветы»
0007599.png	Вазодилататоры
0007600.png	Ссылки
0007601.png	Сражения Венгрии
0007602.png	Михаил Литвак (р. 1938), советский и российский психолог и психотерапевт.
0007603.png	Государство и религия
0007604.png	Административное деление
0007605.png	Медведь на воеводстве (1884)
0007606.png	Русские эмигранты первой волны в Германии
0007607.png	Семья
0007608.png	Дельта-модуляция
0007609.png	Диктатура
0007610.png	Доминанта
0007611.png	Руководство
0007612.png	Фототехника
0007613.png	Центры ядерных исследований
0007614.png	Местоимение-существительное
0007615.png	Достопримечательности
0007616.png	Жидкостно-твёрдофазная хроматография
0007617.png	Лили Тейлор, американская киноактриса.
0007618.png	(Официальный сайт резервации)
0007619.png	Ссылки
0007620.png	Депутаты Верховного Совета СССР 3-го созыва
0007621.png	Соломон умер на сороковом году своего царствования ().
0007622.png	релятивистское замедление времени.
0007623.png	Датский орден Слона (25.06.1875)
0007624.png	Географические данные
0007625.png	Прелюдия и скерцо для кларнета с фортепиано
0007626.png	Дом Врангеля.
0007627.png	Военный инженер
0007628.png	Новая сцена Большого театра в Москве (2002)
0007629.png	Ватуланатха-сутра Ватуланатхи;
0007630.png	«Дело о янтарном кабинете» (сериал, 2003, реж. В. Аксёнов)
0007631.png	Музей семьи;
0007632.png	Конфессиональные
0007633.png	Гормоны гипоталамуса
0007634.png	Примечания
0007635.png	Родились
0007636.png	«Ильвес» (Тампере, Финляндия)
0007637.png	По названию проспекта названа станция метро «Елизаровская».
0007638.png	«Третья сторона» (2020)
0007639.png	Поэты Италии
0007640.png	Павловск (Санкт-Петербург)
0007641.png	Олиго- и полипептиды, белки
0007642.png	Гурбангулы Бердымухамедов, президент Туркмении.
0007643.png	ЦСКА (стрельба из лука)
0007644.png	Баварско-австрийское наречие
0007645.png	Сервер криптографических ключей
0007646.png	Ссылки
0007647.png	Джазовые трубачи США
0007648.png	«Десять негритят Никиты Хрущёва» («Первый канал», 2005)
0007649.png	Ссылки
0007650.png	Мемориальный комплекс Мавзолей Че Гевары на Кубе.
0007651.png	5. Аллостерические регуляторы активности ферментов.
0007652.png	Чесменская колонна
0007653.png	Установление рекорда в присутствии представителя компании (или комиссии);
0007654.png	Философия Ксенофана
0007655.png	орден Св. Анны 2-й  (1893)
0007656.png	Ссылки
0007657.png	Самозванцы Византии
0007658.png	Официальный сайт ХК «Рубин»
0007659.png	Глобальная федерация (ГТФ)
0007660.png	Нормандский герцог Вильгельм, завоеватель Англии
0007661.png	Пищевые добавки
0007662.png	История проекта
0007663.png	См. также
0007664.png	Христианство в Канаде
0007665.png	Речная система
0007666.png	Примечания
0007667.png	Кнуд и церковь
0007668.png	Умершие от рака шейки матки
0007669.png	Некрополь
0007670.png	1134 км: Кальтягау (пр)
0007671.png	Путч Рема
0007672.png	Персоналии по алфавиту
0007673.png	Семья
0007674.png	Математические отношения
0007675.png	Древний Египет
0007676.png	Он не вернулся из боя (съемка ТВ Таллина, 1972)
0007677.png	В культуре
0007678.png	Примечания
0007679.png	Центр детского технического творчества
0007680.png	Линдси Маккеон, американская актриса.
0007681.png	Виталий Масол утверждён Верховной Радой на пост премьер-министра Украины.
0007682.png	язык бле (джалкуна) (Буркина Фасо)
0007683.png	Примечания
0007684.png	В ролях
0007685.png	Выборы
0007686.png	Применяют также как противорвотное средство.
0007687.png	Чеченская война:
0007688.png	Краткий туристический путеводитель по Любляне, с картой центра, слов.яз.
0007689.png	Населённые пункты городского округа Новокуйбышевск
0007690.png	Студийные альбомы
0007691.png	Экономический кризис и его причины (доклад) (1931)
0007692.png	Ссылки
0007693.png	Экономика
0007694.png	Театральный центр «Три грации».
0007695.png	Культурные памятники
0007696.png	В литературе
0007697.png	Структура молекулы
0007698.png	Ссылки
0007699.png	УЗИ мочевого тракта
0007700.png	Менеджмент
0007701.png	Россия
0007702.png	Гродно, Белоруссия
0007703.png	Недостатки:
0007704.png	Вице-президенты (в том числе почётные и континентальные)
0007705.png	Археологическое исследование городища Мирмекий
0007706.png	Фильмы о волках
0007707.png	Орден Красного Знамени (МНР, 1942)
0007708.png	Командование, состав и численность полка в РФ и СССР
0007709.png	Радиостанции
0007710.png	Румыния (с 1944)
0007711.png	Теннисисты на летних Олимпийских играх 2012 года
0007712.png	История
0007713.png	король находится под шахом;
0007714.png	История
0007715.png	Медицинский радиологический научный центр
0007716.png	Библиография
0007717.png	ТСК «Июль»
0007718.png	Викентий Коллиурский, мученик Коллиурский.
0007719.png	Физико-математический факультет
0007720.png	Бывшие столицы
0007721.png	Столицы державы Ахеменидов
0007722.png	Фороней
0007723.png	С. Богдасаровой.
0007724.png	Звания и награды
0007725.png	Автобиография Абакарова Кади Абакаровича.
0007726.png	Религия
0007727.png	Алексей Ивакин, российский писатель, военный историк.
0007728.png	Рогачёв,Беларусь
0007729.png	Государства:
0007730.png	Штральзунд, Германия
0007731.png	Художественные критики русского авангарда
0007732.png	Ссылки
0007733.png	Технологии
0007734.png	Инфраструктура
0007735.png	Регистраторы доменов
0007736.png	Мопеды
0007737.png	История
0007738.png	Николай Дементьев
0007739.png	недостаточно данных
0007740.png	Мастера спорта Украины международного класса
0007741.png	Орден Октябрьской Революции (1971).
0007742.png	См. также
0007743.png	Скопировать выделенные объекты в буфер обмена:  или .
0007744.png	Свояк Сергей Сергеевич (1969)
0007745.png	Ссылки
0007746.png	Учёные
0007747.png	Выделение
0007748.png	: Портленд (Орегон), Балтимор (Мэриленд)
0007749.png	Оценки и отзывы
0007750.png	стерадиан  кв. градусов.
0007751.png	Наиболее распространённые из них:
0007752.png	География
0007753.png	Примечания
0007754.png	дополнительный перерыв для кормящих ребёнка грудью;
0007755.png	Метрологические организации
0007756.png	21 апреля
0007757.png	Повседневный мир людей расписан до мелочей,
0007758.png	Решка
0007759.png	Верхнеуслонский, в состав которого вошли:
0007760.png	Римская империя
0007761.png	Аллергические реакции: крапивница, бронхоспазм.
0007762.png	Наш закон, душа одна.
0007763.png	Национальные
0007764.png	Пианисты Германии
0007765.png	Фильмы об учёных
0007766.png	Памятник В. И. Ленину
0007767.png	Художники-соцреалисты Грузии
0007768.png	Чермелей
0007769.png	«Идеологические операции» КГБ
0007770.png	Термин же лекарство может употребляться к любому из них и более просторечное.
0007771.png	Ссылки
0007772.png	Памир
0007773.png	В драме «Каменный гость» Александра Пушкина
0007774.png	Окружности
0007775.png	Кинотеатры
0007776.png	Приспособления для очистки и нарезки картофеля
0007777.png	В больших размерностях
0007778.png	Новосибирский Академгородок на сервисе Яндекс.Панорамы.
0007779.png	Списки по городам России
0007780.png	Примечания
0007781.png	Ссылки
0007782.png	Факультет теологии Российского православного института
0007783.png	Векторная графика
0007784.png	Аттракционы
0007785.png	Достоевского, переулок
0007786.png	Мемориальная Станция шаттла Колумбия
0007787.png	Народы Германии
0007788.png	Этимология
0007789.png	Иллюстрации
0007790.png	Функциональный анализ
0007791.png	Ссылки
0007792.png	Этимология названия
0007793.png	Черновской территориальный округ:
0007794.png	Электроды с мембраной на основе мембраноактивных комплексонов;
0007795.png	Части города в 1916 году
0007796.png	Лечение
0007797.png	Ссылки
0007798.png	Музеи и памятники
0007799.png	Цезаря, имя его пронесу через столькие годы,
0007800.png	Также различают несколько типов месторождений бора:
0007801.png	Детство
0007802.png	Химические элементы
0007803.png	Учебные заведения, основанные в 1290 году
0007804.png	Герб Республики Конго.
0007805.png	Карты города Окуловка и Окуловского района
0007806.png	Владимир Новиков
0007807.png	Здравоохранение
0007808.png	Малый Вопец
0007809.png	с парами воды (при высокой температуре):
0007810.png	Пересечение множеств
0007811.png	Словесное искусство
0007812.png	по Долгорукову
0007813.png	Транснептуновые объекты
0007814.png	4. Оценка сделанного изобретения.
0007815.png	Перстень из кабинета Е. И. В. (1890),
0007816.png	Святого Николая в тюрьме на Лукишках (1904)
0007817.png	Предприятия Новокузнецка
0007818.png	«Прорицание Вёльвы», строфа 24
0007819.png	Сплавы
0007820.png	Ли Гарлингтон, американская актриса.
0007821.png	Семейство
0007822.png	Флора Евразии
0007823.png	Титулы
0007824.png	Если утром туман и роса, то погода на Мирона будет хорошая.
0007825.png	Дворянские роды, на гербах которых изображены стрелы
0007826.png	Отзывы
0007827.png	Литература
0007828.png	Подводные дыхательные аппараты
0007829.png	Мюонный коллайдер
0007830.png	Астрономические явления
0007831.png	Ссылки
0007832.png	ООО «Никопольская зерновая компания». Производство и хранение зерна.
0007833.png	электромеханические картофелечистки бытовые
0007834.png	разъёмы оперативной памяти (ОЗУ),
0007835.png	Сурьма в Популярной библиотеке химических элементов
0007836.png	; некоторые источники считают её подвидом обыкновенной рыси
0007837.png	Биография
0007838.png	Депутаты Государственной Думы, избранные от НАО
0007839.png	Религиозные организации
0007840.png	многоразовые проездные билеты,
0007841.png	«В память 300-летия царствования дома Романовых» (1913)
0007842.png	Расписание поездов Балтийского вокзала
0007843.png	Мифические существа в еврейской мифологии
0007844.png	Городское поселение Чехов
0007845.png	Ссылки
0007846.png	Понятие притчи
0007847.png	Из письма в адрес СНК от 21 декабря 1934 года:
0007848.png	См. также
0007849.png	Сложные системы могут быть открытыми
0007850.png	Пушкинская галерея.
0007851.png	Мосты
0007852.png	Примечания
0007853.png	Родились
0007854.png	Персоналии:Театр «Ленком»
0007855.png	Дуглас Адамс в Лавке Миров
0007856.png	Катается на горных лыжах, увлекается рыбалкой и охотой.
0007857.png	Запорожский институт экономики и информационных технологий (ЗИЭИТ)
0007858.png	Промышленность
0007859.png	Стандарт
0007860.png	Литовские писатели
0007861.png	Ле-Блан-Мениль (Франция)
0007862.png	История
0007863.png	Перспективы области
0007864.png	Сатавахана
0007865.png	Учреждения ВВС США
0007866.png	Улица Мечникова в Красноярске
0007867.png	7 февраля
0007868.png	Персоналии:Смутное время
0007869.png	Авторы учебников по геометрии
0007870.png	Директива для КОВО
0007871.png	Великий князь Александр Михайлович так описал его спасение (возможно, путая):
0007872.png	Академические музыканты Италии
0007873.png	Приметы
0007874.png	Население
0007875.png	Государственные символы Греции
0007876.png	Живёт в Царском Селе (город Пушкин).
0007877.png	Период независимости
0007878.png	Продюсер: Леонид Верещагин
0007879.png	Сборник стихов (диван) Шейбани-хана был издан в Турции.
0007880.png	Вакс, Иосиф Александрович
0007881.png	чугунно-доменное производство;
0007882.png	Новогреческий период
0007883.png	Среднее гармоническое двойственно среднему арифметическому в следующем смысле:
0007884.png	Литература
0007885.png	Путевой лист трактора (Форма 412-АПК)
0007886.png	Параллакс прицела
0007887.png	вторая буква обозначает подкласс приборов:
0007888.png	Центральноафриканская империя
0007889.png	Сочинения
0007890.png	Олег Кошевой
0007891.png	290 км: Большой Абдрахманов
0007892.png	Примечания
0007893.png	Библиография
0007894.png	(урду)
0007895.png	«Таблица наведения» (для электронных АТС)
0007896.png	Ширваншахи
0007897.png	География
0007898.png	Кафедра теории и методики начального образования
0007899.png	Музыка
0007900.png	Культура и достопримечательности
0007901.png	Директора Восточного института
0007902.png	Политики России
0007903.png	Подпольное казино как таковое.
0007904.png	385 км: без названия (пр.)
0007905.png	Весной луский посол Шусунь Шэ отправился в Сун.
0007906.png	Слобода, улица
0007907.png	Вторжение России (2022)
0007908.png	Р. Э. Добкач. Сказка о сгоревших письмах (Петр Громницкий и Петр Высоцкий)
0007909.png	Ссылки
0007910.png	Ссылочный спам с гостевых книг, блогов, вики и пр.
0007911.png	См. также
0007912.png	Примечания
0007913.png	История
0007914.png	Александр Бачило на Литературной карте Новосибирска и Новосибирской области
0007915.png	Водоснабжение
0007916.png	Реки Одесской области
0007917.png	Дата расстрела: 7 января 1938 г.
0007918.png	Антисемитизм
0007919.png	Творческая деятельность
0007920.png	Главные должностные лица ордена
0007921.png	Точка Ферма
0007922.png	Особые указания и меры предосторожности
0007923.png	После гражданской войны
0007924.png	Депутаты Совета Союза от округов Литовской ССР
0007925.png	Городская ратуша (неоготический памятник с 1901 года);
0007926.png	Наука
0007927.png	сварка;
0007928.png	Литература
0007929.png	«30 лет Советской Армии и Флота»
0007930.png	Литература
0007931.png	Богини плодородия
0007932.png	См. также: :Категория:События 8 июня
0007933.png	Примечания
0007934.png	Репрессированные в СССР
0007935.png	Литература
0007936.png	Квантовая теория поля
0007937.png	1-я премия 3-го Всесоюзного конкурса музыкантов-исполнителей в Москве (1945)
0007938.png	Отдел законодательства об образовании, науке и культуре
0007939.png	Неделя ваий. Вход Господень в Иерусалим Православное чинопоследование
0007940.png	Живая природа
0007941.png	История района
0007942.png	Фачино Кане (1836)
0007943.png	7 марта 1923 года образован Бердичевский округ в составе Киевской губернии.
0007944.png	поддержку управления и мониторинга драйвера и сетевой карты.
0007945.png	Биография
0007946.png	Музыка
0007947.png	Младший сын оставался у родителей и впоследствии обязывался помогать всей семье.
0007948.png	Стратегии в реальном времени
0007949.png	Микрорайоны «А», «Б», «В», «Г»;
0007950.png	Ссылки
0007951.png	конечные и клеточные автоматы
0007952.png	Литература
0007953.png	Связанные расстройства
0007954.png	Ссылки
0007955.png	Индоевропейские народы
0007956.png	Использование штатива без фиксации аппарата.
0007957.png	Транспорт
0007958.png	53 эвакуационная (эвакотракторная) рота
0007959.png	Телеведущие канала «Дождь»
0007960.png	Первая гражданская война в Либерии
0007961.png	С праведными странами всего мира
0007962.png	Сараево,  (с 1976 года).
0007963.png	Дошкольное образование
0007964.png	Почётный гражданин штата Мэриленд (США, 1993)
0007965.png	Учёные, репрессированные в СССР
0007966.png	Ранний советский период
0007967.png	в совхозе «1 мая»
0007968.png	Съёмочная группа:
0007969.png	Кузбасский областной краеведческий музей
0007970.png	Колебательные явления
0007971.png	Чувствительность (физиология)
0007972.png	Фильмы по сценариям Джо Рэнфта
0007973.png	Боги по алфавиту
0007974.png	Орден Трудового Красного Знамени (1963)
0007975.png	Литература
0007976.png	1215 год
0007977.png	Биография
0007978.png	«Город Бога: повесть о семействе Борджиа» Сесилии Холланд,
0007979.png	10.07.1968. ХМК «Байкал. Остров Ольхон».
0007980.png	Улица Колмогорова (Москва)
0007981.png	Официальная трактовка
0007982.png	Примечания
0007983.png	Изменение климата Арктики
0007984.png	Сосновая аллея (Зеленоград)
0007985.png	Синтез норадреналина
0007986.png	Аритмии
0007987.png	См. также: :Категория:Родившиеся в 1103 году
0007988.png	Илья-пророк в воду нассал.
0007989.png	Иконография Богородицы
0007990.png	Исторические путеводители и топонимическая литература
0007991.png	Члены Государственного совета Российской империи
0007992.png	Десмодромный газораспределительный механизм
0007993.png	Литература по Ивану Грозному и его эпохе
0007994.png	Через Рио-де-Жанейро протекает река Акари.
0007995.png	Генерала Дорохова, улица
0007996.png	Реконструкцию ВПП-1 с полной заменой покрытия (в связи с изношенностью);
0007997.png	Пирогова
0007998.png	1-я Майская улица (деревня Верхнее Валуево)
0007999.png	Издает журнал Вестник КемГу (с 1.3.23 Сибскрипт)
0008000.png	9 Пятый Канал;
0008001.png	Примечания
0008002.png	Редакторы по алфавиту
0008003.png	Сырьевые источники и запасы
0008004.png	Скончались
0008005.png	Дисплейные показы
0008006.png	Россия
0008007.png	Кирилл Александрийский
0008008.png	Источники
0008009.png	Шествие хозяев пивных палаток
0008010.png	Договор об ограничении систем противоракетной обороны
0008011.png	Комментарии
0008012.png	Карьера
0008013.png	Лукас Мюллер, немецкий спортсмен, олимпийский чемпион в академической гребле.
0008014.png	Ссылки
0008015.png	Районная газета «Ростовский вестник»
0008016.png	Шашка
0008017.png	Примечания
0008018.png	Города Литвы
0008019.png	Родившиеся в 1834 году
0008020.png	Смерть и похороны
0008021.png	Имбецильность
0008022.png	Эти игры популяризируются до сих пор разными авторами.
0008023.png	двухфазное на землю (две фазы между собой и одновременно на землю);
0008024.png	Этимология
0008025.png	Размножение
0008026.png	Примечания
0008027.png	Применение вариационного исчисления
0008028.png	Корь у больных иммунодефицитом
0008029.png	Лауреаты премии имени С. В. Ковалевской
0008030.png	Самайн
0008031.png	События
0008032.png	Образование
0008033.png	Алюминиево-ионный аккумулятор (2 В)
0008034.png	Католическая энциклопедия
0008035.png	Дом Грюнхагена
0008036.png	Революция
0008037.png	Кубка европейских чемпионов
0008038.png	Хоккей с мячом
0008039.png	Азиатские валюты
0008040.png	История возникновения
0008041.png	Онтология
0008042.png	!Состояние
0008043.png	Лазерные кинотеатры и лазерные телевизоры
0008044.png	«Вестсайдская история» Бернстайна
0008045.png	Награды Австрии
0008046.png	Республика Крым
0008047.png	Новый памятник Сергею Ивановичу Гусеву.
0008048.png	Завод «Аргон» (производство углеродного волокна)
0008049.png	Православие
0008050.png	Константировал Мельников особняк на Арбате
0008051.png	Таманский археологический музей
0008052.png	Поля характеристики, равной 0
0008053.png	Литература
0008054.png	Стихи для детей О. Мандельштама сканы книг 1920-х годов.
0008055.png	Резиденции:
0008056.png	К системе глагольных форм примыкают два типа отглагольных прилагательных ().
0008057.png	Крайтроны.
0008058.png	Список композиций
0008059.png	Орден Ленина (17.10.1943);
0008060.png	Гетманы великие коронные
0008061.png	ЗИЛ-157
0008062.png	Орбита наллюцинаций: психология в НФ (под редакцией Азимова,  и Ч. Во)
0008063.png	Восточнославянские племена
0008064.png	Почётные доктора Лондонского университета
0008065.png	Дополнительные органы управления
0008066.png	Соревнования по гасингу
0008067.png	Об интегрировании рациональных дробей (56).
0008068.png	События
0008069.png	Динамика изменения стоимости проезда на общественном транспорте:
0008070.png	Календарь фаз Луны
0008071.png	Таможенный союз ЕАЭС
0008072.png	Цветовое кодирование
0008073.png	Населённые пункты округа Аббевилл
0008074.png	Примечания
0008075.png	Онтогенез волос у человека
0008076.png	автономность плавания,
0008077.png	Колониальный период
0008078.png	Этимология
0008079.png	Разложение тангенса в непрерывную дробь:
0008080.png	Персоналии:Роскосмос
0008081.png	Зазулинка
0008082.png	Образ в позднейшем искусстве
0008083.png	Скульпторы-монументалисты СССР
0008084.png	Талер в Нидерландах (включая Бельгию и Люксембург)
0008085.png	Примечания
0008086.png	Морские музеи, музеи медицины.
0008087.png	Также, антипротоны наблюдаются в приходящих на Землю космических лучах.
0008088.png	Апатур
0008089.png	Может существовать в нескольких вариантах:
0008090.png	С 1560 по 1821 год территория входила в состав генерал-капитанства Гватемала.
0008091.png	Ссылки
0008092.png	Профессиональные
0008093.png	прогрессивный подоходный и имущественный налог;
0008094.png	Обладатель Кубка Беарда (Лезен, Швейцария): 1993
0008095.png	Жилищно-коммунальное хозяйство
0008096.png	Электростатическое поле
0008097.png	Ежи Гофман, польский кинорежиссёр и сценарист.
0008098.png	Фелфам
0008099.png	Название
0008100.png	Вакуумный конденсат
0008101.png	Альтернативная формула выглядит так (при упрощении эквивалентна предыдущей):
0008102.png	Экс-чемпион
0008103.png	См. также: :Категория:Родившиеся в 1559 году
0008104.png	Ещё раз о повозке Блинова «Саратовский листок» написал 8 января 1881 года:
0008105.png	Ночные приступы болезни случаются очень часто (чаще 1 раза в неделю).
0008106.png	Зуд, сыпь, крапивница.
0008107.png	Мы один народ, и должен быть у нас один закон.
0008108.png	Универсальная алгебра
0008109.png	и пр.
0008110.png	кария (старец) руководит своим родом, держит всё в порядке.
0008111.png	Среднерусские говоры:
0008112.png	Программа партнёрства
0008113.png	Лётчики-испытатели СССР
0008114.png	История
0008115.png	«сухие» герконы (колба заполнена осушенным воздухом или специальным газом);
0008116.png	Значения масс различных объектов
0008117.png	1983 «Очередь», впервые опубликован издательством «Синтаксис», Париж, 1985.
0008118.png	Солнечная энергия может применяться в различных химических процессах. Например:
0008119.png	Подавление побочных электромагнитных излучений;
0008120.png	Ссылки
0008121.png	3 фуги (1971)
0008122.png	Москва
0008123.png	Литература
0008124.png	Основной сайт
0008125.png	Танеев Иван - воевода в Кашине (1627-1628).
0008126.png	Научная фантастика.
0008127.png	Литература
0008128.png	память праведных Богоотца Иоакима и Анны;
0008129.png	Орден Витаутаса Великого с золотой цепью, (Литва, 2003)
0008130.png	Будущее сельского хозяйства
0008131.png	Умершие от тромбоэмболии лёгочной артерии
0008132.png	лазеротерапия
0008133.png	Август, праздник Девы Марии дель Мар в Альмерии ().
0008134.png	Кардинальное число
0008135.png	Античные писатели, чьи труды дошли до нашего времени
0008136.png	Административное устройство
0008137.png	Правильное воззрение
0008138.png	«НТК»
0008139.png	Режиссёры Юлий Райзман, Иван Лукинский (сорежиссёр)
0008140.png	Статус популяции
0008141.png	Почётные члены Московского общества испытателей природы (после 1917 года)
0008142.png	Международные отношения
0008143.png	27 августа (8 сентября) 1855 французские войска захватили Малахов курган.
0008144.png	Примечания
0008145.png	Русские писатели по алфавиту
0008146.png	Образ в литературе
0008147.png	История Прикумья
0008148.png	Свободы открытого моря включают в себя:
0008149.png	Культурные отсылки
0008150.png	Именно в эти дни Робеспьер набросал следующие слова в записной книжке:
0008151.png	Инс-театр
0008152.png	Бирманцы захватили и разрушили тайскую столицу Сукотай.
0008153.png	Умершие в местах лишения свободы
0008154.png	Факультет биотехнологии и промышленной экологии
0008155.png	Южный федеральный округ
0008156.png	Сериал «Танкер Танго», режиссёр Бахтиер Худойназаров, 2006;
0008157.png	Иностранные
0008158.png	Муниципальные образования Балашовского района
0008159.png	Тенденции в цифровой фотографии. Часть 3 (ПЗС-матрицы)
0008160.png	Модульное тестирование. Зачем, как и кто
0008161.png	Футбольные клубы
0008162.png	Военачальники Первой мировой войны (Россия)
0008163.png	Чемпионы России по лёгкой атлетике
0008164.png	«Последние дни Помпеи» (Италия, 1913)
0008165.png	Нахождение в природе
0008166.png	Злокачественные новообразования
0008167.png	Гимн Ядринского района
0008168.png	Личные местоимения:
0008169.png	Ссылки
0008170.png	Доки (2009)
0008171.png	Примечания
0008172.png	Дельтаплан
0008173.png	Площади
0008174.png	Месерет Дефар (Эфиопия, длинные дистанции)
0008175.png	Опиоиды, их аналоги и антагонисты
0008176.png	«Стрелок» (2007)
0008177.png	Сенсорный экран
0008178.png	Экологические проблемы
0008179.png	Ивар Калныньш, советский и латвийский актёр.
0008180.png	Литература
0008181.png	Санта-Барбара, Калифорния, США, с 2010 года
0008182.png	В Донецке функционирует два планетария:
0008183.png	Писатели России по алфавиту
0008184.png	Примечания
0008185.png	Известные носители
0008186.png	Праздники 7 января
0008187.png	Современность
0008188.png	Конституция Маршалловых Островов
0008189.png	Примечания
0008190.png	Аффиксы принадлежности
0008191.png	Хайнань (Китай)
0008192.png	Ссылки
0008193.png	Населённые пункты России, утратившие статус города
0008194.png	называется орбитой элемента  (иногда обозначается как ).
0008195.png	Умершие от плеврита
0008196.png	отрицательные;
0008197.png	Национальная библиотека
0008198.png	Регулярно
0008199.png	Отношение к азартным играм
0008200.png	Ницца, Франция.
0008201.png	Критерий Поклингтона
0008202.png	Химические элементы
0008203.png	См. также
0008204.png	См. также: :Категория:Умершие в 1848 году
0008205.png	Хромосомные болезни
0008206.png	Операторы сотовой связи:
0008207.png	Математики по алфавиту
0008208.png	Гражданские войны
0008209.png	Память
0008210.png	Персоналии, чья дата смерти не установлена
0008211.png	Сентябрь 2002 года: Начало монтажа настила моста.
0008212.png	Пятеро из Ферганы.
0008213.png	Существует несколько версий происхождения фамилии:
0008214.png	Орден Октябрьской Революции;
0008215.png	Ссылки
0008216.png	Молодёжный состав
0008217.png	Сахарный диабет 1-го типа
0008218.png	См. также
0008219.png	Джеймс Блейлок
0008220.png	Центральная библиотека Хельсинки «Ооди»
0008221.png	Важнейшие события
0008222.png	Примечания
0008223.png	Елизаветградский гусарский полк
0008224.png	Правители
0008225.png	Безопасность и конфиденциальность
0008226.png	Деятельницы культуры Серебряного века
0008227.png	Официальный сайт администрации правительства Кемеровской области
0008228.png	В искусстве
0008229.png	Гидзенко, Юрий Павлович (01.04.1996, 265)
0008230.png	Присурский заповедник
0008231.png	1048 км: Тютюлена (лв)
0008232.png	Покачи в энциклопедии «Мой город»
0008233.png	Достопримечательности
0008234.png	Муниципальные районы (с марта 2020 года муниципальные округа)
0008235.png	Боги по алфавиту
0008236.png	Особенности
0008237.png	Другие значения
0008238.png	Религиозные
0008239.png	Задачи техники:
0008240.png	Статистика
0008241.png	телеканал «ЛДПР ТВ».
0008242.png	По природе возникновения
0008243.png	Литература
0008244.png	валюта интервенции
0008245.png	Кеннет Пайк
0008246.png	Древнеримская стенопись
0008247.png	Водоёмы
0008248.png	Внешняя политика
0008249.png	Примечания
0008250.png	Биогеоценология
0008251.png	Иностранные члены Национальной академии наук США
0008252.png	См. также
0008253.png	История
0008254.png	ТАСС в годы Великой Отечественной войны, Окна ТАСС
0008255.png	Роджер Уотерс, британский рок-музыкант.
0008256.png	Известные представители
0008257.png	Рабейну Гершом Меор ха-гола
0008258.png	Сквер имени Мичурина.
0008259.png	Шрифт солитрео
0008260.png	Историческая справка на сайте Архива РАН
0008261.png	Музей культуризма «Самсон»;
0008262.png	Вариационное исчисление
0008263.png	Каллист (1505)
0008264.png	Боди арт
0008265.png	В науке
0008266.png	Биография
0008267.png	Константиновский парк
0008268.png	Ноябрь
0008269.png	Примечания
0008270.png	Музей Этнографии
0008271.png	Президенты Литвы
0008272.png	Течения
0008273.png	Фариду-д-дин Аттар «Таскират аль-Авлия»
0008274.png	два ордена Заслуг ВНР 1 степени (1950 и 1965)
0008275.png	Примечания
0008276.png	Пограничные реки
0008277.png	Рынок недвижимости
0008278.png	Некоммерческие организации, признанные в России «иностранными агентами»
0008279.png	Национальный состав
0008280.png	Отмена крепостного права (1861).
0008281.png	Передача сигнала (биология)
0008282.png	Определить модель установленной материнской платы можно
0008283.png	поперечная ободочная кишка,
0008284.png	Примечания
0008285.png	Герб Волгоградской области
0008286.png	Свойства
0008287.png	Прототипы
0008288.png	Ядерный полигон
0008289.png	Военные министры Пруссии
0008290.png	«Зауральские напитки» (пиво, минеральная вода),
0008291.png	Почётные граждане Гейдельберга
0008292.png	Биография
0008293.png	Самнитская палестра
0008294.png	Композиторы, награждённые рыцарским титулом
0008295.png	Историография
0008296.png	гарантия возврата авансового платежа;
0008297.png	«Юный Архимед»
0008298.png	наук о Земле;
0008299.png	Примечания
0008300.png	Смерть
0008301.png	Награждённые благодарностью Президента Российской Федерации
0008302.png	Коллективная выработка решений участниками игры.
0008303.png	Украина
0008304.png	Университетская клиника Кёнигсберга
0008305.png	ул. Пионерская
0008306.png	События
0008307.png	Связанные области
0008308.png	В эмиграции
0008309.png	Схема ртутного электролизёра.
0008310.png	Примечания
0008311.png	События
0008312.png	Юго-Восточная Азия и Дальний Восток
0008313.png	В СССР вышел в эфир первый выпуск радиопередачи «Клуб знаменитых капитанов».
0008314.png	«Невский зритель»
0008315.png	Малинки (металлические гайки, которыми фиксируются гвозди);
0008316.png	Полещуки
0008317.png	История
0008318.png	Дисциплины младших классов:
0008319.png	Учебные заведения
0008320.png	Выпускники МГПИ им. Потёмкина
0008321.png	Известные марафонские пробеги
0008322.png	Орден Отечественной войны 2-й степени (16.09.1945)
0008323.png	Мнение
0008324.png	Исследователи Сибири
0008325.png	в проходящем свете («светлопольная микроскопия»);
0008326.png	Машиностроение:
0008327.png	8. Линия домашней кошки
0008328.png	многостороннее поражающее действие на объект применения,
0008329.png	История
0008330.png	События
0008331.png	Начало войны за галицко-волынское наследство.
0008332.png	Кевин Глендалохский, ирландский святой.
0008333.png	Апологии антиязыческой направленности:
0008334.png	Пересмотр принципов деятельности
0008335.png	Математический энциклопедический словарь. М. «Советская энциклопедия», 1988 г.
0008336.png	Примечания
0008337.png	Белорусский фронт
0008338.png	Совместно да будем крепить наше достояние.
0008339.png	Классификация
0008340.png	Христианский период
0008341.png	Список ангелов
0008342.png	Министры регионального развития Российской Федерации
0008343.png	Распределение (экономика)
0008344.png	История
0008345.png	: Инсбрук
0008346.png	Ссылки
0008347.png	Епископы
0008348.png	Сабла, Саблынька, Сабловская балка;
0008349.png	Список телефонных кодов стран
0008350.png	История
0008351.png	Ноябрь
0008352.png	Автомобильная промышленность (получение смазочно-охлаждающих жидкостей);
0008353.png	Первые роли
0008354.png	Родились
0008355.png	Модель способностей В. Д. Шадрикова
0008356.png	Искусственные (синтетические)
0008357.png	Дзержинский политехнический институт (филиал НГТУ)
0008358.png	В культуре
0008359.png	См. также
0008360.png	температура насыщения при нормальных условиях ;
0008361.png	См. также
0008362.png	Водная система
0008363.png	Посёлки городского типа Чувашии
0008364.png	Статьи
0008365.png	Умершие от лейкоза
0008366.png	Сидней Бижу
0008367.png	Участники Бородинского сражения
0008368.png	Детский сад «Солнышко»
0008369.png	Теоремы о простых числах
0008370.png	Генри Хорн. Бьянка Капелло: Трагедия в 5 актах
0008371.png	Женщины-самураи
0008372.png	Чеченский государственный молодёжный театр Серло.
0008373.png	Характеристики ИБП
0008374.png	Функциональный анализ
0008375.png	Алкадиеновые кислоты:
0008376.png	Бессарабская митрополия (Румынский патриархат)
0008377.png	Байкальский колледж туризма и сервиса,
0008378.png	Предвыборная агитация
0008379.png	Содружество Независимых Государств
0008380.png	Документы о подготовке Конвенции и её «материальных» протоколов
0008381.png	Использованная литература
0008382.png	Лицо Бо
0008383.png	Педагогические технологии
0008384.png	Фильмы с музыкой Гии Канчели
0008385.png	Марки, поступающие в свободную продажу для оплаты почтовых отправлений.
0008386.png	Бориса Акунина «Огненный перст» (2014).
0008387.png	Евгений Пчелов, русский историк.
0008388.png	См. также
0008389.png	См. также: :Категория:Родившиеся в 1207 году
0008390.png	Рассказы Евгения Замятина «Непутёвый» и «Три дня».
0008391.png	Шяуляй (), Литва
0008392.png	Голубое сало
0008393.png	Влияние билингвизма на восприятия и развитие человека
0008394.png	Богини планеты Венера
0008395.png	Лук (оружие)
0008396.png	Владислав Игнатьев
0008397.png	Окружность радиуса  с центром в точке :
0008398.png	Сравнение природы человека и животных
0008399.png	Прочее
0008400.png	Библия в религиях мира
0008401.png	Списки:Космонавтика
0008402.png	Бывшие еврейские местечки Литвы
0008403.png	Официальные лиги МС КВН (ТТО «АМиК») на 2023 год
0008404.png	Примечания
0008405.png	Рожь сей в золу, а пшеницу в пору.
0008406.png	Кафедра физико-математических методов управления
0008407.png	Зона охвата сети определяется главным образом расположением коммутаторов.
0008408.png	Ранние годы и завещание Ярослава
0008409.png	Лучший легкоатлет Европы в 2005 и 2008 годах.
0008410.png	Но согласно обратным преобразованиям Лоренца имеем
0008411.png	Должность рейхсканцлера в веймарский период
0008412.png	Кочевничество, не связанное со скотоводством
0008413.png	Территориальное устройство
0008414.png	Литература
0008415.png	Бумажная фабрика, (недейств.)
0008416.png	Примечания
0008417.png	Религия Китая
0008418.png	Лабриола, Антонио
0008419.png	См. также
0008420.png	Умершие в 1882 году
0008421.png	Статьи и интервью
0008422.png	Бывшие посёлки городского типа Тульской области
0008423.png	Рельеф
0008424.png	Лингвисты США
0008425.png	Не рассортированы
0008426.png	Примечания
0008427.png	Криста Аллен, американская актриса и модель.
0008428.png	Примечания
0008429.png	Источники и литература
0008430.png	Евангелическо-реформатская церковь в Любеке
0008431.png	Присциан пишет свою грамматику.
0008432.png	Литература
0008433.png	Дмитрий Александрович
0008434.png	Клеточный атипизм
0008435.png	Библиография
0008436.png	Православные храмы и монастыри
0008437.png	на русском языке
0008438.png	Чёрная сова
0008439.png	Таравих
0008440.png	См. также: :Категория:Умершие в 1189 году
0008441.png	Историки Ирландии
0008442.png	Сельсин
0008443.png	Ссылки
0008444.png	в качестве синонима термина «автономный»;
0008445.png	Западноевропейские титулы
0008446.png	Гражданская война в Сомали
0008447.png	Краматорске
0008448.png	Литература
0008449.png	Транскрипция, сплайсинг, транспорт РНК из ядра в цитоплазму и трансляция
0008450.png	Административное деление
0008451.png	Литература
0008452.png	Экономика
0008453.png	Скульпторы Древней Греции
0008454.png	Повешение за ребро
0008455.png	Пеперомия
0008456.png	Образование
0008457.png	Примечания
0008458.png	Примечания
0008459.png	Писатели Возрождения
0008460.png	После  шагов получим некоторую последовательность
0008461.png	Минералы алюминия
0008462.png	Морские крепости
0008463.png	См. также
0008464.png	разграничение доступа пользователей к материалам (ролевая модель)
0008465.png	Смерть
0008466.png	Сапунов Б. В. «Иван Грозный и феномен опричины»
0008467.png	Теория социального действия: От М. Вебера к феноменологам.
0008468.png	Республика Панама
0008469.png	Количество голов, забитых во всех матчах спорящих команд в групповом этапе.
0008470.png	температура насыщения при нормальных условиях ;
0008471.png	Аватар: Легенда об Аанге
0008472.png	Проектируемый 261-й проезд
0008473.png	Параноидная шизофрения
0008474.png	орден Св. Станислава 2-й ст. (1884)
0008475.png	Ссылки
0008476.png	Члены-корреспонденты Петербургской академии наук
0008477.png	Примечания
0008478.png	Примечания
0008479.png	Лишительный падеж выражает:
0008480.png	Юристы США
0008481.png	Список штатов и территорий США по площади
0008482.png	Кирасирские полки Российской империи
0008483.png	Ранняя жизнь
0008484.png	Теория «недостающего звена»
0008485.png	Земельные ресурсы
0008486.png	Публикации
0008487.png	два ордена Трудового Красного Знамени (1957, 1961);
0008488.png	Изгнание из Китая буддистов, несториан и манихеев.
0008489.png	Захоронения умерших производятся ежедневно с 10.00 до 15.30, кроме воскресенья.
0008490.png	См. также
0008491.png	Взять открытый ключ  Алисы
0008492.png	Вторжение монголов
0008493.png	Примечания
0008494.png	Государственный совет мира и развития
0008495.png	Зелёная улица (деревня Ямантово)
0008496.png	Библиотеки и другие средства защиты
0008497.png	Связь
0008498.png	Музей компаньонажей
0008499.png	Одежда
0008500.png	Полиглоты
0008501.png	История
0008502.png	Газодизельный двигатель
0008503.png	Хадарцев, Махарбек Хазбиевич
0008504.png	Народы Грузии
0008505.png	Лейблы звукозаписи, основанные в 1989 году
0008506.png	Клубы МХЛ
0008507.png	Фильмография
0008508.png	Маджестик-12
0008509.png	Директора отдела развития
0008510.png	Примечания
0008511.png	Преподаватели Санкт-Петербургского горного университета
0008512.png	Орден Агостиньо Нето (Ангола, 1990);
0008513.png	Городской округ
0008514.png	Храм Рождества Христова (с воскресной школой)
0008515.png	«Лекции по оптике» (), 1728
0008516.png	См. также: :Категория:Родившиеся в 1225 году
0008517.png	2 муниципальных района
0008518.png	Кабицкий, Вячеслав Александрович (??.??.2022)
0008519.png	Родились
0008520.png	Владимир Егорович (1819-1886), генерал, комендант Одессы
0008521.png	Преподаватели Санкт-Петербургского археологического института
0008522.png	18 февраля:
0008523.png	Население по оценке на 1 января 2015 года составляло 40 600 человек.
0008524.png	В настоящее время Антиохийский патриархат включает 22 епархии.
0008525.png	Прусский Железный крест 2 кл.
0008526.png	Родословная
0008527.png	Классификация
0008528.png	Примечания
0008529.png	Источники
0008530.png	Литература
0008531.png	Евангелие Евы
0008532.png	Литература
0008533.png	Клейстокактус
0008534.png	Киевский метрополитен
0008535.png	Персоналии по алфавиту
0008536.png	Эволюция системы
0008537.png	События
0008538.png	Тютчеведы
0008539.png	Виды мёда по консистенции
0008540.png	Киевские глаголические листки
0008541.png	Антонелла Луальди, итальянская киноактриса.
0008542.png	Мустафин. Новокузнецкий район
0008543.png	Китай
0008544.png	Бассейн Кеми (реки, впадающей в Белое море)
0008545.png	Ссылки
0008546.png	См. также
0008547.png	Фактически останавливается Тридентский собор
0008548.png	Животноводство
0008549.png	Туркменский государственный кукольный театр
0008550.png	Гербы с нашлемниками в виде руки, держащей меч
0008551.png	Машиностроение
0008552.png	Музыка в капоэйре
0008553.png	как трапецию, у которой углы при основании прямые.
0008554.png	Примечания
0008555.png	Литература
0008556.png	Алексей Левченко (175)
0008557.png	Организации
0008558.png	Выпускники Смоленской духовной семинарии
0008559.png	Используемое в научной литературе деление Ингерманландии:
0008560.png	Ионизация
0008561.png	Гидрология
0008562.png	История исследования
0008563.png	29 января
0008564.png	Жители ЖСК «Советский писатель»
0008565.png	282 км: Сторожка (л)
0008566.png	Дом технической учёбы
0008567.png	Братья Медичи возглавили партию пополанов.
0008568.png	Подход Бильсона-Томпсона
0008569.png	ОАО «Горпищекомбинат», ООО «Белогорский хлеб»;
0008570.png	Населённые пункты на Сылве
0008571.png	Романы Великобритании
0008572.png	Передача на Землю
0008573.png	В 1770 году были упразднены Староладожский и Чарондский уезды.
0008574.png	Кандидаты в президенты Литвы
0008575.png	Учился в Гиссене. В Гисене начал писать богословские труды.
0008576.png	Творчество
0008577.png	Русский мир
0008578.png	Завершение покорения монголами волжских булгар.
0008579.png	Бикфордов шнур
0008580.png	Производственные и трудовые отношения
0008581.png	Историк Сократ Схоластик, современник Ипатии, описывает её так:
0008582.png	Со стороны респираторной системы: угнетение дыхания.
0008583.png	Русановский мост (в створе Октябрьской набережной)
0008584.png	село Корфовка Приморского края.
0008585.png	Февраль 1945 года
0008586.png	Армавирский опытный машиностроительный завод.
0008587.png	Телевидение
0008588.png	Философия диалога
0008589.png	Компьютерные игры
0008590.png	Под этим именем в евангелиях известны:
0008591.png	Осима
0008592.png	Сёгуны
0008593.png	Деление
0008594.png	«Рыцарю атаки»
0008595.png	Они сулят то хлад, то летний зной,
0008596.png	Марбургская школа
0008597.png	Подофиллотоксины
0008598.png	История права
0008599.png	Ранние экспериментальные методы
0008600.png	Арбитражный суд
0008601.png	«Первый русский изобретатель И. П. Кулибин» (1906);
0008602.png	Гвинея-Бисау
0008603.png	15 июня
0008604.png	Топоним
0008605.png	Ночная стража
0008606.png	Лаас:
0008607.png	Центральная библиотека Хельсинки «Ооди»
0008608.png	Выпускники Дагестанского аграрного университета
0008609.png	Литература
0008610.png	Работы
0008611.png	Теистический эволюционизм
0008612.png	Динияр Билялетдинов
0008613.png	Гипотеза единой языковой системы
0008614.png	Дарья Урсуляк, российская актриса кино и театра.
0008615.png	Литература
0008616.png	См. также: :Категория:Умершие в 1118 году
0008617.png	Декларации:
0008618.png	Сайт «Тюрьма и жизнь за решёткой»
0008619.png	Местное население занималось земледелием, скотоводством и промыслами.
0008620.png	Свойства функции косинус
0008621.png	Ойген Финк. Игра как символ мира (1960)
0008622.png	23 февраля на Украине
0008623.png	Лицензирование
0008624.png	105,6 МГц «Радио МИР»;
0008625.png	Пригородные и междугородние маршруты:
0008626.png	и заслуживающим доверия.
0008627.png	Надсемейство
0008628.png	игровые ситуации,
0008629.png	Кандхи (язык Куи)
0008630.png	Председатели Совета Федерации России
0008631.png	Русские женские имена
0008632.png	Примечания
0008633.png	Инструкция по использованию мужских поясов верности
0008634.png	Судьба после смерти
0008635.png	Сохранившиеся постройки
0008636.png	Гемолитическая анемия;
0008637.png	Примечания
0008638.png	Национальный состав
0008639.png	Биологическая роль
0008640.png	Газеты
0008641.png	Так беся современников, как кулич на лопате,
0008642.png	Провал попытки римлян и Гая Элия Галла захватить Аравию Феликс (Йемен).
0008643.png	Логика
0008644.png	Ссылки
0008645.png	Болгары Бессарабии
0008646.png	Примечания
0008647.png	Реки Мотыгинского района
0008648.png	ООО «Каменищенский карьер»;
0008649.png	«Мы, нижеподписавшиеся» (Анкара, Турция)
0008650.png	На территории городского округа расположены учреждения здравоохранения:
0008651.png	По степени стабильности, устойчивости валютного курса:
0008652.png	Ацетилениды
0008653.png	В природе встречается в виде минерала нахколита.
0008654.png	Котёл водотрубный
0008655.png	Восточное Измайлово
0008656.png	совершенные числа,
0008657.png	Фитнес-центр «Галактика»
0008658.png	В культуре
0008659.png	баварский орден Святого Губерта (19.03.1852);
0008660.png	Коронация Наполеона
0008661.png	Святой Максим и 50 его учеников.
0008662.png	Муниципальные образования Калачинского района
0008663.png	Безразмерные параметры
0008664.png	Свойства минералов
0008665.png	четыре
0008666.png	Но грозный час борьбы настал,
0008667.png	Черемшанский, в состав которого вошли:
0008668.png	Международный день спортивной борьбы.
0008669.png	Следовать простым и строгим правилам, но не доходить до педантизма.
0008670.png	Последние годы
0008671.png	Национальные
0008672.png	Наука
0008673.png	: Пермь
0008674.png	Алойная пенька
0008675.png	Реки Чувашии
0008676.png	Слава Полунин (интервью «ОМ» Олега Меньшикова 29.10.2018)
0008677.png	Населённые пункты Саратовской области
0008678.png	Мебельная фабрика «Пасполини»;
0008679.png	Миний. От Еврианассы.
0008680.png	По внешнему виду созвездие напоминает гигантскую улыбку.
0008681.png	на русском языке
0008682.png	Из мяса: фарш, филе, колбасы, копчености, сало, жир.
0008683.png	Лазер
0008684.png	Искусственный язык
0008685.png	Международные соревнования
0008686.png	Редактор: Фрижета Гукасян
0008687.png	Используется английский язык, французский язык и гернсийский диалект.
0008688.png	Приметы
0008689.png	Марьиной Рощи, 9-й проезд
0008690.png	Сельское хозяйство России в 1905 году
0008691.png	Формы правления, политические режимы и системы
0008692.png	Порты Каспийского моря
0008693.png	Примеры
0008694.png	Цена: 50 центов
0008695.png	Обряд
0008696.png	(обл.)
0008697.png	Предметы личной гигиены мужчин
0008698.png	Писатели России по алфавиту
0008699.png	Правление Стефана Батория
0008700.png	Неосуществлённые проекты в космонавтике США
0008701.png	Линия жизни
0008702.png	Примечания
0008703.png	Февраль
0008704.png	Музеи Ватикана. Статья в энциклопедии Кругосвет
0008705.png	Не возгордись (1970)
0008706.png	Храм Преподобного Серафима Саровского.
0008707.png	Бирюков С. Року укор. М., 2003
0008708.png	и др.
0008709.png	Международная премия «Балтийская звезда» в номинации «Память» (2008, посмертно)
0008710.png	Русский киберпанк
0008711.png	Рябиновая улица (деревня Фоминское)
0008712.png	Знак отличия " Почётный гражданин Ульяновской области". (2000).
0008713.png	Баскетбольный клуб «ВВС»
0008714.png	Антуан де Маразен, сеньор де Герши
0008715.png	В искусстве
0008716.png	Происхождение названия
0008717.png	Историческая концепция
0008718.png	Литература
0008719.png	Наука
0008720.png	13 городов районного подчинения
0008721.png	Бульвар Эркиндик;
0008722.png	Дважды Герои Советского Союза
0008723.png	Кровь
0008724.png	Боди-арт
0008725.png	Спорт
0008726.png	Ретрополяция
0008727.png	Родились
0008728.png	Наука
0008729.png	Яснополянская улица
0008730.png	Отрасли наук
0008731.png	Социалисты Франции
0008732.png	Джессика Сатта, американская певица, танцовщица, актриса и автор песен.
0008733.png	Цепь ордена Южного Креста (Бразилия, 1996);
0008734.png	Похороненные на Троекуровском кладбище
0008735.png	На уровне макроэкономики
0008736.png	Примечания
0008737.png	Дача С. И. Дворжецкого
0008738.png	Цитаты
0008739.png	Экономичный мат (пат)
0008740.png	Президенты, вступившие в должность в 1960-е годы
0008741.png	Алексей Евгеньев (род. 9 января 1972), бизнесмен;
0008742.png	21 сентября
0008743.png	Сатрапы Пафлагонии
0008744.png	Шахты
0008745.png	Эпоха Прусского герцогства и Прусского королевства
0008746.png	Источник
0008747.png	Приморский парк Победы
0008748.png	Животный мир
0008749.png	ряд Пеано.
0008750.png	а) развёрнут воображением обратно от следствия к причине;
0008751.png	Публичная история
0008752.png	Международная Золотая медаль ЮНЕСКО имени Альберта Эйнштейна
0008753.png	Борьба с коррупцией
0008754.png	Романовское княжество
0008755.png	Примечания
0008756.png	Жизнеописание
0008757.png	Другие сочинения
0008758.png	Компьютерная периферия
0008759.png	Хакеры-злоумышленники
0008760.png	Исполнительная власть
0008761.png	Акихабара и Сибуя в Токио
0008762.png	Таити
0008763.png	Телевидение
0008764.png	5-й год по эре правления луского князя Си-гуна.
0008765.png	Большая Внуковская улица
0008766.png	4 апреля
0008767.png	Российских вольных рубежей,
0008768.png	Депутаты Верховного Совета РСФСР 6-го созыва
0008769.png	Члены-корреспонденты АН СССР
0008770.png	Примечания
0008771.png	Адмиралы (Российская империя)
0008772.png	Ренат Янбаев
0008773.png	Труды
0008774.png	Биография
0008775.png	История
0008776.png	Основные отделы
0008777.png	ГОСТ Р 51215-98 «Оружие холодное. Термины и определения».
0008778.png	Родились
0008779.png	Финно-угорские народы
0008780.png	Память
0008781.png	Рысин Виля Исаакович
0008782.png	Октябристы
0008783.png	Пол организмов
0008784.png	Стенокактус
0008785.png	Литургия верных
0008786.png	«Дорога к звёздам» (1957)
0008787.png	Люциус Эдвард Вильям Плантагенет Кэри, 15-й виконт Фолкленд (; род. 1935);
0008788.png	нижнеокинские буряты
0008789.png	Примечания
0008790.png	Северные хунну заняли покинутый китайскими войсками Сиюй. (Восточный Туркестан).
0008791.png	Королевство Вюртемберг
0008792.png	Прочие применения
0008793.png	Традиционными цветами клуба считаются синий и голубой.
0008794.png	Федора (значения)
0008795.png	Ссылки
0008796.png	Оломоуцкий университет (Моравия)
0008797.png	Связанные определения
0008798.png	Библиография
0008799.png	Успенско-Никольская церковь (). Бывший храм армянской общины
0008800.png	Ректоры
0008801.png	Кьюба Гудинг мл., американский актёр кино
0008802.png	Антоним
0008803.png	Память
0008804.png	перебита труба, в которой проходят все рулевые приводы;
0008805.png	Ник Дрейк (ум. 1974), английский фолк-музыкант, певец, автор песен.
0008806.png	Маленький Уилсон и большой Бог (1987)
0008807.png	Листер, Джон:
0008808.png	Преимущества использования концепции фонона
0008809.png	Население городского поселения Зарайск
0008810.png	Вторая половина правления
0008811.png	Космологи
0008812.png	Операции фронта
0008813.png	Ссылки
0008814.png	Выпускники Висконсинского университета в Сьюпириор
0008815.png	Красный пурпур винограда,
0008816.png	Конец государства Газневидов в Пенджабе. Мухаммед Гури завоёвывает его.
0008817.png	Испанские войска .
0008818.png	Сабинский сельский район, в состав которого вошли:
0008819.png	Промышленное рыболовство
0008820.png	Округа
0008821.png	Лесхозная улица
0008822.png	Реформа языка Карамзина
0008823.png	, где:
0008824.png	Австро-Венгрия
0008825.png	Посольство Кангюя в Китае.
0008826.png	Погибшие в боях Второй чеченской войны
0008827.png	Лётчики Великой Отечественной войны
0008828.png	Сентябрь. На строительной площадке запущен мощный бетоно-укладочный комплекс.
0008829.png	См. также
0008830.png	Население России
0008831.png	Банкноты образца 2006 года
0008832.png	Белоруссия
0008833.png	См. также
0008834.png	История
0008835.png	Об остатках язычества в песнях, сказках и поговорках (1868);
0008836.png	Населённые пункты
0008837.png	Католические святые
0008838.png	Умершие от сердечно-сосудистых заболеваний
0008839.png	Голубой глаз
0008840.png	География ила Диярбакыр
0008841.png	Родственные слова
0008842.png	Алексин является городом-побратимом для городов:
0008843.png	Жертвы покушений на убийство
0008844.png	Взятие императором Василием болгарской крепости Сетена.
0008845.png	Возможно, именно её Цезарь называл «галльской Минервой».
0008846.png	Геральдисты Венгрии
0008847.png	Максим Осадчук (середина 2000-х)
0008848.png	Мангейм (Германия)
0008849.png	Такома, США (2017)
0008850.png	См. также
0008851.png	Благоустройство
0008852.png	Экономика
0008853.png	Композиторы Средневековья
0008854.png	Пироскаф «Дед Мазай». Роман-сказка (2011)
0008855.png	Здание горного училища;
0008856.png	Афродита в философии
0008857.png	Биография
0008858.png	Запрос нескольких строк из базы данных
0008859.png	Умершие от ожогов
0008860.png	Подвигу крейсера «Варяг» 110 лет
0008861.png	Жертвы опалы Ивана Грозного
0008862.png	См. также
0008863.png	Гигиена и экология
0008864.png	Сергей Николаевич Южаков
0008865.png	Типы животных
0008866.png	Государства и территории, основанные в 1958 году
0008867.png	Первое упоминание о посёлке Рублёво
0008868.png	Предмет фонетики
0008869.png	Карл Черни
0008870.png	Мечеть Сиди-Эмбарек.
0008871.png	Этимология
0008872.png	Офицеры Германии
0008873.png	Фараонки
0008874.png	Выпускники Академической гимназии
0008875.png	Органы власти
0008876.png	Кольцово
0008877.png	В. А. Змеев (1677)
0008878.png	Аутентификация клиента
0008879.png	Литовские поэты
0008880.png	Достижения
0008881.png	Официальный сайт города Канны
0008882.png	Лауреат премии им. Александра Володина (2014)
0008883.png	Литература
0008884.png	Краеведческий музей
0008885.png	Жерар Клейн. «Голоса Пространства» (рассказ)
0008886.png	Биография
0008887.png	Официальный сайт Минэкономразвития России
0008888.png	Другие методы
0008889.png	Выходы в открытый космос
0008890.png	Гимн России
0008891.png	Персоналии по алфавиту
0008892.png	Мильтон Кларк Эвери (р. 1885), американский художник-модернист.
0008893.png	Сарны имеет следующие города-побратимы:
0008894.png	Латинские писатели Нового времени
0008895.png	память Марии Кресценции Хёсс.
0008896.png	Ссылки
0008897.png	Обладатель Суперкубка Италии: 1998
0008898.png	Адаптация к глобальному изменению климата
0008899.png	1528 км: Берёзовая
0008900.png	Потребность
0008901.png	Гораций Герберт Китченер (р.1850), английский фельдмаршал, граф.
0008902.png	Компоненты сексуальности
0008903.png	Экология
0008904.png	Бухарский Андрей Иванович
0008905.png	Слейт (пластиковая дощечка для надписей)
0008906.png	совокупность объектов природы, например, Солнечная система;
0008907.png	Похороненные на Волковском лютеранском кладбище
0008908.png	Тибекин, Олег Анатольевич (09.03.2000, 588)
0008909.png	Иммунодепрессанты
0008910.png	Еврейские кладбища
0008911.png	Родившиеся в 1797 году
0008912.png	Тибетское правительство в изгнании
0008913.png	Литература
0008914.png	Чарлз Бэббидж
0008915.png	Источники
0008916.png	Ясачные крестьяне
0008917.png	6 сентября
0008918.png	Паромы «Дагестан»
0008919.png	Патенты
0008920.png	улица Лескова в Сорочинске
0008921.png	Отдел Турции
0008922.png	Примечания
0008923.png	Гугу Мбата-Роу, английская актриса.
0008924.png	Иммунно привилегированные области
0008925.png	110 км: Правая Сученьга (пр)
0008926.png	Примечания
0008927.png	Валентина Карева
0008928.png	Техника передачи и приема
0008929.png	Ссылки
0008930.png	660-е годы до н. э.
0008931.png	Шельфская церковь
0008932.png	Другие аэропорты и аэродромы города:
0008933.png	Гелон захватывает Сиракузы и переносит туда столицу.
0008934.png	Ссылки
0008935.png	Религиозные взгляды
0008936.png	Эратосфен доказал, что Земля имеет сферическую форму и измерил её диаметр.
0008937.png	Небраска
0008938.png	Прясло в русском крепостном строительстве
0008939.png	Современный лит
0008940.png	но вкушает он сам
0008941.png	11. Пиерия
0008942.png	Персоны года
0008943.png	парк «Железнодорожников» ул. Беринга;
0008944.png	См. также
0008945.png	Иконография
0008946.png	«1812 год»
0008947.png	Спорт
0008948.png	Гамма-астрономия
0008949.png	Фильмография
0008950.png	(двоичное содержимое второй фотографии)
0008951.png	Живые ископаемые
0008952.png	Изгнание Сенеки на Корсику.
0008953.png	Направления в моддинге
0008954.png	Военные фильмы России
0008955.png	Театры
0008956.png	Персоналии:Студенческий театр МГУ
0008957.png	Королёвский район в Житомире.
0008958.png	Наблюдения колец с Земли
0008959.png	Высшее образование
0008960.png	Церковь святого Антония Падуанского
0008961.png	Музыкальная школа
0008962.png	Религия
0008963.png	Смерть
0008964.png	Цзу Ти повёл наступление против Ши Лэ.
0008965.png	Территориальный спор с Северной Осетией
0008966.png	Исторические
0008967.png	Охрана
0008968.png	Почетный член Московского университета (1853).
0008969.png	Примечания
0008970.png	Нидымский сельсовет: посёлок Нидым.
0008971.png	Физические гипотезы
0008972.png	6 ноября
0008973.png	К. Ваншенкин на Стихии
0008974.png	Генетика
0008975.png	Русско-персидские войны
0008976.png	Упорядочивание заданий;
0008977.png	Персоналии:Харьков
0008978.png	Лидия.
0008979.png	Поэтический сборник «В поисках тайны» (Национальная литературная премия)
0008980.png	Спорт
0008981.png	Стили и организации
0008982.png	Спорт
0008983.png	Повести и романы
0008984.png	Исторические взгляды Ливия
0008985.png	Примечания
0008986.png	Медаль «В память 200-летия Полтавской битвы» (27.06.1909)
0008987.png	Измерение плотности
0008988.png	Городской бюджет
0008989.png	Временной ряд
0008990.png	Итоги
0008991.png	Болгарский город Средец переименован в Софию
0008992.png	Гуанчжоуский железнодорожный колледж
0008993.png	О продукте
0008994.png	Русская система мер
0008995.png	Судебная власть
0008996.png	Почитание
0008997.png	Примечания
0008998.png	Израильская позиция
0008999.png	Экономическая выгода
0009000.png	Мишель Гомес, шотландская актриса кино и телевидения.
0009001.png	Нитроглицериновые взрывчатые вещества
0009002.png	Шляхетские роды герба Задора
0009003.png	Образание, обучающее видео
0009004.png	Грех жадности (алчности)
0009005.png	поляризационный флуороиммуноанализ,
0009006.png	См. также
0009007.png	Панслависты
0009008.png	Этимология
0009009.png	Хищения и спекуляция
0009010.png	Орден Святого Стефана, большой крест (Австро-Венгрия, 1874);
0009011.png	См. также
0009012.png	2014 «Вожак»
0009013.png	Лунный свет;
0009014.png	Трёхпрудный переулок
0009015.png	Родились
0009016.png	Высадка союзников под Варной
0009017.png	Ширина полосы транспондера: 26 МГц
0009018.png	Административно-территориальное деление
0009019.png	Президентство Руслана Аушева
0009020.png	Домены 2 уровня
0009021.png	(обл.)
0009022.png	Два видеосюжета о Борисе Заходере
0009023.png	Наставления
0009024.png	изжогу;
0009025.png	Первая зимовка норманнов в Британии.
0009026.png	Литература
0009027.png	Роуминг
0009028.png	Галапагос (острова)
0009029.png	Природные ресурсы
0009030.png	Источники права в Русском государстве
0009031.png	Посидоний
0009032.png	Тюркские языки
0009033.png	Класс Силикаты и алюмосиликаты (бериллосиликаты, боросиликаты)
0009034.png	Разновидности языка
0009035.png	На английском
0009036.png	Химические свойства
0009037.png	Работоспособность и предполагаемая дальнейшая судьба аппарата
0009038.png	Образ царевича Ивана в культуре
0009039.png	В некоторых случаях, например при инфаркте миокарда боли может не быть.
0009040.png	Капральев ручей (впадает слева ниже бывшего посёлка Медвежий Стан).
0009041.png	Устройство
0009042.png	комары
0009043.png	Предприятия
0009044.png	Примечания
0009045.png	Департамент реализации проектов в сфере туристской деятельности
0009046.png	Биография
0009047.png	Повторяющиеся элементы
0009048.png	Марина Влади
0009049.png	Литература
0009050.png	Память святого Эвазия, епископа Брешии;
0009051.png	События
0009052.png	Явление гравитационного линзирования
0009053.png	Лучший футболист года
0009054.png	Церковь Святого Георгия Победоносца (ул. Короленко, 3)
0009055.png	Мифические птицы
0009056.png	Процедура такой аутентификации включает в себя следующие шаги:
0009057.png	Четвёртая служба (контроль прикомандированных сотрудников ФСБ)
0009058.png	В Виннипеге создана Лютеранская Церковь Канады.
0009059.png	После исчезновения приледниковых озёр на их месте оставались:
0009060.png	Городские жители
0009061.png	Достопримечательности
0009062.png	Особняк Бормана
0009063.png	В Берлине прощались с экс-президентом Рау
0009064.png	Башкирское войско
0009065.png	События
0009066.png	Серия «Мир смерти»
0009067.png	Состав жёлчи человека
0009068.png	Апесантий (). От горы Апесант в Арголиде (см. Персей).
0009069.png	Фракталы и размерность
0009070.png	Пётр Андреевич
0009071.png	Освящён храм Юноны Монеты. (Рим)
0009072.png	Произведения
0009073.png	В биологии
0009074.png	В методологии можно выделить следующую структуру:
0009075.png	Механизм порообразования
0009076.png	15 августа
0009077.png	Перспективы
0009078.png	Водные ресурсы
0009079.png	Утилиты мониторинга оборудования
0009080.png	Увал (возвышенность у Нефтеперекачивающей станции «Абатская»).
0009081.png	Ссылки
0009082.png	Инерционность.
0009083.png	поселение Десёновское
0009084.png	Реактив Несслера
0009085.png	В русском фольклоре
0009086.png	Казахстан
0009087.png	Ссылки
0009088.png	Графы Соединённого королевства
0009089.png	Киров
0009090.png	Похороненные на Новодевичьем кладбище
0009091.png	Примечания
0009092.png	Сапта тала
0009093.png	Протоиереи Русской православной церкви
0009094.png	Пусть надо найти экстремум функционала  при некотором наложенном условии.
0009095.png	Эффекты вырождения в белых карликах
0009096.png	18 июля
0009097.png	Общая информация
0009098.png	Внецикловые рассказы
0009099.png	Влияние на нервную систему
0009100.png	Сборники (наиболее известные)
0009101.png	Франция
0009102.png	Члены Социал-демократии Королевства Польского и Литвы
0009103.png	Пётр Ермолаевич Осминин.
0009104.png	Внерайонные города Германии
0009105.png	Городские СМИ
0009106.png	Математика инков
0009107.png	Примечания
0009108.png	Члены Национальной академии наук США
0009109.png	Сюжет
0009110.png	Исследование гелиосферы
0009111.png	Применение хлорамбуцила при беременности и кормлении грудью
0009112.png	Рея Сильвия
0009113.png	Чеченские террористки
0009114.png	надземные (14);
0009115.png	См. также
0009116.png	Генерация локализованным источником колебаний (излучателем, антенной).
0009117.png	Военачальники Древнего Рима
0009118.png	Национальный состав
0009119.png	Физические свойства
0009120.png	Ландскрона
0009121.png	Художественные особенности
0009122.png	Принятых Центральным банком РФ
0009123.png	Публикации
0009124.png	Дальнейшая судьба
0009125.png	Родные языки населения Армянска с подчинёнными горсовету населёнными пунктами
0009126.png	Оскар Уайльд
0009127.png	Второстепенные персонажи
0009128.png	См. также
0009129.png	Сталактиты, сталагмиты, геликтиты.
0009130.png	Идентичность
0009131.png	Переход к серийному производству
0009132.png	Тайпан Маккоя
0009133.png	Устройство и численность
0009134.png	Образование
0009135.png	1990-е
0009136.png	Измаильский государственный гуманитарный университет
0009137.png	Некоторые статьи на русском языке
0009138.png	Минерва на монетах, медалях и банкнотах
0009139.png	Генералы от инфантерии (Российская империя)
0009140.png	Ислам
0009141.png	Информационное общество
0009142.png	Изумруды Египта
0009143.png	Реки Мадрида
0009144.png	Тогда же он снова просит принять его в ряды РКП(б). Он пишет:
0009145.png	Наука и образование
0009146.png	Евгений Губерман (1984)
0009147.png	У нас в гостях Анна Герман (авторская программа Лии Спадони)
0009148.png	Япония эпохи Муромати (копия)
0009149.png	«Шакалёнок и верблюд» (1956)
0009150.png	В Брешиа и Вероне остготы снова поднимают восстание.
0009151.png	Почётные члены РАХ
0009152.png	Наука
0009153.png	Межрегиональная общественная организация ветеранов войны во Вьетнаме
0009154.png	Мирные договоры с Шотландией и Францией
0009155.png	Примечания
0009156.png	Вокзалы с дебаркадерами
0009157.png	Мало-Конюшенный мост
0009158.png	Британско-германские отношения
0009159.png	Аверс
0009160.png	Носители информации
0009161.png	Россия
0009162.png	Наука Грузинской ССР
0009163.png	Пространственные границы экосистемы (хорологический аспект)
0009164.png	География
0009165.png	Выпускники Первой Харьковской гимназии
0009166.png	См. также
0009167.png	Род Нестера
0009168.png	Многоквартирные дома
0009169.png	Французский орден Почётного легиона ()
0009170.png	Абу Бакр, первый халиф, сподвижник и тесть Мухаммада.
0009171.png	орден Трудового Красного Знамени (01. 06. 1942)
0009172.png	Интервью и лекции
0009173.png	(Великобритания)
0009174.png	Родился а в селении Дигоми.
0009175.png	Действительные тайные советники
0009176.png	Климат
0009177.png	Мост имени 850-летия Владимира (1958)
0009178.png	Родившиеся в Южночешском крае
0009179.png	В Ветхом Завете
0009180.png	Демографические теории
0009181.png	Последующее превращение ланостерина в холестерин.
0009182.png	Годовщина
0009183.png	Проблемы использования
0009184.png	память священномученика Александра, епископа Иерусалимского (251);
0009185.png	Геосинхронная орбита
0009186.png	Наука и средства массовой информации. М., 1981.
0009187.png	Римская Слава. Античное военное дело
0009188.png	468 км: прот. без названия (пр.)
0009189.png	Меры времени
0009190.png	Атлас Баварии
0009191.png	Венок
0009192.png	Восточно-Сибирский государственный институт культуры,
0009193.png	Кострикин А. И. Введение в алгебру, М.: Наука, 1977.
0009194.png	В православии
0009195.png	Брюсов календарь
0009196.png	Ссылки
0009197.png	Объём:
0009198.png	Вооружённые силы
0009199.png	Спорт
0009200.png	Герой Труда (СРВ) (28 апреля 1962)
0009201.png	Второе пришествие Иисуса Христа,
0009202.png	Ретротроника
0009203.png	Похороненные в некрополе у Кремлёвской стены
0009204.png	Природа и природные ресурсы
0009205.png	Маори
0009206.png	Окончание строительства Собора Парижской Богоматери.
0009207.png	Корней Чуковский. «О Власе Дорошевиче»
0009208.png	Примечания
0009209.png	Примечания
0009210.png	Языковая интуиция
0009211.png	Распространение
0009212.png	Ван Цзи, китайский поэт времен империи Тан.
0009213.png	Фаворит герцогини Курляндской
0009214.png	Памятник труженикам тыла
0009215.png	Острая брама на Официальном сайте Офиса по туризму Литвы.
0009216.png	Климат
0009217.png	Ссылки
0009218.png	Для промышленной переработки древесина не заготовляется.
0009219.png	Университет Сальвадора.
0009220.png	Король Польши
0009221.png	в таблице выделены Герои, удостоенные звания дважды и более раз.
0009222.png	Стенопись
0009223.png	Исторические здания
0009224.png	Дослушай до конца (название композиции прозвучит после его окончания)
0009225.png	Скончались
0009226.png	См. также
0009227.png	Солдат (16 апреля 1785 года);
0009228.png	Лидия Плас. За что меня так жестоко наказали? «Русская Мысль».
0009229.png	Роль детритофагов в потоке веществ и энергии в сообществах
0009230.png	Наука
0009231.png	Экономика
0009232.png	В Первом Болгарском царстве начинает править хан Кардам.
0009233.png	«Свеча Хрофта»
0009234.png	Литература
0009235.png	Дана функция .
0009236.png	Медаль «За оборону Сталинграда»
0009237.png	Ануфриев Геннадий Алексеевич
0009238.png	Сплавы железа
0009239.png	Видео: Как нарисовать эллипс
0009240.png	Мукомольный завод (недейств.)
0009241.png	Примечания
0009242.png	«Анархия, её философия, её идеалы».
0009243.png	Региональный уровень
0009244.png	Пример текста в сравнении с другими языками
0009245.png	Образование
0009246.png	Недостатки
0009247.png	Свойства
0009248.png	Бактериальные капсульные полисахариды
0009249.png	Файлы исходного кода
0009250.png	Примечания
0009251.png	Литература
0009252.png	Применение
0009253.png	Имеются музеи, среди которых выделяются:
0009254.png	Маквала Касрашвили (народная артистка СССР)
0009255.png	Шуховская башня в Николаеве
0009256.png	Ранние годы
0009257.png	Клиническая иммунология. Аллергология. Инфектология (сайт журнала)
0009258.png	«Дом физкультуры»
0009259.png	Хюэ (2007)
0009260.png	Привод ручного пуска двигателя;
0009261.png	Классификация употребления языков
0009262.png	Муниципальный дворец (1926).
0009263.png	Рекордсмены «Зенита» по числу сухих матчей
0009264.png	Примечания
0009265.png	Мухаммед в Коране
0009266.png	Выпускники Аппалачского государственного университета
0009267.png	Ягодный промысел был немаловажен в особенности брусники.
0009268.png	Ссылки
0009269.png	газоохлаждения генератора;
0009270.png	«РИО»
0009271.png	Спасо-Преображенская церковь в Чечерск
0009272.png	История Литвы
0009273.png	«Ив Роше»
0009274.png	Города Гродненской области
0009275.png	В музыке
0009276.png	Примечания
0009277.png	«Гамлет», увертюра-фантазия, ор. 67, 1888
0009278.png	Климат
0009279.png	Особенности индийского танца
0009280.png	Генератор сигналов
0009281.png	Хранение: список Б.
0009282.png	Появились в 1990 году в США
0009283.png	Трансферные рекорды клуба
0009284.png	Семья Мухаммеда
0009285.png	Если для некоторого  выполняется более сильное неравенство:
0009286.png	Историческая основа сюжета
0009287.png	Перевод
0009288.png	Альбомы альтернативного метала
0009289.png	Примечания
0009290.png	См. также: :Категория:Умершие 10 февраля
0009291.png	Развита транспортная инфраструктура. Шоссе до Ташкента (52 км).
0009292.png	124 км: река Самдерма
0009293.png	Производство в России
0009294.png	Кастинг
0009295.png	Синкинезия
0009296.png	Реки Даугавпилса
0009297.png	Города-побратимы
0009298.png	Факты о мастурбации
0009299.png	Методы биологических исследований
0009300.png	Эти и другие привязки используют следующие технологии:
0009301.png	Маршрутные такси
0009302.png	Реформация в Швейцарии
0009303.png	Витторио Маттео Коркос (ум. 1933), итальянский художник-портретист.
0009304.png	Услуги
0009305.png	Цифровое радио
0009306.png	очаговый гнойный
0009307.png	Изображение
0009308.png	Гаруда-Вишну-Кенчана (статуя).
0009309.png	Дополнительное образование
0009310.png	Выпускники отделения словесных наук Московского университета
0009311.png	Города России
0009312.png	Культура и социальная сфера
0009313.png	На других языках
0009314.png	Аллергические реакции: озноб, лихорадка, бронхоспазм.
0009315.png	События
0009316.png	Библиотечная сеть.
0009317.png	География
0009318.png	Литература
0009319.png	Зарок на Параскеву.
0009320.png	Медно-висмутовые
0009321.png	Перетягивание каната
0009322.png	Конформное отображение
0009323.png	Климат
0009324.png	Дудкин Владимир Михайлович, заслуженный артист Российской Федерации
0009325.png	См. также
0009326.png	Класс Стеклянные губки
0009327.png	Ссылки
0009328.png	Биография
0009329.png	Филиал Тверского торгово-экономического колледжа (расформирован)
0009330.png	сквер Сохо
0009331.png	Рышард Котыс (р. 1932), польский актёр театра и кино.
0009332.png	Примечания
0009333.png	Свойства
0009334.png	Фильмы-драмы Франции
0009335.png	Римская курия
0009336.png	Ссылки
0009337.png	Западносемитская мифология
0009338.png	с 17 декабря 1992 года;
0009339.png	Похороненные на Ваганьковском кладбище
0009340.png	Профессиональное образование
0009341.png	Сложение натуральных чисел всегда выполнимо и однозначно.
0009342.png	Сражения 1805 года
0009343.png	Паиньо
0009344.png	Ссылки
0009345.png	Типы искусственных спутников
0009346.png	2006 год
0009347.png	Арабо-израильский конфликт
0009348.png	Отдел государственных закупок и договорной работы
0009349.png	Добыча газа:
0009350.png	Примечания
0009351.png	Спорт
0009352.png	Образование
0009353.png	Причины появления
0009354.png	Катастрофа Ан-10 под Сыктывкаром.
0009355.png	Шелковка
0009356.png	Особенности произношения передаются на письме.
0009357.png	Орден Святого Станислава 1-й ст. (1851)
0009358.png	Фильмография
0009359.png	Иуда Искариот в литературе и искусстве
0009360.png	Произведения и книги
0009361.png	30 сентября
0009362.png	Религия
0009363.png	Последний солдат армии интервентов покинул Владивосток.
0009364.png	Мужские:
0009365.png	Генная инженерия
0009366.png	Гребнистый крокодил внесён в Красную книгу по категории пониженного риска.
0009367.png	Флигель-адъютант (Выс. пр. 8.04.1879)
0009368.png	Верховный Совет Украинской ССР постановил принять Западную Украину в состав УССР
0009369.png	Депрессивный синдром
0009370.png	Поселение вятичей
0009371.png	Кронштадтское лютеранское кладбище (г. Кронштадт, Цитадельская дорога);
0009372.png	Ссылки
0009373.png	Родился в семье чиновника.
0009374.png	Примечания
0009375.png	управление федеральной собственностью и федеральным имуществом.
0009376.png	Из истории университетов. Как появились университеты
0009377.png	В России
0009378.png	Литература
0009379.png	Характеристика творчества
0009380.png	Рождённые бурей (1981)
0009381.png	48. Принц нашёл Золушку
0009382.png	Владимир Карин-Якубовский («Царевич Алексей», 1918)
0009383.png	Транспорт
0009384.png	Достопримечательности
0009385.png	Количество цифр в записи числа
0009386.png	Примечания
0009387.png	Цитадель «Пиллау»
0009388.png	Аллея Героев в Корсунь-Шевченковский.
0009389.png	Здоровье
0009390.png	Примечания
0009391.png	Парк Наримана Нариманова
0009392.png	Сопрано
0009393.png	ОАО «Полимертех»
0009394.png	Промышленность
0009395.png	Промышленность
0009396.png	См. также
0009397.png	Ссылки
0009398.png	См. также
0009399.png	Александр Панкратов, советский и российский кинорежиссёр и сценарист.
0009400.png	память Арсения Великого.
0009401.png	Подготовка помещения
0009402.png	Вариация показателей в норме и при патологии
0009403.png	Основные достопримечательности
0009404.png	1980-е годы
0009405.png	Детали машин и механизмов
0009406.png	Литература
0009407.png	полный путь к выполняемому файлу программы
0009408.png	орден Св. Владимира 2-й ст. (1875)
0009409.png	Городской совет
0009410.png	Примечания
0009411.png	Всемирный банк и Россия
0009412.png	Проблемы терминологии
0009413.png	Примечания
0009414.png	подбородок
0009415.png	Кэтлин Уилхойт, американская характерная актриса, певица и поэт-песенник.
0009416.png	Титов Вячеслав Константинович (выдвинут партией «Яблоко»);
0009417.png	пансионат «Изумруд»
0009418.png	«Праведники»
0009419.png	Линейные уравнения
0009420.png	«Северная почта»
0009421.png	Мраморный кролик. Повесть (2011; издана в журнале «Путеводная звезда»)
0009422.png	(в пер.)
0009423.png	Лакокрасочные материалы (ЛКМ) на основе природных смол:
0009424.png	Содержание
0009425.png	С 1984 года в городе работает Белорусский металлургический завод.
0009426.png	Животноводство
0009427.png	Слависты Германии
0009428.png	Асорин. «Дон Хуан» (1922)
0009429.png	Лаура Бетти
0009430.png	102: Гай Марий (в 4-й раз) и Квинт Лутаций Катул
0009431.png	Виктор Сергеевич Шитарев, Корабль.
0009432.png	Литература
0009433.png	См. также
0009434.png	Присвоение названия
0009435.png	Период полураспада АКТГ в крови человека составляет приблизительно десять минут.
0009436.png	Города-побратимы
0009437.png	Гидроаккумулятор
0009438.png	19 октября
0009439.png	См. также: :Категория:Умершие 23 марта
0009440.png	См. Стратегическая оборонная инициатива
0009441.png	Географическое устройство
0009442.png	Китай
0009443.png	Языки Европы
0009444.png	Аделаида Парижская, королева Франции.
0009445.png	Возвращение Константинополя
0009446.png	Связь
0009447.png	Примечания
0009448.png	Католические ордены
0009449.png	Великие праздники
0009450.png	она сторонилась общества и часто запиралась (тут говорят об агорафобии).
0009451.png	Богоявленский братский монастырь (Могилёв)
0009452.png	В книге Сомерсета Моэма "Луна и грош" есть упоминания абсента.
0009453.png	Обратная функция
0009454.png	и др.,
0009455.png	В математике
0009456.png	Председатель совета
0009457.png	Ссылки
0009458.png	Экономика
0009459.png	город Петрозаводск:
0009460.png	Россия
0009461.png	8 районов:
0009462.png	Френсис Йейтс Искусство памяти
0009463.png	Основными органами организации являются:
0009464.png	Сейсмичность
0009465.png	в виде пресс-материалов.
0009466.png	Литература
0009467.png	Ссылки
0009468.png	Лазерные источники
0009469.png	Состояние и позиция в Форбс
0009470.png	Если что-нибудь может пойти не так, оно пойдёт не так ().
0009471.png	Диаграмма пребывания в должности
0009472.png	Оперы
0009473.png	История
0009474.png	Характеристики
0009475.png	, США
0009476.png	Дидактика
0009477.png	Вторая версия аксиомы выбора утверждает:
0009478.png	Панки, Моды, Руд-бои
0009479.png	Иммигранты
0009480.png	Домский собор (Таллин, Эстония)
0009481.png	Колесцовый замок
0009482.png	Муниципальные образования Нефтегорского района
0009483.png	Шифрование сообщений в браузере
0009484.png	Торговые центры, торговые дома и рынки:
0009485.png	Предки
0009486.png	Основные параметры
0009487.png	многих областях знаний, особенно в физике. Физическая величина подчиняется
0009488.png	Ордена и медали иностранных государств
0009489.png	Литература
0009490.png	Фонетика и фонология
0009491.png	Махамудра
0009492.png	Творчество
0009493.png	Примечания
0009494.png	Официальный сайт архива Рудольфа Штейнера.
0009495.png	Циртомиум
0009496.png	Факторы риска
0009497.png	Биография
0009498.png	Литература
0009499.png	Жуковка (левый)
0009500.png	См. также
0009501.png	Официальный сайт Кронстедтского дворянского рода
0009502.png	В 1844 году получил должность коменданта крепости Замостье.
0009503.png	школа интернат для детей с особыми образовательными потребностями,
0009504.png	Если хочешь быть счастливым, будь им.
0009505.png	Примечания
0009506.png	Ссылки
0009507.png	Следующие цитаты выражают экуменические идеи отца Александра Меня.
0009508.png	Баутекс
0009509.png	Населённые пункты
0009510.png	(открыт в 1997, классифицирован как отдельный вид в 2017)
0009511.png	История
0009512.png	Слонимская Свято-Троицкая церковь (бывший костел и монастырь бернардинцев)
0009513.png	В 1967 году в городе проживало 30 тыс. жителей.
0009514.png	Шаровые скопления
0009515.png	Хобби
0009516.png	Гидрология
0009517.png	Демонстрация возможностей
0009518.png	Батуми, Грузия
0009519.png	ЗАО «Биохимпласт»,
0009520.png	Критика мультикультурализма и идеологических феноменов
0009521.png	См. также
0009522.png	Депортации азербайджанцев
0009523.png	Ссылки
0009524.png	Сенги-Муган
0009525.png	С. Михалков. Сон с продолжением. 1982.
0009526.png	Подпоручик
0009527.png	Форма
0009528.png	Пищевое
0009529.png	Ссылки
0009530.png	Писатели Русского государства
0009531.png	Историю развития политологии можно условно разделить на три периода:
0009532.png	Члены Народно-демократической партии Афганистана
0009533.png	Биография
0009534.png	Радио
0009535.png	Новогард, Польша
0009536.png	Награды
0009537.png	Покровская набережная
0009538.png	Библиография
0009539.png	Персоны без указанного места рождения
0009540.png	Шведское правление
0009541.png	Трекбол
0009542.png	24 июня
0009543.png	Фенотиазины
0009544.png	История
0009545.png	Выпускники Вальядолидского университета
0009546.png	Ректоры Дальневосточного государственного технического университета
0009547.png	Битумы
0009548.png	Бело-голубые звёзды главной последовательности
0009549.png	В период между Мировой и Гражданской
0009550.png	Список музеев Парижа
0009551.png	См. также
0009552.png	ООО «Вектор»;
0009553.png	Примечания
0009554.png	В романе «Час Быка» Ивана Ефремова приводится рациональное объяснение мифа:
0009555.png	сурдопсихология
0009556.png	Руководство Генерального штаба
0009557.png	Вольфганг Шюссель стал Федеральным канцлером Австрии.
0009558.png	сайт англиканской церкви св. Андрея в Москве
0009559.png	Список главных тренеров
0009560.png	Первый тур
0009561.png	Литературное наследие
0009562.png	Кваша, Николай Иосифович (06.12.1993, 057)
0009563.png	Здания и сооружения
0009564.png	тиреотоксикоз;
0009565.png	Умершие от ожогов
0009566.png	Многогранник Джонсона
0009567.png	Двумерный электронный газ
0009568.png	Время в астрономии
0009569.png	Образ в кино
0009570.png	детальный перечень из 200 рубрик;
0009571.png	Хатангский район.
0009572.png	Пророки
0009573.png	Античность
0009574.png	История
0009575.png	Содержание буллы
0009576.png	Примечания
0009577.png	Транспорт
0009578.png	Этимология
0009579.png	Пензенский социально-педагогический колледж;
0009580.png	См. также
0009581.png	История открытия спиртов
0009582.png	на других языках
0009583.png	Устройство
0009584.png	Статистика
0009585.png	Описание
0009586.png	Бакинское ханство,
0009587.png	Другие даты празднования Благовещения
0009588.png	Цветонос
0009589.png	В топливно-энергетическом комплексе
0009590.png	рутульцы,
0009591.png	Юристы по алфавиту
0009592.png	орден Кирти Чакра (Индия, 1985);
0009593.png	Руководители флота России
0009594.png	Иммунно привилегированные области
0009595.png	Обворожать сердца и взоры;
0009596.png	балет Волшебный барабан, или Следствие Волшебной флейты (1827)
0009597.png	См. также
0009598.png	Именины
0009599.png	Химическая теория объясняет адгезию не физическим, а химическим взаимодействием.
0009600.png	Этимология
0009601.png	Галерея
0009602.png	Ссылки
0009603.png	Ссылки
0009604.png	Кортикостероиды
0009605.png	Хозяйственное значение
0009606.png	Тангаж
0009607.png	Хунну
0009608.png	Члены совета директоров «Роснефти»
0009609.png	комедия
0009610.png	В целом структура поддоменов выглядит так:
0009611.png	синтетический параллелизм (), например:
0009612.png	Совет землячеств МГИМО
0009613.png	Умственная отсталость
0009614.png	Уровни одарённости
0009615.png	Электромашинный компенсатор
0009616.png	Транспорт
0009617.png	Мастера спорта СССР международного класса
0009618.png	Выставки
0009619.png	Тельшяй
0009620.png	Добльхофер Э. Знаки и чудеса. М., 1963.
0009621.png	Марризм и другие лингвистические учения
0009622.png	В ролях
0009623.png	Десна 575
0009624.png	Лесная улица (Малино)
0009625.png	Примеры: романцемент, портландцемент и др.
0009626.png	Административно-территориальное устройство
0009627.png	Транспорт
0009628.png	Апофансис
0009629.png	Ссылки
0009630.png	Кладём «2» в стек
0009631.png	Платонизм
0009632.png	Справочники
0009633.png	Начало завоевания Британии англосаксами.
0009634.png	Численность, расселение
0009635.png	События
0009636.png	Железнодорожный транспорт
0009637.png	движение и превращение атомов и молекул, включающее в себя химические реакции;
0009638.png	Литература
0009639.png	Василий Рац
0009640.png	Тучков мост;
0009641.png	Обратный мат
0009642.png	Монумент памяти Героя Войны Георгия Васильевича Басырова
0009643.png	Семья
0009644.png	Лауреаты Жуковской премии
0009645.png	Международные
0009646.png	Современные герб и флаг
0009647.png	Сербия
0009648.png	Изобретение лаун-тенниса
0009649.png	с помощью геометрии масс,
0009650.png	Методы определения расстояний до галактик
0009651.png	спортивные комплексы «Кристалл», «Олимп», «Акробат», «Труд», «Слон»;
0009652.png	Педагогический словарь
0009653.png	Депутаты Верховного Совета Армянской ССР 10-го созыва
0009654.png	Финансовый сектор
0009655.png	«Автопортрет в красном», 1908, ГРМ;
0009656.png	Протекторат Англии
0009657.png	Речной транспорт
0009658.png	Маннапов Бахром Эгамбердиевич (2015-2017)
0009659.png	Ссылки
0009660.png	Метаболизм
0009661.png	27 декабря
0009662.png	Литература
0009663.png	Терморегуляция
0009664.png	Черниговоблэнерго;
0009665.png	Оборот и статистика
0009666.png	Опера Гарнье (1862).
0009667.png	Ссылки
0009668.png	См. также
0009669.png	Военачальники Австрии
0009670.png	Климат
0009671.png	Форма выпуска: таблетки по 0,25 г в упаковке по 50 штук.
0009672.png	Эд Дженкинс
0009673.png	Во главе ВЧК-ГПУ-ОГПУ и НКПС
0009674.png	Вопрос теодицеи затронут ещё в библейской Книге Иова.
0009675.png	ХАМАС атаковал туристическое агентство в Греции. Двое убитых.
0009676.png	на неопределенный срок;
0009677.png	1-я бригада
0009678.png	Москва, спалённая пожаром,
0009679.png	Ассистенты:
0009680.png	Детские писатели США
0009681.png	Синхронизация потоков
0009682.png	Режим валютного курса
0009683.png	Прочие достопримечательности
0009684.png	Описание герба
0009685.png	Пласидо Доминго, испанский оперный певец и дирижёр.
0009686.png	Другие типы киборгов
0009687.png	Димаш Кудайберген, казахский певец, композитор и мультиинструменталист.
0009688.png	Командор ордена Почётного легиона (Франция)
0009689.png	во фракцию КПРФ вошли 6 депутатов, её руководителем избран Александр Новиков,
0009690.png	Марксистско-ленинская парадигма
0009691.png	Озёра Карелии
0009692.png	Карбоциклические соединения
0009693.png	Подложное
0009694.png	Заслуженные работники культуры Карельской АССР
0009695.png	Аманитовые
0009696.png	Литература
0009697.png	Пасхазий Радберт, франкский бенедиктинский монах.
0009698.png	Климат
0009699.png	Признаки
0009700.png	Примечания
0009701.png	Спанглиш
0009702.png	Гёндуль (Владелица железа)
0009703.png	Дом-музей Коста Хетагурова (Цхинвали),
0009704.png	После революции
0009705.png	Энергонезависимая память
0009706.png	Физико-географическая характеристика
0009707.png	Приск послан императором к Истру. Успехи в войне со славянами.
0009708.png	Культура
0009709.png	Изображения
0009710.png	Сотрудники Института языкознания РАН
0009711.png	В городе также действует Шахтинская еврейская община.
0009712.png	Первооткрыватели астрономических объектов
0009713.png	Множество тематических сообществ
0009714.png	Звёздные скопления
0009715.png	Город является родиной девяти университетов и колледжей.
0009716.png	Сент-Андру
0009717.png	Институт математических исследований сложных систем
0009718.png	Карачаево-балкарский
0009719.png	Печать
0009720.png	Болезнь и кончина
0009721.png	Последние годы Мао
0009722.png	Басаев женился в третий раз 9 декабря 2000 года.
0009723.png	В память названа улица в городе Гадяч.
0009724.png	Психические расстройства
0009725.png	Гражданская война в США
0009726.png	Ванны Островского
0009727.png	Транспорт
0009728.png	Происхождение
0009729.png	Другое
0009730.png	Андреев день
0009731.png	Республиканская партия Армении и Процветающая Армения
0009732.png	Роджер Чаффи (р. 1935), американский авиаинженер, лётчик-астронавт.
0009733.png	Электрогастроэнтерография
0009734.png	Примечания
0009735.png	Т. 2. Стихотворения («маленькие поэмы»);
0009736.png	История
0009737.png	Комментарии
0009738.png	Самоубийства ЛГБТ
0009739.png	Страница радиостанции «Маяк» на медиаплатформе «Смотрим»
0009740.png	Кодирование Голомба
0009741.png	Сознание
0009742.png	Премьер-министр
0009743.png	Кавказский институт НОУ
0009744.png	Ректоры Утрехтского университета
0009745.png	Историко-краеведческий музей обороны Туапсе.
0009746.png	Художники России
0009747.png	Солдат (16 апреля 1785 года);
0009748.png	История
0009749.png	Геометрическое описание уравнения Фика
0009750.png	В «сером списке» находятся две офшорные юрисдикции: Науру и Ниуэ.
0009751.png	Исторический контекст
0009752.png	Бурятский республиканский многопрофильный техникум инновационных технологий,
0009753.png	Родились
0009754.png	Предохранение винтовых соединений от самоотвинчивания
0009755.png	Перенесение мощей святителя Иоанна Златоуста (438).
0009756.png	Призматические многогранники
0009757.png	См. также
0009758.png	Ссылки
0009759.png	Живопись
0009760.png	См. также
0009761.png	Принцип работы газотурбинного двигателя:
0009762.png	пьесы и циклы вариаций для разных инструментов
0009763.png	Экономика
0009764.png	Товарищество на вере (коммандитное)
0009765.png	Микроархитектура
0009766.png	Лигу арабских государств,
0009767.png	Футболисты года в чемпионате Украины (газета «Команда»)
0009768.png	Ссылки
0009769.png	11 февраля 1944 года Ростов получил статус города областного подчинения.
0009770.png	Провозглашена независимость Суринама от Нидерландов.
0009771.png	Примечания
0009772.png	Бриллиантовые знаки к Ордену Святого Александра Невского (27.09.1851)
0009773.png	Скончались
0009774.png	«Титул»
0009775.png	Казначей
0009776.png	Соединение с предварительной аутентификацией
0009777.png	Литература
0009778.png	Идеология и политика
0009779.png	Козодавлев Иван Степанович - арзамасский городской дворянин (1627-1629).
0009780.png	Гурет ап Бели, король Альт Клуита.
0009781.png	См. также: :Категория:Умершие в 1782 году
0009782.png	Литература
0009783.png	Память
0009784.png	Общее представление
0009785.png	Левые
0009786.png	Использование в СНГ
0009787.png	Связи
0009788.png	Провозглашение независимости
0009789.png	Орден Святого Станислава 2-й степени с мечами (12 декабря 1905)
0009790.png	Массогабариты оружия и боеприпасов к нему.
0009791.png	Ссылки
0009792.png	Нисходящий (чаще) агент попадает в почку через кровь
0009793.png	В состав района вошли следующие сельсоветы бывшей Новгородской губернии:
0009794.png	Международные ассоциации
0009795.png	Палладий и П. Попов. Китайско-русский словарь. 1888 г.
0009796.png	См. также
0009797.png	Топонимия
0009798.png	Города, награждённые орденом Отечественной войны
0009799.png	Мозырское гетто
0009800.png	Снаряженная масса : 830 кг
0009801.png	Ветеринария
0009802.png	Дворянские роды, на гербах которых изображены лошади
0009803.png	Правовое управление
0009804.png	Литература
0009805.png	Культура
0009806.png	Соединения азота по алфавиту
0009807.png	Почитание и прославление
0009808.png	Одесса:
0009809.png	Награды
0009810.png	Ссылки
0009811.png	В городе вещают следующие телеканалы:
0009812.png	Локальный сплайн
0009813.png	Легенды о могиле Тамерлана
0009814.png	Телепередачи ТНТ
0009815.png	сибирский кипрейный мёд
0009816.png	Ссылки
0009817.png	Парк военной техники «Патриот»
0009818.png	Приборы с регистрацией инфракрасного (теплового) излучения
0009819.png	Молитва и медитация
0009820.png	Дождевые черви
0009821.png	Сборник исторических песен об Иване Грозном
0009822.png	Сотрудники МИАН
0009823.png	Научная деятельность
0009824.png	См. также: :Категория:События 4 июля
0009825.png	См. также
0009826.png	Где леса и озёра, и дали,
0009827.png	Русский перевод:
0009828.png	Оценки
0009829.png	Анощенков, Андрей Иванович (26.08.1999, 484)
0009830.png	Дублирующий
0009831.png	Государства в истории Узбекистана
0009832.png	Архивные записи
0009833.png	В «Орловской правде»
0009834.png	Омега-код Элиаса
0009835.png	Выборы в Учредительное собрание и его силовой роспуск большевиками
0009836.png	Автономные города Испании
0009837.png	Телекоммуникации
0009838.png	Литий-титанатный аккумулятор
0009839.png	Символы морской пехоты
0009840.png	Сегрегация проводилась в транспорте и других общественных местах.
0009841.png	Стандартные («школьные») разделы механики:
0009842.png	См. также
0009843.png	Концентрационные лагеря в КНР
0009844.png	Романов, Пётр Васильевич
0009845.png	Изменение глобального климата
0009846.png	Конкордат, урегулировавший отношения Испании с папством.
0009847.png	город Апатиты с подведомственной территорией;
0009848.png	История
0009849.png	Конструктивный альтернативизм
0009850.png	Принят Семейный кодекс РСФСР.
0009851.png	Примечания
0009852.png	Титулы
0009853.png	Компасные растения
0009854.png	Династия Капетингов
0009855.png	Владимир Симонов («Ржевский против Наполеона», Россия-Украина, 2012).
0009856.png	3-я кавалерийская дивизия
0009857.png	Ссылки
0009858.png	Официальный сайт Администрации города Уяр
0009859.png	Отношения с представителями политической элиты
0009860.png	В 1944 году эмигрировал из Литвы в Германию. В 1949 году переехал в США.
0009861.png	Дистрибутивы
0009862.png	6 мая 1985 года Смоленску было присвоено звание город-герой.
0009863.png	просторечный
0009864.png	Радиобиология
0009865.png	Животные, использующие орудия труда
0009866.png	47-я армия;
0009867.png	Кублановский читает свои стихи
0009868.png	Я вообще не пью
0009869.png	В литературе
0009870.png	См. также
0009871.png	В литературе
0009872.png	Итоги
0009873.png	Офицер ордена «За заслуги» (Франция, 3 декабря 1994 года).
0009874.png	рак молочной железы
0009875.png	Примечания
0009876.png	СМИ и связь
0009877.png	Ссылки
0009878.png	В язык введён цикл по коллекции объектов (итератор, ).
0009879.png	Магнитогорский строительно-монтажный техникум.
0009880.png	Примечания
0009881.png	Литература
0009882.png	скорость;
0009883.png	Скирон (сатировская драма)
0009884.png	торговые
0009885.png	Академические музыканты Германии
0009886.png	Примечания
0009887.png	Препроцессоры
0009888.png	Грозовая энергетика
0009889.png	Награды М. Ростроповича
0009890.png	Нейролингвистика
0009891.png	Экономика
0009892.png	Биография
0009893.png	Столицы зимних Универсиад
0009894.png	Спорт
0009895.png	Лауреаты премии имени П. Л. Чебышёва
0009896.png	Автономии
0009897.png	Ссылки
0009898.png	Ольга Жбанкова. Николай Ге и Украина.
0009899.png	Литература
0009900.png	устанавливает административное деление Республики;
0009901.png	Таблица профессиональных поединков
0009902.png	Награды и звания
0009903.png	Современное состояние АКЦ
0009904.png	"Голубой Дунайчик" (Москва, изд.Каравелла, 2020)
0009905.png	Перспективы развития
0009906.png	фонды прямых инвестиций
0009907.png	Нижегородский научный центр РАН
0009908.png	Кавалеры ордена Святого Лазаря
0009909.png	Ссылки
0009910.png	Гимназия г. Болхова
0009911.png	Книгоиздание
0009912.png	Философы по алфавиту
0009913.png	По устройству
0009914.png	Драматургия
0009915.png	Почётные доктора Женевского университета
0009916.png	Роли в театре
0009917.png	63 км: Аталык
0009918.png	Ирак признал независимость Кувейта.
0009919.png	Инженеры Германии
0009920.png	Биоэнергоинформатика
0009921.png	Меган Прескотт, британская актриса, сестра-близнец Кэтрин.
0009922.png	Учёные США
0009923.png	Центрально-Чернозёмный
0009924.png	Наклонений в фарерском языке три: изъявительное, повелительное и желательное.
0009925.png	Происхождение и история рода
0009926.png	соответствует  ;
0009927.png	Лихенофлора Республики Алтай
0009928.png	Учёные-самоучки
0009929.png	Мнемоническая диаграмма для закона Ома
0009930.png	Химические свойства
0009931.png	Общий итог битвы
0009932.png	Экология
0009933.png	Деревня Митино
0009934.png	Публикация «Проекта стандарта» для всеобщего обсуждения;
0009935.png	Чешаев, Александр Вячеславович
0009936.png	Каунасский университет прикладных наук
0009937.png	В деревне Юкки 20 муниципальных и 3 ведомственных многоквартирных дома.
0009938.png	Литература
0009939.png	Братский мост близ посёлка Зелёный Бор
0009940.png	РСФСР и СССР
0009941.png	В Кстово ведут свою деятельность:
0009942.png	Разгонный блок
0009943.png	Князья Тверские
0009944.png	ТРК «555»
0009945.png	и др.
0009946.png	Гостевой брак
0009947.png	Тырганская промзона
0009948.png	Смута
0009949.png	Основатели городов
0009950.png	Отто Блюменталь
0009951.png	многоцилиндровые
0009952.png	«Золотая осень» (1893)
0009953.png	В 2010 году Португалия получила транш от МВФ и ЕЦБ в 78 млрд евро.
0009954.png	Все городские номера начинаются на
0009955.png	Литературный герой
0009956.png	Экология
0009957.png	Применение
0009958.png	Примечания
0009959.png	Спортивные клубы Тюмени
0009960.png	Примечания
0009961.png	драму «Осада венедов» (, 1801)
0009962.png	Скончались
0009963.png	Биография
0009964.png	Тарнув
0009965.png	См. также
0009966.png	История гипотезы
0009967.png	Ссылки
0009968.png	Башкирский язык
0009969.png	Примечания
0009970.png	Примечания
0009971.png	Кинематограф
0009972.png	Лесомелиоративная станция
0009973.png	За этой руной стоит образ Мирового Древа или тиса.
0009974.png	Список литературных произведений
0009975.png	Историки Чехии
0009976.png	Заявка на патент на микроволновую печь была подана 8 октября 1945 года.
0009977.png	Протестантизм
0009978.png	Православные монастыри Волынской области
0009979.png	Метеоритный кратер в Ладожском озере (Ладожская астроблема)
0009980.png	1941 Цирк Принтинпрам
0009981.png	Апрель: 25 апреля
0009982.png	Официальная символика
0009983.png	Почётные доктора Университета Квинс в Белфасте
0009984.png	Население
0009985.png	Онтологический натурализм
0009986.png	Возвращение в Париж
0009987.png	Ермаков, Вадим Константинович (30.03.1998, 446)
0009988.png	Партийные фракции в Палате депутатов:
0009989.png	Выпускники Санкт-Петербургского архитектурно-строительного университета
0009990.png	Города Башкортостана
0009991.png	Буневцы
0009992.png	Издания
0009993.png	Вращающиеся переменные
0009994.png	Шуша (наст. имя Мария да Граса Менегель), бразильская поп-певица и телеведущая.
0009995.png	Стероиды
0009996.png	Казахи в Узбекистане
0009997.png	Грядущие нам открывают года.
0009998.png	См. также
0009999.png	Примечания