0000000.png	См. также
0000001.png	Язвенная болезнь двенадцатиперстной кишки;
0000002.png	Между первым и вторым полётом
0000003.png	Музей истории МВД Карелии (Петрозаводск)
0000004.png	27-я стрелковая дивизия
0000005.png	Церковь во имя Святого Иоанна Ваяра (2013)
0000006.png	Примечания
0000007.png	Ереванский русский драматический театр имени Константина Станиславского.
0000008.png	Мифологические лучники
0000009.png	Население
0000010.png	Примечания
0000011.png	Гранд-офицер ордена Южного Креста (Бразилия)
0000012.png	Вычислительный центр
0000013.png	Сравнение браузерных движков
0000014.png	Дегустация вина
0000015.png	Патрисия Каас, французская певица и актриса.
0000016.png	Имения
0000017.png	Дмитриев И. С. О мостах и фонарях
0000018.png	Население
0000019.png	Срок полномочий:
0000020.png	Тиоридазин: инструкция и применение
0000021.png	8. Преображению Господню
0000022.png	Слюнные железы языка
0000023.png	Графы Граббе (РИ)
0000024.png	Многие народы адаптировали названия дней недели под свой язык и свою культуру.
0000025.png	Экономика
0000026.png	Солт-Лейк-Сити (США)
0000027.png	Американский бульдог сегодня
0000028.png	Канатная дорога на Монастырский остров
0000029.png	А. Борцов. Натовский пузырь
0000030.png	Примечания
0000031.png	Чешские писатели
0000032.png	См. также
0000033.png	Литература
0000034.png	Примечания
0000035.png	Разграничение с понятиями «народ» и «государство»
0000036.png	Примечания
0000037.png	Дипломаты по алфавиту
0000038.png	Юго-Восточная улица
0000039.png	Подписавшие «Письмо двадцати пяти»
0000040.png	Сайт города Ядрин
0000041.png	В среднепольский период происходили следующие фонетические процессы:
0000042.png	Составное число
0000043.png	(Австрия)
0000044.png	Модульное тестирование. Зачем, как и кто
0000045.png	1376 год в литературе
0000046.png	Юристы по алфавиту
0000047.png	Скончались
0000048.png	Критика термина
0000049.png	Памятник воинам, погибшим в Великой Отечественной войне.
0000050.png	Ссылки
0000051.png	Хакер
0000052.png	Классы воевод
0000053.png	Османская империя
0000054.png	Идиофоны
0000055.png	Аудиолекции
0000056.png	ЯМР-спектроскопические методы анализа алкенов
0000057.png	Образование
0000058.png	Основными видами акционерных обществ являются:
0000059.png	Бахаизм
0000060.png	Всемирный день водно-болотных угодий (2 февраля)
0000061.png	Шкалы тропических циклонов
0000062.png	Большой крест ордена Заслуг (Венгрия, 2012 год)
0000063.png	Городской детский и молодёжный театр «Взрослые и дети».
0000064.png	Нганасанский
0000065.png	См.также
0000066.png	Адаптивная система (социология)
0000067.png	Тер-Акопов Николай Гукасович
0000068.png	В английском языке наречия делятся на:
0000069.png	Православные богословы
0000070.png	Колесница, указывающая на юг
0000071.png	Начальник штаба войск Генштаба Какурин.
0000072.png	Турбаза «Цна»
0000073.png	Скульптор
0000074.png	Официальный сайт
0000075.png	Почётные доктора Загребского университета
0000076.png	Классы, подклассы и виртуальные процедуры
0000077.png	Литература
0000078.png	Православные: Александр, Алексей, Иван, Никита, Тимофей
0000079.png	Появились в 1930 году в России
0000080.png	Басманный тупик
0000081.png	Статистическая механика
0000082.png	Родились
0000083.png	См. также: :Категория:Родившиеся в 1580 году
0000084.png	Примечания
0000085.png	Хорватский
0000086.png	Теория анархизма предусматривает следующие принципы:
0000087.png	Примечания
0000088.png	Ягеллонская идея
0000089.png	Адалинда.
0000090.png	Ширина: 2,1 метра
0000091.png	Наука и технологии
0000092.png	Сезон 2018 года
0000093.png	Микроавтобусы:
0000094.png	Публикации
0000095.png	См. также: :Категория:Родившиеся в 1503 году
0000096.png	Известные земляки
0000097.png	Литература
0000098.png	Тогда уравнение описанной окружности
0000099.png	606 км: Жирак (пр)
0000100.png	См. также: :Категория:Родившиеся в 1210 году
0000101.png	В международных и российских стандартах даются следующие определения:
0000102.png	Флора и фауна
0000103.png	Научные взгляды
0000104.png	Церковь Востока
0000105.png	Дизайн-манифест
0000106.png	См. также: :Категория:Родившиеся в 1453 году
0000107.png	В таблице представлены все чередования ступеней согласных в финском языке:
0000108.png	Награды
0000109.png	Херсонский филиал Европейского университета
0000110.png	Музыка
0000111.png	Тексты и переводы
0000112.png	День шахтёра в Кузбассе
0000113.png	Союз русских художников
0000114.png	Юристы по алфавиту
0000115.png	Юристы по алфавиту
0000116.png	Лены Швеции
0000117.png	Фомин, Алексей Юрьевич (30.12.1999, 539)
0000118.png	Переводоведение
0000119.png	облигации с несколькими датами;
0000120.png	19 апреля
0000121.png	«Алькор»
0000122.png	Награды
0000123.png	Кондуктометр;
0000124.png	Легализация наркотиков
0000125.png	См. также
0000126.png	Православие
0000127.png	10 июля
0000128.png	Физико-географическая характеристика
0000129.png	Тегеранское дерби, между «Персеполис» и «Эстегляль»
0000130.png	Концепция
0000131.png	Болезнь Менетрие
0000132.png	Брив-ла-Гайард, Франция (1993)
0000133.png	Официальный сайт муниципалитета
0000134.png	Население
0000135.png	серый бугор
0000136.png	Блаженные
0000137.png	Литература
0000138.png	Падшие ангелы
0000139.png	Публикации
0000140.png	Ссылки
0000141.png	Литература
0000142.png	Биография
0000143.png	Русский эпос
0000144.png	Григорий Потёмкин
0000145.png	В устье реки Суры построена крепость Василь-город, впоследствии Васильсурск.
0000146.png	Статьи
0000147.png	Признание Муюна Хоя великим шаньюем.
0000148.png	Музееведы
0000149.png	класс Сульфосоли
0000150.png	Концепции языков программирования
0000151.png	Пакистан (наряду с урду)
0000152.png	1970-е
0000153.png	Административное деление Кирибати
0000154.png	Контрольно-ревизионная комиссия
0000155.png	Составные фамилии
0000156.png	Жгенти В., Александр Абашели, Тб., 1958.
0000157.png	Прототип ситуации:
0000158.png	Художники-абстракционисты России
0000159.png	Примечания
0000160.png	Орлово-Давыдовский переулок
0000161.png	«Баху» (санскрит, «рука»),
0000162.png	Хоккей с шайбой в России
0000163.png	Культурно-историческое наследие Курортного района Санкт-Петербурга
0000164.png	Фильмы на русском языке
0000165.png	Творчество
0000166.png	философия и этика;
0000167.png	Парижский универмаг
0000168.png	Слависты СССР
0000169.png	Катастеризмы
0000170.png	Литература
0000171.png	Мемориальная доска на тюремном замке города Нежина.
0000172.png	ЗАО «Цветметсервис» (объявлено банкротом);
0000173.png	Города-побратимы
0000174.png	Достопримечательности
0000175.png	Польские поэты
0000176.png	Иногда приём СИОЗС приводит к развитию закрытоугольной глаукомы.
0000177.png	Нерешённые проблемы физики чёрных дыр
0000178.png	Сплавы
0000179.png	Источники
0000180.png	История Испании
0000181.png	орден Ленина
0000182.png	Авторы неакадемических исследований в истории
0000183.png	Вольноопределяющийся-ефрейтор (Вольноопределяющийся-бомбардир),
0000184.png	Открытые дебюты
0000185.png	Лаборатория деформируемых сред
0000186.png	См. также: :Категория:Родившиеся в 1794 году
0000187.png	Бегство от Харконненов: С Дунканом и Лайет-Кайнзом на пустынной базе
0000188.png	Политическая система
0000189.png	Краеведы Белоруссии
0000190.png	Аппаратная реализация
0000191.png	Булгаковеды
0000192.png	Население
0000193.png	Реки, впадающие в Азовское море
0000194.png	Финансовые услуги
0000195.png	Устройства с высокой степенью интеграции:
0000196.png	Графы Валуевы (РИ)
0000197.png	Псевдонаука и бизнес
0000198.png	Музей боевой и трудовой славы
0000199.png	Хармсоведы
0000200.png	журнал для детей «Словёнок»
0000201.png	Узелковое письмо в Китае
0000202.png	Население
0000203.png	Редакторы России
0000204.png	Ново-Кавголовский лесопарк
0000205.png	улица Лескова в Добрянке
0000206.png	Ссылки
0000207.png	8-й стрелковый корпус
0000208.png	Зарождение Польши. Слияние вислян и мазовшан.
0000209.png	Лесные ресурсы
0000210.png	Немецкие драматурги
0000211.png	Режим дозирования
0000212.png	Пороки развития влагалища включают в себя:
0000213.png	Ролик, за который было подано заявление о снятии СПС с выборов в Госдуму (2007)
0000214.png	См. также
0000215.png	Мекленбург-Шверинский орден Вендской Короны, большой крест (1889)
0000216.png	Литература
0000217.png	Литература
0000218.png	Парк культуры и отдыха
0000219.png	В 7 луне войска Ци и Цао напали на Ли (владение в Чу).
0000220.png	Мобилизация денежных средств
0000221.png	Постум (император), император Галльской империи
0000222.png	клуб картинга (на улице Поселковая),
0000223.png	Почётные члены Петербургской академии наук
0000224.png	Стек: -1 2
0000225.png	Россия
0000226.png	Видео: Интервью с мэром Нижнекамска
0000227.png	Исторический словарь, статья «Сенешаль».
0000228.png	Переименованные населённые пункты России
0000229.png	Кубок европейских чемпионов
0000230.png	Тирольская ветвь
0000231.png	Связи с общественностью
0000232.png	Или, эквивалентная формулировка:
0000233.png	Правители Венгрии
0000234.png	Рождение Аполлона и Артемиды
0000235.png	Список всех населённых пунктов Учалинского района
0000236.png	Древний Египет
0000237.png	Киргизия
0000238.png	Радиаторская 3-я улица
0000239.png	в Бейсике точка применяется как один из возможных символов имени переменной;
0000240.png	Литература
0000241.png	Шанхай, Китай
0000242.png	Персоналии:Атеизм
0000243.png	и условие согласованности
0000244.png	Творчество
0000245.png	Журналисты Армении
0000246.png	И ещё: смотреть, обидеть,
0000247.png	Экономика
0000248.png	«Формирование производственных навыков у школьников» (1959),
0000249.png	Депутаты Сейма Польши
0000250.png	Официальная идеология СССР
0000251.png	Международное уголовное право
0000252.png	Ферлан Менди
0000253.png	Меры предосторожности
0000254.png	В философии
0000255.png	Крытая ледовая арена
0000256.png	Ершовский храм. Ершовская церковь
0000257.png	Балаковский завод минеральных наполнителей
0000258.png	Металлургия
0000259.png	Возможны аллергические реакции: кожная сыпь, зуд, эозинофилия, дерматит.
0000260.png	севернокитайский язык (мандаринский, гуаньхуа) () (супергруппа)
0000261.png	Суды стран романо-германской семьи
0000262.png	Городская легенда
0000263.png	Церковь Св. Архангелов Михаила и Гавриила (1933)
0000264.png	США возвращают Окинаву Японии.
0000265.png	Богини плодородия
0000266.png	Лауреаты премии имени Товстоногова
0000267.png	Родившиеся в Купишкском районе
0000268.png	Предлог в состоит из этой единственной буквы.
0000269.png	Различались магистратуры:
0000270.png	Примеры
0000271.png	Реакция с азотом и бором
0000272.png	Распространение джаза
0000273.png	См. также: :Категория:Умершие 17 апреля
0000274.png	Ершовский сайт
0000275.png	Соломатин, Александр Викторович (21.02.2000, 584)
0000276.png	Сильно переработанная версия поэмы под названием «Завоёванный Иерусалим» (1593).
0000277.png	Похороненные на Новом кладбище (Белград)
0000278.png	Таксон
0000279.png	Комментарии
0000280.png	Синтаксис
0000281.png	Физико-географическая характеристика
0000282.png	С 1998 года в Бургасе проходит международный театральный фестиваль «На берегу».
0000283.png	16 отдельная зенитная арт батарея
0000284.png	Сибирские летописи
0000285.png	Рыцарь Большого креста Ордена Святого Михаила и Святого Георгия (29 ноября 1900)
0000286.png	весомо,
0000287.png	Рентгеновское излучение белых карликов
0000288.png	Льюис Кэрролл и его хобби
0000289.png	Средний Урал,
0000290.png	1920-е годы в экономике
0000291.png	Веховцы
0000292.png	Литературная деятельность
0000293.png	Яузская плотина, мост
0000294.png	Павел (Кривоногов) (с 30 августа 2019)
0000295.png	История герба Лысьвы
0000296.png	Гауденций (епископ Брешии), святой Римско-католической церкви.
0000297.png	Язык лангобардов
0000298.png	Виртуальные машины могут использоваться для:
0000299.png	Разновидности субъектов Российской Федерации
0000300.png	Аллергические реакции
0000301.png	Апрель
0000302.png	Персоналии:Ур
0000303.png	Умершие от оспы
0000304.png	Пневмококковая пневмония
0000305.png	Ферганский городской колледж искусств,
0000306.png	Оценка проекта
0000307.png	Символы.
0000308.png	Храм Исиды
0000309.png	Список языков по количеству носителей
0000310.png	Категорический силлогизм
0000311.png	Пальчиков, Филипп Петрович
0000312.png	Примечания
0000313.png	Кампания в Греции. Битва при Филиппах
0000314.png	Нобелевские премии
0000315.png	Фосфорорганические соединения
0000316.png	Недостатки
0000317.png	Современные кириллические алфавиты славянских языков
0000318.png	Население
0000319.png	Русские драматурги
0000320.png	Синие уже облака, бегущие по небу, предсказывали тепло и дождь.
0000321.png	Ссылки
0000322.png	Электропоезд
0000323.png	Почвы
0000324.png	Философы Российской империи
0000325.png	Витализм
0000326.png	Примечания
0000327.png	Кинокомпании СССР
0000328.png	Англиканские святые
0000329.png	Текущие члены
0000330.png	Умершие в Эрлангене
0000331.png	Русскоязычный портал Штутгарта
0000332.png	Ссылки
0000333.png	Функции
0000334.png	Палеоэкология и палеофизиология
0000335.png	Жил-был мальчик (параллельные тексты)
0000336.png	Администрация
0000337.png	Заслуженные мастера спорта России
0000338.png	См. также
0000339.png	Биография
0000340.png	Основные характеристики базовых полей
0000341.png	Галина Серебрякова (ум 1980), русская советская писательница и журналистка.
0000342.png	Провозглашение князя Томислава королём Хорватии. Принятие христианства.
0000343.png	Комсомольский район (или Комсомольск);
0000344.png	Со спиртами образует сложные эфиры:
0000345.png	Сайт университета на английском
0000346.png	Островское соглашение, полная ликвидация Галицко-Волынского княжества
0000347.png	Гидродинамика нелинейных жидкостей (Реология)
0000348.png	Рост популярности
0000349.png	Транспорт
0000350.png	События
0000351.png	Церкви и храмы
0000352.png	Орден Железной короны
0000353.png	Лливелин ап Сейсилл - король Поуиса, Гвинеда и Дехейбарта.
0000354.png	Том второй:
0000355.png	Личная жизнь
0000356.png	личные: я «я», ти «ты», ми «мы», ви «вы»;
0000357.png	Города
0000358.png	Родился в семье диакона.
0000359.png	Литература
0000360.png	Установлены дипломатические отношения между Туркменистаном и Бангладеш.
0000361.png	Никейская митрополия
0000362.png	Виды селекторов
0000363.png	На западе - с. Покровское Голованевского района;
0000364.png	Уровни
0000365.png	Кафе-шантан
0000366.png	Докажем последнее утверждение.
0000367.png	Скверы
0000368.png	Составные бозоны
0000369.png	Алессандро Блазетти (1967),
0000370.png	Основные понятия и постулаты СТО
0000371.png	Лихачёв, Алексей Евгеньевич
0000372.png	Почётные доктора Вестфальского университета имени Вильгельма
0000373.png	Биография
0000374.png	орден Ленина (СССР, 1969)
0000375.png	Посольство России, ул. Нукусская, 83
0000376.png	Транспорт
0000377.png	«Рок» А. Учителя (1987).
0000378.png	Алексей Ильин
0000379.png	Мариинский Посад в энциклопедии «Мой город»
0000380.png	Поворотный круг (театр)
0000381.png	Шкала Бофорта скорости ветра
0000382.png	Связь
0000383.png	Математика в техническом университете. Сборник учебных пособий в 21 томе.
0000384.png	Физические свойства
0000385.png	Драматурги России
0000386.png	Российская Федерация
0000387.png	Аллербергер, Йозеф (257 убитых, Рыцарский крест (предположительно))
0000388.png	Примечания
0000389.png	«Железный человек»:
0000390.png	Телефонный коммутатор
0000391.png	о. Пилад
0000392.png	Социальная структура
0000393.png	Язык разметки (обычно используются для создания документов)
0000394.png	ТСЦ «Белый Дом»;
0000395.png	Гербы населённых пунктов Республики Татарстан
0000396.png	Ульсан (Республика Корея), с 2003 года
0000397.png	От брака имели двух сыновей:
0000398.png	Промышленность
0000399.png	Память
0000400.png	Библиотеки
0000401.png	Оренбургская область
0000402.png	Католическая Апостольская Национальная церковь Бразилии
0000403.png	Количество игроков
0000404.png	Ранние годы
0000405.png	Зенитная дуга
0000406.png	Период использования
0000407.png	Прекратившие существование партии
0000408.png	Чемпионат Северной Осетии
0000409.png	География Юкатана
0000410.png	Фотолюминесценция
0000411.png	Примечания
0000412.png	Бассейн реки Святого Лаврентия
0000413.png	Рой Андерссон, шведский кинорежиссёр.
0000414.png	детская школа искусств (пл. Ленина),
0000415.png	Метаболизм
0000416.png	Совет господ
0000417.png	Денис Бояринцев
0000418.png	Память
0000419.png	Сферический слой
0000420.png	Церковь Саентологии
0000421.png	Иудаистическая мифология
0000422.png	Кинкадзан
0000423.png	Административно-территориальные единицы первого уровня
0000424.png	Ссылки
0000425.png	Награды
0000426.png	2011 год
0000427.png	Населённые пункты
0000428.png	Теорема косинусов для четырёхугольника
0000429.png	Ссылки
0000430.png	Независимое американское кино
0000431.png	Сайт Дворца творчества юных
0000432.png	Первое упоминание г. Оханска, Джурин (село)
0000433.png	Разное
0000434.png	Стадионы
0000435.png	Новая конституция
0000436.png	Команчи
0000437.png	Обзор по странам
0000438.png	Литература
0000439.png	История
0000440.png	Семья
0000441.png	Экономика
0000442.png	«Археология знания» (1969)
0000443.png	Дополнительные согласные для хинди
0000444.png	Максим Боков
0000445.png	Нерв (значения)
0000446.png	Пантеизм
0000447.png	Святое Богоявление (Крещение Господне);
0000448.png	Праздники и памятные дни
0000449.png	деловые игры,
0000450.png	Премьер-министры Бразилии
0000451.png	Сигмоидальная передаточная функция
0000452.png	Моника Наранхо, популярная испанская певица.
0000453.png	См. также
0000454.png	масличные и эфиромасличные культуры
0000455.png	Изотопы
0000456.png	Религиозные
0000457.png	Генератор ультразвуковых волн
0000458.png	Примеры:
0000459.png	гипертензивная
0000460.png	Князья
0000461.png	Примечания
0000462.png	См. также: :Категория:Умершие в 1193 году
0000463.png	Любимовское
0000464.png	Гордон Купер ()
0000465.png	Государство Барбадос
0000466.png	Литература
0000467.png	Католицизм
0000468.png	Совет директоров
0000469.png	Траян, римский император
0000470.png	Являлась одним из основных персонажей телевизионного мульт-шоу «Мульт личности».
0000471.png	И шальной, шевелюру ероша,
0000472.png	Лучшие бомбардиры чемпионата России:
0000473.png	Похороненные на Никольском кладбище Александро-Невской лавры
0000474.png	Русские регалии
0000475.png	О встрече В. Суркова с рокерами в «Музыкальной правде»
0000476.png	В составе ВМС США находилось 289 кораблей и судов различных типов, в том числе:
0000477.png	Реки Бранденбурга
0000478.png	Электронные аналоговые
0000479.png	Для детей
0000480.png	Праотцы
0000481.png	Заслуженные мастера спорта СССР
0000482.png	«Арифметика для морского кадетского корпуса» (СПб., 1852);
0000483.png	Сноски
0000484.png	Николай Телешов (ум. 1957), русский советский писатель и мемуарист.
0000485.png	Фармакокинетика
0000486.png	Пекин, Китай (20 июня 1990)
0000487.png	Уния с Эфиопской церковью 1622 года: Эфиопская католическая церковь
0000488.png	Чемпионат Псковской области по гиревому спорту
0000489.png	Упразднённые населённые пункты
0000490.png	Хуссейн ибн-Али
0000491.png	История
0000492.png	Население
0000493.png	Дачжоу, Китай
0000494.png	Роспуск
0000495.png	Другие примеры скальдических вис:
0000496.png	Топливные элементы
0000497.png	1. Взаимодействием металлического натрия и иодметана (реакция Вюрца):
0000498.png	Население
0000499.png	Подборка публикаций.
0000500.png	Базис (значения)
0000501.png	в производстве косметических препаратов.
0000502.png	Междугородный транспорт
0000503.png	Всего специально к Олимпиаде построено 78 объектов, среди которых:
0000504.png	Научно-исследовательский вычислительный центр
0000505.png	Лесная улица (деревня Зименки)
0000506.png	орден Красной Звезды (30.04.1946)
0000507.png	Расцветка для различных типов местности
0000508.png	В политике:
0000509.png	Мюзиклы
0000510.png	Похороненные на Масличной Горе
0000511.png	См. также
0000512.png	Спутниковая связь
0000513.png	Хоккейный клуб «Тамбов»
0000514.png	«Начало» (1970)
0000515.png	Танцы эпохи Возрождения
0000516.png	Национализм
0000517.png	История
0000518.png	Примечания
0000519.png	Спорт
0000520.png	Известия: Интервью Манмохана Сингха
0000521.png	Здравоохранение
0000522.png	Наибольшее количество сезонов проведённый за клуб: Николай Новиков (17 сезонов)
0000523.png	Борьба за центр
0000524.png	Оплата покупок в магазинах, оборудованных сканерами.
0000525.png	орден «Голубой Нил» (Эфиопия).
0000526.png	: Эквивалентно клавише .
0000527.png	Сара Мур Гримке;
0000528.png	Влияние и посвящения
0000529.png	Литература
0000530.png	«Первый русский изобретатель И. П. Кулибин» (1906);
0000531.png	«Калигула» Т. Брасса,
0000532.png	Примечания
0000533.png	Купол в исламской архитектуре
0000534.png	Костёл и монастырь бенедиктинок (Вечевая ул., 2)
0000535.png	Канонизированные князья
0000536.png	Институт востоковедения имени Абу Рейхана Бируни в Ташкенте.
0000537.png	при изобарном процессе
0000538.png	См. также
0000539.png	В музыке и театре
0000540.png	Примечания
0000541.png	ООО «ЗИМА» (изоляционные материалы)
0000542.png	Третья стадия
0000543.png	Избирательная кампания-2008
0000544.png	Вильнюсская фронтовая наступательная операция (1944)
0000545.png	Суперактиноиды
0000546.png	Примечания
0000547.png	Протоколы сетевого уровня
0000548.png	История космонавтики
0000549.png	Передозировка
0000550.png	Примечания
0000551.png	Архитектура Бийска
0000552.png	Сюжет о папессе Иоанне в произведениях литературы
0000553.png	устройства отображения изображения.
0000554.png	Население
0000555.png	Съёмочная группа
0000556.png	Ссылки
0000557.png	«Калинов мост»
0000558.png	Один из сильнейших сторонников Драйзера при его жизни, Генри Луис Менкен заявил:
0000559.png	Спорт
0000560.png	Разработан проект новой, республиканской конституции Соломоновых Островов.
0000561.png	Католические святые
0000562.png	Журнал «Новочеркасскъ»
0000563.png	Примечания
0000564.png	Личные качества и оценки
0000565.png	Численность контингента
0000566.png	Умножение на 2 заменяется сложением числа с самим собой: .
0000567.png	Епифанов, Илья Иосифович (с 23.07.1918 по 06.11.1918)
0000568.png	РК «Автозаводцы»
0000569.png	Промышленный контроллер
0000570.png	Выпускники Екатеринославской гимназии
0000571.png	Гемоглобин в крови человека
0000572.png	Издания на иностранных языках
0000573.png	Биография
0000574.png	Латвия вступила в Совет Европы.
0000575.png	Серия «Великие поэты»
0000576.png	Выпускники Санкт-Петербургского театрального училища
0000577.png	Примечания
0000578.png	Средне-профессиональные заведения
0000579.png	Поэты по алфавиту
0000580.png	Реформа герба Российской Империи
0000581.png	Экономика
0000582.png	Галогены
0000583.png	Кипение в большом объёме
0000584.png	Примечания
0000585.png	Орден Восходящего солнца 1-й степени (1 ноября 1882)
0000586.png	Исследователи Тихого океана
0000587.png	Джина Виджая
0000588.png	Мифология алтайцев
0000589.png	Литература
0000590.png	Главные тренеры
0000591.png	Температура заторможенного воздуха
0000592.png	Паталогическая анатомия, видео для специалистов.
0000593.png	Христианство:
0000594.png	Музеи Мюнхена
0000595.png	Спорные острова Южно-Китайского моря
0000596.png	Международный прорыв
0000597.png	Примеси
0000598.png	сверхжёсткие (жёсткость более 50 секунд);
0000599.png	В Средние века...
0000600.png	Испанский театр военных действий во время Второй Пунической войны
0000601.png	70 км: Чернуха
0000602.png	Миллиметр ртутного столба (торр)
0000603.png	Костёл и монастырь бенедиктинок (Вечевая ул., 2)
0000604.png	Прапорщик гвардии (Выс. пр. )
0000605.png	В сянци.
0000606.png	Менора в Скинии
0000607.png	Третий переходный период
0000608.png	История Казахстана все темы
0000609.png	Появились в 1356 году
0000610.png	Примечания
0000611.png	капролон;
0000612.png	Монарх
0000613.png	гильзовые.
0000614.png	Изумруды
0000615.png	Активисты веганства
0000616.png	Католические: Пётр, Рандоальд
0000617.png	Павел (экзарх Равенны).
0000618.png	Международное морское право
0000619.png	Отречение от престола
0000620.png	Историки Франции
0000621.png	Члены Республиканской партии США
0000622.png	Лингвисты СССР
0000623.png	Церковь Успения Божьей Матери (развалины).
0000624.png	Ладислав Фридрих (умер в раннем детстве)
0000625.png	Изучение электричества
0000626.png	уступка Россией в пользу Молдавии участка Бессарабии, прилегающего к Дунаю.
0000627.png	Индикт
0000628.png	«Кто получит приз?» (1979)
0000629.png	Личная и коллективная гигиена военнослужащих (военнообязанных).
0000630.png	Депутаты Верховного Совета РСФСР 9-го созыва
0000631.png	Иранская ветвь языков: таджики
0000632.png	Климат
0000633.png	Выпускники Тринити-колледжа (Кембридж)
0000634.png	Примечания
0000635.png	«Год трёх римских пап».
0000636.png	Аналитические записки ИМИ
0000637.png	Города-миллионеры России
0000638.png	Возникновение города и Нижегородское княжество
0000639.png	Однако единоличная власть монарха канула в Лету.
0000640.png	Геодезия
0000641.png	Генеалогическое древо
0000642.png	Александр Черепанов, 1964
0000643.png	25 октября
0000644.png	Этимология
0000645.png	Наука
0000646.png	Эмбриология
0000647.png	Экономика
0000648.png	Деятельность в Академии
0000649.png	Проведение сердечно-лёгочной реанимации
0000650.png	Исторический обзор
0000651.png	Меня зовут Шнур (2004)
0000652.png	Характерные черты
0000653.png	и многие другие.
0000654.png	Сложение для чисел с другими основаниями идентично сложению в десятичной системе
0000655.png	Нейтральные частицы
0000656.png	Дискуссия
0000657.png	Огненный таран
0000658.png	Дальнейшая деятельность
0000659.png	Косуля в Карелии.
0000660.png	Аэропорт города Тамале (Гана) получил статус международного.
0000661.png	Городские поселения Красноярского края
0000662.png	Ссылки
0000663.png	в дисплеях компьютеров, ноутбуков
0000664.png	Литература
0000665.png	В кинематографе
0000666.png	Блог 13-го и 14-го поколений
0000667.png	К вопросу о задачах советской теории международного права (1928)
0000668.png	Процентные ставки
0000669.png	Великая Отечественная война
0000670.png	Коммуникации
0000671.png	Веб камера и переговоры с МКС
0000672.png	Ремённый топор
0000673.png	выдача паспортов гражданам представляемого государства;
0000674.png	События
0000675.png	См. также: :Категория:Родившиеся 14 сентября
0000676.png	Большой крест ордена Святого Карла (Монако, 2005)
0000677.png	Книги 2004 года
0000678.png	Источники
0000679.png	Многократный лауреат премии «Странник» в различных номинациях.
0000680.png	Младенец Иисус
0000681.png	Персоналии по алфавиту
0000682.png	Футбольный клуб «Далерон-Уротеппа»
0000683.png	Похороненные на Сабурталинском кладбище
0000684.png	См. также
0000685.png	(352) А у Измайла Каменского дети:
0000686.png	Ромбододекаэдр
0000687.png	Кобол
0000688.png	Лица, подвергнутые санкциям в связи с российско-украинской войной
0000689.png	Колебания
0000690.png	«Звено» (В. Туманский)
0000691.png	«Нянька» (2004)
0000692.png	22 июня 1967 года получен первый агломерат.
0000693.png	«Крепыш» (1950)
0000694.png	Ссылки
0000695.png	См. также
0000696.png	«Искра» (пр. Бойко, 143);
0000697.png	лекарственный делирий (от любых лекарств, но чаще психотропных)
0000698.png	Кабаре открыто в 1931 году.
0000699.png	Административное устройство
0000700.png	Тритеизм и монофизитство
0000701.png	бортпроводник
0000702.png	Административно-территориальное устройство
0000703.png	Создание консорциума.
0000704.png	Парк Победы (Новый центр) (бывший Парк Воинов-Интернационалистов)
0000705.png	Экраноплан
0000706.png	Воинские звания
0000707.png	Орден Красного Знамени (26.07.1944).
0000708.png	Школа иностранных языков ВКС
0000709.png	Выпускники Школы права Университета Южной Дакоты
0000710.png	Подводный спорт
0000711.png	Литература
0000712.png	Уровень воды повышался в 1903, 1921 и 1956 годах.
0000713.png	Чуский ван стал обносить стенами Ин.
0000714.png	Примечания
0000715.png	Савва Охридский.
0000716.png	Виктор Черномырдин
0000717.png	Примечания
0000718.png	синтаксический анализатор параметров командной строки;
0000719.png	Дмитрий Иванович
0000720.png	Столицы Монгольской империи
0000721.png	Логика высказываний
0000722.png	Мобильная связь
0000723.png	Агриппина Ржевская, княгиня, память 15 июля;
0000724.png	Александр Де Род
0000725.png	Марк Валерий Корв и Курий Дентат, римские герои
0000726.png	Музей освободительного движения на Прикарпатье
0000727.png	Орден Святого Губерта (Королевство Бавария)
0000728.png	Афина-ткачиха
0000729.png	Андроньевская набережная
0000730.png	Примечания
0000731.png	История
0000732.png	промежуточных продавцов
0000733.png	Измерение силы и воздействий землетрясений
0000734.png	Залесский (два «с»)
0000735.png	Банкноты
0000736.png	Курдистан
0000737.png	Слово
0000738.png	Фармакокинетика
0000739.png	Хлебников в Персии (1921)
0000740.png	Государственная служба
0000741.png	Система получения изображений.
0000742.png	Один программно-формируемый звуковой канал.
0000743.png	Культура
0000744.png	Корневая система компактная.
0000745.png	См. также
0000746.png	Особенности ЕЭС
0000747.png	быстропрогрессирующая анемия.
0000748.png	Мультимедиа
0000749.png	Примечания
0000750.png	Первое сферическое видео Московского Кремля
0000751.png	В Библии
0000752.png	Томографические
0000753.png	Герои России
0000754.png	Иммигрировавшие в Великобританию из Германии
0000755.png	Якутск, Россия (2007)
0000756.png	Иконописные подлинники дают такое описание внешности пророка Моисея:
0000757.png	Орден Льва и Солнца 1-й степени
0000758.png	Общая схема выглядит следующим образом:
0000759.png	Похоронен в деревне Острая Лука, Дедовичского района, Псковской области.
0000760.png	Характер границы между морфемами
0000761.png	Знамя полка (1724)
0000762.png	Автомоторная улица
0000763.png	ЗАО «Гулистон» (предприятие по производству швейных изделий).
0000764.png	Генеалогия
0000765.png	Социальная структура Древней Руси
0000766.png	Образование и наука
0000767.png	Измерение энтропии
0000768.png	Знаменитые картины
0000769.png	Свято-Троицкий кафедральный собор;
0000770.png	Гиппоник Аммон, жил около 490 до н. э.
0000771.png	развоз и подвоз грузов к магистральным видам транспорта,
0000772.png	Уравнение Паули
0000773.png	Ссылка
0000774.png	Апрель
0000775.png	Библиография
0000776.png	Карьера
0000777.png	Память
0000778.png	Хирурги Венгрии
0000779.png	Титульные спонсоры
0000780.png	См. также
0000781.png	Ленина и Сталина.
0000782.png	Память
0000783.png	Выпускники Казанского художественного училища
0000784.png	Фортепианные сочинения
0000785.png	Для солистов, хора и оркестра
0000786.png	География
0000787.png	Художники-портретисты Литвы
0000788.png	Северо-Восточный комплексный научно-исследовательский институт ДВО РАН
0000789.png	Личность
0000790.png	Цвиттер-ион
0000791.png	Норвежским королём Олафом Трюггвасоном основан Тронхейм.
0000792.png	Новый год;
0000793.png	Второй вариант
0000794.png	отдачи
0000795.png	Спектр кольца
0000796.png	Старик Хоттабыч
0000797.png	См. также: :Категория:Родившиеся в 1794 году
0000798.png	Личная жизнь
0000799.png	Описание
0000800.png	См. также
0000801.png	Добро и зло
0000802.png	Навигация
0000803.png	Болезнь и смерть
0000804.png	2002 км: Худолаз
0000805.png	Хунну
0000806.png	Гогетта
0000807.png	Города-побратимы
0000808.png	Химическая стойкость в условиях интенсивного радиационного облучения;
0000809.png	В Иудее на престол взошёл царь Манассия.
0000810.png	Смерть и похороны
0000811.png	Государственное устройство
0000812.png	Устром
0000813.png	Покорение Южного полюса
0000814.png	Поэты Германии
0000815.png	Род Хрен входит в семейство  порядка .
0000816.png	аларские буряты
0000817.png	Этимология
0000818.png	Потёмкинская лестница
0000819.png	Междугородный
0000820.png	Умершие 22 декабря
0000821.png	Черч-Хилл
0000822.png	Эмпирические исследования подтверждают данное утверждение.
0000823.png	В каком состоянии деревья на Приморском бульваре? Мнение дендролога
0000824.png	Происхождение династии
0000825.png	Остатки на счетах;
0000826.png	Героев Панфиловцев, улица
0000827.png	Дворянские роды Италии
0000828.png	Установка соединения
0000829.png	См. также
0000830.png	Религия
0000831.png	В Коврове развит мотоциклетный спорт, действует мотобольный клуб «Ковровец».
0000832.png	Безопасность пищевых добавок
0000833.png	Княжество Беневенто признаёт верховную власть папы.
0000834.png	Генетики Чехии
0000835.png	словопроизводство, включающее аффиксацию, деаффиксацию и конверсию;
0000836.png	Метафоры
0000837.png	киргизский (с 1940)
0000838.png	Работы об архимандрите Палладии
0000839.png	Переворот
0000840.png	Расположение
0000841.png	Описание кабарги приведено в повести Григория Федосеева «Тропою испытаний».
0000842.png	Кавалер Ордена Улыбки (28 октября 2002, Польша).
0000843.png	Яро-Яхинское нефтегазоконденсатное месторождение
0000844.png	Кольцевая РНК
0000845.png	Родившиеся в 1742 году
0000846.png	Использование
0000847.png	Русские многоуровневые
0000848.png	Парламентские выборы на Кубе. Ассамблея расширена до 601 члена.
0000849.png	Дайнюс Зубрус, российский и литовский хоккеист.
0000850.png	На иностранном языке:
0000851.png	Электродинамика
0000852.png	Сурдина
0000853.png	К благу стремление,
0000854.png	Балалайка
0000855.png	Родились
0000856.png	Первомайский район
0000857.png	Борис Шац
0000858.png	Берлинский кафедральный собор,
0000859.png	Китайский язык (хань): хуэй (дунгане)
0000860.png	Языки Белоруссии
0000861.png	Празднование 700-летия преподобного Сергия Радонежского
0000862.png	Города на Волге
0000863.png	Лексикология
0000864.png	Шадринское военное авиационное училище штурманов
0000865.png	Крольчатина
0000866.png	универсам «Пятёрочка» (5 шт.),
0000867.png	Русальная неделя
0000868.png	Ссылки
0000869.png	из г. Борисполя:
0000870.png	Генерал-майоры Свиты
0000871.png	История СЦБ
0000872.png	30 марта
0000873.png	брагинские «хрущёвки»,
0000874.png	См. также
0000875.png	Восточные Спорады
0000876.png	События
0000877.png	День рыбака
0000878.png	Гостевая
0000879.png	Конусный кран;
0000880.png	Дворянские роды, на гербах которых изображены три страусовых пера
0000881.png	В сельском хозяйстве
0000882.png	Гипотеза Гедеонова
0000883.png	тахиаритмия
0000884.png	Октонионы
0000885.png	имя священное чтил лишь одинокий бедняк.
0000886.png	Тиран
0000887.png	Музей Ретротехники
0000888.png	Разрешён импорт статических полей и методов.
0000889.png	3-й Сунженско-Владикавказский полк.
0000890.png	румынская медаль «За воинскую доблесть» (1878)
0000891.png	Почётные доктора Малагского университета
0000892.png	События
0000893.png	Ссылки
0000894.png	Оливер Ридель
0000895.png	Ссылки
0000896.png	См. также
0000897.png	Города-побратимы
0000898.png	Мишель Докери, английская актриса и певица.
0000899.png	Примечания
0000900.png	«Плохая компания» (1972, США)
0000901.png	Копенгаген
0000902.png	Возрастной состав
0000903.png	Погребён в Кирилло-Белозёрском монастыре (на восточном берегу озера Сиверского).
0000904.png	Общественно-политическая деятельность
0000905.png	Первое упоминание о Манаме, столице Бахрейна.
0000906.png	Интервью
0000907.png	Эстелла Уоррен, канадская актриса и фотомодель.
0000908.png	Ханс Циммер, немецкий кинокомпозитор, лауреат премий «Оскар», «Золотой глобус».
0000909.png	пневматическое оборудование;
0000910.png	Исторические типы ПЗУ
0000911.png	Краеведческий портал Тюмени «Город Т»
0000912.png	Теорема Гёделя о неполноте
0000913.png	Сарказм
0000914.png	См. :Категория:Лейб-гусары
0000915.png	Бабье лето,
0000916.png	«Дикари Ойкумены» (в 3 книгах)
0000917.png	Городской транспорт представлен 14 маршрутами трамвая и 21 маршрутами такси.
0000918.png	См. также: :Категория:Родившиеся в 1525 году
0000919.png	Сельское хозяйство
0000920.png	Обозначение и параметры поршневых ДВС
0000921.png	Шварц Евгений
0000922.png	Кадеты
0000923.png	Примечания
0000924.png	Прах художника покоится в лондонском Соборе Святого Павла.
0000925.png	Виктория Полевая, украинский композитор и пианистка.
0000926.png	Склонение указательно-личных местоимений:
0000927.png	Дирихле (Лежен) П. Г. Лекции по теории чисел. М.-Л.: ОНТИ, 1936.
0000928.png	Ассоциация классических университетов России
0000929.png	География
0000930.png	Восстановление власти литовцев в Смоленске.
0000931.png	Киберспорт
0000932.png	Выход из «подполья»
0000933.png	Поэтессы Серебряного века
0000934.png	Преподаватели Кронштадтской гимназии
0000935.png	Население
0000936.png	Консулы Луций Корнелий Лентул Кавдин (патриций) и Квинт Фульвий Флакк (плебей).
0000937.png	Пакистана
0000938.png	Мелисса Ривз, американская актриса мыльных опер.
0000939.png	Пусть Геродот теперь
0000940.png	Сети адаптивного резонанса
0000941.png	Экология
0000942.png	Календарь онлайн
0000943.png	Национальный центр анализа насильственных преступлений
0000944.png	Ненецкий автономный округ (полностью).
0000945.png	Гость Георгий Жуков. Познер. Выпуск от 04.05.2010
0000946.png	Мотоцикл с коляской
0000947.png	Топоним
0000948.png	Во время распада
0000949.png	Даниил Бикбулатов (106-й общий)
0000950.png	Комментарии
0000951.png	Натурфилософы
0000952.png	См. также
0000953.png	председатели совета директоров:
0000954.png	Литература
0000955.png	Мемуаристы СССР
0000956.png	Примечания
0000957.png	Кафедра теоретической физики
0000958.png	Ссылки
0000959.png	Из членистоногих много пауков.
0000960.png	Примечания
0000961.png	Футболисты Бразилии
0000962.png	Примечания
0000963.png	Родившиеся в 1840 году
0000964.png	Литература
0000965.png	Ссылки
0000966.png	Замковая гора
0000967.png	Железные дороги Казахстана
0000968.png	Салуквадзе,
0000969.png	Центры художественного промысла
0000970.png	Потери немецких войск по немецким данным:
0000971.png	Объявлено о деполитизации КГБ СССР.
0000972.png	Административно-территориальное деление
0000973.png	Члены Союза художников СССР
0000974.png	Биография
0000975.png	Градус в альтернативных единицах измерения:
0000976.png	Работа с фотографиями
0000977.png	В офтальмологии принято разделять близорукость на следующие виды:
0000978.png	Международная деятельность
0000979.png	Закреплённые номера
0000980.png	Елена Баранова, российская баскетболистка, олимпийская чемпионка.
0000981.png	Куда уходят герои (2009)
0000982.png	Габриэль Мурешан
0000983.png	Помимо поиска мест добычи, публикуются обзоры:
0000984.png	Часть самбистов становится дзюдоистами
0000985.png	аэродром;
0000986.png	Транспортная система
0000987.png	Порты Анголы
0000988.png	Юрий Долгорукий разбил войска Изяслава Киевского  и захватил Киев.
0000989.png	Эпикуреизм
0000990.png	Закон отрицания отрицания
0000991.png	Размеры знака ордена
0000992.png	Сумка (2013)
0000993.png	Химики по алфавиту
0000994.png	Защита государственной, коммунальной и коллективной собственности
0000995.png	Албания (присоединилась 17 декабря 1920; членство прекращено 9 апреля 1939)
0000996.png	«Буран 2.01»;
0000997.png	Персоналии:Троице-Сергиева лавра
0000998.png	109 км: Хинике
0000999.png	Хозяин (1909)
0001000.png	Аппаратные
0001001.png	Управление военной разведки, включающее в себя:
0001002.png	1990-е годы в Восточном Тиморе
0001003.png	Полковник ()
0001004.png	катод:
0001005.png	Выпускники Харьковского политехнического института
0001006.png	«Авангард» (стадион, Луцк)
0001007.png	Америка
0001008.png	Чем не является догмат
0001009.png	Образование
0001010.png	многие герои (см. раздел Афина и герои)
0001011.png	Северо-Аличурский хребет
0001012.png	Христианские богословы
0001013.png	Деловые новости
0001014.png	Ансамбль Соборной площади:
0001015.png	Подготовка
0001016.png	История
0001017.png	баккара
0001018.png	См. также
0001019.png	См. также
0001020.png	112 поселений
0001021.png	Витте, аллея
0001022.png	Водный, воздушный и трубопроводный транспорт
0001023.png	Общение людей
0001024.png	Дитетрагональная моноклинная:
0001025.png	Дьяки
0001026.png	Биография
0001027.png	Чемпионат Франции (Лига 2)
0001028.png	Портал Бершадського району сайт Бершадь
0001029.png	Персоналии:Иваново
0001030.png	Карлсон, Честер - Энциклопедия "Вокруг света"
0001031.png	Климат
0001032.png	Районные центры Татарстана
0001033.png	Биография
0001034.png	См. также
0001035.png	Древние города Узбекистана
0001036.png	Помпеева колонна
0001037.png	Озёра Улаганского района
0001038.png	В игровом кино
0001039.png	Бейджент М., Ли Р. Цепные псы церкви. Инквизиция на службе Ватикана
0001040.png	Партнёры
0001041.png	меньше затрат на управление,
0001042.png	Анания из Дамаска исцеляет Савла ()
0001043.png	Диагностика
0001044.png	Стандарты управления приборами
0001045.png	Фабрика театральных принадлежностей СТД РФ;
0001046.png	Литература
0001047.png	В городе проходят многочисленные фестивали, в том числе
0001048.png	Обратная функция:
0001049.png	«Утопия»
0001050.png	Стихи Ахматовой переведены на многие языки мира.
0001051.png	Диаграммы Фейнмана
0001052.png	Значение исследований Антарктики
0001053.png	Когда боги бежали в Египет, Гефест превратился в быка.
0001054.png	Измерение и состояние
0001055.png	География
0001056.png	Майкл Шейбон «Приключения Кавалера и Клея»
0001057.png	Аврелия Котта, мать Гая Юлия Цезаря;
0001058.png	Литература
0001059.png	Почётные граждане Удмуртской Республики
0001060.png	Викентий Леринский пишет свои «Памятные записки».
0001061.png	Леонардо Фавио (ум. 2012), аргентинский певец, актёр и кинорежиссёр.
0001062.png	Другие виды применения презервативов:
0001063.png	Ромола Гарай, британская киноактриса.
0001064.png	Кэтрин Белл, американская телевизионная актриса и продюсер.
0001065.png	Отношения с Россией
0001066.png	Родившиеся в 1340 году
0001067.png	История
0001068.png	Им была подготовлена следующая таблица:
0001069.png	История
0001070.png	Питерхаус (), 1284
0001071.png	Список государственных и национальных гимнов
0001072.png	Травма в Ташкенте
0001073.png	Шлокам и мангалам
0001074.png	Пчеловоды
0001075.png	Выборы Президента России
0001076.png	Виндикационный иск
0001077.png	Личная жизнь
0001078.png	Карбамидоформальдегидный концентрат
0001079.png	Восстановление амальгамами алюминия, цинка или магния.
0001080.png	Преподаватели Московской горной академии
0001081.png	26 сентября
0001082.png	Монумент «Добро побеждает Зло» перед зданием ООН в Нью-Йорке
0001083.png	Летняя улица
0001084.png	География и геология
0001085.png	Птицекомбинат. Упоминается в 1947 году
0001086.png	Художественная литература
0001087.png	Первая радиовещательная станция начала своё вещание 25 октября 1926 года.
0001088.png	Марзубан (Мусафирид) занял Азербайджан, но от Ширвана был отражён.
0001089.png	К общей теории удара (324).
0001090.png	Где учиться?
0001091.png	Экономика
0001092.png	Примечания
0001093.png	Состав команды
0001094.png	Влияние на культуру
0001095.png	Шотландские войска берут штурмом Роксборо и Стерлинг.
0001096.png	Электренай, Литва
0001097.png	Свободные лицензии
0001098.png	В следующий раз кольца дыма наблюдались в 2000 году и 2013 году.
0001099.png	В городе пять действующих кинотеатров:
0001100.png	Яков Свердлов
0001101.png	Гидросфера Земли
0001102.png	Городища Ленинградской области
0001103.png	«Век джаза».
0001104.png	орден Св. Анны 1-й ст. (1914)
0001105.png	Деррик Роуз, американский баскетболист.
0001106.png	Ретротроника
0001107.png	Статьи и публикации
0001108.png	Музеи
0001109.png	Браузерные онлайн-стратегии
0001110.png	Примечания
0001111.png	Джуно
0001112.png	Научная деятельность
0001113.png	Игроки ФК «Интернационале»
0001114.png	Горняцкий филиал Рубцовского машиностроительного техникума.
0001115.png	Предыстория конфликта
0001116.png	Примечания
0001117.png	ти няма да искаш, търсиш, четеш
0001118.png	Огненные часы
0001119.png	Редакторы по алфавиту
0001120.png	Свинобразы
0001121.png	Медицинская диагностика
0001122.png	Биография
0001123.png	Гидроним
0001124.png	Замедление времени при движении
0001125.png	Колесо Года
0001126.png	266 км: Протовка (пр)
0001127.png	«Семь граней Великой степи»
0001128.png	Примечания
0001129.png	Памятники архитектуры регионального значения в Волгоградской области
0001130.png	Низвержение династии Хоу-Тан (шато) китайцами. Основание империи Хоу-Цзинь.
0001131.png	«30 лет Советской Армии и Флота»
0001132.png	История
0001133.png	сотник;
0001134.png	В структуре религии выделяют следующие компоненты:
0001135.png	Культура
0001136.png	Скончались
0001137.png	Генерал-полковники (Российская Федерация)
0001138.png	Происхождение
0001139.png	Примечания
0001140.png	10 ноября, 12 ноября, 13 ноября, 17 ноября, 24 ноября, 25 ноября
0001141.png	Улица Даниила Галицкого
0001142.png	В зависимости от даты погашения различают:
0001143.png	Растениями и бактериями лизин синтезируется из аспартата.
0001144.png	5 серия
0001145.png	Октановое число;
0001146.png	Официальная классификация ЦБР
0001147.png	«Искушение Янсона»
0001148.png	Парковый
0001149.png	Крайние населённые пункты:
0001150.png	Коллекция
0001151.png	Члены Прусской академии искусств
0001152.png	Восстановлены дипломатические отношения между Албанией и ФРГ.
0001153.png	Блайтские фигуры;
0001154.png	Изотопы и их применение
0001155.png	Умер  года в Киеве. Похоронен в Малоархангельском уезде Орловской губернии.
0001156.png	Географическое положение
0001157.png	Великобритания объявила войну Румынии и Венгрии.
0001158.png	Три рода, которые делятся на 5 склонений:
0001159.png	Похороненные на 1-м городском кладбище Харькова
0001160.png	Примечания
0001161.png	Ланкастеры
0001162.png	Кировский парк (на пересечении улиц Кирова, Мира и Лазо);
0001163.png	Хронология легализации
0001164.png	Шифрование
0001165.png	Фридрихсхайн-Кройцберг (Германия)
0001166.png	Увековечение памяти Маяковского. Письма Сталину
0001167.png	История и этимология
0001168.png	Правовой статус
0001169.png	детский лагерь «Альбатрос»
0001170.png	Ссылки
0001171.png	Шейбани-хан имел также близкие связи с суфийскими шейхами ордена Кубравия.
0001172.png	Тайны древности. Варвары. Часть 3. Гунны (США; 2003).
0001173.png	Примечания
0001174.png	Примечания
0001175.png	Ссылки
0001176.png	борьба с терроризмом;
0001177.png	Примечания
0001178.png	Биография
0001179.png	Александровский сад
0001180.png	Принцип
0001181.png	Малый Силим (пр)
0001182.png	После выборов в Государственную Думу
0001183.png	Дом Колиньи
0001184.png	Некоторые виды объёмных насосов:
0001185.png	Этимология и топонимия
0001186.png	Родионов, Евгений Николаевич (02.05.1996, 273)
0001187.png	Религиозная космология
0001188.png	Числа вида :
0001189.png	Влюбленные (1920)
0001190.png	максимальным давлением,
0001191.png	Примечания
0001192.png	Веб-программирование
0001193.png	Почётные доктора Дипакадемии МИД РФ
0001194.png	В. Кондратьев. Испытанное постоянство
0001195.png	Транспорт
0001196.png	Внебрачная связь: Икенаи. Дети:
0001197.png	Ссылки
0001198.png	География
0001199.png	1374 год на Руси в иллюстрациях Лицевого летописного свода
0001200.png	История
0001201.png	См. также
0001202.png	Новокузьминская 12-я улица
0001203.png	История возникновения
0001204.png	Орден Святого Владимира 3-й ст. (1848)
0001205.png	Сравнение
0001206.png	Энхелии
0001207.png	Редукционизм
0001208.png	Вклад в сборную
0001209.png	Герб и флаг Мариинско-Посадского района
0001210.png	Ссылки
0001211.png	Компании, подвергнутые санкциям в связи с вторжением России на Украину
0001212.png	Югры разгромили новгородцев.
0001213.png	Редактор-администратор сайта УФН и редактор-библиограф
0001214.png	Справочник расписаний общественного транспорта г. Искитим
0001215.png	Коды и номера
0001216.png	Первые коммунистические субботники
0001217.png	История
0001218.png	память благоверного князя Глеба Владимирского;
0001219.png	Культура
0001220.png	Свойства сохранения порядка
0001221.png	События
0001222.png	Очарованный странник (1873)
0001223.png	Журналы России по алфавиту
0001224.png	Место, где располагался дом, в котором жил А. П. Чехов в 1883-1884 гг.;
0001225.png	История
0001226.png	Узбекистан заявляет о выходе из ГУУАМ.
0001227.png	Александр Лукашенко переизбран президентом Белоруссии на второй срок.
0001228.png	Скончались
0001229.png	Целлюлозно-бумажная промышленность: картонная фабрика
0001230.png	Члены Палаты представителей от штата Айова
0001231.png	Другие театры
0001232.png	Население
0001233.png	Группы прогрессивного рока из Великобритании
0001234.png	Появились в 1788 году
0001235.png	Министры иностранных дел Египта
0001236.png	Получившие политическое убежище в СССР
0001237.png	Водоподготовка
0001238.png	Одри Местре (погибла в 2002), французская рекордсменка-фридайвер.
0001239.png	Генерал-фельдмаршал (26.08.1856)
0001240.png	Интервью, комментарии, беседы
0001241.png	Рауль, виконт де Шаньи
0001242.png	Галльские войны
0001243.png	Климатология
0001244.png	Путешествия
0001245.png	Музыкальные субкультуры
0001246.png	С другой стороны, К. Рокоссовский писал:
0001247.png	Вице-премьер-министры Украины
0001248.png	Литература
0001249.png	Периодические издания для радиолюбителей
0001250.png	Литература
0001251.png	Прямая Ньютона для трапеции совпадает с её средней линией.
0001252.png	Магия
0001253.png	Пари Паскаля
0001254.png	эконом-класс;
0001255.png	Болезнь и кончина
0001256.png	Офицеры ордена Почётного легиона
0001257.png	См. также: :Категория:Родившиеся 20 апреля.
0001258.png	Принцип действия
0001259.png	Города Пермского края
0001260.png	Артема Весёлого и Виктора Багрова расстреляли.
0001261.png	Химическая промышленность
0001262.png	Умершие в Мерсбурге
0001263.png	Песня жаворонка: к 100-летию со дня рождения Семена Бабаевского
0001264.png	Научные достижения
0001265.png	(пустая строка)
0001266.png	промысловые (рыболовные),
0001267.png	Похороненные во Владикавказе
0001268.png	Анимационные экранизации
0001269.png	Источники нот на тексты, связанные с Иоасафом Белгородским
0001270.png	Работают 2 рынка.
0001271.png	12 ноября
0001272.png	Теория Редже в квантовой механике
0001273.png	Исторические периоды возникновения науки эвристики
0001274.png	Лингвисты Германии
0001275.png	охрана здоровья и окружающей среды;
0001276.png	Биография
0001277.png	Музеи Московской области
0001278.png	Примечания
0001279.png	Должности
0001280.png	Скончались
0001281.png	Стороны многоугольника называются смежными, если они прилегают к одной вершине.
0001282.png	производителей
0001283.png	Свитки Мёртвого моря
0001284.png	Эфиопская литература
0001285.png	Хронический недосып.
0001286.png	Медицинское училище
0001287.png	Комментарии Скржинской Е. Ч. к «Гетике» Иордана.
0001288.png	Диалог об ораторах
0001289.png	Родились
0001290.png	По скорости копирования:
0001291.png	Переправа русской армии через Ворсклу
0001292.png	История
0001293.png	Литература
0001294.png	Рисование онлайн (рисовалки, профессиональные растровые и векторные редакторы)
0001295.png	Известные представители
0001296.png	Греческий алфавит
0001297.png	См. также
0001298.png	Заслуженная артистка РСФСР (1954)
0001299.png	Переименованные населённые пункты России
0001300.png	Здравоохранение
0001301.png	Литература
0001302.png	Государственные деятели Российской империи
0001303.png	Виды войн
0001304.png	На паперти жизни слова.
0001305.png	Лауреаты премии имени Дэнни Хайнемана
0001306.png	Филимонов день. Фирс.
0001307.png	«Ну, погоди! (выпуск 3)» (1971)
0001308.png	Альфред Уайтхед (ум. 1947), английский математик, философ и логик.
0001309.png	Характеристика
0001310.png	Литература
0001311.png	Литература
0001312.png	Сплавлением парафина с серой.
0001313.png	См. также
0001314.png	Самарская область
0001315.png	Диагностические критерии сложных абсансов:
0001316.png	Скончались
0001317.png	Наследие
0001318.png	Мир (отсутствие войны)
0001319.png	Миграция ионов
0001320.png	Северная улица (деревня Ерино)
0001321.png	: Орден Освободителя Сан-Мартина
0001322.png	Применение газовых гидратов
0001323.png	Причины
0001324.png	Татуировки Енисейских кыргызов
0001325.png	Эффект «Пионера»
0001326.png	В пределах Садового кольца по правому берегу Яузы:
0001327.png	Почётный член немецкой академии в Галле (1886)
0001328.png	Телекомпания «Рубин-ТВ»
0001329.png	Примечания
0001330.png	Заболевания глаз
0001331.png	Вотум недоверия
0001332.png	Символы государства
0001333.png	Семья
0001334.png	Воздушное судно
0001335.png	Цветная фотография
0001336.png	Дом культуры «Авиатор»,
0001337.png	Александр Розенбаум - Это было хорошее время
0001338.png	Исторические государства Нижних Земель
0001339.png	локальную войну с применением обычного оружия.
0001340.png	Вопрос о престолонаследии
0001341.png	Имя Геннадия Невельского носит международный аэропорт Хабаровска.
0001342.png	Пример:
0001343.png	Получение и производство
0001344.png	Образ женщины в искусстве
0001345.png	Родились
0001346.png	«Радиевый проект»
0001347.png	Литература
0001348.png	В дальнейшем используется представление заданного кватерниона  в виде
0001349.png	Политическая каторга
0001350.png	Наука
0001351.png	Классификация вещей (предметов материального мира):
0001352.png	История
0001353.png	Численность и размещение
0001354.png	Китай
0001355.png	Дом культуры «Подмосковье»
0001356.png	Участники советского атомного проекта
0001357.png	Промышленность Новосибирской области
0001358.png	См. также: :Категория:Родившиеся в 828 году
0001359.png	Физиология
0001360.png	В поисках Города Богов. Том 3. В объятиях Шамбалы. (2002) 528 стр.
0001361.png	Микрорайоны
0001362.png	Нарин
0001363.png	Выступал за передачу власти производителю:
0001364.png	Бассейн реки Или В. М. Синицын в Центральную Азию не включал.
0001365.png	Перевод названия на русский язык
0001366.png	2) операционные;
0001367.png	Примечания
0001368.png	дистрибутивность относительно сложения:  и
0001369.png	безопасность движения
0001370.png	ФОК «Юбилейный» (пос. Юбилейный, Волжский район)
0001371.png	См. также
0001372.png	степень оседания снежных масс,
0001373.png	Звёзды джаза. Колтрейн Джон
0001374.png	Ссылки
0001375.png	Примечания
0001376.png	Война индейцев с английскими колонистами в Мериленде.
0001377.png	См. также
0001378.png	Наследие
0001379.png	Защитников Неба, площадь
0001380.png	Различия речи москвичей и петербуржцев
0001381.png	Архитектура и достопримечательности
0001382.png	расти бы мне из двух корней,
0001383.png	Реперфузионная терапия
0001384.png	Примечания
0001385.png	История
0001386.png	Экономика
0001387.png	Анатомия
0001388.png	Иероглифика
0001389.png	14 января
0001390.png	Физические свойства
0001391.png	Шведский орден Серафимов (12.07.1897);
0001392.png	«Колымские рассказы»
0001393.png	Масоны Шотландии
0001394.png	Основание и первые сезоны «Торпедо-ЗИЛ»
0001395.png	Эрвин Нгапет, французский волейболист, олимпийский чемпион (2020).
0001396.png	Путепроводы Москвы
0001397.png	Свойства решений задачи потребителя
0001398.png	представить к присвоению звания Героя Социалистического Труда;
0001399.png	Тоннельный переход под Татарским проливом
0001400.png	18-й год по эре правления луского князя Вэнь-гуна.
0001401.png	Беременность и лактация
0001402.png	История
0001403.png	Награды
0001404.png	улица Красина
0001405.png	Информатор (фильм, 1997)
0001406.png	Низшая мифология
0001407.png	Катастрофа Ту-104 под Триполи.
0001408.png	События
0001409.png	Учреждение образования «Мозырский государственный областной лицей»
0001410.png	Старый Аксай
0001411.png	Отношение общества к гомосексуальности
0001412.png	Водные растворы щелочей изменяют окраску индикаторов.
0001413.png	Иностранные члены Французской академии наук
0001414.png	Наблюдение
0001415.png	В литературе и идеологии
0001416.png	Керманшах
0001417.png	Дом Пойнцев (позже бароны Пойнц)
0001418.png	Близкие единицы
0001419.png	Гердт, Александр Александрович (12.03.2000, 556)
0001420.png	Строгинский бульвар
0001421.png	Спорт
0001422.png	Общие замечания
0001423.png	Родились
0001424.png	Основные положения неоклассического реализма:
0001425.png	Евангелие от Луки
0001426.png	Страница Лоис МакМастер Буджолд на Лавке Миров
0001427.png	Химические свойства
0001428.png	Песня «Сегодня голос Отцовский»  в обработке Комитаса.
0001429.png	Выпускники Гейдельбергского университета
0001430.png	Литература
0001431.png	Ряд предприятий, занятые в промышленности строительных материалов республики:
0001432.png	ГОСТ 9078-84 «Поддоны плоские. Общие технические условия».
0001433.png	Подводные лодки проекта 685 «Плавник»
0001434.png	Населённые пункты Кармакшинского района
0001435.png	Орден Льва и Солнца 2-й степени (1901)
0001436.png	Танго-вальс
0001437.png	Режим
0001438.png	Иоанн Дамаскин
0001439.png	Ссылки
0001440.png	Класс
0001441.png	О. Дубова. Проза. Солдаты России
0001442.png	Семья
0001443.png	Литература
0001444.png	Синяя
0001445.png	Инициативная улица (Москва) (район Некрасовка)
0001446.png	Николаев, Александр Анатольевич
0001447.png	Николай Рыбников (р. 1930), актёр, народный артист РСФСР.
0001448.png	История
0001449.png	Публицисты Российской империи
0001450.png	Экология
0001451.png	Города Саудовской Аравии
0001452.png	Микроавтобусы
0001453.png	Глухарь
0001454.png	Статистики Венгрии
0001455.png	Исследователи Тихого океана
0001456.png	МойОфис
0001457.png	Структура (службы и услуги)
0001458.png	Апрель
0001459.png	812 км: Бамбуйка
0001460.png	Кривые
0001461.png	Авдеевский коксохимический завод
0001462.png	Тоника (Т), её наличие или отсутствие.
0001463.png	Ссылки
0001464.png	29 августа
0001465.png	Существует несколько классификаций кариеса его стадиям и формам.
0001466.png	Ганза
0001467.png	Почётные граждане Нижнего Новгорода
0001468.png	Нарушения гигиены сна. Инструктаж по гигиене сна.
0001469.png	Вторжение двух болгарских ханов в Византию.
0001470.png	7 декабря
0001471.png	Население
0001472.png	Тенденции микрофинансового рынка 2018
0001473.png	Музыкальные коллективы Уфы
0001474.png	Ромодановский район
0001475.png	Основание Жигулёвского пивоваренного завода.
0001476.png	Родившиеся в Медвенском районе
0001477.png	Античная философия
0001478.png	Особенности измерения роста в вершках
0001479.png	Языки
0001480.png	Русские писатели по алфавиту
0001481.png	17 человек погибли, когда военный самолёт Ан-2 разбивается возле Пскова.
0001482.png	Царь-танк
0001483.png	Марк Алмонд, английский певец и музыкант.
0001484.png	Лабораторные мыши
0001485.png	Примечания
0001486.png	диапазонное секционирование со списочным подсекционированием ().
0001487.png	Доисторический период
0001488.png	Львиный каскад
0001489.png	Галлы встают у Аниенского моста. Подвиг Тита Манлия Торквата.
0001490.png	Самолёт Ан-2. Инструкция по эксплуатации, 2 изд., Оборонгиз, 1959, 178 с.
0001491.png	Рак шейки матки
0001492.png	Архитекторы Болоньи
0001493.png	Транспорт
0001494.png	Технократия
0001495.png	Персоналии:Карпатская Сечь
0001496.png	Следствие свёртки Вандермонда:
0001497.png	Примечания
0001498.png	Специалисты по уголовно-процессуальному праву
0001499.png	Языки программирования для образования
0001500.png	Потухшие вулканы
0001501.png	1174 год
0001502.png	Фторорганические соединения
0001503.png	Газеты
0001504.png	меланотропин- рилизинг-гормон ( меланолиберин)
0001505.png	Судоходство
0001506.png	Спортивные клубы
0001507.png	память святителя Феодора, епископа Ростовского и Суздальского (1023);
0001508.png	Существует также барионная антиматерия, или антивещество.
0001509.png	Собаки
0001510.png	Статья 1 Всеобщей декларации прав человека:
0001511.png	Соборная гора с Успенским кафедральным собором
0001512.png	История
0001513.png	Шри-Ланка
0001514.png	Плавный регулятор громкости;
0001515.png	Переводчики прозы и драматургии на русский язык
0001516.png	Абхазские негры
0001517.png	Связь с электропроводностью
0001518.png	История Смоленской области
0001519.png	Радиолюбительские конструкторы
0001520.png	Пришли
0001521.png	См. также
0001522.png	Базы данных в Интернете
0001523.png	Перезахороненные
0001524.png	Изменения рейтинга
0001525.png	Достопримечательности
0001526.png	Скончались
0001527.png	Многоуровневый маркетинг
0001528.png	Сортировка всего массива может быть выполнена с помощью выполнения .
0001529.png	Анатолий Демьяненко, советский и украинский футболист и футбольный тренер.
0001530.png	Никотин. Снижение концентрации антипсихотиков в плазме.
0001531.png	Умершие от гриппа
0001532.png	Промотор (катализ)
0001533.png	Со стороны украинских деятелей
0001534.png	Роман получил премию «Чаша Бастиона», 2 место, 2009
0001535.png	Геронтология изучает процессы старения живых организмов, в том числе и человека.
0001536.png	Музей «Битараплык»
0001537.png	Предыстория возникновения чина коллежского советника
0001538.png	Квазигеоид
0001539.png	Оливье Пэ и Эрик Ремакль: Политика ООН и СБСЕ в Закавказье
0001540.png	Малоземельская тундра
0001541.png	Церковь Рождества Пресвятой Богородицы (Завалье 1-е)
0001542.png	Ссылки
0001543.png	Озёра Чувашии
0001544.png	Иван (1940), проживает в Санкт-Петербурге.
0001545.png	широкие скулы;
0001546.png	мотороллер
0001547.png	Электросталь, Россия
0001548.png	Рыжков, Владимир Александрович
0001549.png	орден «Буюк хизматлари учун» (2002, посмертно)
0001550.png	Спидвей-клуб «Полония Быдгощ».
0001551.png	Полковники (Российская Федерация)
0001552.png	Генерал-лейтенанты (Великобритания)
0001553.png	Персоналии по алфавиту
0001554.png	Депутаты Верховного Совета СССР 7-го созыва
0001555.png	Колемин Алексей Герасимович - стряпчий (1681), стольник (1692).
0001556.png	«Тимур и его команда» (1940),
0001557.png	Материалы для изучающих шведский язык
0001558.png	Краков (), Польша
0001559.png	Вымышленные социопаты
0001560.png	Физико-географическая характеристика
0001561.png	Примечания
0001562.png	Фотонные кристаллы. Свойства. Применение. Численные методы расчёта.
0001563.png	Снежный богатырь (детская опера; 1905)
0001564.png	Французская революция
0001565.png	См. также
0001566.png	«Устройство в парашюте для регулирования скорости спуска»
0001567.png	Небесный Иерусалим
0001568.png	Интернетчикам разрешили редактировать Британнику
0001569.png	лучший фильм на иностранном языке (номинация);
0001570.png	Органы власти
0001571.png	Биография
0001572.png	Другие типы киборгов
0001573.png	нормальные пространства являются также и вполне регулярными;
0001574.png	Источники
0001575.png	История
0001576.png	Микрополигон
0001577.png	Завершение покорения турками Боснии (кроме округа Яйце).
0001578.png	Из этих правил умножения следуют коммутационные соотношения
0001579.png	Раздел сайта УВКБ ООН по безгражданству
0001580.png	Награждён орденом Красной Звезды и медалями.
0001581.png	Примечания
0001582.png	Легенды, связанные с именем Гермеса Трисмегиста, принимали различные формы.
0001583.png	Кузбасский эмульсионный завод
0001584.png	Маньчжурская кухня
0001585.png	См. также
0001586.png	Боги по алфавиту
0001587.png	Тарутинский манёвр
0001588.png	Притоки
0001589.png	Росва (жилой район города близ Индустриального парка «Росва»)
0001590.png	Острекин, Михаил Емельянович (деревня Козловка)
0001591.png	Франк о всеединстве
0001592.png	Оперативно-разыскное управление (ОРУ)
0001593.png	Диброспидия хлорид (противоопухолевое средство, алкилирующее соединение)
0001594.png	Руководители НСДАП
0001595.png	Ян, Давид Евгеньевич, ФОПФ (1992)
0001596.png	Родились
0001597.png	Скончались
0001598.png	высшей алгебры
0001599.png	Примечания
0001600.png	Виктор Гилленберг («Голубь сидел на ветке, размышляя о бытии»,  Швеция, 2014).
0001601.png	Памятник обезьянам
0001602.png	Галерея
0001603.png	Обман
0001604.png	Лауреаты премии «Оскар» за лучшую режиссуру
0001605.png	гистограммы которого нужно построить.
0001606.png	Отставка левого министра Минамото Канэакира.
0001607.png	Европейская федерация журналистов
0001608.png	сонголо-сартульский
0001609.png	Я купил килограмм апельсинов в том магазинчике.
0001610.png	См. также
0001611.png	Сайт районной администрации
0001612.png	горизонтальной кабельной подсистемы.
0001613.png	Центральный дворец культуры железнодорожников
0001614.png	Идеологии Российской империи
0001615.png	Компьютерные вирусы
0001616.png	Ссылки
0001617.png	Печать на нетрадиционных материалах. Работают даже на плохой бумаге.
0001618.png	Музей-мастерская Петра Малкова.
0001619.png	Их иногда называют окружностями Содди.
0001620.png	Сжиженный газ
0001621.png	Эрик Яхимович
0001622.png	Ссылки
0001623.png	В своей речи «» он говорил, что желал лишь исполнить божественную волю.
0001624.png	Кафедра физической культуры и спорта (ФК)
0001625.png	Гимназия имени Уланда ()
0001626.png	Литература
0001627.png	Переменный вакуум
0001628.png	Примечания
0001629.png	Использование в декоративном садоводстве
0001630.png	Сокол
0001631.png	Родились
0001632.png	Часовня Святого Александра Невского;
0001633.png	Начальник Генерального штаба:
0001634.png	Стих в новейшем стихосложении
0001635.png	Индии;
0001636.png	Литература
0001637.png	Сехор
0001638.png	Бахтины, дворяне
0001639.png	То Оттокар, он, из пелён не встав,
0001640.png	Серии ядерных реакторов СССР
0001641.png	Экономический потенциал города составляют:
0001642.png	Бюджетное ограничение
0001643.png	Администрация города Мценска
0001644.png	Хасидская каббала
0001645.png	Иван Иванович Искра
0001646.png	Семья
0001647.png	Примечания
0001648.png	Из книги «Стратегический менеджмент на примере Азиатско-Тихоокеанского региона»:
0001649.png	Дома культуры
0001650.png	Центр паллиативной медицинской помощи
0001651.png	Судан
0001652.png	Поддержка культуры и спорта
0001653.png	Участники Инкерманского сражения
0001654.png	Наджафов, Гасан Раджаб оглы (27.06.2000, 664)
0001655.png	Выборы и созывы
0001656.png	Переходный период
0001657.png	Примечания
0001658.png	Родился а в Санкт-Петербурге в семье железнодорожного служащего.
0001659.png	Принято выделять следующие виды резистентности:
0001660.png	Франклин Делано
0001661.png	Повести и рассказы
0001662.png	Воздействие
0001663.png	Философы России
0001664.png	Примечания
0001665.png	письмо Гермаммону и другим о гонении Деция,
0001666.png	Электронные фотовспышки
0001667.png	Игорь Ясулович, советский и российский актёр театра и кино.
0001668.png	Частота Найквиста
0001669.png	Саамы
0001670.png	Античные писатели, чьи труды дошли до нашего времени
0001671.png	Подготовка к войне в СССР
0001672.png	Учителя сикхов
0001673.png	Галерея
0001674.png	Исламофашизм
0001675.png	Иглокожие
0001676.png	Внешняя торговля
0001677.png	История университета
0001678.png	Владимир Никонов (ум. 1988), советский ономаст, литературовед и поэт.
0001679.png	Умер 6 апреля 1997 года от сердечной недостаточности.
0001680.png	Восстановление
0001681.png	Биография
0001682.png	Александр Январёв (ум. 2005), советский и российский актёр театра и кино.
0001683.png	Военные
0001684.png	1993 год в Словении
0001685.png	5 июля
0001686.png	Генетические исследования
0001687.png	16 мая
0001688.png	Молитвенный дом Протестантов
0001689.png	Сюжет
0001690.png	Культура Японии
0001691.png	Художественная
0001692.png	Внешняя политика
0001693.png	Литература
0001694.png	Железнодорожный прокат в 2016 году
0001695.png	Примечания
0001696.png	Примечания
0001697.png	Общая информация
0001698.png	Блаженный Августин Иппонский. О Символе Веры.
0001699.png	Массовые беспорядки
0001700.png	Пронская улица
0001701.png	Страница итальянской википедии
0001702.png	«Орфей и Эвридика», импроопера Юрия Касьяника по поэме Чеслава Милоша (2011)
0001703.png	Сава Чалий
0001704.png	Музеи-заповедники
0001705.png	1585 км: Чичора (пр)
0001706.png	Прочее
0001707.png	Наиболее точные современные оценки расстояния до центра галактики дают
0001708.png	Литература
0001709.png	В составе Российской империи
0001710.png	Иван Мозер
0001711.png	Культура
0001712.png	Лазерное оплавление
0001713.png	Уолтер Дарби Бэннард
0001714.png	Общая длина имени домена включая сепараторы, не более 253 символов.
0001715.png	Каталоги канона
0001716.png	Санкт-Петербург
0001717.png	Примечания
0001718.png	Почётный член Саксонской АН (ГДР).
0001719.png	язык Арта
0001720.png	Сошествие в Царство Мёртвых
0001721.png	Парижской академии наук (1856)
0001722.png	Первые секретари краевых, областных и окружных комитетов ВЛКСМ
0001723.png	Совершившие побег из мест заключения
0001724.png	Города-герои Украины
0001725.png	холангиография
0001726.png	20 апреля 1807 года произведён в подполковники.
0001727.png	Чудесные видения
0001728.png	4 июня
0001729.png	Кандидаты в президенты США (2000)
0001730.png	Обелиск от войск Пугачёва
0001731.png	Родились
0001732.png	Литература
0001733.png	Адский камень
0001734.png	Памятник М. Ф. Шмырёву
0001735.png	Орден Октябрьской революции
0001736.png	Музей письменности
0001737.png	См. также: :Категория:Родившиеся в 1519 году
0001738.png	Появились в 1986 году в Германии
0001739.png	Процентное соотношение углеводородов;
0001740.png	Фридрих Август Квенштедт (р. 1809), немецкий геолог и минералог.
0001741.png	Исаак Дойчер. Троцкий в Октябрьской революции.
0001742.png	коммутируемый доступ в Интернет,
0001743.png	«Божественная комедия» Данте
0001744.png	227 км: Каменушка
0001745.png	Значение
0001746.png	См. также
0001747.png	Ю. Словацкий. Мое завещанье. Перевод Б. Пастернака (аудио)
0001748.png	Направление
0001749.png	Казачьи дивизии имели следующий состав:
0001750.png	Культура
0001751.png	Исторические области России
0001752.png	Филологи Германии
0001753.png	Мариинский участок
0001754.png	Иоганн Себастьян
0001755.png	Алексеевское
0001756.png	Конструкторы Германии
0001757.png	Библиография на русском языке
0001758.png	Славянофильство
0001759.png	углеродистые;
0001760.png	Однако в дальнейшем
0001761.png	Сублимация (психология)
0001762.png	Сетевые сервисы
0001763.png	Среднегодовые климатические показатели Сорочинска:
0001764.png	очаговый (ограниченный) туберкулёз;
0001765.png	Гидрография
0001766.png	Транспорт
0001767.png	Актиноиды
0001768.png	Города Израиля
0001769.png	Наука и образование
0001770.png	Культура
0001771.png	См. также
0001772.png	Взлет и падение ДОДО (2017)
0001773.png	Отто Блюменталь
0001774.png	«Баба Яга против!» (1980, озвучил Гарри Бардин)
0001775.png	Население
0001776.png	Пламя заката
0001777.png	Психофармакотерапия
0001778.png	Форма выпуска: таблетки по 0,01 г (10 мг), таблетки по 0,03 г (30 мг).
0001779.png	Собиратели народных сказок
0001780.png	Хронология составления Корана
0001781.png	Примечания
0001782.png	Король Польши
0001783.png	Долгожители: фигуры, которые долго меняются, прежде чем стабилизироваться;
0001784.png	Оценки и воспоминания
0001785.png	Дипломатическая Служба Ватикана
0001786.png	ВВП на душу населения: 21,1 тыс. сом.
0001787.png	Республика (административная единица)
0001788.png	кусать (зубами); грызть
0001789.png	Населённые пункты
0001790.png	Руководство (годы)
0001791.png	Муг (село)
0001792.png	Транспорт
0001793.png	«Операция Петросян» (1991)
0001794.png	112 км: Сохна (лв)
0001795.png	Языки
0001796.png	Детский реабилитационный центр «Ласточка».
0001797.png	Литература
0001798.png	Гай Валерий Флакк, «Аргонавтика»
0001799.png	Строительство
0001800.png	Новейшая история
0001801.png	Жертвы антисемитизма
0001802.png	В математике
0001803.png	9 января Кнессет утвердил Закон о принятии репараций из Германии.
0001804.png	Примечания
0001805.png	Правильное воззрение
0001806.png	Русский народ:
0001807.png	Примечания
0001808.png	Подробная статья про строительство храмового комплекса в Баальбеке
0001809.png	обеспечение ответственности правительства и прозрачности государственной власти.
0001810.png	В «Локомотиве» при Кучуке
0001811.png	Семь чудес России
0001812.png	Архитектурный факультет
0001813.png	Отрицание и критика догмата о Троице
0001814.png	Интерфейс
0001815.png	Хронология
0001816.png	Андрей Белый
0001817.png	Первая Балканская война
0001818.png	Массовые открытые онлайн-курсы
0001819.png	Всероссийский центр изучения общественного мнения
0001820.png	Разночтения
0001821.png	Прочие
0001822.png	Примечания
0001823.png	Панчарта-бхашья Каундиньи (комментарий к Пашупата сутрам)
0001824.png	Западные страны
0001825.png	Примечания
0001826.png	История
0001827.png	Кухня
0001828.png	Ботанический сад
0001829.png	Понятия, сходные с понятием экосистемы, в смежных науках
0001830.png	Юмористы Израиля
0001831.png	Ссылки
0001832.png	Миноциклин
0001833.png	не есть сладкого на ночь;
0001834.png	Место рождения
0001835.png	Хараидзе, Кетеван Гурамовна (выдвинута партией «Яблоко»);
0001836.png	Советники Президента Украины
0001837.png	Электроника
0001838.png	Осиос-Лукас
0001839.png	Показатели деятельности
0001840.png	Название
0001841.png	Европа в каменном веке
0001842.png	барьерные рифы
0001843.png	Образование
0001844.png	См. также: :Категория:Родившиеся 7 июня
0001845.png	Умершие в Санкт-Петербурге
0001846.png	«Разные люди»
0001847.png	Известные представители
0001848.png	История
0001849.png	Праздник урожая
0001850.png	Примечания
0001851.png	См. также
0001852.png	Векторный процессор
0001853.png	Казанская (Московская) (1612);
0001854.png	Рельеф
0001855.png	Фотографии оригинала на сайте Британского Музея
0001856.png	В ролях
0001857.png	не приближать время избавления (даже молитвой).
0001858.png	Государственная символика
0001859.png	Церковь святых Петра и Павла, построена в 1778 году.
0001860.png	Центр внешкольной работы
0001861.png	Житейская запись
0001862.png	См. также: :Категория:Родившиеся в 1968 году
0001863.png	Свойства
0001864.png	Певцы и певицы оперетты
0001865.png	Примечания
0001866.png	Сетевой мост
0001867.png	Фильмография
0001868.png	Примечания
0001869.png	Программа
0001870.png	К живородящим рыбам относятся акулы, скаты и некоторые другие.
0001871.png	Открытые университеты
0001872.png	В ролях
0001873.png	Тракай
0001874.png	Обладатель Кубка Италии: 2003
0001875.png	Звонкие шумные мгновенные (пр.: , , )
0001876.png	Шесть братьев
0001877.png	Подполковник (08.11.1758)
0001878.png	Звуковое оформление
0001879.png	активацию ключевых ферментов гликолиза;
0001880.png	Академия красоты.
0001881.png	идентификатор сессии;
0001882.png	Отображение онтологий
0001883.png	Была, не была
0001884.png	Биография
0001885.png	Литературные критики по алфавиту
0001886.png	Финалист: 2000
0001887.png	Балет
0001888.png	Портал (архитектура)
0001889.png	Экранизации произведений
0001890.png	Стоимость регистрации
0001891.png	Петроградский (635 га);
0001892.png	Веданта
0001893.png	В письме к Пардизу Ньютон сформулировал «золотое правило науки»:
0001894.png	Примечания
0001895.png	Туркменистан
0001896.png	Ссылки
0001897.png	Медали Росавиакосмоса и Российского фонда культуры.
0001898.png	Геоурбанистика
0001899.png	Осенью войска князей Ци и Вэй напали на Цзинь и заняли город Цзи-пу.
0001900.png	Сиракьюс (), Нью-Йорк, США
0001901.png	Мысы Ленинского района Крыма
0001902.png	12 сыновей Измаила
0001903.png	Ссылки
0001904.png	История названий
0001905.png	Уженцев, Сергей Викторович (24.10.2000, 707)
0001906.png	Президентская библиотека Республики Беларусь
0001907.png	Открытие биржи в Антверпене.
0001908.png	Доля этнических таджиков в указанных областях:
0001909.png	18 декабря
0001910.png	Христианские праздники
0001911.png	Фильмы-боевики 1999 года
0001912.png	А. Привалов,
0001913.png	География
0001914.png	Анатомия
0001915.png	Палестинские вечера в Рязани. Рязань, 1896.
0001916.png	Пивоварова Людмила
0001917.png	См. также
0001918.png	Музеи
0001919.png	Данные водного реестра
0001920.png	Уралтяжтрубстрой
0001921.png	Спорт
0001922.png	Медицинское применение
0001923.png	центральный диалект (включая Ижевск);
0001924.png	Единичный вектор
0001925.png	Писатель и современники
0001926.png	Коронида (дочь Флегия). Убита.
0001927.png	Лягушки и Змея
0001928.png	Ирина Пегова, российская актриса театра и кино.
0001929.png	Источники
0001930.png	Всемирное наследие по алфавиту
0001931.png	Анкор, ещё анкор! (1992)
0001932.png	История
0001933.png	См. также: :Категория:Умершие в 1586 году
0001934.png	«Буран 1.02»;
0001935.png	Ранний нейросифилис
0001936.png	Гера помогала Ясону во время похода аргонавтов.
0001937.png	«Гласность в нашей стране есть. Но нас не слышат»
0001938.png	Борисов, Евгений Германович (21.02.2000, 583)
0001939.png	Литература
0001940.png	Выпускники Первой Казанской гимназии
0001941.png	В византийском праве
0001942.png	Выпускники Калифорнийского университета в Беркли
0001943.png	Террористическая деятельность
0001944.png	Лекарственное взаимодействие
0001945.png	Во имя отца (фильм, 1993)
0001946.png	Одной из вдохновляющих Марка Твена вещей был стиль заметок Джона Росса Броуна.
0001947.png	Вооружённые силы
0001948.png	Вклад науки в развитие здравоохранения региона
0001949.png	Хозяйственное значение
0001950.png	Лауреаты премии РОТОР
0001951.png	Улица Лентулова в Москве.
0001952.png	Этимология
0001953.png	Забастовка рабочих в Новочеркасске и последующий Новочеркасский расстрел (1962).
0001954.png	ория (Одиша)
0001955.png	Книги
0001956.png	Показания
0001957.png	Почётные доктора Силезского университета
0001958.png	Дети Нюкты:
0001959.png	Тунгуска (ЗРПК)
0001960.png	Индоарии и цивилизация в долине Ганга.
0001961.png	налоговые преференции для инвесторов
0001962.png	Синдром Леннокса-Гасто
0001963.png	Денежная система
0001964.png	Государственная символика
0001965.png	Изотопы
0001966.png	Примечания
0001967.png	См. также
0001968.png	19. Мытарство ересей
0001969.png	Экологическая ситуация Ялты характеризуются рядом проблем.
0001970.png	Депутаты Верховного Совета РСФСР 4-го созыва
0001971.png	Страница в базе данных ФЭБ
0001972.png	Гутаров Денис Владимирович (14.12.2022).
0001973.png	Ведущие теоретики и искусствоведы
0001974.png	Представляют собой размышления о закономерностях жизни.
0001975.png	Глобальный подоходный налог имеет гораздо большее распространение.
0001976.png	Тестировщик
0001977.png	Кислые щи (устар.)
0001978.png	Спектроскопия
0001979.png	Мимические проявления
0001980.png	Русское царство
0001981.png	Виктор Ильичёв (ум. 2010), советский актёр
0001982.png	Столицы южноамериканских государств
0001983.png	Осетинское пиво
0001984.png	Рабство
0001985.png	Литература
0001986.png	Уполномоченные президента Украины
0001987.png	Литература
0001988.png	«Крупный счёт»: 1998.
0001989.png	Оборона Севастополя
0001990.png	Медицинский университет Астана
0001991.png	то  является точкой строгого локального минимума.
0001992.png	Мультифрактал
0001993.png	Пептидные гормоны
0001994.png	наконец, просто как средство для творчества.
0001995.png	Существует три режима сжатия с потерями потоковых данных:
0001996.png	Юрий Каюров на сайте «Культура Саратова»
0001997.png	Тавриона
0001998.png	Ян Марти - А возраста у женщин нет
0001999.png	ОАО «Хадыженский машиностроительный завод»
0002000.png	Члены Общества для пособия нуждающимся студентам
0002001.png	в фильме есть хотя бы две женщины,
0002002.png	Мембранный метод
0002003.png	Ссылки
0002004.png	Гастрошунтирование
0002005.png	Предыдущие модели, снятые с производства:
0002006.png	Биография
0002007.png	Февраль 1945 года
0002008.png	Тихоокеанский флот формирует:
0002009.png	Вторая англо-афганская война
0002010.png	В сериале Секретные материалы: 7 сезон 16 серия «Химера»
0002011.png	Скончались
0002012.png	Персоналии:Гатчина
0002013.png	Майкопский филиал Современной гуманитарной академии;
0002014.png	Памятники обороны Ленинграда
0002015.png	Тогда у системы существует первый интеграл, равный
0002016.png	память преподобного Иоанна Рыльского (946);
0002017.png	исследования по когнитивной лингвистике
0002018.png	Лауреаты премии Бальцана
0002019.png	Медовый Спас. Первый Спас, Мокрый Маккавей, Маковей.
0002020.png	но туда не сможет прийти тот,
0002021.png	называется линейной комбинацией элементов  с коэффициентами .
0002022.png	Балтиморские клиперы
0002023.png	Организация по безопасности и сотрудничеству в Европе (ОБСЕ);
0002024.png	В Сут-Хольском кожууне 7 сумонов (сельских поселений):
0002025.png	Муравьиный спирт
0002026.png	Влияние на жизнедеятельность
0002027.png	Реактивная артиллерия
0002028.png	МУП «Туризм и народные промыслы»
0002029.png	Военные преступления Японии
0002030.png	Вечный двигатель. Патенты и адреса
0002031.png	Полиция
0002032.png	Профсоюзы СССР
0002033.png	Великие князья Российской империи
0002034.png	Религия
0002035.png	Диэлектрическая абсорбция
0002036.png	Семь ключевых отцов-основателей
0002037.png	олимп. 85,4. Постройка Амфиполя на Стримоне.
0002038.png	Процессор
0002039.png	История
0002040.png	Физические свойства
0002041.png	Память святителя Анатолия, Патриарха Константинопольского (458).
0002042.png	Научный город Цукуба, Япония (с октября 1983)
0002043.png	Матвей Парижский, английский хронист.
0002044.png	Лёгкая промышленность
0002045.png	Во Франции
0002046.png	Лесторид
0002047.png	Учреждения и достопримечательности
0002048.png	Г. Джемаль в трактовке Марина Леско «Предвестник абсолюта»
0002049.png	Главные шерифы Сомерсета
0002050.png	Кубок Премьер-лиги
0002051.png	честь ()
0002052.png	Предыстория
0002053.png	Бикубическая интерполяция
0002054.png	Ссылки
0002055.png	Вступление в должность
0002056.png	Винер Н. Индивидуальный и общественный гомеостазис (статья)
0002057.png	Откровение Иоанна Богослова (Апокалипсис)
0002058.png	Египетские евреи
0002059.png	Сочинения
0002060.png	Клинчатый камень
0002061.png	Мультиинструменталисты США
0002062.png	Название
0002063.png	Реализация симулятора парадокса Монти Холла на разных языках (на сайте )
0002064.png	Технология приготовления
0002065.png	Крату
0002066.png	Соревнования
0002067.png	Списки:Библия
0002068.png	Если вороны летают и кружат стаями, то быть морозу.
0002069.png	18 октября
0002070.png	исполнение: Хаясибара Мэгуми
0002071.png	Путешественники Австрии
0002072.png	, система двойного креста, британская операция во Второй мировой войне.
0002073.png	Трис-Гефирес
0002074.png	Наследник английского престола
0002075.png	Органы власти
0002076.png	Исследование Луны
0002077.png	Сельское хозяйство
0002078.png	Награды
0002079.png	Патриаршая Епитропия в Аммане
0002080.png	память праведного Иоанна Кормянского (Гашкевича) (1917);
0002081.png	Шубинский переулок
0002082.png	Гормоны
0002083.png	Общая информация
0002084.png	«Авангард» (стадион, Домодедово)
0002085.png	Савёлово (Старое и Новое)
0002086.png	Владислав Сурков на сайте «Таможенный Союз»
0002087.png	Памятник Богородице
0002088.png	Литература
0002089.png	Критика
0002090.png	Командующие воздушными армиями СССР
0002091.png	«Сарматизм» (1785)
0002092.png	Леонид Агутин, эстрадный певец, композитор, заслуженный артист России.
0002093.png	передать ему власть;
0002094.png	Литература
0002095.png	День Матфея. Матвей. Змеесос коров.
0002096.png	События
0002097.png	Литература
0002098.png	Евразия Телеком Ру
0002099.png	Министерство хаджа Саудовской Аравии
0002100.png	История Российской империи
0002101.png	Примечания
0002102.png	31 августа
0002103.png	В марте был заключён договор о принятии чукчами русского подданства.
0002104.png	Обозначения Гулда
0002105.png	Индийское дворянство
0002106.png	Детский альбом: Русская песня, Вальс, Колыбельная, Марш
0002107.png	Прочие упоминания:
0002108.png	История изучения
0002109.png	Система гласных шимозерских говоров:
0002110.png	В Африке
0002111.png	Чешский алфавит
0002112.png	1990-е годы
0002113.png	Идеологема
0002114.png	Цейленом были написаны ещё работы:
0002115.png	Внешний вид
0002116.png	Налоговый кодекс РФ. Часть вторая
0002117.png	343 км: Большая Ситьма (лв)
0002118.png	Тренер года в Украине (5): 1997, 1998, 1999, 2000, 2002
0002119.png	Алексей Козлов
0002120.png	См. также
0002121.png	Молчание ветчины (1994).
0002122.png	Родились
0002123.png	При нарушениях функции почек выведение ванкомицина замедляется.
0002124.png	галерея современного искусства «АртЪвертикаль»
0002125.png	Брахма-самхита
0002126.png	Десять заповедей иудаизма, христианства и ислама;
0002127.png	Два билета на дневной сеанс
0002128.png	Казань, Россия (2005)
0002129.png	Разрешение (компьютерная графика)
0002130.png	Примечания
0002131.png	Критика терминологии
0002132.png	Мирские последователи
0002133.png	Согдийские княжества
0002134.png	Эпидемия чумы. Смерть Гостилиана.
0002135.png	Дмитрий Колодан.
0002136.png	Разработка проекта (1990)
0002137.png	Компании, подвергнутые санкциям в связи с вторжением России на Украину
0002138.png	Государство Лос-Альтос включено в состав Гватемалы.
0002139.png	Графы Италии
0002140.png	Он («Белая овца»)
0002141.png	Официальный сайт города Дрезден
0002142.png	Шавкат Мирзиёев назначен премьер-министром Узбекистана.
0002143.png	Культура
0002144.png	Поморская торговля
0002145.png	Отрада,
0002146.png	Литература
0002147.png	Приз «За вклад в кинематограф» (2017, кинофестиваль «Золотая арка»)
0002148.png	Живые полотна Айвазовского (Видео ютуб)
0002149.png	4 октября
0002150.png	Смерть
0002151.png	Химические свойства
0002152.png	память преподобномученицы Марии Носовой, послушницы (1938);
0002153.png	Расчет лимитов в режиме реал-тайм;
0002154.png	Дагестанский федеральный исследовательский центр РАН
0002155.png	Классификация ценных бумаг
0002156.png	Культура
0002157.png	Одорико Порденоне
0002158.png	малая склонность к ликвации
0002159.png	Фирсов в кино
0002160.png	Ынджон-гуёк ()
0002161.png	В сферу услуг входят:
0002162.png	Глаголы
0002163.png	Здание казарм Ахульгинского батальона.
0002164.png	Официальный сайт администрации города
0002165.png	Сетевое оборудование
0002166.png	Международная комиссия по промыслу китов
0002167.png	Крымская медаль (Великобритания)
0002168.png	Чины членов казачьих обществ
0002169.png	Публикации в журнале «ПолИс»
0002170.png	Мингрельцы
0002171.png	Зоны растительности
0002172.png	Проблема периодизации
0002173.png	Взгляды на силы инерции
0002174.png	Ликвидация института
0002175.png	Венгерский королевич Андраш осадил Владимир-Волынский и вернул себе Галич.
0002176.png	Советское время
0002177.png	Участники Франко-прусской войны
0002178.png	Джон Феррен
0002179.png	Депутаты Верховного Совета Украинской ССР 1-го созыва
0002180.png	Публикации на русском языке
0002181.png	Родились
0002182.png	Государственные природные заповедники (в том числе биосферные);
0002183.png	Активные
0002184.png	Химические элементы
0002185.png	Игроки сборной Италии по футболу (до 21 года)
0002186.png	Биография
0002187.png	В японском языке 3 категории прилагательных:
0002188.png	испанский язык (включая креольские диалекты) (37,5)
0002189.png	Введение этой единицы приписывают Джозефу Уитворту, который в 1857 году писал:
0002190.png	Китай
0002191.png	Графическая плата и монитор
0002192.png	Учреждения и научные общества его имени
0002193.png	Август
0002194.png	Закон сохранения момента импульса (изменения момента количества движения).
0002195.png	пять памятников истории;
0002196.png	Оперетта в Москве
0002197.png	Ссылки
0002198.png	Примечания
0002199.png	Влияние и критика
0002200.png	Уравнение волны:
0002201.png	Весной луский князь встретился с княгиней Малого Ци Бо-цзи в Тао.
0002202.png	Европейские странствия 1892 года
0002203.png	Ссылки
0002204.png	Симметрия
0002205.png	Образование и наука
0002206.png	Климат
0002207.png	Психиатры Великобритании
0002208.png	Уильям Энгдаль
0002209.png	операционные системы;
0002210.png	Литература
0002211.png	Большой крест ордена Розы
0002212.png	Хадера (, ), Израиль
0002213.png	2003: Владимир Филиппович Васильев
0002214.png	Балка Поклонская
0002215.png	Литература
0002216.png	История исследования
0002217.png	Иллюстрации. Конёнков.
0002218.png	Физика
0002219.png	Минералы алюминия
0002220.png	Нормированность волновой функции
0002221.png	Административное устройство
0002222.png	Списки химических соединений
0002223.png	Литература
0002224.png	Флора и фауна
0002225.png	На «РТР» вышел первый выпуск телепередачи «Городок».
0002226.png	Лидер. Киев: Прогрессивная Социалистическая партия Украины, 2011
0002227.png	Вариантный тип
0002228.png	Гипоталамо-гипофизарная система
0002229.png	Население
0002230.png	Характеристики
0002231.png	Литература
0002232.png	Религиозные символы
0002233.png	Ссылки
0002234.png	Светлана Кайдаш-Лакшина. (роман). «Княгиня Ольга».
0002235.png	Свет (для детей)
0002236.png	Промышленность
0002237.png	Литература
0002238.png	Примечания
0002239.png	Российско-украинская война
0002240.png	Биография
0002241.png	Лазарев, Василий Григорьевич ()
0002242.png	Дравидийские
0002243.png	гуморальная теория (Гиппократ, Гален)
0002244.png	дополнительного образования.
0002245.png	ФГБНУ «Росинформагротех»
0002246.png	Государство как инвестор
0002247.png	Каляпин, Андрей Вячеславович (14.10.1999, 498)
0002248.png	С 1957 года в княжестве действует греческая православная община (120 прихожан).
0002249.png	Местное самоуправление
0002250.png	«Электроника 50АС-024»
0002251.png	1983 Чемпион Индии среди юношей до 14 лет
0002252.png	переезда на новое место жительства в другую местность;
0002253.png	переднемоторные с кабиной рядом с двигателем (ЛиАЗ-677)
0002254.png	Официальный сайт администрации города Лебедянь
0002255.png	История
0002256.png	Существование нулевого элемента: .
0002257.png	Особенности
0002258.png	Награждённые медалью Фарадея
0002259.png	Русские писатели первой волны эмиграции
0002260.png	АИ-1, АИ-2
0002261.png	Ссылки
0002262.png	Никита Симонян
0002263.png	«Я пришёл к тебе с приветом» (А. Фет)
0002264.png	Множество всех классов вычетов по модулю  обозначается  или  или .
0002265.png	Примечания
0002266.png	Франсуа Перье (ум. 2002), французский актёр театра и кино.
0002267.png	См. также
0002268.png	два ордена Ленина (23.03.1965, 22.07.1975);
0002269.png	353 км: Теча (длина 243 км) (правый)
0002270.png	Примечания
0002271.png	Осенняя сессия начинается 10 сентября и закачивается 23 декабря.
0002272.png	Топоним
0002273.png	Факультет психологии
0002274.png	Литература
0002275.png	Леса из сосны, ели и пихты с примесью берёзы, осины, липы, клёна и дуба.
0002276.png	Энциклопедия об алюминии
0002277.png	Разделы физики
0002278.png	Семья
0002279.png	Памятник экипажу клипера «Опричник»
0002280.png	Место дивизий в вооружённых силах
0002281.png	Примечания
0002282.png	Весна и осень приятно мягкие, но склонны к резким перепадам температуры.
0002283.png	Реформы Тюрго
0002284.png	Кафедра математики и методики обучения математике
0002285.png	Ссылки
0002286.png	Стиляги.
0002287.png	Мютюэлисты
0002288.png	Награды
0002289.png	Хунну одержали победу в длительной войне над юэчжи и заставили их откочевать.
0002290.png	Добавочный скелет
0002291.png	Стадион «Миллениум» (1999)
0002292.png	Белград становится столицей Сербской деспотии.
0002293.png	В 2008 году введён в Зал славы ИИХФ и в Зал хоккейной славы НХЛ в Торонто.
0002294.png	Натурфилософы
0002295.png	Биография
0002296.png	Если учитывать все делители, получим:  или
0002297.png	28 августа
0002298.png	Добавим «1» к выходной строке
0002299.png	финансовые рынки и международный финансовый центр;
0002300.png	Бэр-Лейк
0002301.png	Капоэйра в России
0002302.png	Родились
0002303.png	Примечания
0002304.png	Онтология
0002305.png	Знаки различия
0002306.png	Личная жизнь
0002307.png	Ссылки
0002308.png	Альтернативная версия
0002309.png	Необходимость применения борного регулирования;
0002310.png	Музей компьютерной истории
0002311.png	Брашов является городом-побратимом следующих городов:
0002312.png	Алфавит на основе арабского
0002313.png	Государственный завод «Электроаппарат» имени Э. Тельмана,
0002314.png	Орден Белого Орла (1892);
0002315.png	Квасное
0002316.png	Организации наблюдатели СВМДА
0002317.png	Психоневрологический диспансер (ул. Орджоникидзе, 23);
0002318.png	Приборы для исследования параметров дыхания
0002319.png	Сельское хозяйство
0002320.png	Артиллерийские орудия
0002321.png	Натуралистический психологизм
0002322.png	Устройство аппарата
0002323.png	Дядя Фёдор
0002324.png	Члены Австрийской академии наук
0002325.png	Родились
0002326.png	Учащиеся офицерских училищ имели свои собственные звания.
0002327.png	Литература
0002328.png	Литература
0002329.png	Транслёр
0002330.png	Персоналии:Киево-Печерская лавра
0002331.png	Этимология
0002332.png	Исправленные ошибки
0002333.png	Современные мифы
0002334.png	Китай
0002335.png	Запущена 24 апреля 1990 года.
0002336.png	оборудование;
0002337.png	Металлургия
0002338.png	4-й Двинский переулок
0002339.png	Карлсруйское великогерцогское политехническое училище
0002340.png	Николай Воронов
0002341.png	Куярово;
0002342.png	Население
0002343.png	Лжемученики (убитые)
0002344.png	История
0002345.png	Чемпионы Европы по лёгкой атлетике
0002346.png	Проливы Тихого океана
0002347.png	Балаковский филиал акционерного общества «Апатит»
0002348.png	Работы
0002349.png	Русские войска так и не были полностью выбиты из Семёновского до конца сражения.
0002350.png	Литература
0002351.png	Текстурированные микронеровности
0002352.png	Кошкин А. Последняя шифровка Рихарда Зорге. К 123-летию великого разведчика
0002353.png	Уход из БДТ
0002354.png	История
0002355.png	Литература
0002356.png	Подразделения специального назначения
0002357.png	Ссылки
0002358.png	Столкновения на границе.
0002359.png	День Свободы Программного обеспечения
0002360.png	Сергей Караганов, российский политолог и экономист.
0002361.png	Итоги
0002362.png	Физические законы и уравнения
0002363.png	ангелы, управляющие природными явлениями и силами, помощники Микаила среди них:
0002364.png	В этот день некогда крепостные крестьяне имели право переменить себе хозяев.
0002365.png	Представители президента России в федеральных округах
0002366.png	Ссылки
0002367.png	Основные моменты в изучении песни
0002368.png	Примечания
0002369.png	Август Цезарь, отцом божественным вскормленный, снова
0002370.png	Андерс Яррид, шведский теннисист, экс-первая ракетка мира в парном рейтинге.
0002371.png	Климат
0002372.png	О сиянии жизни
0002373.png	Выпускники Гарвардского университета
0002374.png	В России
0002375.png	Религиозные
0002376.png	Христианский Евангельский Центр «Эммануил»
0002377.png	Далеко не полный список возможных сигнальных ламп:
0002378.png	Городище Старый Термез.
0002379.png	Языки Венгрии
0002380.png	Литература
0002381.png	Ссылки
0002382.png	Система
0002383.png	Юридическое определение еврейства
0002384.png	Транспорт
0002385.png	Ссылки
0002386.png	Особняк (1900-е).
0002387.png	для представления материалов об испытаниях российских стратегических ракет;
0002388.png	Африка
0002389.png	Эвора (), Португалия
0002390.png	Крепостная артиллерия
0002391.png	Классификация
0002392.png	Пенелопа Энн Миллер, американская актриса.
0002393.png	"Понятие страха"
0002394.png	англоязычный кризис.
0002395.png	Зимой князья Лу и Ци встретились на луском берегу пограничной реки Цзи.
0002396.png	Скончались
0002397.png	Фактические руководители СССР
0002398.png	Персоналии по алфавиту
0002399.png	Оценка деятельности и личности
0002400.png	Похороненные на Монинском мемориальном кладбище
0002401.png	Преподаватели Рижского политехнического училища
0002402.png	Вооружённые силы России
0002403.png	Иллюминаты
0002404.png	Марьиной Рощи, 2-й проезд
0002405.png	Ресурсы
0002406.png	отношение строгого неравенства ();
0002407.png	Осады и упадок
0002408.png	Антикоррозионный материал
0002409.png	Мангыты
0002410.png	и Тьюки заметили, что 4 уровня недостаточно и предложили следующее деление:
0002411.png	Связь
0002412.png	Комплекс звездообразования в Цефее
0002413.png	Кафедра украинской филологии и культуры
0002414.png	Примечания
0002415.png	Сенека
0002416.png	Примечания
0002417.png	Отец - Илья Петрович Чайковский (1795-1880);
0002418.png	Левобережная сторона. На ней располагаются 4 микрорайона:
0002419.png	Легкоплавкие сплавы
0002420.png	Персоналии по алфавиту
0002421.png	Завет Лошади Заката
0002422.png	Галерея
0002423.png	Уральско-Сибирский макрорегион соответствует границам УрФО
0002424.png	Линия жизни (1980)
0002425.png	Самое время сорокам в лес улетать, а тетеревам выступать с запевками.
0002426.png	Национальные
0002427.png	Неомицин и паромомицин уменьшают абсорбцию метотрексата из ЖКТ.
0002428.png	дети:
0002429.png	Употребление
0002430.png	Родились
0002431.png	Архитектура мечети
0002432.png	Северные, или скандинавские руны
0002433.png	Примечания
0002434.png	Диалектика
0002435.png	Пьяцца Навона () с Фонтаном Четырёх рек работы Джованни Лоренцо Бернини
0002436.png	Состав войск округа в 1990-е гг
0002437.png	22 мая
0002438.png	См. также
0002439.png	Солтаны
0002440.png	Электрический трамвай
0002441.png	Заслуженные деятели искусств РСФСР
0002442.png	Попова Ляда
0002443.png	Приморский строительный колледж
0002444.png	Географические названия
0002445.png	Еленин день
0002446.png	Количество известных органических соединений
0002447.png	Автор документального 4-серийного фильма «Неизвестный Путин».
0002448.png	Наджва Нимри, испанская актриса и певица иорданского происхождения.
0002449.png	Эрата смычком, ногами
0002450.png	См. также
0002451.png	Украина
0002452.png	Персоналии по алфавиту
0002453.png	Экономия топлива
0002454.png	Семья
0002455.png	Монографии
0002456.png	Литература
0002457.png	Галерея
0002458.png	Статус популяции и охрана
0002459.png	номинальная стоимость выражена в долларах США;
0002460.png	Модули
0002461.png	20 апреля
0002462.png	В СССР город Луганск переименован в Ворошиловоград, в честь Климента Ворошилова.
0002463.png	Электробус
0002464.png	Персоналии:Владикавказ
0002465.png	Выпускники Театрального училища им. М. Щепкина
0002466.png	Общество
0002467.png	Почётные доктора университетов США
0002468.png	Население
0002469.png	Демоны в христианстве
0002470.png	Город Райсио
0002471.png	Кейт Бихан, австралийская актриса.
0002472.png	События
0002473.png	Православные имена
0002474.png	Возвращение Сципиона в Италию. Его триумф. Высадка Магона около Генуи.
0002475.png	Тюркская мифология
0002476.png	Переименованные населённые пункты России
0002477.png	Родившиеся в Париже
0002478.png	Бывшие еврейские местечки Белоруссии
0002479.png	Примечания
0002480.png	Известные учёные и преподаватели
0002481.png	Ссылки
0002482.png	Прошение.
0002483.png	Городской бюджет
0002484.png	Пророчество
0002485.png	ОАО «Луганскгормаш»
0002486.png	Шляхетские роды герба Ксежиц
0002487.png	Хозяйственное значение
0002488.png	1 августа
0002489.png	Галерея работ Мане
0002490.png	Вечный шах
0002491.png	Управляющий губернией
0002492.png	Биография
0002493.png	Почётный член Императорского Юрьевского университета (16.12.1902)
0002494.png	Артбуки
0002495.png	Апрель
0002496.png	История
0002497.png	«Звезда по имени Алиса». Телесюжет. Телестудия Роскосмоса.
0002498.png	Представители рода Кмитов
0002499.png	Русские писатели по алфавиту
0002500.png	Каринская амбулатория
0002501.png	Значение в культуре
0002502.png	Методы упорядочивания планов рабочего времени
0002503.png	актёр Сергей Мигицко
0002504.png	Переводчики по алфавиту
0002505.png	Краткий обзор
0002506.png	Спортивный тренер года: 1975
0002507.png	типы разрядов
0002508.png	установить пенсионный возраст для мужчин и женщин в 60 лет;
0002509.png	Оценка противника
0002510.png	Теорема Пригожина
0002511.png	1 танковый корпус
0002512.png	Сравнительная эффективность
0002513.png	Специалисты по римскому праву
0002514.png	Религия
0002515.png	Литература
0002516.png	Неофициальный сайт актрисы. Биография, работы в театре и кино, отзывы прессы
0002517.png	Ссылки
0002518.png	Появились в 1790 году во Франции
0002519.png	958 км: Вишера (415 км)
0002520.png	ИНВЕСТИЦИОННАЯ ПРОГРАММА ГОРОДА МИНСКА НА 2010 ГОД
0002521.png	См. также
0002522.png	Библиотеки
0002523.png	Обвинения в осведомительстве
0002524.png	Осборн-хаус
0002525.png	История
0002526.png	Группа экспертов ООН по географическим названиям
0002527.png	Датань захватил престол Жужани.
0002528.png	См. также
0002529.png	Биография
0002530.png	Учебники для технических вузов:
0002531.png	Управляемое клиентом ().
0002532.png	Магическое и гадательное значение
0002533.png	Президент США Франклин Делано Рузвельт объявил Филиппины свободным государством.
0002534.png	Википедия:Избранные статьи о космической технике
0002535.png	Рунет
0002536.png	Тревожное расстройство
0002537.png	Управление финансовой информации Святого Престола;
0002538.png	В математике и физике
0002539.png	Городок на Маяте
0002540.png	Литейно-механический комбинат
0002541.png	Семейное положение
0002542.png	Предвыборная кампания 2016 года
0002543.png	История Рустама
0002544.png	Население
0002545.png	Максимов Ю. МУСУЛЬМАНСКАЯ ЭМИГРАЦИЯ В ЕВРОПУ КАК ВЫЗОВ ХРИСТИАНСКОМУ МИРУ.
0002546.png	История искусства
0002547.png	самое злое,
0002548.png	Государственная служба и общественно-политическая деятельность
0002549.png	Известные люди на Хортице
0002550.png	Медаль Алексея Леонова (2015)
0002551.png	Большая Конюшенная улица
0002552.png	Маркузе, Г. Одномерный человек (1964).
0002553.png	Постановки в России
0002554.png	Цемесская роща
0002555.png	Синусов
0002556.png	Фортификационные сооружения
0002557.png	Притоки
0002558.png	Экономика
0002559.png	Со стороны владельцев сайтов
0002560.png	Чёрный рейхсвер
0002561.png	Смерть
0002562.png	Существует несколько проектов реакторных установок на основе реактора ВВЭР-1000:
0002563.png	Взирая на солнце, прищурь глаза свои, и ты смело разглядишь в нём пятна.
0002564.png	См. также
0002565.png	Похороненные на Донском кладбище
0002566.png	Определение
0002567.png	Некоммерческие организации России
0002568.png	Щорс:
0002569.png	Дополнительные возможности
0002570.png	Основана Харьковская крепость, (ныне город Харьков, Украина).
0002571.png	Эль Президенте на основе рома, апельсина кюрасао, вермута и гренадина.
0002572.png	Дафнис и Хлоя, 1901;
0002573.png	отдел аграрной политики ЦК КПСС
0002574.png	Итальянские поэты
0002575.png	Административно-территориальное устройство
0002576.png	Украинская ССР
0002577.png	Примечания
0002578.png	Функция полуаддитивна, если  выпукло:
0002579.png	Примечания
0002580.png	События
0002581.png	Члены Народно-демократической партии (Украина)
0002582.png	Достижения
0002583.png	Члены СНБО Украины
0002584.png	Корней Чуковский. «О Власе Дорошевиче»
0002585.png	Покровителем имени является святой Терентий Петрийский (Африканский).
0002586.png	Оригинальные (непереводные) стихотворения
0002587.png	Ссылки
0002588.png	Акафисты могут читаться также в составе молебна и некоторых других богослужений.
0002589.png	Ссылки
0002590.png	Депутаты Верховного Совета РСФСР 9-го созыва
0002591.png	Ссылки
0002592.png	Аддисон.
0002593.png	Здания и сооружения, заложенные в 1635 году
0002594.png	1970-е годы: взлёты и падения
0002595.png	Реки Лиозненского района
0002596.png	Примечания
0002597.png	Факультет математики ВШЭ
0002598.png	:Категория:Персоналии:Шатура
0002599.png	Дело Шалита
0002600.png	Примечания
0002601.png	См. также
0002602.png	По грузоподъёмности
0002603.png	Сверху амфитеатр мог быть накрыт тентом, защищавшим зрителей от солнца и дождя.
0002604.png	Слово «секта» в трудах христианских апологетов
0002605.png	Образ Бабы-яги в фольклоре
0002606.png	Динамика численности в мире
0002607.png	Населённые пункты Саратовской области
0002608.png	мост в створе Беляковского переулка (пешеходный)
0002609.png	Память
0002610.png	75 км: Теча (пр)
0002611.png	Количество преторов
0002612.png	Экраноплан «Шмель»
0002613.png	Серебряные ряды (дом 31)
0002614.png	Софина Браун, американская телевизионная актриса.
0002615.png	Географические объекты
0002616.png	События
0002617.png	Возлюбленные и потомство Аполлона
0002618.png	литые иконы;
0002619.png	Рекордсмены Книги рекордов Гиннесса
0002620.png	Берлиоз Г. Симфония «Гарольд в Италии» (1876, для фортепиано в 4 руки)
0002621.png	аларский
0002622.png	Сконское наречие
0002623.png	Примечания
0002624.png	Общая схема участия
0002625.png	Литература
0002626.png	Секция фундаментальных вопросов евангелизации в мире;
0002627.png	(или , если поменять местами оси координат).
0002628.png	Порты узлов:
0002629.png	Достижения
0002630.png	Финляндский егерский корпус
0002631.png	Калибровка векторного потенциала
0002632.png	В городе расположены следующие промышленные предприятия:
0002633.png	Бермуды
0002634.png	Закончилась Дурранийская империя
0002635.png	Религиоведение
0002636.png	Описание рода Титанопсис на сайте Кактус Киев
0002637.png	Транспорт
0002638.png	См. также
0002639.png	Йеменские евреи
0002640.png	См. также
0002641.png	Новопсков на сайте Верховной рады
0002642.png	Гейтвуд
0002643.png	Вклад в науку
0002644.png	Ссылки
0002645.png	В 2016 году в Петрозаводске появилась улица под названием Шунгитовый проезд.
0002646.png	Во времена новгородской независимости Олонец принадлежал новгородскому владыке.
0002647.png	Мифические существа в древнегреческой мифологии
0002648.png	Укрупнение регионов и упразднение автономных округов
0002649.png	Награждённые Золотой медалью Конгресса
0002650.png	Из высказываний Лао-цзы:
0002651.png	Следующие футболисты получили «Золотой мяч» ФИФА, выступая за «Реал»:
0002652.png	Умер  года. Был похоронен в селе  Харьковского уезда.
0002653.png	В Основах социальной концепции Русской православной церкви сказано:
0002654.png	Если в полдень солнце, то весна будет ранней, а лето дождливым.
0002655.png	Награды
0002656.png	Награды
0002657.png	Аналог в индийской философии
0002658.png	Геоморфологические памятники природы
0002659.png	Полевой 1-й переулок
0002660.png	1740-е годы
0002661.png	Ковёр-гидросамолёт «ВК-1»
0002662.png	мировое сообщество;
0002663.png	У Ангелы Меркель нет детей.
0002664.png	Литература
0002665.png	Монтерей (Калифорния), США
0002666.png	Хранение: список Б. В хорошо укупоренной таре.
0002667.png	Скитания по джунглям
0002668.png	Вентиляционная сеть.
0002669.png	События
0002670.png	Официальный сайт Тарьи Халонен
0002671.png	Ссылки
0002672.png	Примечания
0002673.png	Последнее слово Александра Гинзбурга на суде (12 января 1968 года)
0002674.png	Пифагорова тройка
0002675.png	В 1917 году Гарднер открывает адвокатскую контору в Мерседе, штат Калифорния.
0002676.png	Начало нескончаемой борьбы аристократов, укрепившихся в провинциях, между собой.
0002677.png	Практические попытки пройти СМП
0002678.png	Цифровая карта
0002679.png	Путь к причалу (Мосфильм, ) (эпизоды);
0002680.png	Авиация
0002681.png	История
0002682.png	Британское наследие:
0002683.png	Озёрная улица (деревня Малыгино)
0002684.png	Философская и политическая позиция
0002685.png	Пенитенциарное учреждение
0002686.png	Фильмография
0002687.png	Города Франции
0002688.png	Награждённые благодарностью Президента Российской Федерации
0002689.png	Выпускники Нижегородского технического университета
0002690.png	Андижанский завод «Тиксанти» (выпуск швейных машин),
0002691.png	См. также
0002692.png	Ведь оно свободно
0002693.png	Генераторы
0002694.png	Правила радиационной безопасности при эксплуатации атомных станций (ПРБ АС-99)
0002695.png	История
0002696.png	Национальный реестр фильмов
0002697.png	«О торговле»
0002698.png	по возрасту читателя
0002699.png	Смесь водорода с бензином
0002700.png	Кдумим ()
0002701.png	Литература
0002702.png	Минеральные добавки
0002703.png	Примечания
0002704.png	Ссылки
0002705.png	Найдём значение  в середине отрезка:
0002706.png	Реакция на критику
0002707.png	Герцоги Орлеанские
0002708.png	Медаль «60 лет Вооружённых Сил СССР»
0002709.png	Персоналии, чья дата рождения не установлена
0002710.png	Остров является одним из крупнейших офшорных центров Европы и мира.
0002711.png	Военно-морские силы
0002712.png	Ссылки
0002713.png	Изменение статуса наёмного труда
0002714.png	Новости физики в сети Интернет
0002715.png	Меотские поселения в Азове.
0002716.png	Карачаровский 1-й проезд
0002717.png	Чемпионы мира
0002718.png	Орден Богоматери Гваделупской, большой крест (Мексика)
0002719.png	Документальное кино
0002720.png	Пульсовая диагностика в современной медицине
0002721.png	Театр
0002722.png	Административное деление
0002723.png	В программу Игр вошли следующие виды спорта:
0002724.png	Литература
0002725.png	Казнённые по приказу Папской области
0002726.png	Музыкальные коллективы, появившиеся в 2000 году
0002727.png	Анна (Скандинавия)
0002728.png	Именины
0002729.png	Продукты животного происхождения
0002730.png	Физические величины, рассчитанные по теории возмущений, имеют вид ряда
0002731.png	Теорема Римана об устранимой особой точке
0002732.png	Мандельштам, Сергей Леонидович
0002733.png	Примечания
0002734.png	121-я стрелковая дивизия
0002735.png	Примечания
0002736.png	Мастер-шоу 2002
0002737.png	Дела ФАС о национальном роуминге
0002738.png	Внутрисхемный эмулятор:
0002739.png	Изобретатели Германии
0002740.png	Примечания
0002741.png	Арден Чо, американская актриса и модель.
0002742.png	Глагол
0002743.png	Сара Гилман, американская актриса театра, кино и телевидения.
0002744.png	История разработки
0002745.png	Книги 2-го тысячелетия до н. э.
0002746.png	Инфраструктура
0002747.png	Умершие 14 января
0002748.png	Действительные члены РАН
0002749.png	Транспорт
0002750.png	Глюк «Орфей»
0002751.png	звание «Почётный гражданин города Калуга»;
0002752.png	Немецкие поэты
0002753.png	Лев Гумилевский (ум. 1976), русский советский прозаик, редактор.
0002754.png	Свойства материалов
0002755.png	Критика
0002756.png	Памятник В. И. Ленину
0002757.png	бассейн левого притока реки Руднёвки Банной канавы
0002758.png	Очерк жизни и творчества
0002759.png	Список погибших космонавтов
0002760.png	Заложен храм Венеры-Прародительницы в Риме.
0002761.png	Чхунчхон, Южная Корея;
0002762.png	Критика
0002763.png	См. также
0002764.png	горнолыжные центры ОАО «ММК» «Металлург-Магнитогорск», «Абзаково»,
0002765.png	Примечания
0002766.png	Притоки Волги, впадающие в Чебоксарское водохранилище
0002767.png	Действительные статские советники
0002768.png	«Деловой Мценск»
0002769.png	Городская дума
0002770.png	Историки по алфавиту
0002771.png	Фуллерены в природе
0002772.png	Сражения 1859 года
0002773.png	Документальные фильмы
0002774.png	Философия культуры.
0002775.png	Моравия.
0002776.png	кардиналы-епископы.
0002777.png	Физика атомов и молекул
0002778.png	Персоналии по алфавиту
0002779.png	Древние Греция, Этрурия, Рим
0002780.png	Франкфурт (1990)
0002781.png	См. также
0002782.png	северокарельский диалект
0002783.png	Примечания
0002784.png	Пензенский областной драматический театр имени А. В. Луначарского;
0002785.png	Примечания
0002786.png	Чёрный перец
0002787.png	Релятивистские и гравитационные явления
0002788.png	История
0002789.png	Финансовые проблемы и сотрудничество с «Монако»
0002790.png	Исполнительная власть
0002791.png	Иностранные члены Лондонского королевского общества
0002792.png	Литература
0002793.png	Бюджет, выручка и затраты
0002794.png	Всё о Гончарове
0002795.png	Писатели Болгарии
0002796.png	Иж-К11 для мотокросса
0002797.png	Генеральные писари
0002798.png	В 1941 году издаёт работу публицистического характера «Америку стоит спасать».
0002799.png	Личная жизнь
0002800.png	Примеры
0002801.png	См. также: :Категория:Умершие 27 мая
0002802.png	Римская республика
0002803.png	Сайт Федерации международного лякросса
0002804.png	Спорт
0002805.png	1895  Будничные драмы
0002806.png	Родившиеся 23 мая
0002807.png	Города и царства Древней Палестины
0002808.png	Среднее образование
0002809.png	Притоки
0002810.png	В честь города Брно назван астероид (290) Бруна, открытый в 1890 году.
0002811.png	См. также
0002812.png	В ролях
0002813.png	Военачальники Древнего Рима
0002814.png	чеченцы;
0002815.png	Литература
0002816.png	Гужевым и вьючным транспортом.
0002817.png	ОАО «Радий» (Касли).
0002818.png	Робертом де Бомон, графом Мёлана,
0002819.png	Август
0002820.png	Другие определения
0002821.png	Организация польских монархистов
0002822.png	В 2016 году были упразднены посёлки Таимба и Усть-Камо.
0002823.png	Персоналии
0002824.png	Способы приготовления напитка
0002825.png	Родились
0002826.png	Агуу Монгол орноо удирдсан
0002827.png	Футболисты России
0002828.png	Выпускники Николаевской морской академии
0002829.png	Мои университеты (фильм) и одноимённая автобиографическая трилогия М. Горького
0002830.png	Сивиллины книги
0002831.png	«Молодость Пирогова» (1909);
0002832.png	Математические объекты
0002833.png	Официальный сайт Центра театра и кино под руководством Никиты Михалкова
0002834.png	У марихуаны много сленговых и региональных названий.
0002835.png	хромосомные нарушения.
0002836.png	Сафатия
0002837.png	Религиозные
0002838.png	9 июля
0002839.png	Развлечения и производство контента
0002840.png	См. также
0002841.png	СВ: Лозовое
0002842.png	В кино
0002843.png	Примеры
0002844.png	Разница мячей во всех матчах спорящих команд в групповом этапе.
0002845.png	«Русская Реклама»;
0002846.png	Аркалыкский рыбоконсервный завод (не работает, здание законсервировано)
0002847.png	1936-38 Воспоминанмя одного мудрого старика
0002848.png	Официальный сайт Тибетского правительства в изгнании
0002849.png	179. Савве Сербскому, свт.
0002850.png	Кран башенный.
0002851.png	Хараидзе, Кетеван Гурамовна (выдвинута партией «Яблоко»);
0002852.png	Боги охоты
0002853.png	Независимый молодёжный театр «Новая сцена-2».
0002854.png	Послы Российской империи в Тоскане
0002855.png	Источники
0002856.png	В юности Бенц увлекался фотографией и ремонтом настенных часов.
0002857.png	1982: «Невероятная история»
0002858.png	Национальный состав
0002859.png	Творчество, основные идеи
0002860.png	Сосна
0002861.png	Тур Абу Даби
0002862.png	объявление амнистии;
0002863.png	Примечания
0002864.png	Сталин, Иосиф Виссарионович
0002865.png	Известные уроженцы
0002866.png	Почётные граждане Байконура
0002867.png	Немецкий язык и литература
0002868.png	Гатхи патриархов
0002869.png	Использование
0002870.png	Галерея
0002871.png	Академия
0002872.png	Богородице-Рождественский храм (район посёлка Аблакетка)
0002873.png	Страна-председатель СБ ООН
0002874.png	Биография
0002875.png	Детство и юность
0002876.png	Церковь благодати.
0002877.png	Раздел, изучающий процессы в металлургических агрегатах.
0002878.png	Примечания
0002879.png	Графы Пащенко-Розвадовские (КГЛ)
0002880.png	Здание Физиевой библиотеки (1655).
0002881.png	Матлюба Алюмова, актриса (фильм «Цыган»).
0002882.png	Религиозные
0002883.png	Дочь Нила, её почитают в Саисе под именем Нейт.
0002884.png	пангастрит (распространённый)
0002885.png	Наиболее распространённые размеры батарей элементов питания:
0002886.png	Список стран и зависимых территорий по суммарному коэффициенту рождаемости
0002887.png	Захват португальцами Диу (Индия).
0002888.png	«Нимфы», симфоническая картина по Тургеневу (найдена в 1951)
0002889.png	Члены Политбюро ЦК КПСС
0002890.png	Примечания
0002891.png	Измерение аудитории телеканалов
0002892.png	Религиозные деятели Великобритании
0002893.png	Шахматный клуб имени Н.В. Толстогузова
0002894.png	См. также
0002895.png	Флаг представляет собой:
0002896.png	16 октября
0002897.png	Литература
0002898.png	Основание
0002899.png	Ссылки
0002900.png	Колонии
0002901.png	В различных культурах
0002902.png	Науруанский
0002903.png	Древнефризский язык
0002904.png	Ученики
0002905.png	Акции вандализма над картинами
0002906.png	мазовшане (мазуры) (в северо-восточных районах Польши);
0002907.png	7 февраля
0002908.png	Виды компьютерных модемов
0002909.png	Гидрография
0002910.png	Эрибой. Эпитет Диониса.
0002911.png	См. также
0002912.png	Юродивые
0002913.png	Часы.
0002914.png	Физические величины
0002915.png	, большой крест
0002916.png	Объектно-ориентированные особенности языка
0002917.png	, или кавказская белка
0002918.png	Похороненные в некрополе у Кремлёвской стены
0002919.png	Первое путешествие в Италию
0002920.png	Италия и Германия
0002921.png	Почётные граждане Краснодара
0002922.png	Уроженцы Кировской области
0002923.png	В литературе
0002924.png	Устав Ставропольского края
0002925.png	Уголовное преследование в РФ
0002926.png	Василий Иванович мышок - воевода в литовских походах (1535 и 1536).
0002927.png	цунами
0002928.png	Разинков, Олег Георгиевич
0002929.png	дышать
0002930.png	Промышленность
0002931.png	четверохолмие
0002932.png	Логика
0002933.png	Для синусоидального напряжения справедливо равенство:
0002934.png	Александр Дульщиков
0002935.png	Литература
0002936.png	Метеорология
0002937.png	«Волки и овцы» Островский, Александр Николаевич, постановка Кирилла Королева
0002938.png	Происхождение
0002939.png	Гигантский магнитоэлектрический эффект
0002940.png	Вторая половина 1960-х. Расцвет классического рока
0002941.png	Достижения
0002942.png	Энергетическая улица
0002943.png	История изучения
0002944.png	Племянник императора
0002945.png	Первые две цифры года: 19
0002946.png	Примечания
0002947.png	Солдатская улица
0002948.png	Кронштадтское лютеранское кладбище (г. Кронштадт, Цитадельская дорога);
0002949.png	две человеческие фигуры, мужчины и женщины, на фоне контура аппарата;
0002950.png	Сяо Шушэнь, бывшая тайваньская актриса и певица.
0002951.png	День святого Варфоломея.
0002952.png	Корпус Бенуа Русского музея
0002953.png	В других областях
0002954.png	Литература
0002955.png	Родились
0002956.png	Творчество
0002957.png	Можно выделить следующие три основных источника знаний о Древнем Египте:
0002958.png	События и мероприятия
0002959.png	Дети-актёры Великобритании
0002960.png	Литература
0002961.png	См. также
0002962.png	Герои труда:
0002963.png	Инаугурация Ющенко прошла 23 января 2005 года.
0002964.png	Тхэквондо (путь ноги и кулака)
0002965.png	среди пожилых;
0002966.png	Критика
0002967.png	Ссылки
0002968.png	Ованес Шираз (р. 1915), армянский поэт, общественный деятель.
0002969.png	Консулы Флавий Цецина Деций Василий и Флавий Вивиан.
0002970.png	Областные центры России
0002971.png	Ссылки
0002972.png	Суфизм и медитация
0002973.png	Дипломатическая Служба Ватикана
0002974.png	Топонимы в Латинской Америке, включающие фамилию
0002975.png	Личность
0002976.png	Литература
0002977.png	Выпускники Волынской духовной семинарии
0002978.png	Американские романы 1911 года
0002979.png	Культурно-историческое наследие
0002980.png	Примечания
0002981.png	Библия содержит упоминания следующих идумейских городов ():
0002982.png	Писатели Германии
0002983.png	Ссылки
0002984.png	Литература
0002985.png	Классификация трансформеров
0002986.png	6-й уланский Волынский полк;
0002987.png	Похороненные на кладбище Монпарнас
0002988.png	Горные таджики
0002989.png	Андалузит
0002990.png	Национальная электронная библиотека Республики Татарстан (НЭБ РТ)
0002991.png	Концерт-рапсодия для виолончели с оркестром (1963)
0002992.png	«В конце ноября» (1970)
0002993.png	Атомные
0002994.png	См. также
0002995.png	Научные работы
0002996.png	6 артиллерийской дивизии прорыва;
0002997.png	Формирования доходов бюджета;
0002998.png	Рыбницкий район
0002999.png	В зависимости от наличия населения выделяют обитаемые и необитаемые острова.
0003000.png	Рекомендации по уходу
0003001.png	Трое с площади Карронад. Повесть (1979)
0003002.png	Консулы Квинт Артикулей Петин и Луций Венулей Апрониан Октавий Приск.
0003003.png	См. также
0003004.png	Примечания
0003005.png	Киновоплощения
0003006.png	Память
0003007.png	Председатели совета
0003008.png	Гуманитарный педагогический университет
0003009.png	Научные институты искусственного интеллекта
0003010.png	Биография
0003011.png	Перед извлечением алкалоидов растительное сырьё тщательно измельчается.
0003012.png	Муниципальное образование граничит:
0003013.png	Сражения Австрии
0003014.png	Ладинский язык
0003015.png	Выпускники Тартуского университета
0003016.png	Сражения России
0003017.png	Директора Института лингвистических исследований РАН
0003018.png	Таким образом:
0003019.png	Названия рейтинговых категорий в номинации «Художники»
0003020.png	Нелинейные волны в плазме
0003021.png	Марк Аврелий Антонин Гелиогабал и Квинт Тиней Сацердот стали консулами.
0003022.png	Флаг и герб района
0003023.png	«Гостиная» (2014, США)
0003024.png	Представители герметизма Возрождения
0003025.png	История
0003026.png	ГОСТ 26996-86 «Полипропилен и сополимеры пропилена».
0003027.png	Выпускники Театрального института имени Бориса Щукина
0003028.png	Города-побратимы Новогрудка:
0003029.png	Блог Владимира Войновича на сайте Грани.ру
0003030.png	Похороненные на Парковом кладбище Лихтерфельде
0003031.png	Шпенглер О.: «Закат Европы» (1918).
0003032.png	Примечания
0003033.png	Молекулярная генетика
0003034.png	Ольга Ефимова, советский живописец (ум. 1994).
0003035.png	Музей художника Бориса Яковлевича Ряузова (ул. Ленина, 127)
0003036.png	Языки
0003037.png	Авторство
0003038.png	Теннисный центр имени Шамиля Тарпищева;
0003039.png	Множество пар натуральных чисел .
0003040.png	Памятник погибшим воинам-балтийцам (Краснофлотская ул.)
0003041.png	Персоналии
0003042.png	Если не была: проигрывает та команда, в которой не осталось живых игроков.
0003043.png	Народы, говорящие на изолированных языках
0003044.png	См. также: :Категория:Родившиеся в 1838 году
0003045.png	Теория колебаний
0003046.png	Виды Мелильи с возвышенности в 1893 году
0003047.png	Для тяжёлого углерода доступны следующие реакции:
0003048.png	Собор Св. Николая (1795)
0003049.png	Концепция
0003050.png	Википедия:Биографии современников
0003051.png	Гарм в современном искусстве
0003052.png	Война Чёрного Ястреба
0003053.png	Новгородские посадники
0003054.png	Примечания
0003055.png	В преданиях, литературе и искусстве
0003056.png	Школа-интернат (открыта в 1959 г).
0003057.png	Английский период: Верхняя и Нижняя Канада
0003058.png	1. Изгибающий момент
0003059.png	Прилистники могут быть:
0003060.png	Нарышкин бастион
0003061.png	В честь Диккенса назван кратер на Меркурии.
0003062.png	Павел Рассомахин («Собор»,  Россия, 2021).
0003063.png	ОАО «Лысогорская птицефабрика»;
0003064.png	Погода и климат:
0003065.png	ВНИИ Коневодства в посёлке Дивово
0003066.png	(при нагревании)
0003067.png	Населённые пункты
0003068.png	Ингибиторы моноаминоксидазы
0003069.png	Ряд сочинений в оригинале и английском переводе
0003070.png	Епископы Афинские
0003071.png	Примечания
0003072.png	«Электроника для собак»
0003073.png	Ссылки
0003074.png	См. также:  (нем.)
0003075.png	История
0003076.png	Атаки канального уровня
0003077.png	Рекорды
0003078.png	и другие.
0003079.png	Недостатки сетей шинной топологии:
0003080.png	УЗИ мочевого тракта
0003081.png	В 2016 году город принял Чемпионат мира по хоккею с мячом.
0003082.png	Принципиальные соперники
0003083.png	Город являлся административным центром Ходжентского уезда Самаркандской области.
0003084.png	Биография
0003085.png	Мемуаристы Российской империи
0003086.png	Официальный сайт организации
0003087.png	Первый коридор
0003088.png	Нуклеиновые кислоты
0003089.png	Бронзовые призёры летних Олимпийских игр 1980 года
0003090.png	Китай
0003091.png	функциональное назначение частей,
0003092.png	Опоздали на Конклав:
0003093.png	Инфляция
0003094.png	Тесты
0003095.png	Современные группы, утверждающие, что являются потомками Израилевых колен
0003096.png	Бриллиантовые знаки к Ордену Святого Александра Невского
0003097.png	Река запечатлена в творчестве Пушкина, Левитана и др.
0003098.png	Замена светильников в наклонных ходах
0003099.png	Дополнительные награды
0003100.png	Литература
0003101.png	Временный брак
0003102.png	Лордоза
0003103.png	Нормативные правовые акты местных администраций
0003104.png	Переходные металлы
0003105.png	Александруполис, Греция
0003106.png	Рабочие группы
0003107.png	Польско-литовские уланы
0003108.png	Мирослав Сикора
0003109.png	«Под сенью щедрой благостыни», гимн для женского хора и фортепиано (1899)
0003110.png	Отречение
0003111.png	: Нант (Бретань)
0003112.png	Члены Баварской академии наук
0003113.png	Возможности оптимизации при компиляции
0003114.png	Мардонги
0003115.png	Объекты, названные в честь Богдана Хмельницкого
0003116.png	Описание и процессы
0003117.png	Вход Господень в Иерусалим ()
0003118.png	Депутаты Сейма Польши
0003119.png	Большесельский район (с. Большое Село)
0003120.png	Примечания
0003121.png	Сан-Марино
0003122.png	30 км: Самуська (длина 72 км)
0003123.png	Агрономы Австрии
0003124.png	Старение фотоэлементов
0003125.png	Пищеварительная система
0003126.png	Театр
0003127.png	Ссылки
0003128.png	Соборяне (1872)
0003129.png	Рейхсвер при Гитлере
0003130.png	Бесхвостые земноводные
0003131.png	Ссылки
0003132.png	Религия в Индии
0003133.png	Основная таблица падежных окончаний слов в санскрите:
0003134.png	Почётные члены Императорского православного палестинского общества
0003135.png	Дослушай до конца (название композиции прозвучит после его окончания)
0003136.png	Макха Буча
0003137.png	Список государств
0003138.png	Прикладное применение
0003139.png	Таким образом, можно выделить несколько семейств аутентификации:
0003140.png	История возникновения
0003141.png	Шасси
0003142.png	История города
0003143.png	Ссылки
0003144.png	одноместное кодирование, используется в кодах Элиаса
0003145.png	Недоминантная ступня
0003146.png	агинские буряты
0003147.png	Сущность метода
0003148.png	В рассказе «Бразильский кот» Артура Конан Дойля описан ягуар-меланист.
0003149.png	Творчество
0003150.png	Совмен, Хазрет Меджидович (род. 01.05.1937) - Президент РА (2002-2007г.г.)
0003151.png	Закон о самоуправлении банту (1951)
0003152.png	Фотографии Шанхая, 2008 год
0003153.png	Кафедра иностранных языков
0003154.png	Числительное в праиндоевропейском языке
0003155.png	Чернобыльская АЭС перезапустила третий блок.
0003156.png	История космонавтики
0003157.png	Премьер-министром Украины стал Леонид Кучма.
0003158.png	Ссылки
0003159.png	Итоговый алфавит южного кечуа состоит из 28 букв:
0003160.png	См. также
0003161.png	Этимология
0003162.png	Порты Дании
0003163.png	Инди-лейблы
0003164.png	Транспорт
0003165.png	Объекты охоты
0003166.png	См. также: :Категория:Умершие 30 декабря
0003167.png	а) на каналах организаций телерадиовещания и в периодических печатных изданиях;
0003168.png	Лига Европы УЕФА
0003169.png	Примечания
0003170.png	Изменения годового стока
0003171.png	Ссылки
0003172.png	Гражданская война
0003173.png	Самбургское нефтегазоконденсатное месторождение
0003174.png	Российско-польские отношения
0003175.png	Город-спутник АЭС
0003176.png	Майор (24.12.1935)
0003177.png	Достопримечательности
0003178.png	Писатели Литвы
0003179.png	Убийство Джона Кеннеди
0003180.png	Применение
0003181.png	Франсуа Араго в «Общепонятной астрономии» писал:
0003182.png	Населённые пункты, упразднённые в 2014 году
0003183.png	Гражданская война в Сальвадоре
0003184.png	Периодические выставки
0003185.png	Завоевание Киренаики
0003186.png	В городе представлены многие федеральные и локальные торговые сети, в том числе:
0003187.png	12-часовой формат времени
0003188.png	Глубина кратера
0003189.png	См. также: :Категория:Праздники 26 сентября
0003190.png	Русская культура
0003191.png	Слависты Российской империи
0003192.png	См. также
0003193.png	В цитологии
0003194.png	наука и научная рациональность признается высшей ценностью;
0003195.png	Ссылки
0003196.png	Примечания
0003197.png	Русские женские имена
0003198.png	Халиф Омар убит в мечети персидским рабом Фирузом по прозвищу Абу Лула.
0003199.png	Память
0003200.png	История
0003201.png	География
0003202.png	соударения частиц между собой и со стенками сосуда абсолютно упруги;
0003203.png	Чемпионат мира по футболу 2018
0003204.png	Эссеисты по алфавиту
0003205.png	Реки Люксембурга (Бельгия)
0003206.png	Саша Дистель (р. 1933), французский певец, композитор и актёр.
0003207.png	См. также
0003208.png	Красноярский хореографический колледж
0003209.png	Примечания
0003210.png	Литература
0003211.png	Литература
0003212.png	В других областях
0003213.png	В списках 33 лучших футболистов чемпионата России:
0003214.png	В 1719 году из уезда была образована Синбирская провинция.
0003215.png	Критика и оценки
0003216.png	Почётный знак губернатора Тверской области «Во благо земли Тверской» (2016)
0003217.png	Описание
0003218.png	Озеро Байкал. Мыс Три брата. Иркутск, Восьмое небо, 2009.
0003219.png	История деления области
0003220.png	Все запасы нефти и газа Норвегии расположены на шельфе Северного моря.
0003221.png	На колонах
0003222.png	Официальный сайт района
0003223.png	Американский футбол
0003224.png	Официальная символика и атрибутика
0003225.png	Алиса Селезнёва
0003226.png	Ваагн (армянская мифология)
0003227.png	Горные вершины Кабардино-Балкарии
0003228.png	В городе действует 2 стадиона, плавательный бассейн, ледовый дворец.
0003229.png	Медаль «30-я годовщина ВВС Республики Куба» (1986);
0003230.png	Незарегистрированные партии
0003231.png	Безопасность
0003232.png	Антимилитаризм
0003233.png	География
0003234.png	В России
0003235.png	Закон дисперсии для слабых волн
0003236.png	Консулы Имп. Цезарь Тит Элий Адриан Антонин А.Пий и Марк Аврелий.
0003237.png	Ссылки
0003238.png	Лауреаты премии имени А. Ф. Иоффе
0003239.png	Персоналии:Этика
0003240.png	Города-партнёры
0003241.png	Саратовский театр драмы
0003242.png	История
0003243.png	Епископ Люсона
0003244.png	Большой Ковш
0003245.png	сверхзвуковой: 800 км
0003246.png	Детство, образование и воспитание
0003247.png	Консулы имп. Галерий и имп. Максимин.
0003248.png	Лже-Нероны, как минимум три
0003249.png	, День Робертса.
0003250.png	История
0003251.png	Родились
0003252.png	Свойства
0003253.png	Члены КПСС
0003254.png	Московская духовная академия Русской Православной Церкви
0003255.png	Вопль
0003256.png	Теперь он глыба, он замёрз.
0003257.png	Планы объединения Балашихи и Железнодорожного вызвали протесты их жителей.
0003258.png	«Знак воина» (1996)
0003259.png	в согревающих компрессах;
0003260.png	Семья
0003261.png	Дума Астраханской области имеет следующую структуру:
0003262.png	Переговоры
0003263.png	Конец тридцатой династии в Египте и прекращение его независимости.
0003264.png	Примечания
0003265.png	Ссылки
0003266.png	История
0003267.png	Этнический состав
0003268.png	Блокиратор микрофона
0003269.png	Литература
0003270.png	Православие
0003271.png	Боевое применение
0003272.png	Биография
0003273.png	Примечания
0003274.png	Список экорегионов Гватемалы
0003275.png	В Москве был дан салют 20-ю артиллерийскими залпами.
0003276.png	Примечания
0003277.png	Примечания
0003278.png	Примеры текстов
0003279.png	Оксикислоты
0003280.png	Верховный госпитальер
0003281.png	Праздник Преображения
0003282.png	Обучение русскому языку в узбекских школах
0003283.png	Лечение
0003284.png	Пример:
0003285.png	Коллекция ссылок, посвящённых Бранкузи
0003286.png	Теургия, Ямвлих и Гнозис
0003287.png	Мост Балицяо (Мост Восьми вёрст)
0003288.png	Участвовал в параде Победы 1945 года как знаменосец 1-го Украинского фронта.
0003289.png	Птичий перец
0003290.png	Выпускники Краснознамённого института КГБ
0003291.png	«Маски» (1912)
0003292.png	память священномученика Иринея, епископа Сирмийского (Сремского) (304 год);
0003293.png	Кавалеры трёх орденов
0003294.png	Озёра Турочакского района
0003295.png	Католическая энциклопедия
0003296.png	События 1972 года в Германии
0003297.png	Литература
0003298.png	Фарбер Яков Иосифович
0003299.png	Арсеналец (САУ)
0003300.png	Умершие в Берлине
0003301.png	Законодательная власть
0003302.png	См. также: :Категория:Умершие в 1021 году
0003303.png	Ссылки
0003304.png	Звание генерала от инфантерии присвоено:
0003305.png	Служебные глаголы
0003306.png	Драматурги Древних Афин
0003307.png	Сочинения
0003308.png	Нисходившие в подземное царство
0003309.png	Музей спички
0003310.png	Сеньоры Монпелье
0003311.png	Ссылки
0003312.png	В кино
0003313.png	Относятся к четырём языковым семьям:
0003314.png	Родившиеся в Штутгарте
0003315.png	Влахерны
0003316.png	Ильгамов, Тамерлан Айсарович (21.07.2022)
0003317.png	Акции протеста в Узбекистане
0003318.png	Игроки года по версии ФИФА
0003319.png	Экономика
0003320.png	Церковь Св. Архангелов Михаила и Гавриила (1933)
0003321.png	Ректальное введение препаратов
0003322.png	Население
0003323.png	Память
0003324.png	Математика исламского Средневековья
0003325.png	Кашубисты
0003326.png	Чуапа
0003327.png	Литература
0003328.png	Текстильная;
0003329.png	Нахождение касательной
0003330.png	Клиент заполняет несколько полей сообщения начальными значениями:
0003331.png	Литература
0003332.png	ильхан Ирана Абака
0003333.png	Города Саксонии-Анхальт
0003334.png	Телескопическая решетка
0003335.png	Переносы выходных и рабочих дней
0003336.png	Акинфий Никитич Демидов
0003337.png	Родились
0003338.png	Фильмы США 1976 года
0003339.png	Раздел Литературоведение на страницах научно-просветительского журнала «Скепсис»
0003340.png	Космические исследования
0003341.png	Валахией и свой удел
0003342.png	Религия
0003343.png	Вычисление произведения двух чисел можно провести таким образом:
0003344.png	Демографические прогнозы
0003345.png	Чёрный Василий Ильич
0003346.png	В 412 вестготы вторгаются в Галлию.
0003347.png	Члены Политбюро ЦК КПСС
0003348.png	Творчество Спенсера
0003349.png	Литература
0003350.png	Климат умеренно континентальный.
0003351.png	Литература
0003352.png	Обобщающие работы
0003353.png	Системы мер
0003354.png	Олейник, Любовь Васильевна
0003355.png	История
0003356.png	Философские термины
0003357.png	Ссылки
0003358.png	ЭДС, создаваемая в первичной обмотке, соответственно равна:
0003359.png	Примечания
0003360.png	Ранняя история
0003361.png	Примечания
0003362.png	Редакционная коллегия
0003363.png	Дизайнеру, ул Республики, 51
0003364.png	Боги-близнецы
0003365.png	Литература
0003366.png	Политики Афин
0003367.png	пансионат «Севастополь» (район бухты Омега)
0003368.png	Графство Яффы и Аскалона
0003369.png	Озёра Азербайджана
0003370.png	Бей, барабан, и военная флейта,
0003371.png	Примечания
0003372.png	Трокское княжество
0003373.png	Первично-генерализованные приступы
0003374.png	Интернет-центр открытого доступа;
0003375.png	Наблюдения и история Урсид
0003376.png	Родившиеся в Лоуэлле
0003377.png	1519 км: Сюзьва
0003378.png	Диас, Алисса, американская телевизионная актриса.
0003379.png	Причины и предпосылки
0003380.png	Родились
0003381.png	См. также
0003382.png	Хайман Джордж Риковер (ум. 1986), американский адмирал, «отец атомного флота».
0003383.png	Объективы по виду оптической коррекции
0003384.png	Торговля и сфера услуг
0003385.png	Разрешение (компьютерная графика)
0003386.png	Председатель Волгоградской городской Думы
0003387.png	Примечания
0003388.png	Юрий Дмитрулин
0003389.png	Проблема определения прогресса
0003390.png	Примечания
0003391.png	«Имя собственное», стихи (СПб.: Формика, 2000)
0003392.png	Период Речи Посполитой и Швеции
0003393.png	Абсолютно чёрное тело
0003394.png	Кубок губернатора Московской области (1): 2005
0003395.png	Брахма-самхита
0003396.png	Синонимы
0003397.png	Интернет
0003398.png	Известные носители
0003399.png	Ссылки
0003400.png	Литература
0003401.png	Дом-музей Альберта Эйнштейна;
0003402.png	Древняя история Фарерских островов
0003403.png	Моне Мазур, американская актриса, фотомодель и музыкант.
0003404.png	формально-синтаксическое.
0003405.png	Исторический обзор
0003406.png	память священномученика Стефана Хитрова, пресвитера (1918);
0003407.png	«ПРОСТОР-Телеком» (ЗАО «Квантум»)
0003408.png	История
0003409.png	Джо Мено. «Сделай погромче»
0003410.png	Китай
0003411.png	Ссылки
0003412.png	Примеры программ на Си
0003413.png	Режиссёры фэнтези-фильмов
0003414.png	Гипатии
0003415.png	Ботаническая классификация
0003416.png	В России
0003417.png	крепость Суоменлинна (Свеаборг)
0003418.png	Животноводство
0003419.png	Кировград
0003420.png	На практике поиск строго оптимального маршрута требуется не всегда.
0003421.png	Член Немецкой академии натуралистов «Леопольдина».
0003422.png	Вестник церковной истории
0003423.png	См. также: :Категория:Умершие в 652 году
0003424.png	Пример
0003425.png	Электронный бизнес
0003426.png	Печатные издания, закрытые в 1855 году
0003427.png	Кроме того, камнем преткновения зачастую являются:
0003428.png	Антенна Грегори
0003429.png	другие цифровые устройства или бытовая техника.
0003430.png	28 марта
0003431.png	Третий цифровой;
0003432.png	К ним относятся следующие гражданские права и обязанности:
0003433.png	Морской транспорт
0003434.png	Гарси Диес де Сан-Мигель, 1567
0003435.png	Училища Авиации ПВО
0003436.png	Национальный состав
0003437.png	Музей истории города Боровичи и Боровичского края
0003438.png	Объекты, названные в честь фильма
0003439.png	Селважем-Пекена
0003440.png	Ссылки
0003441.png	Генеалогия
0003442.png	Она передаёт людям повеления верховного бога.
0003443.png	Иерархические
0003444.png	Ссылки
0003445.png	См. также
0003446.png	Персидский поход
0003447.png	Волшебное королевство Щелкунчика (мультфильм, 2015) (, )
0003448.png	Академики Российской академии кинематографических искусств «Ника»
0003449.png	Ассоциативность:
0003450.png	песня Сергея Маевского «Родные края».
0003451.png	Этимология
0003452.png	Раздел о чёрной металлургии на сайте журнала «Эксперт»
0003453.png	Мобильные компьютеры
0003454.png	Топонимы
0003455.png	Инаба
0003456.png	Литература
0003457.png	Арахнологи Швеции
0003458.png	Мистер Икс
0003459.png	Примечания
0003460.png	1621 год. Разделение Мекленбурга на Мекленбург-Шверин и Мекленбург-Гюстров.
0003461.png	Ссылки
0003462.png	Парадигма
0003463.png	Эпицентр ядерного взрыва
0003464.png	Описание
0003465.png	Примечания
0003466.png	Исследование на животных раневой инфекции
0003467.png	Литература
0003468.png	Хирурги Литвы
0003469.png	Члены Государственного совета Российской империи
0003470.png	Боги по алфавиту
0003471.png	китайский квартал.
0003472.png	Фильмы России 2005 года
0003473.png	Ссылки
0003474.png	Обладателем Кубка Стэнли стал клуб Детройт Ред Уингз.
0003475.png	Промышленность
0003476.png	Биография
0003477.png	Тартана в культуре
0003478.png	Примечания
0003479.png	921 км: Кадамия
0003480.png	Население
0003481.png	Римская империя
0003482.png	Современные чемоданы
0003483.png	Правители Финикии
0003484.png	Биография
0003485.png	Рвота.
0003486.png	Вымышленные мужчины
0003487.png	Томский Благовест
0003488.png	Москва
0003489.png	Ланфранк, архиепископ Кентерберийский
0003490.png	Заместители министра культуры и массовых коммуникаций РФ
0003491.png	Управление рисками
0003492.png	Эквивалентность массы и энергии
0003493.png	Вещества на основе брома широко применяются в органическом синтезе.
0003494.png	Свойства
0003495.png	Биография
0003496.png	Транспорт
0003497.png	Октябрьский район.
0003498.png	Архитектурный факультет
0003499.png	Радиотелефон
0003500.png	Международные
0003501.png	Списки:География России
0003502.png	В ролях
0003503.png	Николай Меншуткин (р. 1842), русский химик.
0003504.png	2 сентября
0003505.png	Современный период
0003506.png	История
0003507.png	Художественные фильмы с участием Тимоти Лири
0003508.png	Лауреаты премии «Золотая малина»
0003509.png	Пшемысль (), Польша
0003510.png	Родились
0003511.png	7 июля:
0003512.png	Сухур
0003513.png	Чайник вина (1992)
0003514.png	Снеговик (, 1861)
0003515.png	Союз-40 с 14 мая по 22 мая 1981; 11-я экспедиция посещения
0003516.png	Образование
0003517.png	Внутренняя мощность могла обозначаться как:
0003518.png	Поэты Ирака
0003519.png	Я вас в свидетели зову!
0003520.png	Сквер им. В. И. Чапаева.
0003521.png	(«шесть минус три равно три») ;
0003522.png	Родившиеся в 1826 году
0003523.png	Памятник Ленину
0003524.png	Скончались
0003525.png	Фасмер в Тарту
0003526.png	Топоним
0003527.png	Легенда
0003528.png	Осенняя улица
0003529.png	Шведский тупик
0003530.png	Сувалкская губерния Царства Польского (с 1867 г.);
0003531.png	Вещественные векторы
0003532.png	Кинохроника
0003533.png	Ранняя история
0003534.png	Крупный центр химической промышленности.
0003535.png	Видеоинтервью Гречко о фантастике
0003536.png	Эдуард Яковенко (232)
0003537.png	Даваллия
0003538.png	предоставляемые права.
0003539.png	Главный маршал авиации (Великобритания)
0003540.png	микрорайон Северный,
0003541.png	Греки вернули Апулию.
0003542.png	Андрей Харитонов («Грехи отцов», 2004)
0003543.png	Примечания
0003544.png	Советский период
0003545.png	См. также
0003546.png	Динамика изменения численности населения по годам в тысячах человек:
0003547.png	История
0003548.png	«Вишневая косточка» (1929)
0003549.png	Католические епископы Польши
0003550.png	Христианство
0003551.png	Анна Нетребко, российская оперная певица.
0003552.png	Спорт
0003553.png	24 марта
0003554.png	Гращенков А. В. Царский титул на фризах дворцов Московского Кремля.
0003555.png	Женская инфибуляция
0003556.png	Биография
0003557.png	Пальмирское письмо
0003558.png	Китай
0003559.png	Структура сельского хозяйства
0003560.png	Список рыцарей австрийского ордена Золотого руна
0003561.png	Владимир Рюрикович вернулся на киевский престол.
0003562.png	Голубиный помёт (гуано) является эффективным удобрением.
0003563.png	Армия Русского государства
0003564.png	Радзивиловичи
0003565.png	Ли Хезлвуд (ум. 2007), американский музыкант, автор песен, певец, продюсер.
0003566.png	Самоубийства в животном мире
0003567.png	долго он лаял;
0003568.png	Огонь на горе. М., Советский писатель, 1962
0003569.png	Линии и станции
0003570.png	1330 год в России
0003571.png	Командные
0003572.png	«О том, что люди не от ученья хороши»;
0003573.png	Переходные металлы
0003574.png	Омурбеков, Азатбек Асанбекович (??.??.2022)
0003575.png	Личные
0003576.png	Академические музыканты Венгрии
0003577.png	Затем последовала его модификация, 80186.
0003578.png	Александр Дюма (сын)
0003579.png	В 1996 году поддерживал на президентских выборах Бориса Ельцина .
0003580.png	Балеты
0003581.png	Языки мира
0003582.png	инфекции ЦНС (включая менингит);
0003583.png	Автоматизация дактилоскопических учётов
0003584.png	Посмертное признание
0003585.png	Массовая вакцинация
0003586.png	Дюма, А. (отец). Две Дианы (косвенно) 1847
0003587.png	Творчество
0003588.png	Примечания к таблице
0003589.png	Орден Святого Станислава 1-й степени (1856);
0003590.png	подвид:
0003591.png	Постановщик трюков: Валерий Деркач
0003592.png	Кандидаты технических наук
0003593.png	Классическое понимание дискурса
0003594.png	Экология
0003595.png	Состав Национального фронта и его деятельность в 1945-48 годах
0003596.png	Нинбург, Германия (1991)
0003597.png	механика разрушения
0003598.png	Этимология
0003599.png	Видимость
0003600.png	Метавселенная: шаблон Берроуза
0003601.png	Применение и реакции
0003602.png	Музейно-выставочный центр Забайкальского края;
0003603.png	Характеристики топлива
0003604.png	Населённые пункты Макушинского района
0003605.png	Кинотеатры
0003606.png	Казнённые в Гражданскую войну в России
0003607.png	Спортивные клубы Казани
0003608.png	Сексбурга (королева Уэссекса).
0003609.png	Города-побратимы
0003610.png	Домены второго уровня
0003611.png	В литературе сокращённую форму письма.
0003612.png	Распределение жилых домов по этажности:
0003613.png	Общая информация
0003614.png	Примечания
0003615.png	Военачальники Франции
0003616.png	Композиторы по алфавиту
0003617.png	Битуминозные (нефтяные) пески
0003618.png	Лимнологическая катастрофа
0003619.png	Персоналии:Рязанская губерния
0003620.png	Наука
0003621.png	Приметы
0003622.png	Тодди (пальмовое вино)
0003623.png	Столицы североамериканских государств
0003624.png	Брак и дети
0003625.png	Похороненные в департаменте Эр
0003626.png	Мобильная связь
0003627.png	Хостинская районная библиотека
0003628.png	Критический анализ
0003629.png	корреспондетские пункты АРД внутри Германии;
0003630.png	Работы на телевидении
0003631.png	Официальный сайт моста «Золотые Ворота»
0003632.png	Память апостола Матфия совершается:
0003633.png	«Когда беззаботно, дитя, ты резвишься» (К. Вильде)
0003634.png	память священномученика Иосифа Сикова, пресвитера (1918)
0003635.png	Экология
0003636.png	Медаль «За оборону Москвы»
0003637.png	С 1986 по 1992 годы был сотрудником Ткварчельского горотдела КГБ Абхазии.
0003638.png	Некоторые считают, что:
0003639.png	Музеи
0003640.png	Примечания
0003641.png	Музейно-мемориальный комплекс Н. М. Пржевальского и К. Карасаева
0003642.png	Редкоземельные элементы
0003643.png	Ссылки
0003644.png	высокий уровень .
0003645.png	17 школ и научных направлений
0003646.png	Примечания
0003647.png	Математическая модель
0003648.png	С топорами.
0003649.png	Психологические эффекты долговременного употребления
0003650.png	Состав
0003651.png	Ключевые соревнования
0003652.png	выведение семени в предстательную часть уретры из придатка яичка;
0003653.png	Книги
0003654.png	Климат
0003655.png	Населённые пункты Азнакаевского района
0003656.png	Генерал-полковники (СССР)
0003657.png	1943 От немецких войск, освобождён город Чернобыль.
0003658.png	Почётный гражданин Макеевки
0003659.png	Фильмы-мелодрамы Франции
0003660.png	Ханьцы
0003661.png	в микрорайоне Железнодорожный, в сквере напротив здания администрации.
0003662.png	Тибетский относится к языкам с эргативным строем.
0003663.png	Открытый лякросс
0003664.png	1 июня 1901 года в городе открывается Третья казанская женская гимназия.
0003665.png	Центр детского и юношеского творчества
0003666.png	Бассейн
0003667.png	Посмертная слава
0003668.png	В настоящее время в городе имеются:
0003669.png	Специализированные журналы
0003670.png	Воспоминания и документы
0003671.png	Структура собственности
0003672.png	Щелочные металлы
0003673.png	Система зеркал («оптический резонатор»).
0003674.png	Ссылки
0003675.png	(Пармское герцогство, )
0003676.png	Как в нём друга жаль друзьям!..
0003677.png	Ссылки
0003678.png	См. также
0003679.png	См. также
0003680.png	Икона как живописное произведение
0003681.png	Музыкальная школа имени М.П Мусоргского в Твери.
0003682.png	Примечания
0003683.png	Климат
0003684.png	Лауреаты Макариевской премии (Российская империя)
0003685.png	Экономика
0003686.png	Беломорский районный краеведческий музей «Беломорские петроглифы»
0003687.png	Гостиница «Дружба».
0003688.png	Литература
0003689.png	Шторм (Владимир Билль-Белоцерковский, 1925)
0003690.png	Татарский язык в Татарстане
0003691.png	Незападный утопизм
0003692.png	Еськова, Наталия. Популярная и занимательная филология.
0003693.png	«Криминальный квартет» (1989)
0003694.png	Родились
0003695.png	Музыкальные педагоги России
0003696.png	Выпускники Колумбийской школы инженерных и прикладных наук
0003697.png	272 км: река Сердемь (лв)
0003698.png	Произведения 1-го тысячелетия до н. э.
0003699.png	Предательство
0003700.png	Подробное описание
0003701.png	Философы игры
0003702.png	конвент ролевых игр «ТолКон» (с 2013 года)
0003703.png	Клятва верности флагу США
0003704.png	МУП «Большемурашкинское ПАП»;
0003705.png	Упоминания у Вергилия:
0003706.png	Химические и химико-технологические вузы
0003707.png	Циссоида Диокла
0003708.png	В МКБ-10 вариантов классификации педофилии нет.
0003709.png	Ханы Восточно-Караханидского ханства
0003710.png	станичные;
0003711.png	Государственный герб
0003712.png	Центр детского творчества и детская музыкальная школа в Большом Селе.
0003713.png	История Сеуты
0003714.png	23 мая
0003715.png	Лира мальтийская
0003716.png	Бен-Декер,
0003717.png	Ангулем, Франция (1977);
0003718.png	Население
0003719.png	Религия и верования
0003720.png	11. Болезни кожи и придатков кожи
0003721.png	Астрономы Испании
0003722.png	2-е изд.:
0003723.png	Другие
0003724.png	Административно-территориальное деление
0003725.png	Ссылки
0003726.png	Примечания
0003727.png	Сотрудники НКВД
0003728.png	Диотейм Алай становится архонтом Афин.
0003729.png	Губачёв, Владимир Георгиевич (род. 1939);
0003730.png	Первые четыре правила касаются участников матча: игроков, судей и маркёров.
0003731.png	Похороненные на Третьем кладбище Иерусалимской и Новой церквей
0003732.png	! Результат
0003733.png	Саудовский риал
0003734.png	сернистый ангидрид;
0003735.png	Старший лейтенант (18.10.1988).
0003736.png	Марс, красная планета (для детей)
0003737.png	См. также
0003738.png	С полукегельными шпациями такие комбинации:
0003739.png	876 км: Мелти
0003740.png	Социология
0003741.png	Экскрементофилия
0003742.png	В культуре
0003743.png	История клуба (аудиоподкаст)
0003744.png	Музыка
0003745.png	Действительные тайные советники
0003746.png	Интересные факты
0003747.png	демонстрационные приборы.
0003748.png	Связь натурфилософии и субъективного идеализма Фихте
0003749.png	Биография
0003750.png	Основные улучшения:
0003751.png	Республика Алтай в нумизматике
0003752.png	Дискография
0003753.png	Гражданская война в Гватемале
0003754.png	Кузнецов Николай Герасимович на сайте Министерства обороны Российской Федерации
0003755.png	История
0003756.png	Иоанн (Ломакин).
0003757.png	Борисполь
0003758.png	Наталия Волков-Фернандес
0003759.png	Историко-материалистическая теория развития философии
0003760.png	Пятый канал
0003761.png	Государственные символы Италии
0003762.png	Краткая биография
0003763.png	Похоронен в Архангельском соборе Московского Кремля.
0003764.png	международный обычай
0003765.png	Хищничество
0003766.png	Электромагнитные явления
0003767.png	Страшно в могиле, хладной и тёмной!
0003768.png	Январь
0003769.png	Во время войны
0003770.png	Важнейшие события
0003771.png	Мосты
0003772.png	Музыка
0003773.png	Языки программирования для образования
0003774.png	Хоккейные лиги
0003775.png	Учебники для гуманитарных специальностей
0003776.png	Ссылки
0003777.png	Сражения в Теннесси
0003778.png	Гуго де Блуа, аббат
0003779.png	Литература
0003780.png	Персоналии по алфавиту
0003781.png	Здание
0003782.png	За Земляным городом:
0003783.png	Майкон
0003784.png	Банковское дело в России
0003785.png	Великий боксер остался без олимпийского золота.
0003786.png	Места отдыха
0003787.png	Не встречал я такой!»
0003788.png	День рождения Будды
0003789.png	С упоминанием города Калуги в тексте:
0003790.png	Адам, Александр, Никон, Даниил, Емельян, Иван, Леонтий, Николай, Пётр, Терентий
0003791.png	Построение с помощью циркуля и линейки
0003792.png	История
0003793.png	Исторические редакции титула и богослужебного поминовения
0003794.png	Смерть бывшего императора Японии Тэйдзиина (Уда).
0003795.png	Хьюго Гернсбек
0003796.png	Кимврская война
0003797.png	Примечания
0003798.png	Сервер приложений
0003799.png	Наследие
0003800.png	См. также
0003801.png	Правительства в изгнании;
0003802.png	Владимир Ильич Ленин, «Выборы в Учредительное собрание и диктатура пролетариата»
0003803.png	Рис ап Теудур
0003804.png	Министерство социального развития Аргентины
0003805.png	Литература
0003806.png	Стрихнин
0003807.png	Прекращение огня вступило в силу в 19:30.
0003808.png	Соседние населённые пункты по сторонам света
0003809.png	Ссылки
0003810.png	28 августа Менахем Бегин заявляет об уходе в отставку.
0003811.png	На фоне приёма левомепромазином запрещается употребление спиртных напитков.
0003812.png	Термин
0003813.png	Регулярный сезон
0003814.png	спазм мелких бронхов (обструктивный бронхит, бронхиальная астма),
0003815.png	медаль «В память 800-летия Москвы»;
0003816.png	Ссылки
0003817.png	Похоронен граф в ограде Православного Свято-Никольского  храма, г. Белогорск.
0003818.png	Иногда половодье может стать причиной разрушения биоценоза местности.
0003819.png	Ведомственные награды Российской Федерации
0003820.png	Флексотрубка Стоуна (продолжение)
0003821.png	Два ордена Ленина;
0003822.png	Похороненные на кладбище Беллу
0003823.png	Населённые пункты Вахдатского района
0003824.png	Законодательство Рязанской области
0003825.png	Завоевания Писарро в Перу и Империи Инков
0003826.png	События
0003827.png	Для каждой страны есть свои серверы, к которым подключается браузер.
0003828.png	Владимир Леонидович
0003829.png	Дистрибуция (бизнес)
0003830.png	Ссылки
0003831.png	Столкновения с тибетцами-кянами.
0003832.png	Римская республика
0003833.png	Дискография
0003834.png	Амбулакральная система
0003835.png	Эдмундо, бразильский футболист.
0003836.png	Примечания
0003837.png	Памятники
0003838.png	Растворы, технология нефти и экономика нефтяной промышленности.
0003839.png	Количественные показатели
0003840.png	Орден Белого слона, большой крест
0003841.png	Средние века и Реформация
0003842.png	Вильно, Польша
0003843.png	Генерал-адъютанты (Российская империя)
0003844.png	Джон Борлэз Уоррен
0003845.png	Металлургия
0003846.png	Ссылки
0003847.png	Юникод
0003848.png	Поддержание структуры и деградация
0003849.png	История
0003850.png	Сандаве
0003851.png	Оперативное управление
0003852.png	История
0003853.png	Официальный сайт администрации Кавказских Минеральных Вод
0003854.png	Гледичия трёхколючковая
0003855.png	Национальной гвардии;
0003856.png	Биография
0003857.png	Именины
0003858.png	Отказ кассации
0003859.png	Латинские историки
0003860.png	февраль (28 дней)
0003861.png	Стадион «Авангард»;
0003862.png	Изобретатели по алфавиту
0003863.png	Инцидент в феврале 2010 года с прекращением водоснабжения в городе
0003864.png	Армейская авиация специальных операций (командование)
0003865.png	Фотографии с мест съёмок фильма
0003866.png	Другие гипотезы
0003867.png	получение известия о кончине Дмитрия Шемяки;
0003868.png	Выращивание птенцов разделяется на две фазы.
0003869.png	В Бокситогорске представлены следующие операторы сотовой связи:
0003870.png	Умершие от эмфиземы
0003871.png	Михельсон О. К. М.Элиаде: Религиозная культура и современность
0003872.png	Официальная страница
0003873.png	Окраска самолёта
0003874.png	Ямполь
0003875.png	Литература
0003876.png	Промышленность
0003877.png	Жереми Шарди обыграл  Робина Хасе со счётом 6-4, 6-3.
0003878.png	Шина адреса
0003879.png	Описание герба
0003880.png	Районные центры Чувашии
0003881.png	С. К. Тимошенко
0003882.png	Преобладают ветры западных и юго-западных направлений.
0003883.png	Экономика
0003884.png	Климат
0003885.png	Умершие от рака лёгкого
0003886.png	Женщины-президенты
0003887.png	Факс-сервер позволяет пользователям сети отправлять факсимильные сообщения.
0003888.png	: Аньхой
0003889.png	«Единородный Сыне» сочинено императором Юстинианом в 535 году,
0003890.png	Миякодзима
0003891.png	Памятник «Мать-труженица» в селе Янгискаин (1984).
0003892.png	«Доходное место» А. Островского
0003893.png	Международная экономическая интеграция
0003894.png	Влияние солнечной интерференции
0003895.png	Религия
0003896.png	Наследный принц (Япония)
0003897.png	Населённые пункты городского округа город Уфа
0003898.png	Инфраструктура
0003899.png	недостаток энергоснабжения
0003900.png	Бразильцы
0003901.png	Французский орден Почётного легиона, большой крест (8.09.1859);
0003902.png	Современные исследователи:
0003903.png	«Тактика современности» (; 1875).
0003904.png	Мотороллеры бывают разных типов:
0003905.png	Для оркестра
0003906.png	Кладбища
0003907.png	Фермеры России
0003908.png	Артюр Адамов (урожд. Артур Адамян; ум. 1970), французский писатель-авангардист.
0003909.png	2 марта. Выборы в Кнессет 23-го созыва.
0003910.png	Умершие от туберкулёза
0003911.png	Международные вспомогательные языки
0003912.png	В кино
0003913.png	Другие услуги
0003914.png	Катод в вакуумных электронных приборах
0003915.png	на английском языке
0003916.png	Примечания
0003917.png	Боровичи (хоккейный клуб)
0003918.png	См. также
0003919.png	Наука о стекле
0003920.png	Беги и стреляй
0003921.png	Командные виды спорта
0003922.png	История
0003923.png	Акционерное соглашение
0003924.png	Мужские имена
0003925.png	Литература
0003926.png	Печатные издания
0003927.png	СССР, Россия
0003928.png	2. Вас это греет? Меня это греет!
0003929.png	Транспорт
0003930.png	См. также
0003931.png	Клубы
0003932.png	Швейная фабрика им. Леси Украинки.
0003933.png	Промышленность
0003934.png	Идентификация алкинов
0003935.png	Косинская улица
0003936.png	Русские ликвидировали аланское княжество на Северском Донце.
0003937.png	Видеоигры
0003938.png	Примечание. Данные на 31 марта, когда в Японии заканчивается финансовый год.
0003939.png	Примечания
0003940.png	Новейший словарь религиоведения
0003941.png	Почётные граждане Львова
0003942.png	Святослав Курашов
0003943.png	Границы Калачинского района изменялись несколько раз, начиная с 1935 года.
0003944.png	«Завтрак для чемпионов» (США) Алана Рудольфа
0003945.png	Перехват трафика может осуществляться:
0003946.png	Примечания
0003947.png	Население Антигуа и Барбуда
0003948.png	Длина кривой
0003949.png	Во внешнеполитической сфере это, прежде всего, сбалансированная политика.
0003950.png	На английском языке
0003951.png	Альметьевск 141,2 км
0003952.png	Избирательное объединение КПРФ
0003953.png	Отдел систематизации
0003954.png	Сенежская улица
0003955.png	Персоналии:Колпашево
0003956.png	монофтонгизируются дифтонги:
0003957.png	Церковь Покрова Божией Матери (2002)
0003958.png	Именины
0003959.png	румынский орден Звезды Румынии 1-1 ст. (1905)
0003960.png	Орденская цепь ордена Гражданских заслуг (Испания, 4 октября 1996)
0003961.png	Эдуард Старший подчиняет Данелаг (область датского права в Англии).
0003962.png	Кюхельбекер, Михаил Карлович
0003963.png	Южно-Сахалинск:
0003964.png	Рваный (взрыванием целого пласта магматической породы).
0003965.png	03 июня состоялся вылет первого рейса в Астану (Казахстан);
0003966.png	Ссылки
0003967.png	Составное число
0003968.png	Областные центры Украины
0003969.png	Комментарии
0003970.png	Церковь Иисуса Христа Святых последних дней
0003971.png	Радиочастотные характеристики
0003972.png	Западносаамская группа
0003973.png	Примечания
0003974.png	Скончались
0003975.png	Третье время (2010)
0003976.png	Характеристика
0003977.png	Лингвисты России
0003978.png	Электромагнитный компас
0003979.png	Примечания
0003980.png	В англоязычной юриспруденции: Джон Доу
0003981.png	Биография и творчество
0003982.png	Мальта
0003983.png	«Королева Зубная Щётка» (1962)
0003984.png	Бароян, Оганес Вагаршакович
0003985.png	Семья
0003986.png	«Концевой эффект»
0003987.png	Вооружённые силы и полиция
0003988.png	Ссылки
0003989.png	Древний Египет
0003990.png	Примечания
0003991.png	Ректорат
0003992.png	Перезахороненные
0003993.png	См. также
0003994.png	География
0003995.png	Тоталитаризм и коллективизм
0003996.png	«Сыны Израилевы ели манну сорок лет, доколе не пришли в землю обитаемую» ().
0003997.png	Сетевая стеганография охватывает широкий спектр методов, в частности:
0003998.png	Алгоритмы сжатия без потерь
0003999.png	Известные преподаватели
0004000.png	Финансовая устойчивость
0004001.png	Дзержинский
0004002.png	Свято-Воскресенская («белая») церковь
0004003.png	Образование и научные звания
0004004.png	Примечания
0004005.png	Санация банка «Траст»
0004006.png	17 мая 1945 года
0004007.png	В честь Патрокла назван астероид (617) Патрокл, открытый в 1906 году.
0004008.png	Музей города Осло
0004009.png	ООО «Селтон-М» (диспетчерская система управления ММТС).
0004010.png	Реакции сухим путём
0004011.png	Выпускники Московского городского народного университета имени А. Л. Шанявского
0004012.png	Тханьсуан,
0004013.png	Газета «Вечевой Центр»
0004014.png	Семейство
0004015.png	Базовская улица
0004016.png	Примечания
0004017.png	Первобытное искусство
0004018.png	Телепередачи
0004019.png	Член Математического общества Франции;
0004020.png	Примечания
0004021.png	Председатели окружного исполнительного комитета
0004022.png	Новороссийск, Россия.
0004023.png	Виктор-Жозеф Этьен де Жуи родился 19 сентября 1764 года в Версале.
0004024.png	доступность, так как сумма инвестиций может начинаться от 1-3 тыс. руб.;
0004025.png	Национальный и религиозный состав
0004026.png	Литература
0004027.png	Липецкий областной центр культуры и народного творчества
0004028.png	Планеристы
0004029.png	434 км: река Тёда
0004030.png	Состояние вооружённых сил воюющих сторон
0004031.png	Америка
0004032.png	История
0004033.png	Власть
0004034.png	Сверхлёгкие.
0004035.png	Газета «Кореновские вести»
0004036.png	добыча и переработка золотосодержащих руд месторождения «Кокпатас»;
0004037.png	Дмитрий Шеваров Девушка со свечой
0004038.png	В честь Коперника названы
0004039.png	Официальный сайт городского округа Дзержинский
0004040.png	(обл.)
0004041.png	Ссылки
0004042.png	Согласно Страбону, её настоящее имя Афара, хотя Ктесий называет её Деркето.
0004043.png	Самые популярные фильмы Фернанделя
0004044.png	Густав
0004045.png	от Эфира или Урана:
0004046.png	Патриарх
0004047.png	Ссылки
0004048.png	Выпускники ВГИКа
0004049.png	Николай Печковский (ум. 1966), оперный певец, народный артист РСФСР.
0004050.png	Зелень Гинье
0004051.png	Виньетирование
0004052.png	Цифровые фотографические процессы
0004053.png	В литературе
0004054.png	Полевая улица (деревня Поповка)
0004055.png	Герцоги Лимбурга
0004056.png	Ссылки
0004057.png	Сырьевые колонии (или эксплуатируемые колонии)
0004058.png	Атмосфера Ио
0004059.png	Культура, спорт
0004060.png	Сотрудники Физико-технического института имени А. Ф. Иоффе
0004061.png	Нелинейная оптика
0004062.png	Епископы Русской православной церкви
0004063.png	«Донбассстальконструкция»
0004064.png	В литературе
0004065.png	Бильбо Бэггинс, хоббит, нашедший Кольцо Всевластья
0004066.png	55 История
0004067.png	Некоторые признаки равномерной непрерывности функции
0004068.png	Общественные деятели России
0004069.png	Детские поэты
0004070.png	Ритуал
0004071.png	Реакция
0004072.png	Левобережное восстание в Гетманщине.
0004073.png	«Корнелия Непота жизнеописание славнейших полководцев» (М., 1857);
0004074.png	В честь Барака Обамы названо несколько биологических видов:
0004075.png	Монеты Нидерландов
0004076.png	Почётный доктор Евразийского Национального университета в Астане
0004077.png	25 ноября 1948 года Володарский район был вновь переименован в Невский район
0004078.png	Переименованные населённые пункты России
0004079.png	Биография
0004080.png	В ролях
0004081.png	Иконостас собора Рождества Богородицы Ферапонтова монастыря (около 1490 года)
0004082.png	Савойя получает от Габсбургов Сардинию в обмен на Сицилию.
0004083.png	Основные сферы применения
0004084.png	параллельная
0004085.png	целлюлоза
0004086.png	1808 год в науке
0004087.png	Финалист: 1953
0004088.png	Примечания
0004089.png	Грызуны в культуре
0004090.png	Примечания
0004091.png	Низкая пропускная способность порта;
0004092.png	Культ
0004093.png	Примечания
0004094.png	Помощь в повторяющихся заданиях, включая управление приёмом медикаментов
0004095.png	Крестьянское восстание в Норвегии.
0004096.png	410-й завод гражданской авиации
0004097.png	Четвёртая книга
0004098.png	Часть 3. Системное администрирование (в разработке)
0004099.png	Конечная цель трансгуманизма
0004100.png	Виртуальная летопись Тюмени
0004101.png	матрица  была квадратной;
0004102.png	Католические святые
0004103.png	Портрет художника Владаса Каратаюса (1984)
0004104.png	Советско-польская война
0004105.png	18-й год по эре правления луского князя Чэн-гуна.
0004106.png	Орден «Звезда Республики Индонезии» 2 степени (1963)
0004107.png	Победители в личных конкурсах:
0004108.png	Сухопутный порт
0004109.png	Почётные доктора Лейпцигского университета
0004110.png	Синтез
0004111.png	Административное деление Республики Алтай
0004112.png	«я не пошёл, ты не пошёл, он не пошёл»
0004113.png	Памятники
0004114.png	Галерея
0004115.png	События
0004116.png	Киргизский
0004117.png	Премьер-министры Финляндии
0004118.png	Физические и физико-химические свойства
0004119.png	Символика
0004120.png	обеспечение всеобщего начального образования;
0004121.png	Стела на въезде в город (возле КП-1)
0004122.png	На 12 апреля 2022 года:
0004123.png	Гормоны задней доли гипофиза
0004124.png	Существовало три способа избежать употребления табуированного иероглифа:
0004125.png	Додзинси
0004126.png	Социальная политика
0004127.png	Ссылки
0004128.png	Семейство
0004129.png	село Новоандреевка;
0004130.png	Парейдолия
0004131.png	Персоналии:Древний Рим
0004132.png	Биография
0004133.png	почётный член ряда физических обществ и университетов.
0004134.png	Кадровая политика
0004135.png	Поэты России
0004136.png	Католическая церковь Святого Духа.
0004137.png	Французский мандат
0004138.png	Общая характеристика
0004139.png	Обезжиренный.
0004140.png	Примечания
0004141.png	Ханс ван Брёкелен, нидерландский футболист, вратарь, чемпион Европы (1988)
0004142.png	Латвийская академия культуры;
0004143.png	Вступил в службу (11.08.1869)
0004144.png	Художники-педагоги
0004145.png	Вождь гузов принял ислам, но под угрозой смещения отрёкся.
0004146.png	Битва при Риаде (933).
0004147.png	Литература
0004148.png	См. также
0004149.png	Прочее
0004150.png	Примечания
0004151.png	Фототермины
0004152.png	Список премьер-министров Чехии
0004153.png	«Голубой» и «розовый» периоды
0004154.png	См. также
0004155.png	В поддержку программы будет выпущена видеоверсия одноимённого концерта:
0004156.png	Формально антирефлексивность отношения  определяется как: .
0004157.png	Пергамский алтарь
0004158.png	Холодное оружие по алфавиту
0004159.png	История
0004160.png	Описание
0004161.png	Классы эквивалентности
0004162.png	Приметы
0004163.png	Острая токсичность
0004164.png	Положительное число
0004165.png	Арктические экспедиции
0004166.png	ОАО «Труд»
0004167.png	Достопримечательности
0004168.png	Хасидские места
0004169.png	Поддержка изохронного трафика.
0004170.png	Термин и самоназвание
0004171.png	Примечания
0004172.png	Базовый блок
0004173.png	Кутаиси, Грузия (2007)
0004174.png	на русском языке
0004175.png	«Элегия» для виолончели и фортепиано (1925)
0004176.png	Здания и сооружения с вращающимися ресторанами
0004177.png	Диктатура в Древнем Риме
0004178.png	Связь
0004179.png	Пример базового 3-этапного согласования:
0004180.png	Персоналии по алфавиту
0004181.png	в книжках для детей;
0004182.png	Лев Левицкий
0004183.png	Казакова, улица
0004184.png	В философии
0004185.png	Режиссёр: Виктор Сергеев
0004186.png	Урочище родника Корыта
0004187.png	Выражение подлежащего и сказуемого
0004188.png	Кандидаты в члены ЦК КПСС
0004189.png	В 1930 году район вошёл в состав Западно-Сибирского края.
0004190.png	История
0004191.png	Первый тур президентских выборов в Болгарии
0004192.png	Теневой стороной акрибии является мелочный педантизм, крохоборство.
0004193.png	Официальный сайт
0004194.png	Окисляет большинство органических соединений в реакциях горения:
0004195.png	Соглашение о свободной торговле с Уругваем (2003);
0004196.png	Карьера любителя
0004197.png	Россолимо, улица
0004198.png	Официальный сайт Фонда охраны дикой природы имени Даррелла
0004199.png	Логика
0004200.png	Драматургия
0004201.png	Памятник в честь заключения Тильзитского мира;
0004202.png	Александровские казармы
0004203.png	549 км: река Карабон
0004204.png	Экономика
0004205.png	Конец жизни
0004206.png	Общий фонд банковского управления
0004207.png	Почётные члены Московского университета
0004208.png	Лишение свободы
0004209.png	к Евреям
0004210.png	Римская империя
0004211.png	Тексты
0004212.png	память мученика Трифона Апамейского, Никейского (250);
0004213.png	Книги В. Крапивина и отряда «Каравелла»
0004214.png	Строевая выправка юнкеров
0004215.png	В ТГАСУ развиваются 17 научных школ и направлений.
0004216.png	Города Приморского края
0004217.png	Слависты СССР
0004218.png	Утраченные здания и сооружения Красноярска
0004219.png	Молдованов, Игорь Валерьевич (19.10.1995, 236)
0004220.png	18 февраля
0004221.png	Сборная ГДР
0004222.png	Выпускники Школы права Луисвиллского университета
0004223.png	Автомобильный
0004224.png	Композитор: Андрей Петров
0004225.png	Ссылки
0004226.png	Антипапы
0004227.png	Южная
0004228.png	История
0004229.png	Макси-шахматы (шахматы на больших досках)
0004230.png	Понтий Пилат назначен прокуратором Иудеи (до 36 года).
0004231.png	Книги, запрещённые церковным Стоглавым собором 1551 года, включают:
0004232.png	Морской словарь. М.: Воениздат, 1959.
0004233.png	Часовой пояс
0004234.png	Тёрнберг, Мартин
0004235.png	Этнокультурная компетентность
0004236.png	Воинские части и формирования, созданные в 1943 году
0004237.png	См. также: Общество Камасутры
0004238.png	Южная Осетия: Цхинвал
0004239.png	Неиммунные формы сахарного диабета у детей
0004240.png	«Чырвоная зорка» ()
0004241.png	Примечания
0004242.png	Педагоги России
0004243.png	Скоростной трамвай
0004244.png	структура системы управления;
0004245.png	5 ноября
0004246.png	Сила трения:
0004247.png	Килограмм и постоянная Планка
0004248.png	Арамейское письмо
0004249.png	Примечания
0004250.png	Чемпионом Европы стала сборная  Испании
0004251.png	Объекты, названные в честь людей прижизненно
0004252.png	Научно-техническая библиотека Западно-Сибирского металлургического комбината.
0004253.png	Скончались
0004254.png	Преподаватели Виленской медико-хирургической академии
0004255.png	Источники
0004256.png	Сайт ГИС Коми-Пермяцкий округ
0004257.png	Список произведений
0004258.png	Участники Первой мировой войны (Великобритания)
0004259.png	Детский сад «Кораблик»
0004260.png	Графы Салиас-де-Турнемир (Франция)
0004261.png	Агион-Орос
0004262.png	Форма правления
0004263.png	Краснодарский и Ставропольский края;
0004264.png	Бессоюзие
0004265.png	Семейство
0004266.png	Звёздчатый многогранник
0004267.png	Ссылки
0004268.png	Аэропорты Томской области
0004269.png	Кандидаты в президенты Франции (1995)
0004270.png	актёр Андрей Толубеев (посмертно за воплощение образов современников)
0004271.png	Пептидные гормоны
0004272.png	СНК РСФСР назначил Степана Шаумяна чрезвычайным комиссаром Кавказа.
0004273.png	Жозеф-Никола-Панкрас Руайе
0004274.png	Маршрутизация
0004275.png	Чилийские кипу
0004276.png	Вариации температур и светимостей
0004277.png	4-е апостольское путешествие
0004278.png	Чемпионы Европы
0004279.png	Амилоидоз
0004280.png	Дорога граничит с:
0004281.png	изменение отображения  может быть представлено в виде
0004282.png	Ссылки
0004283.png	Отцы Церкви
0004284.png	Общественный транспорт
0004285.png	Персоны, изображённые на банкнотах Израиля
0004286.png	Критика
0004287.png	Примечания
0004288.png	Кафедра предпринимательства, корпоративной и пространственной экономики
0004289.png	Столицы исторических государств
0004290.png	И цзин
0004291.png	Лауреаты премии «Золотой глобус» за лучшую режиссёрскую работу
0004292.png	Современный аналог
0004293.png	Примечания
0004294.png	Ньяя-сутры Гаутамы
0004295.png	ораторы Тисий, Горгий, Исократ, Демосфен.
0004296.png	Методы решения уравнения Шрёдингера
0004297.png	Порту (округ)
0004298.png	Форматы
0004299.png	Населённые пункты с численностью населения более 5 тысяч человек
0004300.png	Персоналии по алфавиту
0004301.png	Плавники
0004302.png	(в пер.)
0004303.png	«Русский альбом»;
0004304.png	Примечания
0004305.png	Писатели Санкт-Петербурга
0004306.png	Дон Гибсон (певец)
0004307.png	Представители проекта
0004308.png	орден Трудового Красного Знамени (14.02.1945)
0004309.png	Александр Адольфович Витт
0004310.png	Символ солида (шиллинга)
0004311.png	22 мая
0004312.png	Флора и фауна
0004313.png	В 2013 году снялся в рекламе вклада Анталбанка.
0004314.png	События
0004315.png	Константин Квашнин (1948)
0004316.png	Местное самоуправление
0004317.png	Пресс-секретарь президента России
0004318.png	Почётные граждане Запорожья
0004319.png	Число е:
0004320.png	2010-е
0004321.png	Рама, Сугрива и Хануман
0004322.png	Август
0004323.png	Лауреаты премии «Оскар»
0004324.png	является точкой локального максимума. А если
0004325.png	Итальянские
0004326.png	Избранные произведения
0004327.png	Транспорт
0004328.png	Персоналии по алфавиту
0004329.png	Дочь её Мария Зонтаг вышла замуж за Гутмансталя, австрийского консула в Одессе.
0004330.png	История французского языка
0004331.png	Вооружённые силы
0004332.png	Скепсис и практика жизни
0004333.png	ЗСУ-47-1
0004334.png	16 ноября
0004335.png	Немецкие поэты
0004336.png	Биография
0004337.png	Комментарии
0004338.png	Кэрол Кейн, американская актриса, обладательница двух премий «Эмми».
0004339.png	Паисий
0004340.png	Гидрология
0004341.png	Библиография
0004342.png	Западные и восточные пути встретились
0004343.png	Царевичи
0004344.png	Определение
0004345.png	Способы предотвращения
0004346.png	Биография
0004347.png	Трудовая деятельность
0004348.png	Водный
0004349.png	Кинематограф
0004350.png	Транспортные узлы: железнодорожные станции и вокзалы
0004351.png	Машиностроение, приборостроение, металлообработка
0004352.png	В австрийской экономической школе
0004353.png	Курфюрсты Саксонии
0004354.png	Примечания
0004355.png	Гормоны
0004356.png	Игроки сборной России по футболу
0004357.png	Изделия, изготовленные с применением латекса
0004358.png	К верблюжьему молоку следует привыкать, постепенно увеличивая его употребление.
0004359.png	События
0004360.png	«Единая Россия» и пенсионная реформа (2018)
0004361.png	Родившиеся в 1497 году
0004362.png	Сборники рассказов
0004363.png	Литература
0004364.png	Длина катета равна произведению длины гипотенузы и синуса противолежащего угла:
0004365.png	Население составляет  чел. ().
0004366.png	В 1894 году окончил юридический факультет Санкт-Петербургского университета.
0004367.png	В Константинополе заложен храм Св. Софии.
0004368.png	Примечания
0004369.png	Климат
0004370.png	Железнодорожное
0004371.png	Александр Бушков. ВРЕМЯ УЧЕНИКОВ
0004372.png	Томский фтизиопульмонологический медицинский центр
0004373.png	территориальные округа Дагестана;
0004374.png	Примечания
0004375.png	См. также: :Категория:Умершие в 1195 году
0004376.png	ООО «Ногинская фабрика»,
0004377.png	системная красная волчанка;
0004378.png	Сленг отаку
0004379.png	Примечания
0004380.png	Буддийские мантры
0004381.png	Таммуз может означать:
0004382.png	Города Западной Сахары
0004383.png	Сборник антивоенных статей
0004384.png	События
0004385.png	Церковный Устав Владимира
0004386.png	Основатели монастырей
0004387.png	Начальники Главного штаба Войск ПВО страны
0004388.png	Литература
0004389.png	Источник.
0004390.png	Последователи Святого Николая
0004391.png	Космическая энциклопедия .
0004392.png	Музеи и художественные галереи
0004393.png	Государственный переворот в Румынии.
0004394.png	Криптография
0004395.png	имеющая лучшую разницу шайб в матчах со всеми командами
0004396.png	Джон Хэнкок
0004397.png	Награды
0004398.png	Кара-Богаз-Гол
0004399.png	Закрывшиеся журналы Санкт-Петербурга
0004400.png	Медитационная музыка
0004401.png	Тихоцкие
0004402.png	Российские военные объекты за рубежом
0004403.png	Полынь
0004404.png	Термин
0004405.png	Соло-гитаристы
0004406.png	1418 км: руч. Добрый (лв)
0004407.png	Гиады (Калипсо также иногда причисляют к числу гиад)
0004408.png	Макросы в программировании
0004409.png	История венгерской литературы
0004410.png	10 ноября
0004411.png	География
0004412.png	Для вакуума , .
0004413.png	Ссылки
0004414.png	Вольфганг Штарк, немецкий футбольный арбитр.
0004415.png	Факультеты
0004416.png	Итоги
0004417.png	Президиум Иркутского научного центра СО РАН
0004418.png	«Северная идиллия» (1892), Государственная Третьяковская галерея.
0004419.png	См. также
0004420.png	Гумбо (американское)
0004421.png	Экономика
0004422.png	Анабиоз
0004423.png	Боэций Дакийский
0004424.png	развитием отраслей промышленности и предпринимательства;
0004425.png	Ачинский городской Дворец культуры
0004426.png	См. также: :Категория:Умершие 31 июля
0004427.png	Кицурэгава-хан ()
0004428.png	Свободные аудиокодеки
0004429.png	Персоналии:Крым
0004430.png	Биография
0004431.png	Детство и юность
0004432.png	«Наше радио». Входит в медиа-холдинг «Ника»
0004433.png	Со стороны центральной и периферической нервной системы
0004434.png	Столицы провинций
0004435.png	Ссылки
0004436.png	Литература
0004437.png	Нерасшифрованные письменности
0004438.png	Шизофрения
0004439.png	См. также
0004440.png	Азиатская кухня
0004441.png	Она постучала себя пальцем по лбу рядом с объективом «третьего глаза» и сказала:
0004442.png	Международные
0004443.png	Процессы, обеспечивающие дискурсивные поля
0004444.png	Графиня Ирина Ивановна Зубова.
0004445.png	История права России
0004446.png	Макеевуголь (город Макеевка)
0004447.png	СПбНИУ ИТМО
0004448.png	Писатели США
0004449.png	На стол перед всеми игроками кладутся три карты в открытую.
0004450.png	Взгляды
0004451.png	См. также
0004452.png	См. также
0004453.png	Победитель (5): 1961, 1975, 1977, 1994, 1996
0004454.png	Мосты в Александровском парке
0004455.png	Сайт хистрф.ру Что такое русский тарч?
0004456.png	Цель технической экспертизы
0004457.png	Владивосток
0004458.png	Глава правительства
0004459.png	Международные связи
0004460.png	Бенигно Акино-мл. (убит 1983), филиппинский политик.
0004461.png	Примечания
0004462.png	Автобус
0004463.png	Международная федерация журналистов
0004464.png	Психоанализ
0004465.png	Авторы-исполнители России
0004466.png	Центр профессиональной переподготовки
0004467.png	Джакомо Антонелли (1848), (1 раз);
0004468.png	Показания
0004469.png	Воздействие на различные системы органов
0004470.png	Заложен город Тобольск
0004471.png	Граф Гродзицкий (ЦП)
0004472.png	Переводчики поэзии на болгарский язык
0004473.png	Питание
0004474.png	См. также
0004475.png	Василий Слепцов
0004476.png	Таблица перевода единиц измерения давления.
0004477.png	В ряде городов России, Белоруссии, Украины и Казахстана есть улица Томская.
0004478.png	Тиргартен
0004479.png	Внешняя политика
0004480.png	Бывшие районные центры Германии, перешедшие другим государствам
0004481.png	Населённые пункты Ханты-Мансийского автономного округа
0004482.png	Ледниковый период
0004483.png	Интифада
0004484.png	Эрэлхэг Монголын золтой ардууд
0004485.png	Игорь Смольников
0004486.png	Средний Восток в эпоху Древности
0004487.png	Публицисты Франции
0004488.png	Асени
0004489.png	В искусстве
0004490.png	К хирургическим относятся первичная и вторичная хирургическая обработка раны.
0004491.png	Литература
0004492.png	ВАЗ-416
0004493.png	Почётные граждане Еревана
0004494.png	По национальности чеченец.
0004495.png	Родившиеся в 1954 году
0004496.png	Орен, Михаэль Почему боялись русских и не спешили освобождать Старый город
0004497.png	Высшая школа медицины
0004498.png	Логистический центр в г. Днепропетровске.
0004499.png	Паразитологический сборник (основан акад. Е. Н. Павловским)
0004500.png	Манила (), Филиппины
0004501.png	Изборская долина
0004502.png	Посвящение в духовный сан
0004503.png	Флаг Азорских островов
0004504.png	сравнительно-сопоставительные;
0004505.png	Вероятно, что от этого рода отделились 2 ветви Загряжских;
0004506.png	мост у г. Мамадыш (автодорога М-7),
0004507.png	О. Виро. Элементарная топология. 2010.
0004508.png	Реформирование политической системы
0004509.png	однако с некоторыми ограничениями: при возникновении неопределённых ситуаций
0004510.png	Сергей Глушко (Тарзан) , российский актёр, певец, бодибилдер и стриптизёр.
0004511.png	Диоскуриада
0004512.png	Критика
0004513.png	Микрорайон Фирсановка:
0004514.png	В ролях
0004515.png	Ссылки
0004516.png	Примечания
0004517.png	Примечания
0004518.png	Ленинградские конструктивисты:
0004519.png	«Наполеон» (1927).
0004520.png	Философы Российской империи
0004521.png	Семья, дети и внуки
0004522.png	Игроки ФК «Сатурн-1991»
0004523.png	Орден Святого Владимира 3-й степени (1805)
0004524.png	Ссылки
0004525.png	Национальный реестр фильмов
0004526.png	Мобильная связь
0004527.png	Режиссёры: Александр Алов, Владимир Наумов
0004528.png	Историки Российской империи
0004529.png	здание медучилища в Таллине;
0004530.png	Примечания
0004531.png	Концепция адвайты
0004532.png	См. также
0004533.png	Побочное действие
0004534.png	Маршак Самуил стихи в Антологии русской поэзии
0004535.png	Нашёл следующие краткие сведения:
0004536.png	Лазерное разделение материалов
0004537.png	Белла Ахмадулина
0004538.png	Биография и творчество
0004539.png	Физика
0004540.png	Наследие
0004541.png	память священномученика Александра, епископа Иерусалимского (251);
0004542.png	Физиология труда
0004543.png	Космология
0004544.png	Литература
0004545.png	Фильмы о роботах
0004546.png	Примечания
0004547.png	Представители в Федеральном собрании
0004548.png	Браки и дети
0004549.png	Международный комитет мер и весов
0004550.png	См. также
0004551.png	Существующие
0004552.png	Обладатель Суперкубка Португалии (3): 2001, 2003, 2004
0004553.png	Преподаватели Московского учительского института
0004554.png	Литература
0004555.png	Западная Африка
0004556.png	Журналы
0004557.png	Награды, появившиеся в 1992 году
0004558.png	Писатели Польши
0004559.png	Группа медицинских работников: 97 депутатов
0004560.png	Пермский научный центр
0004561.png	или, сокращённо, записав всё вместе:
0004562.png	«Знак воина» (1996)
0004563.png	Уравнения Онсагера для многокомпонентной диффузии и термодиффузии
0004564.png	«Много шума из ничего»: Маргарита
0004565.png	Синклер Льюис, «У нас это невозможно» (1935).
0004566.png	В живописи
0004567.png	Литература
0004568.png	Также она выражается через производную гамма-функции:
0004569.png	Мифологические источники
0004570.png	ООО «Самсон»
0004571.png	под которой произошёл подземный или подводный ядерный взрыв;
0004572.png	размера, содержания и сроков обязательств.
0004573.png	Грузия
0004574.png	116: Гай Лициний Гета и Квинт Фабий Максим Эбурн
0004575.png	Литература
0004576.png	275 км: Большая Камышная
0004577.png	См. также
0004578.png	Перемирие Афин и Спарты на 5 лет.
0004579.png	См. также
0004580.png	Сайты США
0004581.png	Посуда
0004582.png	Исидор так описал бедствия населения Пиренейский полуострова от пришельцев:
0004583.png	Бронзовый призёр чемпионата Европы: 1983.
0004584.png	Редакторы словаря
0004585.png	Ботанический сад;
0004586.png	Мэр города Черкесска
0004587.png	См. также
0004588.png	Динамическая проверка типов и информация о типах
0004589.png	Стингер
0004590.png	Кибернетика
0004591.png	Гранд-офицер Национального ордена Льва (Сенегал)
0004592.png	Источники
0004593.png	Выпускники Кембриджского университета
0004594.png	Тойлыев, Аман Озбекович
0004595.png	Валидаторы
0004596.png	квартал «Форелевое хозяйство» (бывшая территория подсобного хозяйства «Сходня»)
0004597.png	Культ
0004598.png	Оздоев, Мурад Ахмедович (08.05.1995, 152)
0004599.png	Средние века
0004600.png	Парки, скверы, общественные пространства
0004601.png	Выпускники Пизанского университета
0004602.png	Родились
0004603.png	Похороненные на Центральном кладбище Вены
0004604.png	Отнесение к группам меньшинств
0004605.png	Завод антибиотиков.
0004606.png	Критика и скептицизм в отношении идеи Бога
0004607.png	Ансамбль восточной части
0004608.png	Установлены дипломатические отношения между Казахстаном и Венгрией.
0004609.png	Выделяются три центра развития науки:
0004610.png	В. Суханов. О даре языков в древней Церкви
0004611.png	Классификация Хэда
0004612.png	Увлечения
0004613.png	Изобретатели Италии
0004614.png	Ибн Таймия, мусульманский богослов.
0004615.png	Методы регулирования разделяются на:
0004616.png	Сравнение производится методом простого поиска подстроки. Например, запись
0004617.png	Муниципалитет Льивия, входящий в состав Испании, окружает Франция.
0004618.png	Игровые контроллеры
0004619.png	Групповой индекс
0004620.png	волосы, иглы, перья;
0004621.png	Реакции олигомеризации, полимеризации и циклообразования
0004622.png	Президентом Венгрии избран Арпад Сакашич.
0004623.png	Любовь Савицкая, «Правда.Ру»:
0004624.png	Медицина
0004625.png	Родившиеся в 1762 году
0004626.png	Классическая генетика
0004627.png	Строительный
0004628.png	Аналитика
0004629.png	институт военно-технического образования;
0004630.png	Старомонетный переулок
0004631.png	Примечания
0004632.png	Возвращение самостоятельности Хорезма.
0004633.png	Церковь в честь иконы Божией Матери «Живоносный источник» и мученицы Агриппины.
0004634.png	Экономика
0004635.png	18 января
0004636.png	23 апреля
0004637.png	Литература
0004638.png	Промышленность
0004639.png	См. также
0004640.png	Мечеть «Марьям» (Черниковка)
0004641.png	Сотрудники ГРУ
0004642.png	Насекомые Евразии
0004643.png	Стеганографические модели
0004644.png	98 км: Грязнуха
0004645.png	не модифицирующие ничего.
0004646.png	Пища и религия
0004647.png	Литература
0004648.png	24 сентября
0004649.png	Курчатов был назначен научным руководителем всех работ;
0004650.png	Санкции
0004651.png	Ссылки
0004652.png	Взгляды
0004653.png	Отношение к евгенике
0004654.png	"Город" - центральная часть;
0004655.png	Ссылки
0004656.png	Регентство Чжоу-гуна и Чжао-гуна (Эпоха «Всеобщее согласие»).
0004657.png	Примечания
0004658.png	Примечания
0004659.png	Достопримечательности
0004660.png	Комниновский маньеризм
0004661.png	ООО «Транснефть-Восток», дочернее предприятие ОАО АК «Транснефть»;
0004662.png	Литература
0004663.png	Понятия этики
0004664.png	непродуктивная эйфория, бессодержательно-весёлое настроение.
0004665.png	Гунзибцы
0004666.png	1-я премия на Международном конкурсе имени Г. Вигана в Праге (1950)
0004667.png	Классификация
0004668.png	«Пневматику» Герона (1575, опубликовано посмертно);
0004669.png	Наука в СССР
0004670.png	Физические свойства
0004671.png	Биография
0004672.png	Ссылки
0004673.png	В повести «Тень над Иннсмутом» (1931) Ктулху поклоняются Глубоководные.
0004674.png	Ссылки
0004675.png	См. также
0004676.png	Ссылки
0004677.png	7 октября
0004678.png	Литература
0004679.png	Память
0004680.png	Примечания
0004681.png	имеет противоопухолевую направленность;
0004682.png	Скончались
0004683.png	Международные отношения
0004684.png	Фильмы и сериалы
0004685.png	Предыстория
0004686.png	Служба Ивану Грозному
0004687.png	Физико-географическая характеристика
0004688.png	Иконостас
0004689.png	Типология литературных жанров
0004690.png	«Золотая долина» (1937)
0004691.png	Глава государства
0004692.png	Игорь (Джефф) Жевтун
0004693.png	Психология толпы
0004694.png	Ника Дубровская «Восстание овощей» 90-летие со дня рождения Д. Родари
0004695.png	Редкие виды (Красная книга Чувашской Республики):
0004696.png	Энергетика
0004697.png	Премии и звания
0004698.png	Этнографы России
0004699.png	Игорь Морозов, бывший полковник КГБ СССР:
0004700.png	Шляхетские роды герба Корвин
0004701.png	Шарль Гийом открыл первый инварный сплав.
0004702.png	Председатели Совета народных комиссаров Эстонской ССР
0004703.png	В кинематографе
0004704.png	Похороненные в Баден-Бадене
0004705.png	Асува ();
0004706.png	УСТР-1
0004707.png	После войны
0004708.png	Премьер-министры Фиджи (республика, после 1987)
0004709.png	События
0004710.png	Флаги международных организаций
0004711.png	Грамматика латинского языка
0004712.png	Печатные издания
0004713.png	Русские писатели по алфавиту
0004714.png	2022 год космодром находится в ведении Минобороны России.
0004715.png	По объекту тестирования
0004716.png	Персоналии:Московский академический театр им. Вл. Маяковского
0004717.png	Литература
0004718.png	См. также: :Категория:Родившиеся в 1933 году
0004719.png	См. также
0004720.png	Абазины
0004721.png	1993: «Великое Кольцо-1993» за рассказ «Бубен Верхнего мира»
0004722.png	И, кроткий, как ручной осёл,
0004723.png	Несбывшиеся предсказания Ванги (из книги Л. Орловой «Ванга. Взгляд на Россию»):
0004724.png	Библиография
0004725.png	Статутные города Чехии
0004726.png	См. также
0004727.png	1084 км: без названия
0004728.png	Искитимский городской историко-художественный музей
0004729.png	Фенол (дезинфицирующее средство)
0004730.png	Примечания
0004731.png	(«Крайняя», самый высокий звук), покровительствует подлунному миру.
0004732.png	Литература
0004733.png	Гражданская война в Мозамбике
0004734.png	Галерея
0004735.png	Примечания
0004736.png	Продолжается Столетняя война
0004737.png	В честь царицы Тамары назван астероид (326) Тамара, открытый в 1892 году.
0004738.png	Князь Мира Сего
0004739.png	Выпускники Кембриджского университета
0004740.png	Механизмы функционирования экосистемы
0004741.png	Похороненные на Новодевичьем кладбище
0004742.png	Атлас автомобильных дорог Саратовской области. Саратов, 2000.
0004743.png	Примечания
0004744.png	Показания
0004745.png	Почвы и гидрология
0004746.png	Умершие в 60-е годы
0004747.png	Происходят попытки контрабандного вывоза ореха гражданами КНР.
0004748.png	Клотоида
0004749.png	16 апреля
0004750.png	Эдгар Берроуз (р. 1875), американский писатель, автор романов о Тарзане.
0004751.png	«Дуэль в океане»
0004752.png	Образование и наука
0004753.png	Рельеф, внутренние воды, полезные ископаемые, почвы
0004754.png	Комментарии
0004755.png	Зам. командующего: бригадный генерал Али Фадави
0004756.png	Однажды в беседе с одним из своих почитателей Гендель сказал:
0004757.png	Герой Народной Республики Болгария (НРБ, 1988);
0004758.png	Алюминий-ионный аккумулятор
0004759.png	Примечания
0004760.png	Димы Греции
0004761.png	В 1885 году А.М.Зайцев был избран членом-корреспондентом Академии Наук.
0004762.png	Видеоцентр
0004763.png	Примечания
0004764.png	Морис Демерс («Жертвуя пешкой», США, 2015)
0004765.png	От Шестидневной войны до Войны Судного дня
0004766.png	О, мой Дайду, служивший опорой всему монгольскому народу!
0004767.png	Кларенс Зеедорф
0004768.png	Пять орденов Ленина (в том числе 31.01.1939, 30.12.1948, 06.11.1951, 03.11.1952)
0004769.png	в металлургии в качестве защитного инертного газа для выплавки чистых металлов;
0004770.png	Армянский театр «Амазгаин»
0004771.png	Вооружённые силы
0004772.png	Улица Декабристов
0004773.png	Примечания
0004774.png	Рыболовство и морские промыслы
0004775.png	Мифология алтайцев
0004776.png	собственно гобой, с коническим раструбом;
0004777.png	Парки и скверы
0004778.png	сходство сетевого маркетинга с мошенническими схемами финансовых пирамид;
0004779.png	Жуковка (левый)
0004780.png	Пасхальная трапеза: как окрасить яйца к Пасхе
0004781.png	История
0004782.png	Хлебников в Персии (1921)
0004783.png	Украинцы
0004784.png	Ссылки
0004785.png	Пульмонология
0004786.png	Фермионы
0004787.png	Города на Оби
0004788.png	Воздухоплавание
0004789.png	НЭТК (бывший Арзамасский кооперативный техникум)
0004790.png	Из записок
0004791.png	Усиление звука
0004792.png	Родились
0004793.png	Биография
0004794.png	Гинцбург, Александр Леонидович
0004795.png	Использование
0004796.png	Награды ГДР
0004797.png	Вечный огонь: Косо Елуль
0004798.png	Комментарии
0004799.png	Литература
0004800.png	Плотности некоторых жидкостей
0004801.png	180 км: Искитим (длина 55 км)
0004802.png	Также растворители делят по их роли в образовании водородной связи:
0004803.png	Биология
0004804.png	Экономика
0004805.png	делится (нацело) на .
0004806.png	Кислотные оксиды
0004807.png	Восьмого Марта, 4-я улица
0004808.png	Разделы астрологии
0004809.png	Формула нормальных напряжений от момента будет иметь вид:
0004810.png	Африка и Ближний Восток
0004811.png	Фамилия
0004812.png	Согласно Сковороде, всё сущее состоит из трёх миров:
0004813.png	В Москву прибыло первое посольство из Средней Азии.
0004814.png	Области и методы применения
0004815.png	Ассистенты режиссёра
0004816.png	Лукас А. Материалы и ремесленные производства древнего Египта. М., 1958
0004817.png	Письма, дневники, документы, фотографии
0004818.png	Вуковица
0004819.png	3-бромкамфора
0004820.png	Национальный состав
0004821.png	13-е составное число
0004822.png	«Бенни Хилл: лучшее» (, 1974)
0004823.png	Давид, царь Израильско-Иудейского государства (примерная дата).
0004824.png	Жанне
0004825.png	Казачий чин современного казачества
0004826.png	Китай
0004827.png	Фёкла Иконийская
0004828.png	Сердце моё (сентябрь, 2008)
0004829.png	сушка слоя сорбента.
0004830.png	Персоналии по алфавиту
0004831.png	1918 год в Краснодарском крае
0004832.png	Ссылки
0004833.png	Диагностика
0004834.png	Статья о Девау на немецком
0004835.png	Память святителя Келестина, папы Римского (432 год);
0004836.png	Ссылки
0004837.png	Цвет диатомита обычно колеблется от светло-серого до желтовато-серого.
0004838.png	Техническое развитие
0004839.png	Ссылки
0004840.png	Личная жизнь
0004841.png	Католицизм
0004842.png	Киргизия
0004843.png	Влияние
0004844.png	Схемы и модели полёта Розетты
0004845.png	Известные ижевчане
0004846.png	Семья
0004847.png	Тонкая кишка человека
0004848.png	МО, основанные на балансе интересов
0004849.png	Ранние годы жизни
0004850.png	Капитаны «Барселоны» в чемпионатах Испании.
0004851.png	Насильно постриженные в монахи
0004852.png	Примечания
0004853.png	Ссылки
0004854.png	В Армянской апостольской церкви
0004855.png	МТЗ-80.1)
0004856.png	Клавдий Клавдиан. Поэма «Феникс».
0004857.png	Округа Тверской области
0004858.png	Январь
0004859.png	Дикая банда (1896)
0004860.png	Чемпион  2-е место  3-е место  4-е место
0004861.png	См. также
0004862.png	Профессор Виктор Погадаев: от базарного к литературному малайскому
0004863.png	История Саксонии
0004864.png	Первый тип ордена Ленина был утверждён 23 мая 1930 года.
0004865.png	Король Иоанн
0004866.png	Память
0004867.png	Примечания
0004868.png	Писатели Франции
0004869.png	Знаменитые алмазы и бриллианты
0004870.png	Осенью князья Ци и Сун провели съезд в Тао.
0004871.png	получается цитрат
0004872.png	Политика Чехии
0004873.png	Орден Орлиного креста 1-й степени (6 июня 1930, Эстония)
0004874.png	Калашников Михаил Тимофеевич: Досье в энциклопедии «Кругосвет»
0004875.png	Свободная музыка
0004876.png	В независимой Молдове
0004877.png	Сравнительная оценка
0004878.png	Единицы измерения
0004879.png	Почётные граждане Костаная
0004880.png	Никольская башня
0004881.png	Певцы и певицы Франции
0004882.png	Маршал
0004883.png	Правители
0004884.png	Тэмми Макинтош, австралийская актриса.
0004885.png	Прототипы ницшеанского сверхчеловека
0004886.png	Похороненные на Новодевичьем кладбище
0004887.png	Связь с другими районами города осуществляется:
0004888.png	Антибиотики: оригинальные и дженерики
0004889.png	Примечания
0004890.png	Есенинский бульвар
0004891.png	Чемпионы СССР по шахматам
0004892.png	Чемпионы Европы по лёгкой атлетике
0004893.png	Схема метрополитена с отображением подземных выходов и переходов
0004894.png	Родились
0004895.png	Импульс в квантовой механике
0004896.png	Полунощница воскресная,
0004897.png	Древняя Греция
0004898.png	Драматурги Франции
0004899.png	18 муниципальных районов,
0004900.png	После пышных национальных похорон прах писателя был помещён в Пантеон.
0004901.png	Танкист (1974)
0004902.png	Симеон Данилович (ум. после 1322)
0004903.png	сеть магазинов и гипермаркетов «Магнит»;
0004904.png	Производители огнестрельного оружия США
0004905.png	канцелярии тайные советники
0004906.png	Йонна Лильендаль, шведская актриса
0004907.png	память преподобного Кассиана грека, Угличского чудотворца (1504);
0004908.png	Преподаватели Александровского коммерческого училища
0004909.png	Литература
0004910.png	Депутаты Совета Национальностей от Калмыцкой АССР
0004911.png	ООО «Энгельсский хлебокомбинат»
0004912.png	28. Мангальсала,
0004913.png	Лесоводы Российской империи
0004914.png	Награды
0004915.png	Раздел театра
0004916.png	Король Норвежский, мира запросил,
0004917.png	Личная жизнь
0004918.png	Выбросы в атмосферу
0004919.png	Тиберий перестраивает храм Касторов.
0004920.png	В других областях
0004921.png	Наталья Водянова, российская модель
0004922.png	Населённые пункты Саратовской области
0004923.png	Учреждение культуры «Брестский областной краеведческий музей»
0004924.png	Мишель Гомес, шотландская актриса кино и телевидения.
0004925.png	Джангитау (5058 м)
0004926.png	Функтор переводит коммутативные диаграммы в коммутативные диаграммы.
0004927.png	Метонов цикл
0004928.png	психофизиология мотивации и эмоций;
0004929.png	ОАО «Механический завод»
0004930.png	Союз с Австрией
0004931.png	Фильмы СССР 1970 года
0004932.png	По состоянию на сентябрь 2019 года решение по иску не принято.
0004933.png	Народы Британских островов
0004934.png	Карачаровская 2-я улица
0004935.png	В Тамбове есть улица Рылеева.
0004936.png	Альфа-гранулы тромбоцитов
0004937.png	«Три жестоких человека» (1956, США)
0004938.png	Медаль «В память 850-летия Москвы»
0004939.png	Зоонозы
0004940.png	Лечение злокачественных новообразований
0004941.png	Упразднённые ЗАТО
0004942.png	Города республиканского подчинения Азербайджана
0004943.png	Скаковая улица
0004944.png	Туристские услуги
0004945.png	Ипатьевский переулок
0004946.png	Климат
0004947.png	Пустой список параметров: ()
0004948.png	Искусственные спутники Марса
0004949.png	Публицисты Франции
0004950.png	«Деловой Мценск»
0004951.png	Блохинцев, Дмитрий Иванович
0004952.png	Записки
0004953.png	Смоленская АЭС является филиалом концерна АО «Концерн Росэнергоатом».
0004954.png	Текстологи
0004955.png	дегидрогалогенирование: хинолин;
0004956.png	Родились
0004957.png	Инфраструктура
0004958.png	Улан-Удэ. Озеро Байкал (катер «Верный»). Москва, Плакат, 1988.
0004959.png	сельские населённые пункты.
0004960.png	ранг матрицы  равен рангу расширенной матрицы ,
0004961.png	, Невинномысск
0004962.png	Примечания
0004963.png	У южных славян
0004964.png	, Канада
0004965.png	новелла
0004966.png	Простая группа Ли
0004967.png	Камни в мочевыводящих путях
0004968.png	Электронные часы
0004969.png	Народные депутаты СССР от научных обществ и ассоциаций АН
0004970.png	Члены Санкт-Петербургского математического общества
0004971.png	Назначение
0004972.png	Членство в организациях
0004973.png	Боги, восходящие к индоевропейскому громовержцу
0004974.png	Монго
0004975.png	Королевский военно-морской флот
0004976.png	Прогрессорство и Московский методологический кружок
0004977.png	В честь него была названа моторная лодка Пинской флотилии.
0004978.png	Примечания
0004979.png	Тузла, Босния и Герцеговина
0004980.png	Ссылки
0004981.png	Сегментата, Сквамата, Хамата
0004982.png	Орден Святого Владимира 3-й степени (13.10.1813)
0004983.png	Канадский музей сельского хозяйства
0004984.png	Цари государства Селевкидов
0004985.png	Современное использование
0004986.png	Экономика
0004987.png	Литература
0004988.png	Капитан 1-го ранга (7.05.1969)
0004989.png	Также в Городском округе есть ещё 3 бюста:
0004990.png	«Крылья Советов» в творчестве и культуре
0004991.png	См. также
0004992.png	География и транспорт
0004993.png	Румынская кухня
0004994.png	Мы разучились нищим подавать,
0004995.png	Боливарианский альянс для народов нашей Америки
0004996.png	Персоналии по алфавиту
0004997.png	Ввод в эксплуатацию
0004998.png	Литература
0004999.png	с Польской кампании Вермахта началась Вторая мировая война.
0005000.png	Кавалеры ордена Святого Александра Невского
0005001.png	Командующие армиями в Великой Отечественной войне
0005002.png	Отношения с Гавестоном
0005003.png	Другое
0005004.png	Притоки Дуная
0005005.png	Последнее публичное выступление В. И. Ленина (на пленуме Моссовета).
0005006.png	Ремонт
0005007.png	Города на Волге
0005008.png	Ссылки
0005009.png	Международный комитет мер и весов (1901)
0005010.png	Литература
0005011.png	Получил известность как автор статей и репортажей о России и Чечне.
0005012.png	Царь: Тулл Гостилий.
0005013.png	Композитор: Юрий Потеенко
0005014.png	Ссылки
0005015.png	Положение и скелетотопия
0005016.png	Императоры Западной Римской империи
0005017.png	Действие происходит в Александровской слободе осенью 1572 года
0005018.png	Побочное действие
0005019.png	судьбы могучих
0005020.png	Примечания
0005021.png	Используя стандартные комбинаторы  и ,
0005022.png	Монастыри
0005023.png	Русские эмигранты пятой волны в Израиле
0005024.png	Музеи Белгородской области
0005025.png	краевые воды, расположенные ниже нефтяной залежи;
0005026.png	Кентаврос
0005027.png	Примечания
0005028.png	Австрией (Сен-Жерменский договор)
0005029.png	Барокко.
0005030.png	Количество жителей Резекне с 1808 по 2015 годы:
0005031.png	См. также: :Категория:Праздники 23 марта
0005032.png	Варианты
0005033.png	Применение
0005034.png	Угда ()
0005035.png	1960 Твои рисунки (музыка Микаэла Таривердиева)
0005036.png	Обтюратор
0005037.png	Спорт
0005038.png	Ссылки
0005039.png	Предпосылки
0005040.png	Биография
0005041.png	Религиозные сочинения
0005042.png	Ротонда на набережной Камы (1824);
0005043.png	История
0005044.png	Его имя присвоено Армянскому педагогическому институту.
0005045.png	Основание Великого княжества Литовского.
0005046.png	Появились в 1936 году в Германии
0005047.png	МКАД 44 км
0005048.png	Форма выпуска
0005049.png	Распространение
0005050.png	Источники питания
0005051.png	Адмиралтейство (в руинах)
0005052.png	Участники Гражданской войны в России
0005053.png	Культура и образование
0005054.png	Завершение строительства в районе Воронежа флотилии морских судов.
0005055.png	Лоран Косьельни, французский футболист польского происхождения.
0005056.png	История
0005057.png	См. также
0005058.png	четыре ордена Трудового Красного Знамени (3.5.1937, 26.10.1948, 16.6.1954, 1971)
0005059.png	Третий рейх
0005060.png	Микмаки
0005061.png	История еврейского народа
0005062.png	Джаз ночью (2017)
0005063.png	Список участников
0005064.png	Педагоги по алфавиту
0005065.png	Труды
0005066.png	Римская империя
0005067.png	Ссылки
0005068.png	См. также
0005069.png	Кировский район
0005070.png	См. также
0005071.png	Порты Великобритании
0005072.png	Тонкая настройка Вселенной
0005073.png	Промышленность
0005074.png	Бирюкова Вера, художественная гимнастика (2016 год)
0005075.png	Рассеяние
0005076.png	Киргизия
0005077.png	Пропанидид метаболизируется в печени. Продукты метаболизма выделяются почками.
0005078.png	Московская область
0005079.png	История вооружений
0005080.png	Военизированное управление железнодорожной сетью.
0005081.png	События
0005082.png	Спорт в Литовской ССР
0005083.png	10 еврейских религиозных организаций (9 в г. Смоленск и 1 в г. Рославль)
0005084.png	Гилян
0005085.png	Цикл «Зубы настежь»
0005086.png	Материаловедение
0005087.png	Мыслитель античности Плутарх писал
0005088.png	Дворянские роды, на гербах которых изображены единороги
0005089.png	Лауреаты Царскосельской художественной премии
0005090.png	Старая могильная плита (, 1852)
0005091.png	2003 год
0005092.png	Наркотик, токсичен.
0005093.png	Команды, представляющие Молодечно в различных видах спорта:
0005094.png	Аркадные автоматы
0005095.png	События
0005096.png	Основные свойства классов антител перечислены в таблице ниже.
0005097.png	Васпуракан
0005098.png	И деревом, с кривым, замшелым боком.
0005099.png	Химический состав
0005100.png	В октябре 2024 исполняется 270 лет со дня рождения Павла Петровича.
0005101.png	Илишевский район
0005102.png	Системы классификации
0005103.png	Экономическое развитие города
0005104.png	Интересные факты
0005105.png	Диалекты татарского языка
0005106.png	Буйничское поле
0005107.png	2050-е годы
0005108.png	Культурная политика
0005109.png	См. также
0005110.png	Происхождение
0005111.png	Православие на Украине
0005112.png	Воспоминание об эскадрилье «Нормандия» (муз. М. Фрадкина, Е. Долматовского)
0005113.png	Экологическая этика
0005114.png	речь перед начальниками и старейшинами ();
0005115.png	Литературоведение
0005116.png	Киражи
0005117.png	Романтические кинокомедии США
0005118.png	Экранизации произведений
0005119.png	Общий вид алгоритма шифрования, использующего сеть Фейстеля:
0005120.png	Промышленность
0005121.png	Бат-Айн ()
0005122.png	Примечания
0005123.png	Системные заболевания
0005124.png	выделять роуминговые номера в процессе установления входящего вызова;
0005125.png	Алексей Петрушин
0005126.png	В литературе
0005127.png	Климат
0005128.png	Анитья
0005129.png	Индуцированные стволовые клетки
0005130.png	Наместничество в Киликии
0005131.png	Роль затмений в культуре и науке человечества
0005132.png	Этрурия, заключила военный договор у алтаря Волтумны о войне против Рима.
0005133.png	Правители
0005134.png	Кривая Минковского не имеет самопересечений.
0005135.png	художник: Александр Клименко
0005136.png	Лихорадка
0005137.png	Список монарших домов
0005138.png	Цианотипия
0005139.png	Треббия
0005140.png	Природный газ
0005141.png	Тегусигальпа (), Гондурас
0005142.png	Сравнение выпрямительных свойств транзистора и диода
0005143.png	В хронологическом порядке:
0005144.png	Судьи Российской империи
0005145.png	Красов, Андрей Леонидович (05.09.2008, 920)
0005146.png	География
0005147.png	Итальянский реваншизм
0005148.png	металлы (15,9 млрд);
0005149.png	История Дальнего Востока
0005150.png	Клетки
0005151.png	Виталий Кудрин (131-й общий)
0005152.png	Скончались
0005153.png	Лесосибирск в энциклопедии Мой Красноярск
0005154.png	21  Джимми Эрикссон 2015
0005155.png	Прибавление одной строки к другой строке,
0005156.png	Космическая подготовка
0005157.png	Связанные определения
0005158.png	Социальная организация
0005159.png	Казнённые учёные
0005160.png	сочетание исторического и логического анализов;
0005161.png	Примечания
0005162.png	32-й год по эре правления луского князя Си-гуна.
0005163.png	Фольклор
0005164.png	Бурятская АССР (1923)
0005165.png	Примечания
0005166.png	Исторические государства Америки
0005167.png	Города-побратимы
0005168.png	Внешняя политика
0005169.png	Фармакологическое действие
0005170.png	Люблин
0005171.png	Линкоры США
0005172.png	главная полоса обороны.
0005173.png	Вторая мировая война: окончание Рурской операции.
0005174.png	Ретрофит
0005175.png	Население
0005176.png	утрата двойственного числа;
0005177.png	Каллисто
0005178.png	Митридатовы войны
0005179.png	Почётные граждане Тюменской области
0005180.png	Музыкальные коллективы 1960-х годов
0005181.png	Депутаты Совета Союза 8-го созыва
0005182.png	Расстройство интеллекта
0005183.png	В посессивной именной группе
0005184.png	Термоэлектрические материалы
0005185.png	Ссылки
0005186.png	Этимология
0005187.png	Спорт и физическая культура
0005188.png	Индейцы Вермонта
0005189.png	Литература
0005190.png	14 октября
0005191.png	Старые модели
0005192.png	Генерала Ермолова, улица
0005193.png	Элементы фортификационных сооружений
0005194.png	Евангелическо-лютеранская поместная церковь Ганновера ()
0005195.png	См. также
0005196.png	Джучиды
0005197.png	Экономика
0005198.png	Фильмы о полицейских
0005199.png	Озвучивание мультфильмов
0005200.png	Установлены дипломатические отношения между Казахстаном и Мьянмой.
0005201.png	системным вызовом (вызовом функции операционной системы)
0005202.png	Страница мини-сериала в онлайн-кинотеатре Кино1ТВ
0005203.png	«Неожиданное знакомство с новой профессией»
0005204.png	Депутаты Совета Союза 7-го созыва
0005205.png	Главы Курска
0005206.png	Жажда и сухость во рту.
0005207.png	Похороненные на Введенском кладбище
0005208.png	Выпускники Главного педагогического института (до 1819 года)
0005209.png	общность интересов и увлечений
0005210.png	Литература Германии
0005211.png	Человеческий фактор
0005212.png	23 апреля. Всемирный день книги и авторского права
0005213.png	Длинношеяя башня
0005214.png	Тетюшский сельский район, в состав которого вошли:
0005215.png	Физико-географическая характеристика
0005216.png	Храповицкие
0005217.png	Туннельный перевод
0005218.png	Биография
0005219.png	улица Владимира Великого в Бориславе
0005220.png	См. также
0005221.png	Влияние «умеренных» доз алкоголя
0005222.png	Мемориальный комплекс «Вечная слава героям Отечества»;
0005223.png	Описание герба
0005224.png	Резиденция болгарских царей Врана
0005225.png	1873 Вена (Австро-Венгрия)
0005226.png	Задача о сделках
0005227.png	Мюнхен
0005228.png	В бонистике
0005229.png	Титул был ликвидирован Декретом ВЦИК и Совнаркома от 11 ноября 1917 года.
0005230.png	Вице-губернатор Ямайки
0005231.png	Почётные доктора Хельсинкского университета
0005232.png	Сверхъестественные способности
0005233.png	Скончались
0005234.png	С 2010 года проводится ежегодный фестиваль русской бани.
0005235.png	Распределение плотности
0005236.png	Геометрия треугольника
0005237.png	Ссылки
0005238.png	Ложные друзья переводчика
0005239.png	День защитника Отечества в России
0005240.png	Нямецкая духовная семинария
0005241.png	Лунные месяцы
0005242.png	Карнунт
0005243.png	Понижают уровень глюкозы в крови.
0005244.png	Участники Дарданелльского сражения
0005245.png	Национальный состав
0005246.png	Примечания
0005247.png	Ноябрь
0005248.png	Лауреаты премии Чамли
0005249.png	Январь
0005250.png	Астрономы по алфавиту
0005251.png	Медицинская паразитология
0005252.png	Формирование единого Грузинского царства
0005253.png	Народное собрание депутатов Дагестана
0005254.png	Литература
0005255.png	Транспортирование
0005256.png	Орден Ленина (1975),
0005257.png	Литература
0005258.png	Плато
0005259.png	Литература
0005260.png	Послы доброй воли ЮНИСЕФ
0005261.png	Окружные центры Техаса
0005262.png	Балашовский медицинский колледж
0005263.png	См. также
0005264.png	Литература
0005265.png	Переход обусловлен требованиями деятельности.
0005266.png	в Таджикистане запрещена Компартия.
0005267.png	Растительность
0005268.png	Биография
0005269.png	Архитектура и система команд
0005270.png	Ксенотрансплантация
0005271.png	Франция
0005272.png	Города-миллионеры ОАЭ
0005273.png	Католическая церковь
0005274.png	Мимир в современной культуре
0005275.png	Дэшил Хэммет;
0005276.png	См. также
0005277.png	Поэмы
0005278.png	Выпускники Военной академии имени М. В. Фрунзе
0005279.png	Если производная  определена, то получаем
0005280.png	Квантовая механика
0005281.png	Оптика
0005282.png	Шелковица
0005283.png	Россия К
0005284.png	Первая публикация в жанре фантастики состоялась в 2000 году.
0005285.png	Можайский музейно-выставочный комплекс
0005286.png	Авиационный
0005287.png	В Ольгинском районе населённых пунктов на реке нет.
0005288.png	Ссылки
0005289.png	Рекордсмены СССР по тяжёлой атлетике
0005290.png	Землетрясение на Тайване, более 2000 жертв.
0005291.png	Луизианская вуду
0005292.png	Анатомические препараты
0005293.png	часть римской улицы с колоннами
0005294.png	Внешний вид
0005295.png	Железнодорожный транспорт
0005296.png	Космический корабль «Союз-31»
0005297.png	История
0005298.png	Юрий Егоров (ум. 1982), кинорежиссёр и сценарист, народный артист РСФСР.
0005299.png	Престолонаследие на Руси
0005300.png	Мочевыделительная система
0005301.png	Сочинения
0005302.png	Межнациональная хоккейная лига на сайте «Хоккейные архивы»
0005303.png	Диалект
0005304.png	Тимишоара
0005305.png	Политики Австрии
0005306.png	Преднамеренные авиакатастрофы, устроенные пилотами воздушного судна
0005307.png	1932: землетрясение в Абруццо
0005308.png	а сам Константин Кинчев в 1996 году назвал его лучшим альбомом группы.
0005309.png	Гражданская 1-я улица
0005310.png	Связь
0005311.png	государственные
0005312.png	Вольф
0005313.png	Первобытная культура (1871).
0005314.png	Чемпион (2): 1973, 1974
0005315.png	Карьера
0005316.png	1675: «Цирцея», музыкальная драма Шарпантье
0005317.png	Рожь сей в золу, а пшеницу в пору.
0005318.png	Понятие эпилепсии
0005319.png	СДПГ (1863-н.д)
0005320.png	Платановая улица
0005321.png	Гипертензия
0005322.png	Боливарианский альянс для народов нашей Америки
0005323.png	В настоящее время применяются следующие виды лечения:
0005324.png	Технологии компиляторов
0005325.png	Литература
0005326.png	Примечания
0005327.png	Семья
0005328.png	Печение "Лепестки лотоса"
0005329.png	Структура организации
0005330.png	Секция информационных технологий и автоматизации
0005331.png	Структура
0005332.png	Процесс обучения
0005333.png	Персоналии, чья дата рождения не установлена
0005334.png	Оптический привод
0005335.png	Кремль, собор, Рентерея со спутника
0005336.png	Свободное, если для любых различных  и любого  выполняется .
0005337.png	Полигональная
0005338.png	Флаги с изображением солнца
0005339.png	Симптомы психических расстройств
0005340.png	Леонид Лавров
0005341.png	Объявлен ООН Международным годом мира.
0005342.png	Округ Сен-Пьер
0005343.png	Адвокаты по алфавиту
0005344.png	Населённые пункты Кабанского района
0005345.png	Катион
0005346.png	, Александр Подосинов
0005347.png	Конфедеративные Штаты Америки
0005348.png	Примечания
0005349.png	Музыка
0005350.png	Здесь работает «Омский Левша», микроминиатюрист Анатолий Коненко.
0005351.png	Применение
0005352.png	Религия
0005353.png	Промсвязьбанк
0005354.png	Почётные граждане Брянска
0005355.png	Государство и право
0005356.png	9.07.1958, залив Литуйя, (юго-запад Аляски).
0005357.png	Доказательная медицина
0005358.png	Русские эмигранты первой волны во Франции
0005359.png	См. также
0005360.png	МАУ «Муравленко Медиа»
0005361.png	Млекопитающие
0005362.png	Старение бумажных изделий
0005363.png	В Корее построен буддийский храм Хэинса
0005364.png	Степени сохранности языков
0005365.png	Прототипно-ориентированные языки программирования
0005366.png	География
0005367.png	Нечто существует.
0005368.png	Телеканал «Твой город» (кабельное ТВ УГМК-Телеком)
0005369.png	Биография
0005370.png	Принцип заурядности
0005371.png	Вопрос о праве потомства Кирилла на престол
0005372.png	Открылась Первая Всесоюзная конференция по аэродинамике.
0005373.png	Библиография
0005374.png	Армагеддон был вчера
0005375.png	Спортивные объекты
0005376.png	Применение
0005377.png	Гомао
0005378.png	Стрела Зенона
0005379.png	на других языках
0005380.png	Ссылки
0005381.png	Критика
0005382.png	Биография
0005383.png	Примечания
0005384.png	Программное обеспечение
0005385.png	См. также: :Категория:Родившиеся в 1165 году
0005386.png	Вариации
0005387.png	Литература
0005388.png	полковник (11.3.1941, временное повышение)
0005389.png	Мах Э. Механика. Историко-критический очерк её развития. Ижевск: РХД, 2000.
0005390.png	Символ белорусского рубля
0005391.png	4-й Европейский отдел: Польша, Чехословакия.
0005392.png	В Талмуде
0005393.png	Здравоохранение
0005394.png	17 января 1934 года образована Челябинская область.
0005395.png	Казахстан и Австралия установили дипломатические отношение.
0005396.png	Основные элементы текстового блока:
0005397.png	Из озёр да в ручья.
0005398.png	Панды в природе
0005399.png	Ежегодные фестивали
0005400.png	Астрономические объекты, открытые в 1655 году
0005401.png	К предварительным методам относятся:
0005402.png	Преподобные Русской Церкви
0005403.png	Римские бани
0005404.png	В состав графства входят 12 административных районов и 2 унитарные единицы.
0005405.png	Награждённые медалью Копли
0005406.png	См. также
0005407.png	Многочисленного народа нашего судьбу смиряя,
0005408.png	кардинал Джулиано Чезарини (1444);
0005409.png	Болонский процесс на сайте Томского государственного университета
0005410.png	Уилсон Пикетт (р. 1941), американский певец, исполнитель ритм-энд-блюза.
0005411.png	Историография
0005412.png	Мегхалая
0005413.png	Эрлан Абдылдаев (2016);
0005414.png	Ожидание (1916).
0005415.png	Панорама памятника Нахимову в Севастополе
0005416.png	В Германии
0005417.png	Трижды была замужем:
0005418.png	Разводы были крайне редкими. Разрешение на развод выдавал Святейший Синод.
0005419.png	Достопримечательности
0005420.png	Музеи
0005421.png	Гао Хуань взял Лоян и возвёл на престол Тоба Сю.
0005422.png	Генеалогия
0005423.png	Андижанский профессиональный (второй) колледж промышленный,
0005424.png	Фильмы студии «Мосфильм»
0005425.png	Татарстан
0005426.png	Интуиционизм
0005427.png	Район Фирдавси в Душанбе.
0005428.png	Мукомольный комбинат «Акталь»
0005429.png	Более дешевые продукты и услуги
0005430.png	Короед
0005431.png	Литература
0005432.png	Семеня
0005433.png	Библиотека
0005434.png	Персональный сайт
0005435.png	Иудаизм
0005436.png	Дисперсия может быть бесконечной.
0005437.png	Восточно-Сибирский государственный институт культуры,
0005438.png	Местное самоуправление
0005439.png	События
0005440.png	электронного диска (существовали версии объёмом 128 Кбайт, 512 Кбайт и 1 Мбайт)
0005441.png	Гражданская война в Руанде
0005442.png	События
0005443.png	Ячмень яровой 4279 га и 65477 ц
0005444.png	Скончались
0005445.png	Табакокурение считается грехом в некоторых религиях.
0005446.png	459 км: Лем
0005447.png	Религиоведы Франции
0005448.png	Биографические легенды
0005449.png	Свергнутые монархи
0005450.png	Пляжное регби
0005451.png	Русская православная церковь
0005452.png	Потом его природа испортится, и тогда
0005453.png	Рагнарёк
0005454.png	Континентальная хоккейная лига
0005455.png	Литература разных народов
0005456.png	Телевидение
0005457.png	Десмонд Туту стал первым чернокожим епископом англиканской церкви в ЮАР.
0005458.png	Гетинакс
0005459.png	Лиски
0005460.png	См. также
0005461.png	Частный сервитут
0005462.png	По форме мюзикл чаще всего представляет собой двухактный спектакль.
0005463.png	Сердечная недостаточность
0005464.png	История
0005465.png	Щецин
0005466.png	Парламент
0005467.png	Эстетическая стоматология
0005468.png	Знак абзаца
0005469.png	Зосима (в правление князя Звенигородского Андрея Васильевича)
0005470.png	Установлены дипломатические отношения между Белоруссией и Литвой.
0005471.png	Примеры термитно-зажигательных составов:
0005472.png	Лагранжев формализм
0005473.png	Среди научных работ:
0005474.png	Генерал-фельдмаршал (16.04.1878).
0005475.png	этология;
0005476.png	Дипломатическое поприще
0005477.png	Реки Баунтовского эвенкийского района
0005478.png	Знание биографии
0005479.png	1960-х
0005480.png	Литература
0005481.png	Культура
0005482.png	Бобби Икес, американская актриса, кантри-певица и телеведущая
0005483.png	Школа искусств
0005484.png	Географическое положение
0005485.png	Индия и Пакистан
0005486.png	Медаль «50 лет Победы в Великой Отечественной войне 1941-1945 гг.»
0005487.png	Мозамбика
0005488.png	низшие
0005489.png	Трамвай
0005490.png	Генералы Германской империи
0005491.png	Руководитель фракции
0005492.png	География германо-скандинавской мифологии
0005493.png	В литературе
0005494.png	Эрвин Нгапет, французский волейболист, олимпийский чемпион (2020).
0005495.png	Производство эфирных масел
0005496.png	Егорушка
0005497.png	16 июля
0005498.png	Литература
0005499.png	Литература
0005500.png	Радиостанции
0005501.png	История языка
0005502.png	Географическое положение
0005503.png	Скончался ученый в Дрездене в 1938 году.
0005504.png	И бура лохматит преферанс.
0005505.png	Становление театра
0005506.png	Апартеид на сайте «Про ЮАР»
0005507.png	ирландский святой Киэрон
0005508.png	Кривизна поля изображения
0005509.png	Краснознамённый институт КГБ СССР
0005510.png	Средние значения параметров абсорбции следующие:
0005511.png	Кинорежиссёры Китая
0005512.png	Александр Могильный
0005513.png	Поудо-Сонко
0005514.png	Я не забуду (муз. А. Эшпая, сл. В. Котова и Л. Дербенёва)
0005515.png	Персоналии по алфавиту
0005516.png	Шкала расстояний во вселенной
0005517.png	Литература
0005518.png	Успенская церковь (1643), Низкиничи, Владимирский район
0005519.png	Виды Шанхая
0005520.png	Конгрессы Священного союза
0005521.png	Храм в честь Покрова Божией Матери;
0005522.png	Герб Эсватини.
0005523.png	См. также
0005524.png	Салют-7.
0005525.png	Джимбиев Андрей Манганыкович
0005526.png	Определение пола
0005527.png	Сосланные в Вологду
0005528.png	После Ломакса
0005529.png	Ранние подходы к формированию ПСЧ
0005530.png	Прозвище
0005531.png	Православие
0005532.png	Церковь св. апп. Петра и Павла.
0005533.png	Число учреждений здравоохранения на конец года:
0005534.png	Пернамбукская революция
0005535.png	Даниил Трифонов, российский пианист и композитор.
0005536.png	Определения
0005537.png	Политическая деятельность
0005538.png	Библейские денежные и весовые единицы
0005539.png	Служба при Борисе и Фёдоре Годуновых
0005540.png	Примечания
0005541.png	«Ойкумена» (в 3 книгах)
0005542.png	детский дом,
0005543.png	Достопримечательности
0005544.png	Ссылки
0005545.png	Птицефабрика «Шекснинская»
0005546.png	Бант-склаваж
0005547.png	См. также
0005548.png	Джимми Батлер, американский баскетболист, олимпийский чемпион (2016).
0005549.png	Онтологический натурализм
0005550.png	Литература
0005551.png	В походах был:
0005552.png	Пилоты Формулы-1 1980-х годов
0005553.png	Умер Виллиброрд в монастыре в Эхтернахе.
0005554.png	Восточная Европа
0005555.png	Театр
0005556.png	Тепловые насосы
0005557.png	Исторические сведения и изучение
0005558.png	Губернаторы Пермской области и Пермского края
0005559.png	Организации по разработке ракетного оружия СССР и России
0005560.png	Социальная сфера
0005561.png	Примечания
0005562.png	Джидда (), Саудовская Аравия
0005563.png	См. также
0005564.png	Ссылки
0005565.png	Александровское
0005566.png	Октябрьский мост (Новосибирск);
0005567.png	Мальчик-богатырь, марийская сказка
0005568.png	Генерал-адъютанты (Российская империя)
0005569.png	Электрическое поле в среде
0005570.png	Игры с совершенной информацией
0005571.png	Фамилия
0005572.png	внутриартериально;
0005573.png	Архитектура и городское планирование
0005574.png	Среднее
0005575.png	Выпускники Берлинского университета
0005576.png	Клиенты:
0005577.png	Приставки СИ
0005578.png	Семья
0005579.png	Пулавы, Польша
0005580.png	Подотряд
0005581.png	Слово предоставляется Кирсанову, М., ГИЗ, 1930
0005582.png	Тайповое гостеприимство.
0005583.png	сканер изображений
0005584.png	Примечания
0005585.png	В действующем Положении о гербе и флаге города Орла внесены следующие статьи:
0005586.png	Продавец кошмаров (2006)
0005587.png	осуществляет управление федеральной собственностью и федеральным имуществом;
0005588.png	Исторические районы Санкт-Петербурга
0005589.png	Звукооператор: Борис Венгеровский
0005590.png	награждена медалью «За заслуги перед Чеченской Республикой» (2006).
0005591.png	Кнуд покровительствовал Вицелину и Людольфу, продолжавшим христианизацию земли.
0005592.png	Жорж Данден, или Одураченный муж, комедия (1668)
0005593.png	Конго
0005594.png	Двадцати Шести Бакинских Комиссаров, улица
0005595.png	Работа в ночное время
0005596.png	Фаэлан мак Мурхадо, король Лейнстера.
0005597.png	Умершие от сепсиса
0005598.png	В конце 1945 года Кади Абакарович Абакаров был демобилизован.
0005599.png	В форме геля он используется на коже для лечения младенческой гемангиомы.
0005600.png	Таджикистан
0005601.png	Персонажи по алфавиту
0005602.png	2-е Ульяновское танковое училище имени М. В. Фрунзе (расформировано в 1960 году)
0005603.png	Проблемы, решаемые голосовой биометрией
0005604.png	Православные: Николай, Северин, Сергей, Денис.
0005605.png	В биологии и анатомии
0005606.png	Примечания
0005607.png	Любой реактивный двигатель должен иметь, по крайней мере, две составные части:
0005608.png	Итоги года
0005609.png	Социальное обеспечение
0005610.png	Федерализм
0005611.png	К городу подходят три асфальтированные межмуниципальные автомобильные дороги:
0005612.png	Этимология
0005613.png	«Драматургия». Ксения Степанычева за пьесу «Похищение».
0005614.png	Генерал-адъютанты (Российская империя)
0005615.png	Средства воспроизведения временных интервалов
0005616.png	См. также
0005617.png	Принят торговый устав.
0005618.png	Левек, Элиз, канадская актриса
0005619.png	Биологические эффекты
0005620.png	Числительные
0005621.png	Ссылки
0005622.png	Предмет исследования
0005623.png	орден Красной Звезды (10.04.1943)
0005624.png	Тахион и тахионное поле
0005625.png	Полиция Российской империи
0005626.png	Члены КПСС
0005627.png	Волейбольная и баскетбольная площадки
0005628.png	Печаль (1911).
0005629.png	инертные газы с присадками щелочных металлов (или их солей);
0005630.png	Эратосфен Киренский, древнегреческий математик, географ и астроном;
0005631.png	Автобусный транспорт
0005632.png	22 мая 1962 года получил статус города краевого подчинения.
0005633.png	Порты России
0005634.png	24-я мотострелковая Железная дивизия
0005635.png	Паровозы серии Ь (ерь)
0005636.png	Примечания
0005637.png	Дети Мглы:
0005638.png	Ясенской (юго-восточная часть)
0005639.png	Заманкульская мечеть.
0005640.png	Книги
0005641.png	Ссылки
0005642.png	Биография
0005643.png	Русская гвардия
0005644.png	Архитекторы барокко
0005645.png	ОАО Саратовский завод «Серп и Молот»
0005646.png	Коэффициент удерживания
0005647.png	Литература
0005648.png	Лабытнангская городская газета «Вестник Заполярья»
0005649.png	Езиды
0005650.png	Примечания
0005651.png	Использование термина
0005652.png	Гражданская война в Сомали
0005653.png	Терентий Маревный.
0005654.png	Президентские выборы 2000 года
0005655.png	Окончания имперфекта:
0005656.png	Храм Успения Пресвятой Богородицы (с. Константиново)
0005657.png	Передвижной кинозал «Честер-паб».
0005658.png	См. также
0005659.png	Последовательность Фибоначчи
0005660.png	приготовление и акты покаяния:
0005661.png	неопределённые
0005662.png	Инженеры Российской империи
0005663.png	в соавторстве с Брайаном Гербертом
0005664.png	События 4 апреля
0005665.png	мкр. Полярный
0005666.png	Фармакодинамика
0005667.png	Золотой мяч (женщины)
0005668.png	«Почта военная»
0005669.png	Церковный Устав Владимира
0005670.png	Последовательности генома, не кодирующие белок
0005671.png	«Минтимер Шаймиев: Последний президент Татарстана» (Ирек Муртазин, русс. яз.)
0005672.png	Детский музыкальный театр имени Н. И. Сац
0005673.png	Производители компьютерных игр США
0005674.png	См. также
0005675.png	Литература
0005676.png	Узбекистан при Шавкате Мирзиёеве
0005677.png	Для целых отрицательных показателей коэффициенты разложения бинома  равны:
0005678.png	Радиоконструкторы
0005679.png	Экранопланы
0005680.png	Урмары
0005681.png	См. также: :Категория:Родившиеся в 1637 году
0005682.png	Стела на Красной площади
0005683.png	Ссылки
0005684.png	Маэстро Ростропович в Игарке
0005685.png	Маршрутное такси
0005686.png	Коростынский
0005687.png	Этимология
0005688.png	Правила автоматической обработки для содержимого
0005689.png	Янтарь
0005690.png	Кокусы после школы
0005691.png	иностранные:
0005692.png	Шляхетские роды герба Гржимала
0005693.png	Примечания
0005694.png	Примечания
0005695.png	Тартюф, или Обманщик, комедия (1664)
0005696.png	Родились
0005697.png	Органы власти
0005698.png	В университете Филипом Зимбардо проводился Стэнфордский тюремный эксперимент.
0005699.png	выход в Интернет для воспроизведения потокового аудио и интернет-радиостанций;
0005700.png	Жилой дом купца (пр. Кирова, 65);
0005701.png	Командор ордена Изабеллы Католички (Испания, 26 мая 1872 года)
0005702.png	в Чкаловске:
0005703.png	Наброски лиловым, голубым и зелёным (Этюды в холодных тонах) (1897)
0005704.png	Примечания
0005705.png	Жёлтый карлик:
0005706.png	Внешняя торговля
0005707.png	Орден Святого Георгия 3-й степени (15 апреля 1919)
0005708.png	Примечания
0005709.png	Основные части вертолёта
0005710.png	Экономика
0005711.png	Литература
0005712.png	Примечания
0005713.png	Предпосылки войны
0005714.png	наступило оговорённое время окончания игры;
0005715.png	Фильмы СССР 1979 года
0005716.png	Проверка общей теории относительности
0005717.png	ВЦИК принял Декрет о таможенных сборах и учреждениях. Создана советская таможня.
0005718.png	Топоним
0005719.png	Ованес Шираз (р. 1915), армянский поэт, общественный деятель.
0005720.png	Брянская улица
0005721.png	Употребление в различных конфессиях
0005722.png	Орден Святого Владимира 4-й степени (1878);
0005723.png	участие в Кубке УЕФА с «Анжи» (2001) и «Крыльями Советов» (2005)
0005724.png	Нападение на СССР
0005725.png	Флора Северной Америки
0005726.png	Атомная физика
0005727.png	Дофаминовая гипотеза
0005728.png	Россия
0005729.png	Муниципалитет Лефортово
0005730.png	Наука и образование
0005731.png	Гостиница «Венец» (бассейн-мозаика «Морское дно») (1970, Ульяновск)
0005732.png	Органы власти
0005733.png	Населённые пункты Валуйского района
0005734.png	Туризм
0005735.png	Целочисленные последовательности
0005736.png	речной порт и речной вокзал
0005737.png	Примечания
0005738.png	Предпосылки
0005739.png	Скончались
0005740.png	Используется для изготовления алкилнитритов (попперсов).
0005741.png	Математическая индукция
0005742.png	Афористы
0005743.png	Мстислав Романович Старый Киевский;
0005744.png	Лауреаты Нобелевской премии по физике
0005745.png	Комиссия по экспортному контролю Российской Федерации
0005746.png	Водяной конь
0005747.png	Год постройки 2007.
0005748.png	Бренды истинные и художественные в романах Ильфа и Петрова
0005749.png	История
0005750.png	См. также: :Категория:Умершие 28 апреля
0005751.png	Ла-Бланкеада
0005752.png	Кристаллография
0005753.png	Доисламская история
0005754.png	Саввинская набережная
0005755.png	Музеи являются филиалами Тверского государственного объединённого музея.
0005756.png	Литература
0005757.png	На мирандском
0005758.png	Активатор вулканизации некоторых типов каучуков.
0005759.png	Основная команда
0005760.png	4 отдельных дивизиона броневых поездов;
0005761.png	Продолжения и спин-оффы
0005762.png	Отношения с сестрой
0005763.png	Аристотель. Политика (примерно 330 г. до н. э.)
0005764.png	Филателия и бонистика
0005765.png	9 мая
0005766.png	Средний Овчинниковский переулок
0005767.png	Заслуженный артист Литовской ССР (1974)
0005768.png	См. также
0005769.png	Примечания
0005770.png	Как тебе служится? (стихи М. Танича)
0005771.png	Силиврийская митрополия
0005772.png	Астрофизика
0005773.png	филипповский толк (филипповщина)
0005774.png	Сохранение национальной самоидентификации
0005775.png	Обучавшиеся в Академии Жюлиана
0005776.png	Комитет по информационной политике (К.В. Ветров)
0005777.png	Философы Грузии
0005778.png	Преподаватели Новороссийского университета
0005779.png	Политехнический университет имени Ким Чхэка;
0005780.png	Работы
0005781.png	Поведение растений
0005782.png	Герои Советского Союза на почтовых марках
0005783.png	Литература
0005784.png	Национальный состав
0005785.png	В районе работает 85 учреждений культуры. Всего 22 народных коллектива.
0005786.png	Боги индуизма
0005787.png	Электромеханика
0005788.png	Труды
0005789.png	Структура ФНС:
0005790.png	См. также
0005791.png	Председатели Московского горисполкома
0005792.png	Латинские тексты
0005793.png	Населённые пункты
0005794.png	Фриденштейн, Александр Яковлевич
0005795.png	См. также
0005796.png	Официальный сайт города Апатиты
0005797.png	Официальный сайт администрации города Железноводска
0005798.png	Горизонт
0005799.png	Дата рождения
0005800.png	Упразднённое городское поселение город Нефтекумск
0005801.png	24 февраля
0005802.png	История городской символики
0005803.png	Награды и почётные звания
0005804.png	Типы музеев
0005805.png	Архитектура
0005806.png	Оригинальные движители
0005807.png	Социология села
0005808.png	в Китае запрещено использование детского труда.
0005809.png	Кушанское царство разделено на западную и восточную части (225).
0005810.png	Блог Алексея Яблокова на «Эхе Москвы»
0005811.png	Геологические периоды
0005812.png	Физико-географическая характеристика
0005813.png	Использование на городском общественном транспорте
0005814.png	Государственный строй
0005815.png	Биография
0005816.png	Медаль «Братство по оружию» (ПНР).
0005817.png	«Гроздь» (закрыта в 2023 году),
0005818.png	Елабужский Казанско-Богородицкий монастырь 1856 года.
0005819.png	Южный парк
0005820.png	Фильтр Байера
0005821.png	Внешняя политика Грузии
0005822.png	См. также
0005823.png	См. также: :Категория:Умершие в 1119 году
0005824.png	Двустворчатые моллюски
0005825.png	Примечания
0005826.png	Сиамский орден Королевского дома Чакри (03.11.1902)
0005827.png	Диагноз
0005828.png	Реджи Уокер (ум. 1951), южноафриканский легкоатлет, олимпийский чемпион (1908).
0005829.png	Для фортепиано
0005830.png	Институт дефектологического образования и реабилитации
0005831.png	Дополнительная литература
0005832.png	Газета «Белозерье». Первый номер вышел 2 февраля 1918 года
0005833.png	Примечания
0005834.png	иудаика
0005835.png	Орден Святого Иоанна Иерусалимского, командор (14.05.1799)
0005836.png	Детская стоматологическая поликлиника
0005837.png	Железная дорога Байконура
0005838.png	Мемориальная квартира Пушкина на Арбате
0005839.png	Клинические формы туберкулёза
0005840.png	Достопримечательности
0005841.png	переход от гомогенных к гетерогенным и варизонным полупроводниковым структурам;
0005842.png	Войковский 1-й проезд
0005843.png	Польские писатели
0005844.png	Примечания
0005845.png	Дважды Герои Советского Союза
0005846.png	Луганск имеет следующие города-побратимы:
0005847.png	Примечания
0005848.png	политоним
0005849.png	Населённые пункты Белореченского района
0005850.png	Стряпчий у Крюка
0005851.png	Гуманитарные науки
0005852.png	4 ноября
0005853.png	Литература
0005854.png	Фовизм и Матисс
0005855.png	в литовском городе Варена есть улица Чюрлёниса.
0005856.png	Кафедра электрооборудования судов
0005857.png	Транслит
0005858.png	ПК-6128Ц
0005859.png	Транспорт
0005860.png	Автоматизация
0005861.png	Влияние
0005862.png	Позднее город Вила-Нова-ди-Гая был основан в 1255 году.
0005863.png	Научный юмор
0005864.png	Достопримечательности
0005865.png	Альметьевский профессиональный колледж
0005866.png	Аркадий и Борис Стругацкие. Пикник на обочине (1972).
0005867.png	Родились
0005868.png	Ивановская область
0005869.png	Церковь Марии Монгольской
0005870.png	Модификации
0005871.png	Транспорт
0005872.png	Культура и спорт
0005873.png	Другое
0005874.png	Метрическая лошадиная сила
0005875.png	После войны
0005876.png	Часть третья
0005877.png	орден Святого Владимира 3-й ст. (6 декабря 1906);
0005878.png	Техника
0005879.png	Автоспорт
0005880.png	Розанов в Библиотеке «Вехи»
0005881.png	Отрезок
0005882.png	Пересечение пролива Ла-Манш вплавь
0005883.png	Примечания
0005884.png	Персоналии по алфавиту
0005885.png	Литература
0005886.png	Православная иконография Иисуса Христа
0005887.png	История Прибалтики
0005888.png	Областная станция переливания крови;
0005889.png	См. также: :Категория:Умершие в 1360 году
0005890.png	Литература
0005891.png	«Воротечка» (испол. Иван Купала)
0005892.png	Воеводства Польши
0005893.png	и реакция с гидразином с образованием семикарбазида:
0005894.png	Ссылки
0005895.png	Изобразительное искусство СССР
0005896.png	Художественный фильм 1967 года «Исход»
0005897.png	окисление: ледяная уксусная кислота, пиридин, нитробензол;
0005898.png	Антиковеды России
0005899.png	Досуг
0005900.png	Ссылки
0005901.png	Беэр-Шева, Израиль
0005902.png	Работа заземления при неисправностях электрооборудования
0005903.png	История
0005904.png	Неосуществлённые проекты советской военной авиации
0005905.png	Цифровое эфирное телевидение
0005906.png	Энергия
0005907.png	Музеи и памятники
0005908.png	Место Воскресенского монастыря
0005909.png	Аннулирование царских займов 21 января (3 февраля) 1918 года;
0005910.png	Растительный и животный мир
0005911.png	Подразделение ордовикской системы
0005912.png	Освобождение
0005913.png	Культура
0005914.png	В этот период свободно и творчески существовало шесть основных философских школ:
0005915.png	Кафедра: г. Фиери.
0005916.png	Примечания
0005917.png	Противопоказания
0005918.png	допущение парафраза вместо перевода.
0005919.png	Нюландская губерния Финляндии (с 1831 года, Гельсингфорс);
0005920.png	Список государств с зависимыми территориями (владениями)
0005921.png	Нескучная улица
0005922.png	! Одноударные
0005923.png	Военные писатели Российской империи
0005924.png	Примечания
0005925.png	Дворянство Польши
0005926.png	Эссеисты по алфавиту
0005927.png	Биография
0005928.png	Депутаты Государственного Совета Удмуртской Республики
0005929.png	Синай, Яков Григорьевич
0005930.png	Романов
0005931.png	Схема путевого развития Ташкентского метрополитена
0005932.png	Подполковник (20.02.1942)
0005933.png	Горы. М.: Советский писатель, 1957. 328 с., 5 000 экз.
0005934.png	Возвращение Платона в Афины.
0005935.png	Личная жизнь Дмитрия, его отношение к религии
0005936.png	Биологическая роль
0005937.png	Степанов, Николай Иванович (деревня Ермаки)
0005938.png	Последние слова Кларенбаха были следующими:
0005939.png	Аэроклубная улица
0005940.png	Мичурина, улица
0005941.png	См. также
0005942.png	Особая роль Франции в отдельных регионах мира (прежде всего в Африке);
0005943.png	Древние времена, первые поселенцы
0005944.png	Достопримечательности
0005945.png	Изобретатели России
0005946.png	Права пациента:
0005947.png	Владимир Грачёв («Романовы. Венценосная семья», 2000)
0005948.png	Награждённые благодарностью Президента Российской Федерации
0005949.png	Члены Лондонского королевского общества
0005950.png	Орёл и Лиса
0005951.png	Промышленное и народнохозяйственное использование
0005952.png	Скончались
0005953.png	Воительницы в культуре
0005954.png	Марта Мёдль (р. 1912), немецкая оперная певица.
0005955.png	Изводы
0005956.png	В кинематографе
0005957.png	Клыкарры
0005958.png	Турки-сельджуки осаждают Никею, Алексей Комнин разбивает их.
0005959.png	466 км: Кияю (лв.)
0005960.png	Творчество
0005961.png	О нашем алфавите и орфографии (1982)
0005962.png	Славяно-Арийские Веды
0005963.png	Энгельс, Ф. Происхождение семьи, частной собственности и государства (1884 г.)
0005964.png	Зоологи Австрии
0005965.png	Лаури Шварц (профессор математики, Парижский университет);
0005966.png	Вольфганг Амадей Моцарт
0005967.png	Византия
0005968.png	Борис Казаков (55 место, 112 голов, в том числе 63 гола за КС)
0005969.png	Историчность
0005970.png	Литература
0005971.png	История
0005972.png	Горловое пение
0005973.png	Государственный Кремлёвский дворец
0005974.png	Название
0005975.png	Литература
0005976.png	Егорий Осенний
0005977.png	Примечания
0005978.png	Фотография советского марсохода ПрОП-М
0005979.png	По факту ареста в тот же день сделали заявления:
0005980.png	Святые Единой Церкви
0005981.png	погиб Томми Тейлор (р. 1932), английский футболист.
0005982.png	Может быть или день, или ночь, но теперь день, следовательно, нет ночи.
0005983.png	Литература
0005984.png	Артем Сергеев (31-й общий)
0005985.png	3) речное судостроение со специализациями: корпусостроение и судовые механизмы;
0005986.png	Распространение мифа
0005987.png	Ссылки
0005988.png	Математики по алфавиту
0005989.png	Феминистские комиксы
0005990.png	Биологическая роль
0005991.png	Красные кровяные клетки
0005992.png	общенациональные газеты (распространяющиеся по всей территории страны);
0005993.png	Щепкина, улица
0005994.png	Париж, Франция (1992)
0005995.png	Примечания
0005996.png	Август 1758 года
0005997.png	Владела картиной Боттичелли «Возвращение Юдифи с головой Олоферна».
0005998.png	Рурское дерби, между «Боруссия Дортмунд» и «Шальке 04»
0005999.png	«Документы по переселению населения в Финляндию во время второй мировой войны»
0006000.png	В астрономии
0006001.png	Описание
0006002.png	Награды и премии
0006003.png	Литература
0006004.png	Кира Головко (р. 1919), актриса театра и кино, народная артистка РСФСР.
0006005.png	Художники, известные под псевдонимами
0006006.png	Умершие в Охотске
0006007.png	Государственная Академия художеств Туркменистана
0006008.png	Коммуникации
0006009.png	Постройка
0006010.png	Американские напитки
0006011.png	Радбот Габсбург, основатель династии Габсбургов.
0006012.png	Жертвы борьбы с космополитизмом
0006013.png	Зиновий Колобанов (р. 1911), советский танкист-ас.
0006014.png	Ссылки
0006015.png	Приметы
0006016.png	Англоязычные страны
0006017.png	кредитование
0006018.png	154049 сельских населенных пунктов.
0006019.png	Мануил Комнин подступил к Антиохии. Князь Ренальд подчинился ему.
0006020.png	Административное деление
0006021.png	Люксембурги
0006022.png	Письменность
0006023.png	Действительные члены РАН
0006024.png	История Пугачёва (1834)
0006025.png	Транспорт
0006026.png	Общая численность жителей на 2017 год составляла 30,9 тысяч человек.
0006027.png	Материалы
0006028.png	Планетология
0006029.png	Мифы и предания о снеге
0006030.png	Скончались
0006031.png	Арабское завоевание и исламизация
0006032.png	высокая температура на поверхности отопительных приборов
0006033.png	Экспериментальные исследования
0006034.png	Ипподром имени Хасоена Хакимова
0006035.png	Закрытые:
0006036.png	Литература
0006037.png	Память, отражение в культуре и искусстве
0006038.png	В 1992 году городу возвращено название Пошехонье.
0006039.png	Динозавры мелового периода
0006040.png	Экофеминистки
0006041.png	Научная литература
0006042.png	Консулы Имп. Цезарь М.Аврелий Проб А. и Вирий Луп.
0006043.png	Религия
0006044.png	Неокогнитрон;
0006045.png	Соревнование автомобилей в классе Формула-1 в Великобритании.
0006046.png	Александр Коваленко (р. 1943), советский футболист.
0006047.png	Литература
0006048.png	0,22 а. е. от Земли 25 февраля 1866 года.
0006049.png	См. также
0006050.png	Философские направления и школы
0006051.png	Лидеры партии
0006052.png	Либеральные республиканцы (республиканцы Рокфеллера).
0006053.png	Побочные эффекты
0006054.png	аксиоматическое изложение теории вещественного числа можно найти в книгах:
0006055.png	Сад божественных песен
0006056.png	Время
0006057.png	Этнохороним
0006058.png	С 1 января 2013 года Центральный банк перестал регистрировать новые ОФБУ.
0006059.png	Подполковник (17.08.1980).
0006060.png	На русском
0006061.png	События
0006062.png	Искусственные спутники Марса
0006063.png	Памятники
0006064.png	Родились
0006065.png	Высшие учебные заведения Новосибирска
0006066.png	работает музей подпольной организации «Юные Мстители»,
0006067.png	2С31 «Вена»
0006068.png	Ортопедическая стоматология (изготовление гильз для штампованных коронок)
0006069.png	Творчество
0006070.png	выплачивал 3200 талантов контрибуции в течение 10 лет;
0006071.png	Водный сервитут
0006072.png	Выпускники Медицинского факультета Университета Буэнос-Айреса
0006073.png	Покровительством Афины пользовались:
0006074.png	Антенна Эдкока
0006075.png	Азиатский подвид
0006076.png	20 октября Менахем Бегин учредил партию Херут.
0006077.png	Глицеральдегид-3-фосфат образуется в следующих обратимых реакциях:
0006078.png	Консервация и хранение
0006079.png	Начало военной карьеры
0006080.png	Бой у Мидуэя (американская кинохроника)
0006081.png	Побочное действие
0006082.png	Ростовская область
0006083.png	Состоялась премьера советского многосерийного мультфильма «Ну, погоди!»
0006084.png	Испанский
0006085.png	Мужские: , , Александр, , Павел, Пист, , , Феогний.
0006086.png	Гвидо, маркграф Тосканы
0006087.png	Издатели Российской империи
0006088.png	Литература
0006089.png	Потоотделение
0006090.png	35 км: Мяколица (лв)
0006091.png	Поддержка стандартов
0006092.png	Ленинград (Санкт-Петербург)
0006093.png	У чжоуского Чжуан-вана родился сын Туй.
0006094.png	Боги неба и атмосферных явлений
0006095.png	Произношение некоторых словацких слов на Викискладе
0006096.png	Творчество и публикации
0006097.png	Фельдмаршалы (Великобритания)
0006098.png	Примечания
0006099.png	См. также
0006100.png	16. Микрорайон «Почтовый»
0006101.png	16 сентября
0006102.png	Свойства кинетической энергии
0006103.png	Литература
0006104.png	Вариации и обобщения
0006105.png	В Цзинь начали сооружать стены столицы Цзянду.
0006106.png	Реставрация Мэйдзи
0006107.png	Общий размах нижнего крыла: 14,23 м
0006108.png	Адаптации в музыке
0006109.png	См. также
0006110.png	Похороненные на Ваганьковском кладбище
0006111.png	Наука
0006112.png	Национальные виды спорта
0006113.png	Эмилиано-романьольский язык
0006114.png	Студенческие праздники
0006115.png	Галерея
0006116.png	Например, в статье на официальном сайте ОАО «Газпром» сказано:
0006117.png	Примечания
0006118.png	Фармакологические методы
0006119.png	Медицинская этика (врачебная)
0006120.png	сквер Победы ул. Победы;
0006121.png	«Шестое чувство» (США) М. Найта Шьямалана
0006122.png	Дрогнул воздух туманный и синий,
0006123.png	Начало распространения в магнитиздате:
0006124.png	Анивский лесхоз. Создан 6 марта 1948 года.
0006125.png	Личные
0006126.png	Ранее именовавшиеся «Локомотив»:
0006127.png	(владение Нидерландов)
0006128.png	Один из способов защиты прав и свобод человека.
0006129.png	Детский санаторий «Орлёнок»
0006130.png	Медицинский факультет (1755)
0006131.png	Примечания
0006132.png	История
0006133.png	Диалекты
0006134.png	Рязановское шоссе
0006135.png	Бывшие колонии Бельгии
0006136.png	Типичные значения
0006137.png	Серафимович А. «Железный поток (повесть)», 1924
0006138.png	Юрий Степанов, профессор, РАН (2002)
0006139.png	Строение языка
0006140.png	Королевство Румыния
0006141.png	Ссылки
0006142.png	Сексуальные девиации
0006143.png	Популярность
0006144.png	Донбасс
0006145.png	Рынок ценных бумаг
0006146.png	«Братство Кольца»
0006147.png	Биография
0006148.png	Учебные пособия
0006149.png	движение нацизма в Германии, расизма в США и фашизма в Италии;
0006150.png	Происхождение
0006151.png	Катерино
0006152.png	Социальная сфера
0006153.png	Памятник В. И. Ленину
0006154.png	Заводские автоспортивные команды
0006155.png	крупнейший по площади остров России: Сахалин (Тихий океан)
0006156.png	Тогда
0006157.png	Среднее профессиональное образование
0006158.png	Движущиеся камни высохшего озера Рейстрек-Плайя
0006159.png	Население
0006160.png	Продику также приписывают аллегорический рассказ «Геракл на распутье».
0006161.png	Родились
0006162.png	«Прекрасная царевна и счастливый карла» (1792)
0006163.png	Родились
0006164.png	Самоуправления Шилальского района (14 староств)
0006165.png	Соревнование автомобилей в классе Формула-5000
0006166.png	Помощник военного губернатора
0006167.png	Специалисты по космической медицине
0006168.png	, святой Римско-католической церкви, мученик;
0006169.png	Танах
0006170.png	Религия
0006171.png	Абстракции
0006172.png	Раде Булатович;
0006173.png	«КемиСтрой»
0006174.png	Оптические диски
0006175.png	Национальные
0006176.png	Административное деление
0006177.png	Надёжность (военное дело)
0006178.png	История
0006179.png	Члены Союза писателей СССР
0006180.png	Здание первого радиометцентра. Построено в 1934 году. Ул. Папанина, 14.
0006181.png	Список городов Армении
0006182.png	Нервная булимия, алкоголизм, навязчивые состояния.
0006183.png	В Индонезии подавлено коммунистическое повстанческое движение в районе Мадиуна.
0006184.png	Источники
0006185.png	Прочее
0006186.png	Недописанная страница. Сайт о жизни и творчестве Маршака
0006187.png	Родились
0006188.png	История герба Ярцева
0006189.png	Орден Святого Станислава 3-й степени (1866 год)
0006190.png	Члены КПСС
0006191.png	Описание
0006192.png	Первое упоминание Слуцка в Повести временных лет.
0006193.png	«Отношение белых к цветным расам» (1928),
0006194.png	В Сан-Франциско открылась конференция Объединённых Наций.
0006195.png	Медаль Анатолия Кони (Минюст)
0006196.png	Ссылки
0006197.png	Фестивали
0006198.png	3-й год по эре правления луского князя Вэнь-гуна.
0006199.png	Награды и звания
0006200.png	Джибути: 100 франков.
0006201.png	Даниил Дондурей на сайте радиостанции «Эхо Москвы»
0006202.png	Депутаты Верховного Совета Мордовской АССР
0006203.png	Свобода информации
0006204.png	Но этот проект не был осуществлён. Коней заменили медные львы и порфировые вазы.
0006205.png	Биография
0006206.png	Кандидаты в президенты Казахстана
0006207.png	Произвольные состояния задаются как возбуждения вакуума следующего вида:
0006208.png	Малярия
0006209.png	Важнейшие направления психоанализа
0006210.png	Происхождение названия
0006211.png	Экзистенциальная парадигма
0006212.png	Шанбанг, Аруна
0006213.png	Всемирный день окружающей среды
0006214.png	Песня Красногвардейской дивизии (сл. А. Мейера, 1941)
0006215.png	Церкви и монастыри
0006216.png	Населённые пункты
0006217.png	Пожар в Монбланском тоннеле, 39 погибших.
0006218.png	Депутаты Верховного Совета СССР 1-го созыва
0006219.png	Персоналии:Золотой век Испании
0006220.png	Хоккейные клубы СССР
0006221.png	Наурский район: Ищерская, Наурская, Калиновская, Левобережное, Николаевская
0006222.png	События
0006223.png	Режим работы
0006224.png	Юридические документы
0006225.png	Полупроводниковые материалы
0006226.png	Студенческая жизнь
0006227.png	Стамбульское землетрясение (1509).
0006228.png	ингуши
0006229.png	в Южноукраинске Николаевской области Украины;
0006230.png	Закат эпохи паровозов
0006231.png	Выделяют следующие типы военных переворотов:
0006232.png	Орден Святого Януария (Королевство Обеих Сицилий)
0006233.png	Гемофилия
0006234.png	См. также
0006235.png	Члены Парижской медицинской академии
0006236.png	Дворянские роды Российской империи
0006237.png	Дворец культуры имени Маяковского в Новокузнецке,
0006238.png	Области Российской империи
0006239.png	институт истории, политических и социальных наук;
0006240.png	Почётные доктора Ереванского университета
0006241.png	Второй билль о правах
0006242.png	Комментарии
0006243.png	Ссылки
0006244.png	См. также: :Категория:События 30 мая
0006245.png	Адмиралы Великобритании
0006246.png	Античность: политика и литература
0006247.png	Заключённые ГУЛАГа
0006248.png	В январе 1989 года численность населения составляла .
0006249.png	Антропософское движение.
0006250.png	Транспорт
0006251.png	Активными участниками новых проектов являются венчурные фонды и бизнес-ангелы.
0006252.png	Ассирийские правители
0006253.png	Пятидесятница. Сошествие на апостолов Святого Духа ()
0006254.png	Бардеёв, Словакия
0006255.png	Области, образованные в 1932 году
0006256.png	Всего 4 станции самарского метро оборудованы эскалаторами.
0006257.png	Карибский кризис
0006258.png	Спецмашины
0006259.png	Организационная структура
0006260.png	Описание
0006261.png	Новороссийская улица
0006262.png	2010-х
0006263.png	Ассоциации каменщиков
0006264.png	Ссылки
0006265.png	Горное кольцо
0006266.png	Некротический фасциит
0006267.png	Воронежский институт Федеральной службы исполнения наказаний (ВИФСИН),
0006268.png	Исторический очерк
0006269.png	Ссылки
0006270.png	чтение-развлечение;
0006271.png	Литература
0006272.png	Аминокислоты
0006273.png	Хронология самых высоких зданий Москвы
0006274.png	9 сентября
0006275.png	Медали
0006276.png	Условие совершения таинства Евхаристии
0006277.png	Источник:
0006278.png	Военный музей Витовта Великого;
0006279.png	Пятая республика
0006280.png	Источники и литература
0006281.png	Серебристая мерлуза
0006282.png	Высшие учебные заведения
0006283.png	Создание Всеобщего союза трудящихся в Испании.
0006284.png	Национальные
0006285.png	Международная классификация
0006286.png	и землю.
0006287.png	Авиационные стрелки Второй мировой войны
0006288.png	Выпускники Оксфордского университета
0006289.png	Местные органы государственной власти
0006290.png	События
0006291.png	Лоуэркейс
0006292.png	Скончались
0006293.png	«Аида» Дж. Верди
0006294.png	Барвани (создан в 1998 году)
0006295.png	Примечания
0006296.png	Члены Польской военной организации
0006297.png	География
0006298.png	Ссылки
0006299.png	В науке
0006300.png	138-й смешанный авиационный полк.
0006301.png	Сотворение Адама.
0006302.png	Канатные дороги
0006303.png	Научное оснащение
0006304.png	Рупия португальских владений
0006305.png	Выпускники Качинского высшего военного авиационного училища
0006306.png	Радиовещание
0006307.png	Примечания
0006308.png	Бесконечность
0006309.png	Закревская
0006310.png	Самоуправления Шяуляйского района (10 староств)
0006311.png	Изображения Алексея Денисова на сайте «Лица русской литературы»
0006312.png	Библиография
0006313.png	Достопримечательности
0006314.png	Самцы комаров питаются пыльцой, а не кровью, и участвуют в опылении растений
0006315.png	Расположение района
0006316.png	454 км: Нозьма (пр)
0006317.png	Религиозные
0006318.png	Третий полёт
0006319.png	Химики Российской империи
0006320.png	Поэт Александр Креницын
0006321.png	Сайт района Арбат Центрального административного округа г. Москвы
0006322.png	Память
0006323.png	Водный мир
0006324.png	Ссылки
0006325.png	Август (фильм)
0006326.png	Вещество
0006327.png	Родословная роспись (на английском)
0006328.png	1. Тричетверные (кубическая система)
0006329.png	Курдский субстрат
0006330.png	Модель функционирования
0006331.png	В 1992 году окончил факультет режиссёров эстрады ГИТИСа в Москве.
0006332.png	Депутаты Верховного Совета РСФСР 5-го созыва
0006333.png	Ссылки
0006334.png	Филиал ФГБОУ ВО «РГЭУ (РИНХ)» в г. Миллерово Ростовской области
0006335.png	Хэнзел Ч. Парапсихология М., «Мир», 1970
0006336.png	См. также: :Категория:События 1 января
0006337.png	Литература
0006338.png	Религиозные
0006339.png	Галина Зименкова
0006340.png	Получение
0006341.png	Сквиртинг
0006342.png	Примечания
0006343.png	Структура
0006344.png	Центральный университет,
0006345.png	Характер
0006346.png	Завод Котельно-вспомогательного оборудования и трубопроводов (ЗКВОиТ)
0006347.png	Устав Алтайского края
0006348.png	Стрельба из лука
0006349.png	Чемпионат и Кубок Англии:
0006350.png	Тюркологи Турции
0006351.png	Выделенные полосы
0006352.png	Реабилитация
0006353.png	Вольск-18
0006354.png	Полевая улица (деревня Марушкино)
0006355.png	Енакиевский металлургический завод
0006356.png	Митрополия
0006357.png	Гефсиманская башня
0006358.png	«Курганский мясокомбинат»,
0006359.png	См. также
0006360.png	История воинских званий в России и СССР
0006361.png	Кавалеры Железного Креста
0006362.png	Примечания
0006363.png	Экономика
0006364.png	Медаль «За 20 лет службы в Народной Армии»
0006365.png	Структура
0006366.png	Экономика
0006367.png	В Москве в пределах МКАД насчитывается порядка 600 АЗС.
0006368.png	События
0006369.png	Защита и публикация писем
0006370.png	Берлин-Лихтенберг (Германия)
0006371.png	Данные Всемирного баптистского альянса на 31 декабря 2011 года:
0006372.png	Автоматическая локомотивная сигнализация
0006373.png	Три ветви
0006374.png	Переводчики прозы и драматургии на украинский язык
0006375.png	Дмитриев, Михаил Александрович
0006376.png	На русском языке
0006377.png	Благодарность Тениса Урги (1942)
0006378.png	Убанги-Шари (Центрально-Африканская Республика),
0006379.png	Цифровые фотоаппараты со встроенной оптикой
0006380.png	церковь святителя Тихона-патриарха Московского и всея Руси
0006381.png	Климу Ворошилову письмо я написал:
0006382.png	Примечания
0006383.png	Почётные граждане Волгограда
0006384.png	Праздники и памятные дни
0006385.png	2014 «Клинки Ойкумены»
0006386.png	Ссылки
0006387.png	Примечания
0006388.png	Сельское хозяйство
0006389.png	Царство Уду напало на Позднюю Цинь.
0006390.png	Украина
0006391.png	(по состоянию на 2001 год): Раздел 34 «Биология»
0006392.png	К. Маркс
0006393.png	Париж, Восточная Европа и Норвегия
0006394.png	Кеннет Ноланд
0006395.png	Структура
0006396.png	Ша Нуар
0006397.png	Судьба военнопленных
0006398.png	Культуры верхнего палеолита и мезолита
0006399.png	Получение
0006400.png	Звёзды
0006401.png	синхронизирующий (тактовый) сигнал С, поступающий на С-вход (тактовый вход);
0006402.png	Известные самозванцы
0006403.png	крупнейший по площади остров в пресных водах: Маражо (Бразилия, устье Амазонки)
0006404.png	В 2009 году в Чебаркуле открыли завод по производству комбикормов.
0006405.png	Писатели Новосибирска
0006406.png	Все сочинения Гегеля можно классифицировать согласно делению в «ЭФН»:
0006407.png	Противопоказания и побочные действия
0006408.png	Похороненные в Детройте
0006409.png	Золото в лазури (1904)
0006410.png	Железная дорога
0006411.png	Пензенская область
0006412.png	В городах Москва и Харьков установлены мемориальные доски.
0006413.png	Маршрут
0006414.png	Похороненные в ограде Осетинской церкви
0006415.png	Современный герб Львова
0006416.png	Описание пещеры
0006417.png	Почётные доктора Сегедского университета
0006418.png	Турки-месхетинцы
0006419.png	Православие
0006420.png	Модификации
0006421.png	Основан город Вильяро
0006422.png	Президиум Иркутского научного центра СО РАН
0006423.png	Названия
0006424.png	Сецская волость
0006425.png	Герой Труда Демократической Республики Вьетнам (21 января 1962).
0006426.png	Паутинка
0006427.png	Творческая деятельность
0006428.png	На принципиальных электрических схемах реле обозначается следующим образом:
0006429.png	Экология и охрана природы
0006430.png	Национальные
0006431.png	Литература
0006432.png	Ведущие
0006433.png	Персоналии по алфавиту
0006434.png	писатель, переводчик и педагог Франциск Заторский (ум. 1849);
0006435.png	Истоки
0006436.png	См. также: Родившиеся 1 января
0006437.png	Историко-культурный центр «Фридрихсбургские ворота»
0006438.png	в Воскресенье после 7 февраля (переходящая дата)
0006439.png	Ссылки
0006440.png	Воинские части и формирования, расформированные в 1991 году
0006441.png	Пересечения
0006442.png	Города на Каме
0006443.png	Литература
0006444.png	Орден Австралии степени компаньона (1982, Австралия).
0006445.png	Ноябрь
0006446.png	Процедуры и функции
0006447.png	Менеджеры культуры России
0006448.png	Почётные доктора Альбертского университета
0006449.png	Морогоро, Танзания
0006450.png	Примечания
0006451.png	Экономика
0006452.png	Фильмы
0006453.png	Армения, Бруней и Буркина-Фасо установили дипломатические отношения.
0006454.png	Термодинамика
0006455.png	Призматические очки
0006456.png	библиотеки динамического определения типа и др.
0006457.png	Электрический стул
0006458.png	Информация об Аддис-Абебы
0006459.png	Писатели России по алфавиту
0006460.png	Население
0006461.png	Слабительное действие
0006462.png	Сигнальные флаги
0006463.png	Память
0006464.png	Котор, Черногория
0006465.png	Список коферментов
0006466.png	Преступления против политических партий.
0006467.png	Оригинальная версия в исполнении В. Илиева Н. Бадев и А. Сариевский
0006468.png	Доказательство
0006469.png	Примечания
0006470.png	-ирен (для трёхчленного цикла),
0006471.png	Альтернативная генеалогия была предложена П. Джексоном (2002):
0006472.png	Полице
0006473.png	Глагольный корень
0006474.png	Рабочий посёлок Шатура
0006475.png	Парижский период
0006476.png	Ссылки
0006477.png	Ссылки
0006478.png	Рудный
0006479.png	Постоянное летнее время
0006480.png	Семья
0006481.png	Действительные члены АН СССР
0006482.png	Участники Второй мировой войны (Франция)
0006483.png	История герба Тамани
0006484.png	Идеология
0006485.png	Автоматический выключатель
0006486.png	Персонажи «Божественной комедии»
0006487.png	Астрономические таблицы (зидж)
0006488.png	Источники
0006489.png	Перечень и описания рек и каналов Санкт-Петербурга
0006490.png	Фьярдабиггд
0006491.png	Атропинокоматозная терапия
0006492.png	Мир, или Трактат о свете (179).
0006493.png	Ссылки
0006494.png	Другие процессы той же эпохи:
0006495.png	Валентин Снегирёв на сайте Московской консерватории имени Чайковского
0006496.png	Прогулки по местам съёмок фильма
0006497.png	Дочь Елена (род. 1959).
0006498.png	Нил (русское имя)
0006499.png	Смерть Ильфа. Воспоминания
0006500.png	приподнятые эрозии слизистой желудка;
0006501.png	ПАЭС-2500, ЭГ-2500Т
0006502.png	Фёдор Васильевич Протасов («Живой труп»)
0006503.png	История изучения
0006504.png	Азербайджан
0006505.png	Города-партнёры
0006506.png	Флоринская, Пресская и Эордейская митрополия
0006507.png	Альбомы, спродюсированные Бенни Андерссоном
0006508.png	Сценография балетов Михаила Фокина
0006509.png	Лесозаготовка
0006510.png	Китай
0006511.png	Научные исследования
0006512.png	Статистика
0006513.png	Екатерина Самуцевич, российская активистка, певица.
0006514.png	Дополнительно подтверждает диагноз наличие негативных социальных последствий.
0006515.png	Лауреаты Нобелевской премии мира
0006516.png	События на Украине 2014 года и война в Донбассе
0006517.png	Биография
0006518.png	Гегемония и её Альтернативы
0006519.png	Участники сражения при Арси-сюр-Обе
0006520.png	Медаль «За взятие Будапешта» (1945)
0006521.png	Марфа Борецкая, или Падение Великого Новгорода (Санкт-Петербург, 1900)
0006522.png	Ссылки
0006523.png	Авторское право
0006524.png	Катализ
0006525.png	Города-побратимы
0006526.png	орден Святой Анны 2-й степени (1835),
0006527.png	В состав второго коалиционного правительства вошли:
0006528.png	Фанерный кряж
0006529.png	Театр Антона Чехова
0006530.png	Фантастические комедии
0006531.png	Болезни кишечника
0006532.png	Горючие полезные ископаемые
0006533.png	Ишар-рамашу
0006534.png	Шавкат Мирзиёев назначен премьер-министром Узбекистана.
0006535.png	Плотность нефти
0006536.png	Словари
0006537.png	Поедем на таксо (Знакомым мужского пола).
0006538.png	История
0006539.png	Сравнительно-историческое языкознание
0006540.png	Марио Адорф («», 1973).
0006541.png	Роль в обществе
0006542.png	Примечания
0006543.png	прусский Орден Красного орла, большой крест (1906)
0006544.png	Литературные премии США
0006545.png	В произведениях культуры
0006546.png	Внешний вид панков
0006547.png	Вручён последний в истории орден Красной Звезды.
0006548.png	Художественные группы русского авангарда
0006549.png	Ссылки
0006550.png	Также раньше на улице Первомайская располагался кинотеатр «Первомайский».
0006551.png	Водная система и растительность
0006552.png	Джина Лоллобриджида (ум. 2023), итальянская актриса.
0006553.png	Шкура кашалота и её окраска
0006554.png	«Кентервильское привидение»
0006555.png	Бабиченко Д. Юрий Андропов, легендарная личность
0006556.png	Министерство юстиции
0006557.png	Примечания
0006558.png	Неоднократно упоминается в книге Натальи Трауберг "Сама жизнь".
0006559.png	Аэрофотоснимки Второй мировой войны
0006560.png	Родились
0006561.png	Биография.
0006562.png	приёмника излучения,
0006563.png	Знак ордена За военное достоинство 3 ст.
0006564.png	Шуньясампадане
0006565.png	Примечания
0006566.png	Скульптурная композиция « Сказки Шапкая»
0006567.png	Геральдика
0006568.png	Мценское кружево
0006569.png	Ислам
0006570.png	на других языках
0006571.png	Бактериальные токсины условно разделяют на экзотоксины и эндотоксины.
0006572.png	Примечания
0006573.png	Мемориальная усадьба Й. Билюнаса
0006574.png	Перечисление вин и виноградов Греции
0006575.png	123 территорий ГСК (гаражно-строительный кооператив)
0006576.png	Дион Кассий
0006577.png	География
0006578.png	Ссылки
0006579.png	Биометанол
0006580.png	Биосинтез
0006581.png	Причины
0006582.png	Города-побратимы
0006583.png	Культурное наследие
0006584.png	Рельеф
0006585.png	Кол-во витков: 120
0006586.png	центр детского творчества,
0006587.png	Должности Римской империи
0006588.png	Все члены Совета старейшин имели равные права.
0006589.png	Космический корабль «Союз-28»
0006590.png	Теория образования цветного изображения
0006591.png	Александр Слепцов (р. 1836), русский общественный деятель, писатель, публицист.
0006592.png	Иудейское царство
0006593.png	Дворец национальных культур (Рудник);
0006594.png	Медаль «За оборону Москвы».
0006595.png	Встроенные переменные:
0006596.png	Лица, оправданные в убийстве
0006597.png	Климат
0006598.png	Промышленность
0006599.png	Применение
0006600.png	Уральский УР;
0006601.png	Официальная страница города
0006602.png	Классификация
0006603.png	серые лесные
0006604.png	садоводство
0006605.png	Научно-исследовательские суда «Сергей Вавилов» и «Академик Сергей Вавилов»
0006606.png	Баташевский сад
0006607.png	Контроль влажности воздуха
0006608.png	Русские мужские имена
0006609.png	Банки
0006610.png	Театр на Покровке под руководством Сергея Арцибашева
0006611.png	Ссылки
0006612.png	Сети телекоммуникаций
0006613.png	26 средних общеобразовательных школ
0006614.png	Примечания
0006615.png	1056 км: Пильва (214 км)
0006616.png	В общем
0006617.png	Анна Ахматова. Избранное. Стихи. Ташкент. 1943.
0006618.png	Сикхи
0006619.png	Физико-географическая характеристика
0006620.png	Огранка клиньями
0006621.png	692 км: Шортюг (лв.)
0006622.png	Книги о Смоктуновском
0006623.png	Гвардейский экипаж.
0006624.png	Модели
0006625.png	Двоичный триггер
0006626.png	Торговая война
0006627.png	Летом 2022 года река существенно обмелела из-за сокращения количества осадков.
0006628.png	Примечания
0006629.png	Сорочьи сказки:
0006630.png	(пустая строка)
0006631.png	Виктор Луферов,
0006632.png	Современное развитие
0006633.png	Агафокл принимает титул «царя сицилийцев».
0006634.png	Агитация по вопросам референдума
0006635.png	Диего Форлан, уругвайский футболист, лучший игрок чемпионата мира 2010 года.
0006636.png	Транслитерирование сербского алфавита с латиницы на кириллицу
0006637.png	Принятие Дигест Юстиниана. 50 книг.
0006638.png	Всеукраинский благотворительный фонд имени Петра Калнышевского
0006639.png	См. также
0006640.png	изоморфна объединению классов сопряжённых элементов.
0006641.png	Заслуженный деятель науки РФ (1998).
0006642.png	Члены Норвежского королевского общества наук и литературы
0006643.png	На посту министра
0006644.png	Ссылки
0006645.png	Коллекционные монеты
0006646.png	Печатные издания, закрытые в 1913 году
0006647.png	Иранские языки
0006648.png	Премия Гильдии киноактёров
0006649.png	Токамак
0006650.png	Софистика
0006651.png	Соответствующая этому признаку функция:
0006652.png	Ссылки
0006653.png	Индологи Великобритании
0006654.png	Прикладное значение
0006655.png	Через год правило упразднили, а противостояние двух клубов осталось.
0006656.png	(в пер.)
0006657.png	«Геликону» дан зеленый свет
0006658.png	Общие сведения
0006659.png	Портал администрации города Алексин
0006660.png	Содержание общей теории относительности
0006661.png	Название
0006662.png	Ссылки
0006663.png	Наводнения
0006664.png	Городская герилья
0006665.png	Правительственные резиденции России
0006666.png	контроль ресурсов и экологии шельфа (для зарубежных заказчиков);
0006667.png	Мечников женился во второй раз в 30 лет на 17-летней студентке Ольге.
0006668.png	Культура
0006669.png	Кэтрин была верной женой и родила 10 детей:
0006670.png	алгоритм Гровера: позволяет найти решение уравнения  за время ;
0006671.png	Женщины Древнего Рима
0006672.png	Дубайс
0006673.png	Собрания сочинений на русском языке
0006674.png	Эхо-методы
0006675.png	Теоретическая часть
0006676.png	(указано расстояние от устья)
0006677.png	Участники записи
0006678.png	«Поймай меня, если сможешь» (2002)
0006679.png	Православие
0006680.png	Экология
0006681.png	База отдыха «Седова Заимка» (п.Седова Заимка);
0006682.png	Морской старт
0006683.png	Экранизации произведений Дэна Брауна
0006684.png	Собрание сочинений в 6 томах. Тула: АО Гриф., Левша. 1994.
0006685.png	5 км: Ларинка (пр)
0006686.png	Итоги правления
0006687.png	10 августа 2014 года Жабинке придан статус города-спутника Бреста.
0006688.png	Колодец Иакова
0006689.png	Цели и задачи
0006690.png	Экономика
0006691.png	Рельеф
0006692.png	Спорт
0006693.png	Персоналии по алфавиту
0006694.png	С Ильина дня воды стынут.
0006695.png	Государственное устройство Ирана
0006696.png	Должности
0006697.png	Драматурги Чехии
0006698.png	Фигурное катание
0006699.png	Своё название прогрессия получила по своему характеристическому свойству:
0006700.png	«Котовский» (1942).
0006701.png	Умершие в 1920 году
0006702.png	Исторические области Сербии
0006703.png	Сноски
0006704.png	Реки Судана
0006705.png	из Сухловской волости: Копосовский, Новоэстонский.
0006706.png	Синтаксис
0006707.png	при ковке металлов;
0006708.png	Ганнибалиан Младший.
0006709.png	при приготовлении пищи в домашних и походных условиях;
0006710.png	Другие труды:
0006711.png	Кинокомпании по алфавиту
0006712.png	Родившиеся в 1838 году
0006713.png	Отзывы и критика
0006714.png	Культура и образование
0006715.png	Материально-техническое снабжение и сбыт
0006716.png	Другие члены клана Кун бежали из Сун в Лу.
0006717.png	Химические методы идентификации спиртов
0006718.png	Переименованные населённые пункты Казахстана
0006719.png	при растяжении поперек волокон (при раскалывании): 6-8 МПа,
0006720.png	Спорт
0006721.png	Литература
0006722.png	Капустин, Евгений Александрович (24.03.2000, 614)
0006723.png	Культурные мероприятия в Ашдоде
0006724.png	Эмма (мифология)
0006725.png	Племена в составе саксов
0006726.png	История философии
0006727.png	См. также
0006728.png	Другое
0006729.png	Городские стены в Познани
0006730.png	Известные стрельцы
0006731.png	Диспетчеры буфера обмена
0006732.png	Похоронен на Троекуровском кладбище.
0006733.png	Формула для нечётного :
0006734.png	Родились
0006735.png	Осенью в Лу принесли жертву для испрошения дождя.
0006736.png	Онтология
0006737.png	Питерская община буддистов Тхеравады
0006738.png	Почвы арктического и субарктического поясов
0006739.png	Археология
0006740.png	Историки Германии
0006741.png	Кошачий грипп
0006742.png	Философская антропология
0006743.png	См. также
0006744.png	88,7 МГц Радио Маяк (молчит)
0006745.png	Поп-вокалисты СССР
0006746.png	Буква «С» обозначает столовое яйцо, которое реализуется в течение 25 дней.
0006747.png	В результате получается . Это соображение в общем виде записывается как
0006748.png	Братьев Старостиных, улица
0006749.png	Православие
0006750.png	Графы Перовские (3 ветви) (РИ)
0006751.png	Первая Сивилла
0006752.png	Трип-рок
0006753.png	2011 год:
0006754.png	1927 Стих Петра Яшкина
0006755.png	(4915) Солженицын
0006756.png	Православная гимназия им. св. Иоанна Кронштадтского.
0006757.png	Конфессиональные сооружения
0006758.png	Диаграммы Фроста
0006759.png	Детская литература
0006760.png	По повелению Бога Аврам и Лот покидают Харран. Завет Бога о земле Ханаана.
0006761.png	МБУК «Краеведческий музей города Великие Луки»
0006762.png	Военное кладбище Таллина
0006763.png	Мусагет:
0006764.png	МХТ им. Чехова
0006765.png	Налоги Речи Посполитой
0006766.png	Бордоский лес : 87 га, к которым добавлено примерно 50 га лужаек и прудов
0006767.png	Провозглашена Демократическая Республика Вьетнам.
0006768.png	Телепроект «Последний герой»
0006769.png	Древние наскальные рисунки в долине Твифелфонтейн
0006770.png	Примечания
0006771.png	Гмелин Иоганн-Георг
0006772.png	Лены Швеции
0006773.png	Также считается неприемлемым принятие пищи, содержащей кровь.
0006774.png	Металлургов (пр. Металлургов, 150);
0006775.png	Память
0006776.png	См. также
0006777.png	Тбилисские события 1989 года и выход Грузии из СССР
0006778.png	Александр Белявский (1961)
0006779.png	Культура
0006780.png	Награждённые участники Всемирной выставки (1925)
0006781.png	См. также
0006782.png	Текущий состав
0006783.png	Сюжет
0006784.png	История акушерства
0006785.png	Промышленность
0006786.png	Юрий Белов (ум. 1991), советский киноактёр.
0006787.png	Экономика
0006788.png	«Описание Швеции» (Франкфурт, 1632)
0006789.png	дождевая вода
0006790.png	Память
0006791.png	Успенский собор
0006792.png	Контроль лабораторных показателей
0006793.png	Фригийцы, или Выкуп тела Гектора
0006794.png	Джонатан Свифт написал «Скромное предложение».
0006795.png	размещение фото на «Доске позора»
0006796.png	Русскоязычные
0006797.png	После окончания Второй мировой войны продолжал служить лётчиком на острове Гуам.
0006798.png	Системы стабилизации
0006799.png	Топоним
0006800.png	Других государств
0006801.png	Наследственные заболевания
0006802.png	Телефон, сказка Корнея Чуковского
0006803.png	Гендерный состав
0006804.png	Эрвин Аксер (р. 1917), польский театральный режиссёр и педагог.
0006805.png	Литература
0006806.png	Примечания
0006807.png	Дионисий Галикарнасский пишет исторический труд «Римские древности».
0006808.png	Сотрудники Института прикладной математики РАН
0006809.png	Ярошенко, Александр Сергеевич (19.04.2000, 634)
0006810.png	3. Фрунзенский
0006811.png	31 мая
0006812.png	Сферическая тригонометрия
0006813.png	Айны в Японии
0006814.png	Итоги царствования
0006815.png	См. также
0006816.png	Административно-территориальное деление
0006817.png	Кристиан Бейл («Анастасия: Загадка Анны», 1986, дебютная роль)
0006818.png	Циркуляция поверхностных вод
0006819.png	Лиля Брик
0006820.png	Примечания
0006821.png	Самое масштабное сотрудничество на настоящее время осуществляется с Венесуэлой.
0006822.png	Украина
0006823.png	кинотеатр «Спутник»;
0006824.png	По книгам Маккефри вышло три игры:
0006825.png	Статус популяции и охрана
0006826.png	Решение иных задач.
0006827.png	Известно описание Чердыни, составленное воеводой Петром Нащокиным в 1613 году:
0006828.png	Литература
0006829.png	Дом-музей Коровина в Охотино
0006830.png	Предназначение и история
0006831.png	Национальные
0006832.png	использование вспышки,
0006833.png	Лапландский заповедник
0006834.png	См. также
0006835.png	История
0006836.png	Чедрино.
0006837.png	Критическая теория
0006838.png	Красницкий повет, Польша (2005)
0006839.png	Внешняя политика
0006840.png	Латвия
0006841.png	10 января
0006842.png	6 июля
0006843.png	Литература
0006844.png	Награды
0006845.png	В логике
0006846.png	Памятник Басистый Н. Е. в Москве на Новодевичьем кладбище
0006847.png	Международные
0006848.png	Самая маленькая страна Южного полушария
0006849.png	Примечания
0006850.png	См. также
0006851.png	Инъекции, таблетки
0006852.png	«Домашний»
0006853.png	Символика
0006854.png	Знаки альтерации
0006855.png	Политические итоги
0006856.png	Доказательства геноцида армян
0006857.png	Упоминания
0006858.png	Мунд, византийский генерал (в битве в Далмации)
0006859.png	Использование
0006860.png	Великое герцогство Гессен
0006861.png	Этикет
0006862.png	Одномерный случай
0006863.png	Тримеризация боразина:
0006864.png	продуктивную симптоматику (чаще всего бред и галлюцинации),
0006865.png	Литература
0006866.png	Тропосферная станция связи была демонтирована в первой половине 2000-х годов.
0006867.png	Названы в честь эпоса
0006868.png	Хоккейные клубы России
0006869.png	Родились
0006870.png	Избранные произведения. Вильнюс, 1954. 678 с.
0006871.png	Гидрография
0006872.png	«Песня американских лётчиков»
0006873.png	Дегидратация
0006874.png	Акты парламента Англии
0006875.png	Известные носители
0006876.png	Эгика, король вестготов (традиционная датировка, возможен также 703).
0006877.png	Прочойс
0006878.png	Члены Гёттингенской академии наук
0006879.png	Замечание
0006880.png	Театр «Багателла» (Краков)
0006881.png	Дистрибуция (бизнес)
0006882.png	Китай
0006883.png	Античный период
0006884.png	Национальный состав
0006885.png	Горгонейон
0006886.png	Выпускники Военной академии Генерального штаба
0006887.png	Критика законодательства об авторском праве
0006888.png	Дам тебе, Ящер,
0006889.png	Машиностроители
0006890.png	См. также
0006891.png	Опыты о законе природы. 1664.
0006892.png	Футболисты Франции
0006893.png	при сжатии вдоль волокон: 50 МПа,
0006894.png	Лесничества
0006895.png	Словари
0006896.png	Современный период
0006897.png	Подделки
0006898.png	Примечания
0006899.png	Реки Ковровского района
0006900.png	Строительство
0006901.png	Другие расы
0006902.png	Боги огня
0006903.png	В своём мистическом ирфаническом комментарии к «Аль-Фатихе» имам Хомейни пишет:
0006904.png	Почтовые марки
0006905.png	Разбойники Франции
0006906.png	Ноябрь
0006907.png	Складывание рамок
0006908.png	Профессионально-техническое образование
0006909.png	См. также
0006910.png	Переводы
0006911.png	Слависты Российской империи
0006912.png	Участие в Балканской войне
0006913.png	Персоналии:Малый театр Москвы
0006914.png	Религия
0006915.png	Люди и голованы
0006916.png	Площадь Братьев Стругацких в Санкт-Петербурге
0006917.png	Виталий Артемьев
0006918.png	1910 Философия и жизнь. Этюды и наброски по философии культуры
0006919.png	ЭЭГ-исследования
0006920.png	Так Вергилий велел, певший фригийца-вождя.
0006921.png	Вождь гузов принял ислам, но под угрозой смещения отрёкся.
0006922.png	Гражданское право Австрии
0006923.png	Литература
0006924.png	Физическая антропология
0006925.png	Департамент государственной политики в сфере уголовно-исполнительной системы
0006926.png	Российская Сангха учеников Дзен Мастера Сандо-Кайсена  (европейский Сото-дзэн)
0006927.png	Функции скелета
0006928.png	Кавалеры трёх орденов
0006929.png	Глоин, отец Гимли
0006930.png	См. также
0006931.png	Орден Ленина (1972)
0006932.png	См. также
0006933.png	Населённые пункты
0006934.png	Лосев А. Ф. Хаос и структура. М.: Мысль, 1997.
0006935.png	Динамический анализ кода
0006936.png	Эхеверия
0006937.png	Богословский факультет Ясского Александро-Иоанно-Кузанского университета
0006938.png	Принцип действия
0006939.png	Родина
0006940.png	Крытая ледовая арена
0006941.png	Семечковые культуры
0006942.png	Список финалов Уимблдонского турнира в одиночном разряде среди юношей
0006943.png	Один из крупнейших регионов Центральной России.
0006944.png	Бразильский футбольный клуб «Крузейро».
0006945.png	Есенов, Таймураз Ахсарбекович (27.06.2022)
0006946.png	Композиторы по алфавиту
0006947.png	Исследования
0006948.png	Отделение дополнительных образовательных программ
0006949.png	Ссылки
0006950.png	Источники
0006951.png	2005 год
0006952.png	Центроид треугольника
0006953.png	Демилитаризованная зона (Корея)
0006954.png	Острова Кука не имеют дипломатических отношений с Россией.
0006955.png	Причины и характер преследований
0006956.png	Филателия и нумизматика
0006957.png	Праздники и памятные дни
0006958.png	Литература
0006959.png	Джамаат Шариат (Северный Кавказ)
0006960.png	Крупные водоёмы на территории города (в скобках указаны устаревшие названия):
0006961.png	Межхозяйственный учебный центр управления сельского хозяйства.
0006962.png	Температурный режим и солёность
0006963.png	Доказательство
0006964.png	Принцип относительности
0006965.png	Другие представители классического франкоязычного шансона
0006966.png	Примечания
0006967.png	-- Завершает список опций.
0006968.png	Ссылки
0006969.png	Примечания
0006970.png	Александр Остужев (ум.1953), актёр Малого театра, народный артист СССР.
0006971.png	Среди этих семи книг:
0006972.png	Об университете
0006973.png	Биография
0006974.png	Яровое
0006975.png	«Архбум». Производство гофрированного картона.
0006976.png	Эмоции характеризуются тремя компонентами:
0006977.png	Банк задерживается
0006978.png	Ветер на других планетах
0006979.png	Кэширование интернет-страниц
0006980.png	Выпускники Ларинской гимназии
0006981.png	Общественное достояние
0006982.png	в Елисаветпольской губернии:
0006983.png	Свободные файловые менеджеры
0006984.png	учредила законы и ареопаг (высший суд в Афинах).
0006985.png	См. также: :Категория:Родившиеся в 1175 году
0006986.png	Алиса в Стране чудес (фильм, 1972)
0006987.png	Графические форматы
0006988.png	Поэты Российской империи
0006989.png	В России входит в перечень сильнодействующих веществ .
0006990.png	Царицыно
0006991.png	ОАО «Шадринский завод ограждающих конструкций»
0006992.png	Совет Безопасности
0006993.png	Биография
0006994.png	3 победы «Салават Юлаев» 2002, 2006, 2007
0006995.png	Киновоплощение
0006996.png	Дария (Дарья)
0006997.png	Раннехристианская литература
0006998.png	Свинопас
0006999.png	Побережье Британской Колумбии
0007000.png	сериал «Участок»
0007001.png	Ни свободы, ни равенства, ни братства. Сборник статей (1983)
0007002.png	Щербинка (станция)
0007003.png	Забабахин, Евгений Иванович
0007004.png	Признак делимости на 7
0007005.png	Крепость Порт-Артур.
0007006.png	Государственный строй
0007007.png	Композитор: Исаак Шварц
0007008.png	Индоевропейские языки
0007009.png	Сопутствующие термины
0007010.png	Экологи Австрии
0007011.png	2005 год
0007012.png	Культурная революция
0007013.png	Интегрированный профайлер.
0007014.png	Память святого Виннока.
0007015.png	Расположение
0007016.png	В 1867 году был построен маяк на мысе Кадош (ныне в черте города).
0007017.png	Депутаты Верховного Совета СССР 7-го созыва
0007018.png	Эксплуатация
0007019.png	Обострения хронического бронхита
0007020.png	Бронзовый призёр (2): 1989, 1990
0007021.png	Министерство внутренних дел
0007022.png	Кодирование речи
0007023.png	Спорт
0007024.png	8 октября 2001: Декрет, одобряющий договор о концессии.
0007025.png	Депутаты Верховного Совета Коми АССР
0007026.png	в 2014 году будет введена в эксплуатацию трамвайная линия.
0007027.png	Источники
0007028.png	Симбионты
0007029.png	Протоколы прикладного уровня
0007030.png	Машиностроители СССР
0007031.png	Издания
0007032.png	Доктор медицины
0007033.png	Таборская волость
0007034.png	Выставка археологических находок в Археологическом центре Псковской области
0007035.png	Манихейская догматика и мифология
0007036.png	Примечания
0007037.png	Элементы герба и их значение
0007038.png	Спорт в Кирово-Чепецке
0007039.png	«Морской дракон» из цикла «Ударная сила», выпуск 71
0007040.png	Областные центры Казахстана
0007041.png	Преподаватели Московского государственного областного университета
0007042.png	Психологические явления
0007043.png	Фрэнсис Хопкинсон
0007044.png	Кинотеатры
0007045.png	Районы, образованные в 1973 году
0007046.png	К Латинской Америке относят следующие государства и территории:
0007047.png	Государственные деятели
0007048.png	Народный авангард (партия)
0007049.png	В самый тот день, как герой покарал чудовищ косматых:
0007050.png	Сайт о Туруханском районе
0007051.png	История создания
0007052.png	Государственный Русский музей;
0007053.png	Харьковский физико-технический институт (ННЦ ХФТИ)
0007054.png	Декларируется, что Викитека предназначена для хранения:
0007055.png	Новелла
0007056.png	Литература
0007057.png	Пулемёты
0007058.png	Родившиеся в Архангелогородской губернии
0007059.png	Характеристики
0007060.png	Характеристика
0007061.png	0 (нулевой потенциал);
0007062.png	Челгозеро
0007063.png	99: Марк Антоний Оратор и Авл Постумий Альбин
0007064.png	Литература
0007065.png	Культура
0007066.png	В сухом защищённом от света месте.
0007067.png	Ссылки
0007068.png	Россия
0007069.png	Без точных дат
0007070.png	Почётный гражданин Еревана (Армения) (2002 год)
0007071.png	Применение
0007072.png	Кейнсианство
0007073.png	Успенская звонница
0007074.png	Пензенская область,
0007075.png	Биография на сайте Санкт-Петербургской консерватории
0007076.png	Три скерцо (1856; 1900; 1901)
0007077.png	Ссылки
0007078.png	Цифровой сигнал
0007079.png	День подразделений специального назначения.
0007080.png	Селидовуголь (город Селидово)
0007081.png	Писатели-фантасты США
0007082.png	Ссылки
0007083.png	Тамм, Игорь Евгеньевич
0007084.png	Обладатель Суперкубка Англии: 1998
0007085.png	Семья
0007086.png	Медикаментозное лечение
0007087.png	Мастера натюрморта Франции
0007088.png	Кремль
0007089.png	взаимное переплетение цивилизационных и формационных разногласий
0007090.png	Рубцов переулок
0007091.png	НКГБ и НКВД СССР объединены в единый Наркомат внутренних дел.
0007092.png	Спиридонов, Александр Юрьевич (партия «Единая Россия»);
0007093.png	Чемпионат России
0007094.png	Особые флинты (ОФ)
0007095.png	4 июня
0007096.png	2 августа
0007097.png	Организации России, самостоятельно присуждающие учёные степени
0007098.png	Авиастроительные материалы
0007099.png	Война на Украине
0007100.png	См. также: :Категория:Умершие в 1819 году
0007101.png	Снегирь (1974)
0007102.png	Ранние годы
0007103.png	История Донецкой области
0007104.png	15-е простое число
0007105.png	ЗАО «Онего-Транслес»
0007106.png	Ротмистр (09.05.1908)
0007107.png	См. также
0007108.png	14 сентября
0007109.png	Кинорынок
0007110.png	Муниципальные образования Агрызского района
0007111.png	Александр Митта
0007112.png	на других языках
0007113.png	Инженеры Древней Греции
0007114.png	Латинская Америка
0007115.png	матрица
0007116.png	Права человека в Китае
0007117.png	Персоналии:Франция
0007118.png	Теория Кернера трёх фаз в транспортном потоке
0007119.png	Биография
0007120.png	Латинские фразы и выражения
0007121.png	Память
0007122.png	Наука, культура, образование
0007123.png	Сказки 1955 года
0007124.png	Музыкальный строй
0007125.png	Показатели деятельности
0007126.png	Латинские писатели Нового времени
0007127.png	Мурманское шоссе
0007128.png	: Канандагуа
0007129.png	Энтропия Реньи
0007130.png	Управление непрерывностью услуг
0007131.png	Культура
0007132.png	Ромер, Евгений
0007133.png	См. также: :Категория:События 13 сентября
0007134.png	Особенности законодательства.
0007135.png	Ссылки
0007136.png	Железный век
0007137.png	Камфора бромистая
0007138.png	Иллюстрированный отчет о путешествии по следам Ириновской железной дороги
0007139.png	Прочее
0007140.png	История
0007141.png	Общественная позиция
0007142.png	Возможные значения  в пифагоровых тройках образуют последовательность ()
0007143.png	Механики по алфавиту
0007144.png	Первоиздания по рукописям
0007145.png	Музеи
0007146.png	У Франсуа Рабле Пантагрюэль в Атласной стране созерцает 32 единорога.
0007147.png	Россия
0007148.png	Примечания
0007149.png	Сочинения
0007150.png	Описание
0007151.png	Члены Эдинбургского королевского общества
0007152.png	Процентный доход
0007153.png	Родились
0007154.png	Города-побратимы
0007155.png	ядовито-дымные (адамсит, хлорацетофенон).
0007156.png	Упразднение гетманства в Малороссии.
0007157.png	Продолжение традиции
0007158.png	Язык Септуагинты
0007159.png	См. также
0007160.png	Фильмы
0007161.png	Улица 40 лет Октября
0007162.png	Климат
0007163.png	Физические свойства
0007164.png	Империя Инков
0007165.png	Действуют также швейная фабрика, завод металлоизделий (ликвидирован).
0007166.png	В старших классах
0007167.png	Костенец зелёный ()
0007168.png	Ссылки
0007169.png	Бассейн Преголи
0007170.png	Промышленность
0007171.png	Каменноугольная промышленность:
0007172.png	Белки
0007173.png	Критическая размерность в теории струн.
0007174.png	Детские писатели СССР
0007175.png	Административно-территориальное деление
0007176.png	Белорусские генерал-губернаторы
0007177.png	Родились
0007178.png	См. также
0007179.png	Сердар Азмун
0007180.png	Северный Бородино (Кита-Дайто)
0007181.png	История герба Электрогорска
0007182.png	Треугольник Рёло
0007183.png	южные русские,
0007184.png	Литература
0007185.png	Иллюзии в психиатрии
0007186.png	Пожар на американском авианосце «Форрестол», 134 погибших.
0007187.png	Поэты Германии
0007188.png	Публичная библиотека (1925)
0007189.png	Инженеры Литвы
0007190.png	ПАО «Вымпел-Коммуникации» (торговая марка Билайн)
0007191.png	доктор богословия Иоанн (Ян) Хризостом Гинтылло
0007192.png	Города-побратимы
0007193.png	Поправка к Закону о запрете смешанных браков (1949)
0007194.png	Словацкая национальная галерея
0007195.png	Пензенский филиал МЭСИ;
0007196.png	Награды и премии
0007197.png	Симоцукэ
0007198.png	Роман-сказка («Приключения Незнайки и его друзей», Николай Николаевич Носов);
0007199.png	Примечания
0007200.png	валторна
0007201.png	Официальный сайт Думы городского округа Жигулёвск
0007202.png	Велес
0007203.png	Примеры
0007204.png	чертежи Ахетатона
0007205.png	Древний Израиль и Иудея
0007206.png	Кинотеатры
0007207.png	См. также
0007208.png	Перечень ЖНВЛП
0007209.png	Тарское;
0007210.png	Первые секретари горкома и ВКП(б)
0007211.png	Виньетирование
0007212.png	Политические партии
0007213.png	Чарты
0007214.png	Третичными характеристиками объёма данных являются различные множества разрядов.
0007215.png	Литература
0007216.png	Описание работы:
0007217.png	Роли в театре
0007218.png	Земское правительство
0007219.png	Вертикально-подъёмные мосты России
0007220.png	Сами египтяне иногда отождествляли его с Бебаном.
0007221.png	Радио, улица (Басманный район)
0007222.png	Соловьи
0007223.png	«Пять имён-1» (2006)
0007224.png	Послевоенная биография
0007225.png	Связь
0007226.png	Арабские писатели
0007227.png	Иешива (1899)
0007228.png	Экономика
0007229.png	Реки Корткеросского района
0007230.png	Почётные члены Военно-медицинской академии
0007231.png	Противопоказания
0007232.png	Именины
0007233.png	Диффамация в российском праве
0007234.png	Родившиеся в 1630 году
0007235.png	Взаимодействия
0007236.png	Вымышленные
0007237.png	Черногорский язык
0007238.png	В искусстве
0007239.png	Текст Книги Мормона на английском языке
0007240.png	Морская навигационная карта
0007241.png	Доктрина как источник права
0007242.png	Правление
0007243.png	21 ноября
0007244.png	В советско-польской войне осуществил Житомирский прорыв.
0007245.png	По данным переписи, население города составило 45830 человек.
0007246.png	Псковская область
0007247.png	Административное деление
0007248.png	Беременность и осложнения беременности
0007249.png	Церковнослужители
0007250.png	Ссылки
0007251.png	Городские поселения, упразднённые в 2018 году
0007252.png	Данные водного реестра
0007253.png	Административно-территориальное устройство
0007254.png	Щытиться и за князя великого тебе
0007255.png	женские,
0007256.png	Обладатели Кубка Федерации по теннису
0007257.png	С 20 августа 1917 года и по сей день издаётся журнал «Танг Чулпан».
0007258.png	Гипотезы происхождения Луны
0007259.png	Картаго
0007260.png	Биография
0007261.png	сдвигом влево одной костяшки в следующий разряд записывается единица переноса;
0007262.png	Изотермик
0007263.png	См. также: :Категория:Праздники 15 декабря
0007264.png	Эпиграфические памятники Арского района
0007265.png	Примечания
0007266.png	Культура
0007267.png	Монгольское нашествие во главе с Чингисханом
0007268.png	Выпускники Московского училища живописи, ваяния и зодчества
0007269.png	Питиямб второй
0007270.png	Литература
0007271.png	Жизнь короля неоднократно становилась сюжетом кинофильмов:
0007272.png	10. Мытарство зависти
0007273.png	Приборск
0007274.png	инсулинотерапию;
0007275.png	Несколько дней спустя при дворе были большой приём и поздравления.
0007276.png	Лобашёв, Владимир Михайлович
0007277.png	Соль Джонсона
0007278.png	нифедипин
0007279.png	Дневники Владимира Высоцкого
0007280.png	Определение
0007281.png	У финно-угорских народов
0007282.png	Мольет-дель-Вальес, Испания (Каталония)
0007283.png	Официальное толкование:
0007284.png	Фамилия
0007285.png	Макропроцессор
0007286.png	Примечания
0007287.png	Начал вещать первый в СССР телеканал: Телевидение имени Горького.
0007288.png	Экзистенциализм о бытии
0007289.png	Казариновы: Фёдор Венедиктович и Иван Артемьевич - дьяки (1692)..
0007290.png	31. Хиос
0007291.png	Ваханский язык
0007292.png	Известные люди
0007293.png	Жан (великий герцог Люксембурга)
0007294.png	Млекопитающие Евразии
0007295.png	См. также
0007296.png	Родились
0007297.png	Отец: Игорь Глебович
0007298.png	Географическое положение
0007299.png	Богословие
0007300.png	Пиперазины
0007301.png	Научное оснащение аппарата
0007302.png	Академия изящных искусств во Франции (1816).
0007303.png	три населённых пункта в Германии:
0007304.png	Заитово;
0007305.png	Сольные альбомы Алана Парсонса:
0007306.png	Партийный стаж членов Политбюро
0007307.png	Центурии различных разрядов были, несомненно, разной величины.
0007308.png	убрал деревянную лестницу, установленную Ибн аз-Зубайром внутри Каабы;
0007309.png	Русофилы
0007310.png	6 июня
0007311.png	Вооружённые силы
0007312.png	Государства в истории Боснии и Герцеговины
0007313.png	История разработок СОВ
0007314.png	Наука
0007315.png	Математика
0007316.png	проводку для системы акселератора;
0007317.png	Другие учреждения культуры
0007318.png	Дрокия (Молдова)
0007319.png	Информационные таблички
0007320.png	Режиссёр
0007321.png	Достоинства
0007322.png	Экология
0007323.png	Разное
0007324.png	Принцип Дирихле позволяет доказать и более общую теорему:
0007325.png	Подбор актёров: Константин Виссарионов
0007326.png	Литература
0007327.png	Иранские народы
0007328.png	Италийские языки делятся на две ветви:
0007329.png	Должности
0007330.png	Почётные граждане Северодвинска
0007331.png	Чеченский.
0007332.png	Курахаси
0007333.png	Название
0007334.png	Египетское иероглифическое письмо
0007335.png	Бахчисарайское каймаканство
0007336.png	История
0007337.png	При этом Брин Джонс никогда не бывал на Ближнем Востоке.
0007338.png	Жирным отмечены игроки выступающие за клуб в настоящее время.
0007339.png	Россия
0007340.png	Взлетная масса: 7536 кг
0007341.png	Газолин
0007342.png	ЗАО «Ногинский завод кровельных и гидроизоляционных материалов»;
0007343.png	Что касается проблемы первого отсека, то его было решено отрезать.
0007344.png	Адам Мицкевич. Стихотворение «Шашки» в переводе Дмитрия Дмитриевича Минаева.
0007345.png	Россия 24
0007346.png	Университет. Музеи: Гробе-Лабадье, Кантини, античной торговли.
0007347.png	Ссылки
0007348.png	Возвращение в Москву
0007349.png	Лечение
0007350.png	Тюркизмы
0007351.png	западноземплинские,
0007352.png	Разновидности арабского языка
0007353.png	Тверская область
0007354.png	:Категория:Почётные граждане Анапы
0007355.png	Камбоджа и Таиланд
0007356.png	Неман может означать:
0007357.png	Переправа русской армии через Ворсклу
0007358.png	В спорте
0007359.png	Железнодорожный вошёл в состав Куйбышевского
0007360.png	Первая мировая война
0007361.png	Стихийные бедствия
0007362.png	Факторизация произведения натуральных чисел
0007363.png	10 июля
0007364.png	Названия букв
0007365.png	Записано со слов Азалаис, вдовы Альзю де Массабрак.
0007366.png	Огнестрельное оружие
0007367.png	Планы развития
0007368.png	Камерные вокальные произведения
0007369.png	Примечания
0007370.png	Послереволюционный период
0007371.png	Ивановская АСТ (только планировалась)
0007372.png	Свободная роспись
0007373.png	Альтернативные технологии
0007374.png	Политики, известные под псевдонимами
0007375.png	Магнитная рамочная антенна
0007376.png	Часы специального назначения:
0007377.png	стремиться к бесконечности,
0007378.png	Французский
0007379.png	В литературе
0007380.png	Ростокино
0007381.png	Примечания
0007382.png	В городе расположены:
0007383.png	Сентябрь
0007384.png	География
0007385.png	Простые числа, отличающиеся на шесть
0007386.png	Члены Республиканской партии США
0007387.png	Происхождение названия
0007388.png	Теорема Вариньона:
0007389.png	Память
0007390.png	Города Костромской области
0007391.png	Мацуо Басё на «Викиливр.ру»
0007392.png	О введении метрических книг в Башкортостане
0007393.png	Московский,
0007394.png	молокозавод;
0007395.png	Часть первая
0007396.png	Огненный таран
0007397.png	Современность
0007398.png	Примечания
0007399.png	Физкультурно-развлекательная стрельба из лука
0007400.png	Прусский орден Красного орла 1-й ст. (1813);
0007401.png	Население
0007402.png	История военно-инженерного дела
0007403.png	Забайкальская краевая филармония;
0007404.png	«Стальной скок» (1927, Париж).
0007405.png	Неврологические заболевания
0007406.png	Умершие в 1906 году
0007407.png	Курдский язык
0007408.png	Литература
0007409.png	Вирусы
0007410.png	Христианство в Египте
0007411.png	Первый брак
0007412.png	Выпускники факультета журналистики МГУ
0007413.png	Официальный сайт штата Мараньян.
0007414.png	ГУК «Березовская районная библиотечная система»
0007415.png	Армянский государственный экономический университет
0007416.png	24 июня 1983 года Каменец получил статус города.
0007417.png	феномен Рейно (поражение мелких артерий пальцев);
0007418.png	В Бураевском районе 95 населённых пунктов.
0007419.png	Британская премия Сомерсета Моэма.
0007420.png	Киевская духовная академия
0007421.png	Другие достопримечательности
0007422.png	2001  Гленн Ходдл
0007423.png	Функциональное описание протокола
0007424.png	См. также
0007425.png	Газета «Республика»;
0007426.png	Гастрономия
0007427.png	Приключенческие фильмы СССР
0007428.png	Лингвистическая характеристика
0007429.png	В массовой культуре
0007430.png	Демографическая революция и Россия.  2007.
0007431.png	Клеточная биология
0007432.png	Память
0007433.png	Чеширский кот (из фильма Тима Бёртона 2010 года)
0007434.png	Циолковский и евгеника
0007435.png	Примечания
0007436.png	Союз ТМ-4.
0007437.png	Родились
0007438.png	Чемпионы Европы
0007439.png	Литература
0007440.png	Единицы измерения времени
0007441.png	Холода, холода (муз. и сл. В. Высоцкого)
0007442.png	Источники
0007443.png	Океанские лайнеры
0007444.png	Емилиан (Гончаров), священномученик, иерей, память 5 ноября
0007445.png	Персоналии:Соловецкий монастырь
0007446.png	Биография
0007447.png	Государства и территории, основанные в 1054 году
0007448.png	Экономика
0007449.png	В культуре
0007450.png	Архитектура
0007451.png	Для церкви святой Лючии Караваджо написал «Погребение св. Лючии» (1608).
0007452.png	Нюрнбергский филармонический оркестр
0007453.png	Сиреневая улица (деревня Страдань)
0007454.png	Историки по алфавиту
0007455.png	Джорджиньо Вейналдум, нидерландский футболист.
0007456.png	Команды
0007457.png	Пункты базирования корабельного состава Черноморского флота
0007458.png	Диагностика
0007459.png	33-й год по эре правления луского князя Си-гуна.
0007460.png	Давид Гликман (р. 1874), российский журналист, фельетонист, поэт, драматург.
0007461.png	Литература
0007462.png	в Кропивницком (в 2016 году, бывшая улица Котовского);
0007463.png	Оборудование
0007464.png	Похороненные в Нанкине
0007465.png	Литература
0007466.png	История
0007467.png	Премия Луизы Гросс Хорвиц (1979)
0007468.png	Динамика населения:
0007469.png	Примечания
0007470.png	Оперные композиторы Таджикистана
0007471.png	Латышские поэты
0007472.png	(6, 25, 29) с площадью 60,
0007473.png	Литература
0007474.png	Предыстория. Возможные причины
0007475.png	Мученики
0007476.png	Главы города
0007477.png	Ссылки
0007478.png	Музыкальные сочинения
0007479.png	Французские дивизионные генералы Революционных и Наполеоновских войн
0007480.png	Адыгея
0007481.png	1939 «Старуха»
0007482.png	Основными документами являются:
0007483.png	Ньюфаундленд лишен агрессии по отношению к людям.
0007484.png	Химические элементы
0007485.png	Пояс верности
0007486.png	Города Афганистана
0007487.png	В 2019 произошло слияние ПАО "Газ" и Завода штампов и пресс-реформ.
0007488.png	Скончались
0007489.png	Участники Крымской войны
0007490.png	Таким образом, фактически было возвращено изначальное определение.
0007491.png	Города-побратимы
0007492.png	Фильмы
0007493.png	Романские языки
0007494.png	Примечания
0007495.png	Орден Людвига (Великое герцогство Гессен, )
0007496.png	Инженеры Германии
0007497.png	Родниковая улица (село Красная Пахра)
0007498.png	Линия Кии Токугава
0007499.png	Признание
0007500.png	На русском языке
0007501.png	Военные писатели Российской империи
0007502.png	Клиентские государства
0007503.png	Члены КПСС
0007504.png	Р-250 (радиоприёмник)
0007505.png	Саурская революция
0007506.png	Суринамский хиндустани
0007507.png	Киаксар разбил скифов и выгнал их из Мидии. Объединение мидийских племён.
0007508.png	Франкфурт-на-Майне, Германия
0007509.png	Литература
0007510.png	Дубки, улица
0007511.png	Встают рассветы (стихи М. Танича)
0007512.png	См. также
0007513.png	Пятьдесят лет жизни Нижегородского земства (1914).
0007514.png	Центр дополнительного профессионального образования
0007515.png	Адреса в Санкт-Петербурге
0007516.png	См. также
0007517.png	Конструкция
0007518.png	генерал армии (8.05.1959)
0007519.png	Лётчика Полагушина, улица
0007520.png	ирит;
0007521.png	С 1980 вручается награда Нома за выдающиеся литературные произведения.
0007522.png	Советская идеология
0007523.png	Критика
0007524.png	Присоединение Реции, Норика и Северных Альп к Риму.
0007525.png	Тренеры ХК «Локомотив» Ярославль
0007526.png	Члены КПСС
0007527.png	Румынский язык
0007528.png	Начальные обряды:
0007529.png	Труба, Корнет.
0007530.png	Мазут атмосферной перегонки нефти
0007531.png	В Эйлате развит водный спорт, в особенности подводное плавание.
0007532.png	Золотая сабля «За храбрость» украшенная бриллиантами (02.02.1828)
0007533.png	Рюмин переулок
0007534.png	Эман патар атипату тиру мейньяанак корал
0007535.png	Обозначения Гулда
0007536.png	Письменность
0007537.png	Альф (мультсериал)
0007538.png	Зауральское отделение Федерации айкидо Республики Башкортостан.
0007539.png	21 июня
0007540.png	Члены Национальной инженерной академии США
0007541.png	Страны СНГ
0007542.png	«Абдулла» (музыка и слова Игоря Николаева)
0007543.png	Ссылки
0007544.png	Причаливание
0007545.png	Робертсон Д., Герцог И., История христ. Церкви, СПб., 1891, т.2;
0007546.png	Телеуты уничтожили Юэбань.
0007547.png	Изданные книги
0007548.png	Гражина Гурска-Михальска, польская актриса кино.
0007549.png	Поэты Азербайджана
0007550.png	Альбомы фолк-рока
0007551.png	В математике
0007552.png	Другое
0007553.png	Ракеты-носители России
0007554.png	См. также
0007555.png	Режиссёры-лауреаты премии «Оскар» за лучший анимационный полнометражный фильм
0007556.png	«Афросамурай: Воскрешение»
0007557.png	Баварский географ
0007558.png	Метанол
0007559.png	!Другие
0007560.png	Террористические организации Европы
0007561.png	Открытия
0007562.png	На русском языке
0007563.png	В зависимости от состояния спроса на рынке
0007564.png	Атомный номер брома
0007565.png	Метродор Хиосский
0007566.png	Поселение Щербинка
0007567.png	Марганцовка
0007568.png	В ролях
0007569.png	Современная история
0007570.png	стабилизация денежных обменных курсов
0007571.png	Плотность последовательности
0007572.png	Прочее
0007573.png	Важнейшие реки: Шельда, Лис, Дюрме, Дандр
0007574.png	Бог Сын и
0007575.png	Метаболизм
0007576.png	Сенаторы Второй империи
0007577.png	Ссылки
0007578.png	Биография
0007579.png	Неаполя
0007580.png	Сквер на Ленинской горке.
0007581.png	Ссылки
0007582.png	Полк в ВВС
0007583.png	Литература
0007584.png	Научный юмор
0007585.png	Церковь во имя Успения Пресвятой Богородицы
0007586.png	Лауреаты Филдсовской премии
0007587.png	Оценки
0007588.png	Литература
0007589.png	Части речи
0007590.png	Вредители
0007591.png	«Кто виноват?», роман в двух частях (1846)
0007592.png	Особенности
0007593.png	Покаяние (1984)  (4019)
0007594.png	Примечания
0007595.png	Библия
0007596.png	Мир (отсутствие войны).
0007597.png	Китайский
0007598.png	Официальный сайт муниципалитета Кирьят-Малахи
0007599.png	Математика
0007600.png	В качестве трофеев в велосипедном спорте используются призовые майки.
0007601.png	Музей истории города Краматорска
0007602.png	7 июня
0007603.png	Научно-образовательный центр Испытание строительных материалов и конструкций"
0007604.png	Сексуальная ориентация и общество
0007605.png	Братья:
0007606.png	Нервная система книдарий и гребневиков
0007607.png	Тёмная материя
0007608.png	«Марс-экспресс» (с 25 декабря 2003 года).
0007609.png	Связь
0007610.png	Православные гимнографы
0007611.png	Почётные доктора Киевского университета
0007612.png	Реки Гессена
0007613.png	Происхождение слова «мумия»
0007614.png	Гроссето, Италия
0007615.png	Официальный сайт наукограда Кольцово
0007616.png	Все фильмы выпущены в 1914 году:
0007617.png	Галлы предпринимают новую попытку напасть на Рим. Нападение легко отбито.
0007618.png	Монополия
0007619.png	Философские термины
0007620.png	Еггогология
0007621.png	Краеведы по алфавиту
0007622.png	Камео
0007623.png	Примечания
0007624.png	Пермский государственный национальный исследовательский университет.
0007625.png	Примечания
0007626.png	Субъекты Российской Федерации
0007627.png	Описание герба
0007628.png	Карташёв   Иван Семёнович - московский дворянин (1692)..
0007629.png	Председатели Правительства РФ
0007630.png	Умершие в Латвии
0007631.png	Главы города
0007632.png	Почётные доктора Страсбургского университета
0007633.png	Список индуистских праздников
0007634.png	История
0007635.png	Литература
0007636.png	История создания
0007637.png	Управляемый термоядерный синтез
0007638.png	Лесоперерабатывающая промышленность
0007639.png	Оценка грузопотока
0007640.png	Завершение
0007641.png	Приход калмыков в Поволжье
0007642.png	Литература
0007643.png	«Песня служанки», исполняет Елена Дриацкая
0007644.png	Классификация
0007645.png	Транспорт
0007646.png	Часовня Святого Георгия-Победоносца (Сапун-гора);
0007647.png	Сноубордические пластины можно разделить на три категории:
0007648.png	Геннадий Глаголев («Конь белый», 1993)
0007649.png	Примечания
0007650.png	История физики
0007651.png	Нижняя Краснохолмская улица
0007652.png	По конструкции мельницы подразделяются на:
0007653.png	Примечания
0007654.png	Административное деление
0007655.png	Примечания
0007656.png	«Сказка о рыбаке и рыбке» (режиссёр А. Птушко, «Мосфильм», 1937)
0007657.png	Эффективное распределение ресурсов вычислительной системы между процессами.
0007658.png	604 км: Иловля (лв)
0007659.png	Комментарии
0007660.png	При избытке щёлочи гидроксид растворяется:
0007661.png	Национальная академия изобразительного искусства и архитектуры
0007662.png	В Ветхом Завете греческой Библии:
0007663.png	Медицинские
0007664.png	Литература
0007665.png	Название
0007666.png	Реагирует с солями двухвалентного марганца, например:
0007667.png	Императрица и вдовствующая императрица
0007668.png	Проект
0007669.png	Железнодорожные вокзалы Санкт-Петербурга
0007670.png	Орден Белого сокола, большой крест
0007671.png	Военное дело
0007672.png	Орден Ацтекского орла (Мексика)
0007673.png	1937 год в Калифорнии
0007674.png	Средневековье
0007675.png	Здравоохранение
0007676.png	11. Ленинский
0007677.png	Аналитическое решение
0007678.png	Поп-музыканты России
0007679.png	Мобильные элементы генома
0007680.png	Национальный университет физического воспитания и спорта Украины (ИНФИЗ)
0007681.png	Аэродром Килпъявр
0007682.png	Ссылки
0007683.png	Биография
0007684.png	Формирование ополчения
0007685.png	Приход храма Святых Апостолов Петра и Павла г. Смоленска
0007686.png	В литературе
0007687.png	См. также
0007688.png	Ссылки
0007689.png	Хранение
0007690.png	Сандинистская революция и гражданская война
0007691.png	Галина Бадич
0007692.png	Культура
0007693.png	Андорра-ла-Велья является городом-побратимом следующих городов:
0007694.png	Святыни
0007695.png	Литература
0007696.png	Норд-Ост
0007697.png	Биография
0007698.png	Уральский
0007699.png	См. также
0007700.png	Спрайты
0007701.png	Родившиеся в 1822 году
0007702.png	Большевики
0007703.png	леса и особо охраняемые природные территории
0007704.png	Рыбы Европы
0007705.png	Социальная сфера
0007706.png	«Делси-С» (реализация и переработка рыбо- и морепродуктов).
0007707.png	Шахматисты России
0007708.png	Примечания
0007709.png	Примечания
0007710.png	Белорусы
0007711.png	Октябрь
0007712.png	История Белоруссии
0007713.png	Примечания
0007714.png	Территориальное поведение
0007715.png	Подведомственные службы (федеральные органы исполнительной власти)
0007716.png	лишённое родимой глины, оно в аллювии долины
0007717.png	Античная история
0007718.png	Не ведая, что творит, Иуда не мог тяжело раскаиваться;
0007719.png	Молнии Кататумбо
0007720.png	Действия на море
0007721.png	Мебельные пластмассы
0007722.png	Центрированные треугольные числа
0007723.png	Литература
0007724.png	Убанги-Шари (Центрально-Африканская Республика),
0007725.png	Население
0007726.png	Первый поход
0007727.png	Некоторые примеры
0007728.png	Члены Президиума ВЦИК
0007729.png	Оценки
0007730.png	Наиболее известен метод Гаусса по пяти точкам.
0007731.png	Сражения Австрии
0007732.png	Санхеция
0007733.png	Рельеф
0007734.png	Гидравлика, учебный фильм
0007735.png	Сражения Первой мировой войны
0007736.png	Фестиваль сплава «Чусовая России»
0007737.png	Памятник в Нижнем Новгороде на улице Комарова.
0007738.png	Елена Душечкина отмечала:
0007739.png	Великобритания
0007740.png	События
0007741.png	Академические подразделения
0007742.png	Пятиструнная скрипка
0007743.png	Примечания
0007744.png	Участники Минской операции
0007745.png	Коростенский район
0007746.png	Ссыльные в Тобольске
0007747.png	Библиография Амброза Бирса
0007748.png	Свеча Яблочкова
0007749.png	Факты
0007750.png	Юность
0007751.png	Рожае, Черногория
0007752.png	Валлония
0007753.png	Графы Дзедушицкие (КГЛ) (ЦП)
0007754.png	Сенсорные дисплеи
0007755.png	Ломжинская губерния Царства Польского (с 1867 года);
0007756.png	14 июня
0007757.png	Церковь Благовещения Пресвятой Богородицы в Иванове
0007758.png	Фитотерапия (см. Лекарственные растения в онкологии).
0007759.png	Литература
0007760.png	Средства массовой информации
0007761.png	Страницы с непроверенными переводами
0007762.png	Депутаты районных советов СССР
0007763.png	Внешняя торговля и зарубежные инвестиции
0007764.png	Центробежная сила
0007765.png	Применение
0007766.png	Лекарственные взаимодействия
0007767.png	Доктора филологических наук
0007768.png	Похоронен в селе Петрищево.
0007769.png	Сайт НПО «Вирион»
0007770.png	Известные представители: Робаллабл, Фаджабладл.
0007771.png	Лев и Комар
0007772.png	Археофит и неофит
0007773.png	Манас: энциклопедия. В 2 т. Бишкек, 1995. (на киргизском языке.
0007774.png	См. также
0007775.png	Ссылки
0007776.png	Кн. 9. Весёлые ребята и другие рассказы.
0007777.png	Литература
0007778.png	Семён Жаворонков (ум.1967), советский военачальник, маршал авиации.
0007779.png	Притоки
0007780.png	Функции осанки
0007781.png	См. также
0007782.png	Родились
0007783.png	Примечания
0007784.png	Примечания
0007785.png	Парк керамики
0007786.png	инфекционная больница
0007787.png	События
0007788.png	Классификация яйцеклеток
0007789.png	«Дяденька Протас Иванович»
0007790.png	Выпускники Королевского колледжа (Кембридж)
0007791.png	1960-е
0007792.png	Сэйю: Каппэй Ямагути (парень), Мэгуми Хаясибара (девушка)
0007793.png	Профессорско-преподавательский состав
0007794.png	Средние века
0007795.png	Публицисты Армении
0007796.png	Биография
0007797.png	Литература
0007798.png	Туманинский сельсовет
0007799.png	редакция газеты «Степной край»
0007800.png	Флигель-адъютанты (Российская империя)
0007801.png	Радиостанции
0007802.png	Республика Маврикий
0007803.png	Примечания
0007804.png	Города-побратимы
0007805.png	Индо-пакистанский конфликт.
0007806.png	Император: Клавдий.
0007807.png	После окончания Холодной войны на базе остались:
0007808.png	Сильные пассатные ветра.
0007809.png	Примечания
0007810.png	Михаил Бойко (р. 1910), советский военный деятель, генерал-майор.
0007811.png	Пак Чжон Хи досрочно избран президентом Южной Кореи на четвёртый срок.
0007812.png	Внебрачное потомство аристократов Российской империи
0007813.png	Члены Баварской академии наук
0007814.png	Предоставление сервисов аккредитованным и коммерческим пользователям:
0007815.png	Федеральная служба в США
0007816.png	Литература
0007817.png	МАУК «Дворец химиков»
0007818.png	Официальный сайт
0007819.png	Биография
0007820.png	Политика и власть
0007821.png	См. также
0007822.png	Спорт
0007823.png	Соболевский А. И. Славяно-русская палеография. 4-е изд., стереотипное. М., 2005.
0007824.png	Путешествие с ослом
0007825.png	Лирические поэты
0007826.png	5 марта
0007827.png	См. также
0007828.png	Победители Лиги наций УЕФА
0007829.png	«Воззвание к публике» по поводу обвинения в атеизме (1799);
0007830.png	венгерский орден Святого Стефана, большой крест (1903)
0007831.png	См. также
0007832.png	Известные люди
0007833.png	Память священномученика Стефана Немкова, пресвитера и с ним 18 мучеников (1918);
0007834.png	Установлены дипломатические отношения между Арменией и Перу.
0007835.png	Джим Хенсон (р. 1936), американский кукловод, создатель «Маппет-Шоу».
0007836.png	Реки Амурской области
0007837.png	Литература
0007838.png	Ортагоз
0007839.png	Сценарий к видеоиграм
0007840.png	частично упорядоченного множества,
0007841.png	И колечко, ей мною подарено.
0007842.png	История
0007843.png	Юлия Вознесенская «Женское движение в России»
0007844.png	Наиболее значительные загрязнители:
0007845.png	Нейтрализм
0007846.png	Улучшая, не навреди
0007847.png	В России
0007848.png	Вавилонские цари
0007849.png	Квантовая теория поля в искривлённом пространстве-времени
0007850.png	Игроки и судьи
0007851.png	Международные вспомогательные языки
0007852.png	146. Никите Костромскому, прп.
0007853.png	См. также
0007854.png	Вироиды
0007855.png	См. также: :Категория:Родившиеся в 652 году
0007856.png	В 2013 году избран членом Зала славы Интернета.
0007857.png	Филиал Мурманского Арктического Государственного университета в городе Апатиты;
0007858.png	См. также
0007859.png	Абу-ль-Хасан Кисаи, таджикский поэт (род. 953).
0007860.png	Первая мировая война
0007861.png	Классификация огнестрельного оружия
0007862.png	игры на набор взяток (коммерческий вариант экарте, бриск);
0007863.png	Археофит и неофит
0007864.png	Манга в других странах
0007865.png	первородный грех, сделавший страдание неизбежным уделом людей;
0007866.png	Сосновая улица (деревня Акиньшино)
0007867.png	Ссылки
0007868.png	Владивостокский государственный цирк
0007869.png	Умершие в 1709 году
0007870.png	Карл Янский (ум. 1950), американский физик и инженер, пионер радиоастрономии.
0007871.png	Государственные технические собрания Дрездена
0007872.png	Юрий Айзеншпис (р. 1945), советский и российский музыкальный продюсер.
0007873.png	Транснациональные банки
0007874.png	Классификация русских предлогов по структуре
0007875.png	Трансовое расстройство
0007876.png	Бюст С. Вострецова в селе Аян.
0007877.png	Готланд, Швеция
0007878.png	планирование потребностей в персонале;
0007879.png	Ссылки
0007880.png	1991 «Войти в образ»
0007881.png	Здания и сооружения Невского района
0007882.png	ион-дипольное (между ионами и диполями);
0007883.png	Применение
0007884.png	Литература
0007885.png	Футболисты СССР
0007886.png	Польша:
0007887.png	Персоналии:Горьковский автомобильный завод
0007888.png	Баллоны и регуляторы давления
0007889.png	Национальный ботанический сад Бангладеш
0007890.png	Обладатель Кубка Шпенглера (2005)
0007891.png	Радиоактивные свойства некоторых изотопов протактиния:
0007892.png	Период расцвета
0007893.png	Персоналии по алфавиту
0007894.png	Автотриал в болотах области.
0007895.png	Члены КПСС
0007896.png	Государства и территории, основанные в 1978 году
0007897.png	Фратрекс братьев Аттиедиев;
0007898.png	Ненецкая Республика
0007899.png	Брестская 2-я улица
0007900.png	Биография
0007901.png	Длина: 10 м
0007902.png	Легенды
0007903.png	Виктор Семенов
0007904.png	Репертуар
0007905.png	Виктория Токарева
0007906.png	Спорт
0007907.png	Кислотное расщепление
0007908.png	Русские исторические журналы
0007909.png	16 сентября
0007910.png	«Сто дней». Четырёхлетняя ссылка. Прощение «грехов» и восстановление на службе
0007911.png	Экспериментальная психология
0007912.png	Группа Клейна
0007913.png	Иоаким Корсунянин, св. на сайте Русское Православие
0007914.png	Пионеры авиации
0007915.png	Литература
0007916.png	Юристы Российской империи
0007917.png	(зависимая территория Великобритании)
0007918.png	Республиканская станция переливания крови
0007919.png	Германско-итальянские отношения
0007920.png	Имперский камеральный суд
0007921.png	Исследование о Литве
0007922.png	Советская школа монтажа
0007923.png	Стиракий
0007924.png	Происхождение
0007925.png	Топографические
0007926.png	Биография
0007927.png	Троада в древнегреческой мифологии
0007928.png	Районы Чебоксар
0007929.png	В 1988 году театр получил статус академического.
0007930.png	«Обет» ()
0007931.png	(5,12,13), (6,8,10), (6,25,29), (7,15,20) и (9,10,17)
0007932.png	Религиозные реформы
0007933.png	Международный институт бизнеса МИБ-Украина
0007934.png	Примечания
0007935.png	Секретариат Договора об Антарктике
0007936.png	Гексагональная моноклинная:
0007937.png	Другие приложения
0007938.png	Примечания
0007939.png	Пенсакола, шт. Флорида, США
0007940.png	Достопримечательности
0007941.png	Дворовые люди (крепостные)
0007942.png	5 (число)
0007943.png	Почётная грамота стран-участниц СНГ (2004)
0007944.png	В браке с Елизаветой Датской родились:
0007945.png	Придет ли?
0007946.png	Депутаты прусского ландтага
0007947.png	Конструктивная математика.
0007948.png	Символы Одесского городского головы
0007949.png	Командующие 2-м Белорусским фронтом
0007950.png	Национальный состав
0007951.png	Умершие 22 января
0007952.png	Периодизация Античности и протоантичности
0007953.png	1671: Степан Разин
0007954.png	Сам Барретт так отозвался о своём «первенце» в интервью :
0007955.png	Посмертные дети
0007956.png	Фантастический мир доктора Коппелиуса (), 1966 год
0007957.png	на других языках
0007958.png	Зергияр
0007959.png	Мулен Руж! (2001)
0007960.png	Лейб-кампания
0007961.png	Иммигрировавшие в США из Швейцарии
0007962.png	Варианты передачи имён и названий в различных переводах на русский язык
0007963.png	Городской парк
0007964.png	Добро в учении гр. Толстого и Ницше (философия и проповедь). СПб., 1900
0007965.png	Кримпай
0007966.png	Депутаты сельских советов СССР
0007967.png	Церковь Успения Пресвятой Богородицы
0007968.png	«Не вы Меня избрали, а Я вас избрал» ()
0007969.png	Всесоюзные комсомольские стройки
0007970.png	С пластмассовыми наконечниками
0007971.png	Главные редакторы газет
0007972.png	Этимология
0007973.png	Советские военные специалисты в Испании
0007974.png	Директора телеканалов
0007975.png	Саммиты ЛАГ
0007976.png	Присоединение Оранжевой республики к Британской империи.
0007977.png	Центральный планировочный район
0007978.png	Мутации начальных согласных
0007979.png	архив сайта партии СЛОН
0007980.png	Президентом Индонезии переизбран генерал Сухарто.
0007981.png	Порты России
0007982.png	орден Красной Звезды (17 июня 1961 года);
0007983.png	Примечания
0007984.png	Сердар Азмун
0007985.png	Культура и искусство
0007986.png	Скончались
0007987.png	Казнённые в 1921 году
0007988.png	Свободный контент
0007989.png	Улица Героев Севастополя (Севастополь)
0007990.png	Гарнитура включает в себя несколько начертаний:
0007991.png	Мариупольский художественный музей имени Куинджи
0007992.png	Субъекты авторского права
0007993.png	Игра может развиваться по трём основным направлениям.
0007994.png	Время, вперёд! (значения)
0007995.png	Примечания
0007996.png	Судебная власть
0007997.png	Татьяна Лазарева, российская актриса, комик, телеведущая, лауреат премии «ТЭФИ».
0007998.png	Символ пенни и пфеннига
0007999.png	Ударные кратеры.
0008000.png	Элементарные функции комплексной переменной
0008001.png	Военная политика
0008002.png	Населённые пункты
0008003.png	История лезгин
0008004.png	Авторы энциклопедий и словарей
0008005.png	Примечания
0008006.png	Джаримов, Аслан Алиевич (род. 07.11.1939) - Президент Адыгеи (1992-2002гг.)
0008007.png	1269 км: Большая Саргая (лв)
0008008.png	Специальная награда.
0008009.png	Мирное просвещение
0008010.png	Для отслеживания точек возврата из подпрограмм используется стек вызовов.
0008011.png	Время
0008012.png	Автомобильный транспорт
0008013.png	: Цзилун
0008014.png	Начало нескончаемой борьбы аристократов, укрепившихся в провинциях, между собой.
0008015.png	Трауберг Л. Жак Оффенбах и другие. М.: Искусство, 1987, глава 9: Штраус.
0008016.png	Грузинская хоккейная лига
0008017.png	Нетотиентное число
0008018.png	Примечания
0008019.png	Аполлон (справа) и, предположительно, Дафна (слева);
0008020.png	Ссылки
0008021.png	Ссылки
0008022.png	Примечания
0008023.png	Семья
0008024.png	Окуляры
0008025.png	Впервые была опубликована Книга Урантии.
0008026.png	См. также
0008027.png	Орден Орла 2-й степени (Ассоциация промышленников России, 2 мая 1992 года)
0008028.png	четверть-финалист Чемпионата мира ФИДЕ 2000 года, в Дели
0008029.png	Колыванское
0008030.png	Марксистский (социалистический) гуманизм
0008031.png	Чаковский
0008032.png	Маскоты
0008033.png	Примечания
0008034.png	В начале 2000-х из-за заморозков в стране погибло около трети поголовья скота.
0008035.png	Флора и фауна
0008036.png	Художник-постановщик
0008037.png	Литература
0008038.png	Суды: общее и особенное в разных странах
0008039.png	Немецкие поэты
0008040.png	Архитектор-эксперт, осуществляющий внешнюю экспертизу проектной документации.
0008041.png	Основан Сретенский монастырь..
0008042.png	7 марта, 12 марта
0008043.png	Наука
0008044.png	Шекспироведы
0008045.png	См. также
0008046.png	Харасавэйское газоконденсатное месторождение
0008047.png	География
0008048.png	По отношению к власти и праву:
0008049.png	Иррациональная власть
0008050.png	Салман, король Саудовской Аравии
0008051.png	Дальневосточная железная дорога (1971)
0008052.png	Физиология лошади
0008053.png	Юридические документы
0008054.png	Элементы, предсказанные Дмитрием Менделеевым
0008055.png	Ссылки
0008056.png	Андрей Федьков
0008057.png	Жуков, Сергей Владимирович
0008058.png	на территории бывшего Рыбоконсервного комбината.
0008059.png	Рок-музыканты СССР
0008060.png	См. также: :Категория:Умершие в 1433 году
0008061.png	Миссионерская работа
0008062.png	11 апреля:
0008063.png	Временное правительство национальной обороны (1916)
0008064.png	Математика и ИТ
0008065.png	Горское кладбище (г. Сестрорецк, Большая Горская ул., 82);
0008066.png	Хананеи
0008067.png	Анаис Нин (р. 1903), американская писательница.
0008068.png	Судебная власть: Верховный суд; Апелляционный суд.
0008069.png	Методы исследования
0008070.png	Арабо-израильский конфликт.
0008071.png	Наука
0008072.png	Похороненные на кладбище казанского Спасо-Преображенского монастыря
0008073.png	Литература
0008074.png	География
0008075.png	Семья
0008076.png	Русский рок в кино
0008077.png	разрабатывает проект новой Конституции, который:
0008078.png	Обладатель (3): 2003, 2005, 2019
0008079.png	См. также
0008080.png	история Древней Церкви
0008081.png	Всемирный день модерна
0008082.png	Машина Поста (автоматное программирование)
0008083.png	Туршу, Илья Садукович
0008084.png	Символика клуба
0008085.png	Сессионные и приглашённые музыканты прошлых лет
0008086.png	Сотовая связь
0008087.png	Монумент Славы в Полтаве, в честь победы в Полтавской битве.
0008088.png	Шелохвостов, Иван Юрьевич (02.07.2003, 792)
0008089.png	являются предъявительскими ценными бумагами;
0008090.png	Агатовое стекло
0008091.png	Ссылки
0008092.png	Космонавтов, аллея
0008093.png	Актёры США
0008094.png	Поздние работы и эстетика
0008095.png	Октябрь
0008096.png	О дендрохронологии и радиоуглеродном анализе см. выше .
0008097.png	Биография
0008098.png	Лунно-солнечные календари
0008099.png	Терсинское-1
0008100.png	Главы Города
0008101.png	В Минске:
0008102.png	Корпоративное управление
0008103.png	Автобус
0008104.png	Основные правила
0008105.png	Литература
0008106.png	Владимир Машков («Распутин», 2011)
0008107.png	Алгебры над кольцами
0008108.png	Ссылки
0008109.png	Формула, найденная Сринивасой Рамануджаном:
0008110.png	Квадратичный закон позволяет быстро вычислять символы Лежандра. Например
0008111.png	Общественный транспорт
0008112.png	Организация работы
0008113.png	Прочие реакции
0008114.png	Вибраторная антенна
0008115.png	Особенности
0008116.png	Преподаватели Вильнюсского университета
0008117.png	Современное значение термина «охота на ведьм»
0008118.png	Буддийский центр школы Карма Кагью
0008119.png	Ксенофан
0008120.png	Нерестовые миграции
0008121.png	Местные органы государственной власти
0008122.png	Романы
0008123.png	Адреса
0008124.png	Командир: Кондо Исами, глава фехтовальной школы Тэннэн Рисин Рю
0008125.png	Ссылки
0008126.png	Сьюзан Анбех, немецкая актриса.
0008127.png	абстрактные графы («обычные» графы);
0008128.png	Церковь Христиан Адвентистов Седьмого Дня.
0008129.png	Орден Исы
0008130.png	«Ярослав Мудрый» Передача из цикла «Час истины», 365 дней ТВ
0008131.png	Умершие в 1832 году
0008132.png	Оратория
0008133.png	Участие в других боевых действиях
0008134.png	право владения имуществом;
0008135.png	На территории Амурской области находится космодром Восточный.
0008136.png	Риккардо
0008137.png	См. также: :Категория:Родившиеся в 1024 году
0008138.png	Спортивные клубы Казани:
0008139.png	Мемуаристы Российской империи
0008140.png	Филиал АО «ЭР-Телеком Холдинг» в г. Саратове;
0008141.png	Дворцы культуры
0008142.png	Церковь Фёдора Стратилата на Щиркове улице
0008143.png	См. также
0008144.png	Программа российского кино
0008145.png	Миграция
0008146.png	Медицинские символы
0008147.png	Примечания
0008148.png	«Лучшему хоккеисту плей-офф»
0008149.png	Философия индуизма
0008150.png	Комментарии
0008151.png	Ссылки
0008152.png	Где жизнь судьба ему дала,
0008153.png	На кино- и телеэкранах образ Франца Иосифа воплощали:
0008154.png	Парк Бируте и ботанический сад
0008155.png	Молекулярное строение
0008156.png	Гомель в период феодальной раздробленности Руси
0008157.png	Орден Святого Михаила (Франция)
0008158.png	настенные часы;
0008159.png	Библиография
0008160.png	Внедорожная экипировка
0008161.png	Перечень ЖНВЛП
0008162.png	Трегалоза
0008163.png	Начало 1980-х. Рок-клубы
0008164.png	Системные требования
0008165.png	при рождении:
0008166.png	Профессор, доктор технических наук.
0008167.png	Общие элементы
0008168.png	Умершие от рака
0008169.png	Почётные граждане Байконура
0008170.png	Русский перевод Североатлантического договора (1949)
0008171.png	количественный состав совета директоров не может быть менее чем пять членов;
0008172.png	Деформационный ретракт пространства  является ретрактом пространства .
0008173.png	Профессора Санкт-Петербургской духовной академии
0008174.png	пробковидное () расположено медиально и параллельно зубчатому ядру.
0008175.png	Прижизненные издания:
0008176.png	Сельское хозяйство
0008177.png	Территории, через которые проходят полярные круги
0008178.png	Литература на языке африкаанс
0008179.png	Бонайре, Синт-Эстатиус и Саба (Карибские Нидерланды)
0008180.png	Описание лета в природе
0008181.png	Кинематограф
0008182.png	Святые по алфавиту
0008183.png	Физика твёрдого тела
0008184.png	Литература
0008185.png	Ссылки
0008186.png	Антананариву (), Мадагаскар
0008187.png	Фармакокинетика в особых клинических случаях
0008188.png	Сайт, посвящённый творчеству Б. Окуджавы
0008189.png	Паровая машина
0008190.png	Обогрев, охлаждение и вентиляция
0008191.png	Ростовский областной музей изобразительных искусств
0008192.png	Единицы измерения расстояния
0008193.png	См. также
0008194.png	Модильяни рисовал Ахматову
0008195.png	Во время одного из солдатских мятежей убит Ульпиан.
0008196.png	Почётное Консульство Греции, пр. Мустакиллик (бывш. ул. Пушкина), 88
0008197.png	Лиссабон
0008198.png	Классическая экономическая социология
0008199.png	Православные переводы Нового Завета на китайский язык
0008200.png	Мифические существа в древнегреческой мифологии
0008201.png	Репертуар
0008202.png	Неорганические кислоты и соответствующие им кислотные остатки
0008203.png	Примечания
0008204.png	Олдувайская культура
0008205.png	Монолитный пенобетон
0008206.png	См. также
0008207.png	кафедра теории языкознания и немецкого языка;
0008208.png	Классификация германских языков и диалектов
0008209.png	«Западъ» (1984)
0008210.png	Археология данных
0008211.png	Шимей,
0008212.png	Наследования признаков
0008213.png	обладает быстрым и, конечно же, дорогим автомобилем;
0008214.png	Примечания
0008215.png	Ян Тигорев
0008216.png	Продолжительность кормления
0008217.png	на литовский язык
0008218.png	Физико-географическая характеристика
0008219.png	Твердотопливные электростанции
0008220.png	Япония эпохи Камакура (копия)
0008221.png	Чёрный цвет символизирует благоразумие, мудрость, покой.
0008222.png	Труды
0008223.png	Переименованные населённые пункты России
0008224.png	Исследование облаков и тумана в атмосфере Титана;
0008225.png	Джон Диксон Карр,
0008226.png	«Остров Гваделупа»
0008227.png	Важнейшая информация содержится в «Анабасисе» Ксенофонта.
0008228.png	Административное деление
0008229.png	См. также
0008230.png	См. также
0008231.png	Стипендиаты Мак-Артура
0008232.png	Покров Пресвятой Богородицы, 14 октября (1 октября)
0008233.png	Хромосомные аберрации
0008234.png	Применение у ацтеков
0008235.png	Цитаты
0008236.png	Сёстры:
0008237.png	Двухдвигательные реактивные самолёты
0008238.png	Примечания
0008239.png	Источники
0008240.png	Мятеж 2023 года
0008241.png	Культурное значение
0008242.png	Утенский район
0008243.png	На польской территории построены четыре малые электростанции:
0008244.png	Применение
0008245.png	Литература
0008246.png	Ссылки
0008247.png	Отношения с Турцией
0008248.png	Смерть и обожествление Юлии Друзиллы.
0008249.png	Ор. 60. «5 японских стихотворений» для голоса и фортепиано (1928): ноты.
0008250.png	представляет, согласно определению, действительное число
0008251.png	Фотосенсор
0008252.png	Литература
0008253.png	Паразитарные кисты печени.
0008254.png	железнодорожная станция Серпухов, открытая в 1865 году.
0008255.png	Нападение сарацин на Леринский монастырь (напротив Канна)
0008256.png	Главные технологии для квантового компьютера:
0008257.png	Отраслевые юридические науки
0008258.png	Трёхматричные системы
0008259.png	Примечания
0008260.png	«Сын-соперник, или Новая Стратоника» (1787, Павловск)
0008261.png	Капитуляция Северовирджинской армии
0008262.png	Организации, основанные в 1947 году
0008263.png	Литература
0008264.png	География
0008265.png	Институт физической культуры и спорта
0008266.png	У восточных славян
0008267.png	Консульство Октавиана (5) и Агриппы (2). Они же назначены цензорами.
0008268.png	Примечания
0008269.png	Коваленский в Рязани
0008270.png	Скончались
0008271.png	Смерть Дауд-хана, его сменил Али-Мухаммед-хан.
0008272.png	Христианство
0008273.png	Сумский колледж пищевой промышленности
0008274.png	7 февраля Ян Люксембург официально коронован в Чехии.
0008275.png	Исаков Эдуард Владимирович
0008276.png	Александр Дольский, советский и российский поэт, композитор, бард и актёр.
0008277.png	Афганистан
0008278.png	Древнеримские писатели
0008279.png	Фрагменты
0008280.png	Директора института и ректоры университета
0008281.png	Святитель Василий Великий: биография и собрание творений
0008282.png	Классификация резисторов по используемым материалам и технологии изготовления
0008283.png	Реконструкции
0008284.png	«Теэтет» (текст диалога Платона)
0008285.png	Спорт
0008286.png	память священномученика Аифала, диакона (380);
0008287.png	Бронзовые призёры летних Олимпийских игр 2008 года
0008288.png	Виды и типы договоров
0008289.png	Междугородние маршруты
0008290.png	Захват сельджуками Малой Азии и Армении.
0008291.png	Артём Хорошилов
0008292.png	Народы
0008293.png	Международный шахтерский Сабантуй
0008294.png	Биография
0008295.png	Административно-территориальное деление
0008296.png	Омофоны
0008297.png	Хвост животного (ченджит) подвешивался сзади на набедренную повязку.
0008298.png	«Черниговский профессиональный лицей железнодорожного транспорта» (ЧПЛЖТ);
0008299.png	Труды
0008300.png	Генерал-лейтенант инженерно-технической службы (9.05.1961)
0008301.png	Литература
0008302.png	Ролевая авторизация
0008303.png	Военное управление Вооружёнными силами осуществляет Генеральный штаб.
0008304.png	Демография
0008305.png	Национальные
0008306.png	Русский перевод:
0008307.png	посёлок Горный;
0008308.png	Именины
0008309.png	Жилины
0008310.png	Литература
0008311.png	отсутствие ;
0008312.png	Историческая справка на сайте Архива РАН
0008313.png	флагман 2-го ранга (02.02.1938);
0008314.png	Основные конструкции
0008315.png	Участники Гражданской войны в России (красные)
0008316.png	Археологические культуры Европы
0008317.png	1295 детских садов;
0008318.png	Источники
0008319.png	О движении тел под влиянием удара.
0008320.png	построение онтологий и баз знаний;
0008321.png	Ссылки
0008322.png	Дендропарк на берегу р. Мсты в с. Опеченский Посад
0008323.png	футбольные поля и городской стадион
0008324.png	Измерители отношений напряжений
0008325.png	Ссылки
0008326.png	Серийные
0008327.png	Офицеры ВВС СССР
0008328.png	Убинский
0008329.png	Галапагосские острова
0008330.png	Лечение
0008331.png	Скоростные характеристики
0008332.png	Критика
0008333.png	12-я армия Гаспара Восканова;
0008334.png	Принц Ибрагим аль-Хами Паша
0008335.png	Переход под власть Польши
0008336.png	Члены-корреспонденты Петербургской академии наук
0008337.png	Фотографии и достопримечательности Астрахани
0008338.png	Исторический экскурс
0008339.png	Менее активные металлы и неактивные металлы
0008340.png	Линнеевые
0008341.png	Лауреаты Жуковской премии
0008342.png	Города-побратимы
0008343.png	Дархан (Монголия) (с 1967 года)
0008344.png	Гамильтон (Тасмания)
0008345.png	Музей-мастерская Зураба Церетели
0008346.png	12. Ито-баал
0008347.png	Алапаевский профессионально-педагогический колледж;
0008348.png	Арзюри также называют бесстыжую женщину.
0008349.png	Большой офицерский крест ордена Почётного легиона, Франция, 09 июня 1945 года;
0008350.png	Лютичи враждуют с поляками. Просят помощи немцев.
0008351.png	Преподаватели университета Виадрина
0008352.png	используются титла, простое и буквенные;
0008353.png	Графический дизайн
0008354.png	ФАД - флавинадениндинуклеотид.
0008355.png	Комментарии
0008356.png	Каннара (язык Каннада)
0008357.png	Обручение с Иосифом
0008358.png	Информационный ресурс церквей Христа бывшего СССР («традиционных»)
0008359.png	Люди, живущие с ВИЧ
0008360.png	Международное сотрудничество
0008361.png	Транспорт
0008362.png	таблетки по 0,1 и 0,2 г (100 и 200 мг) по 30 и 100 штук в упаковке
0008363.png	Район Реймса в доисторический период
0008364.png	Использование
0008365.png	Под чужим именем (Франция, 2021, режиссёр Орель Жорж).
0008366.png	Административно-территориальное деление
0008367.png	очки жизни () обязательные для всех;
0008368.png	Формат бумаги
0008369.png	История
0008370.png	БМ-8-24
0008371.png	«Информационные технологии и высокопроизводительные вычисления»
0008372.png	Бывшая усадьба Васильчиковых «Зачатьевское»
0008373.png	Озёра Псковской области
0008374.png	пяти центров телеметрии, слежения и управления;
0008375.png	Андорра-ла-Вьеха стал центром княжества Андорра
0008376.png	См. также
0008377.png	Возраст до 12 лет
0008378.png	Религиозные
0008379.png	Посольство Словакии, ул. Яккасарайская, 18
0008380.png	Кувейтская хоккейная лига
0008381.png	Широков, Владимир Константинович (29.08.2000, 697)
0008382.png	Орден Святого Владимира 4-й степени (1866 год)
0008383.png	Отсутствие нормативно установленных ограничений на валютные операции
0008384.png	Скончались
0008385.png	Приз «Верность клубу»: 1989
0008386.png	Транспортная инфраструктура
0008387.png	Бесконечная делимость
0008388.png	Родившиеся в 1783 году
0008389.png	Новорогожская улица
0008390.png	Награды
0008391.png	Генетика развития растений
0008392.png	Медики России
0008393.png	Средневековые армянские переводчики
0008394.png	Рождение Цезариона
0008395.png	Известные уроженцы
0008396.png	(указано расстояние от устья)
0008397.png	в Фастове (в 2016 году, бывшая Красная улица),
0008398.png	Аналоги
0008399.png	Закрывшиеся журналы Москвы
0008400.png	Биография
0008401.png	Железный век
0008402.png	Регистраторы доменов
0008403.png	Тобольский материк (3 581 га)
0008404.png	818 км: Гулинга
0008405.png	Примечания
0008406.png	Дирижёр: Эри Клас
0008407.png	Члены Шведской королевской академии наук
0008408.png	Христос и эволюция человека
0008409.png	Природа
0008410.png	Карапетьянц М. Х., Дракин С. И. «Общая и неорганическая химия» М.: Химия 1994
0008411.png	Количество сравнений, выполняемых в заголовках циклов, равно .
0008412.png	Сего ради нищъ есмъ;
0008413.png	Ссылки
0008414.png	Ивановский государственный энергетический университет
0008415.png	Хэмптон-Корт (значения)
0008416.png	Староместская ратуша;
0008417.png	Искатели сокровищ
0008418.png	При  соответственно, второе ускорение будет:
0008419.png	Челябинская область
0008420.png	когнитивные
0008421.png	Районные центры Кировской области
0008422.png	Ростелеком
0008423.png	Центральная Европа
0008424.png	Ритуальные танцы
0008425.png	Противоэпилептические средства
0008426.png	Страны
0008427.png	деревья синтаксического разбора;
0008428.png	Награды
0008429.png	Лучший молодой игрок (Приз «Первая пятёрка»):
0008430.png	Злобин, Николай Анатольевич (04.08.2010, 963)
0008431.png	Название области по одной версии происходит от
0008432.png	История
0008433.png	Пафнутий Боровский, православный святой
0008434.png	Флора и фауна
0008435.png	Сценарий
0008436.png	Литература
0008437.png	Цесаревна взяла крест, стала на колени и воскликнула:
0008438.png	Галерея
0008439.png	С 1995 года по 1996 год входил в совет директоров ОРТ.
0008440.png	Виды эксгибиционизма
0008441.png	Родился 3 марта 1819 года.
0008442.png	Ссылки
0008443.png	Эдельхеге, Швеция
0008444.png	Альманахи и антологии
0008445.png	Характеристики простых линз
0008446.png	«Владимир Соловьёв и его дело» (1910 год).
0008447.png	Мужество
0008448.png	Планшетные ПК
0008449.png	Литература по преферансу на русском языке
0008450.png	Источники
0008451.png	Раахе (Финляндия)
0008452.png	Именины
0008453.png	Кавказская война
0008454.png	Компьютерные игры с процедурной генерацией игрового мира
0008455.png	Библиография
0008456.png	Ссылки
0008457.png	Литература о Дербенте
0008458.png	В городе много мечетей, среди них можно выделить Хан-Джами и Тахталы-Джами.
0008459.png	Медаль Гарвардского университета «За вклад в искусство» (США)
0008460.png	Боссы из компьютерных игр
0008461.png	Процесс
0008462.png	Ссылки
0008463.png	Белоруссия
0008464.png	Награды и знаки признания
0008465.png	Ссылки
0008466.png	Ссылки
0008467.png	Псевдографика в кодовых страницах
0008468.png	«Сведения из жизни известного лица» ()
0008469.png	Как основный оксид реагирует с кислотными оксидами и кислотами, образуя соли:
0008470.png	«Орен-Крым» (бывший имени Островского)
0008471.png	Смещение первого сектора
0008472.png	Франция
0008473.png	Примечания
0008474.png	Регионы мира
0008475.png	систематика;
0008476.png	Телевидение
0008477.png	Глобальные компьютерные сети
0008478.png	Франческо Датини, знатный итальянский купец и финансист.
0008479.png	Поклонение
0008480.png	Представлена учреждениями:
0008481.png	ал-Бакри (Йахйа ибн ал-Хакам ал-Бакри), арабский дипломат и географ. (ум. 864).
0008482.png	Проведение ядерных учений «Снежок»
0008483.png	Средства массовой информации
0008484.png	Примечания
0008485.png	Франсуа Трюффо:
0008486.png	Пример исполнения
0008487.png	26 октября
0008488.png	Экономика
0008489.png	См. также: :Категория:Умершие 30 июня
0008490.png	Производство, преобразование и передача различных видов энергии.
0008491.png	Описание
0008492.png	Футбол
0008493.png	Референдумы 1991 года
0008494.png	Основные из них:
0008495.png	Файловая система
0008496.png	Проект «Дарвин»
0008497.png	21 февраля
0008498.png	Примечания
0008499.png	История
0008500.png	Кето-енольная таутомерия
0008501.png	Ссылки
0008502.png	3 сентября
0008503.png	Население
0008504.png	Фармакологические свойства
0008505.png	Примечания
0008506.png	Достопримечательность
0008507.png	Резиденции российских монархов
0008508.png	Стремянной стрелец
0008509.png	Гендер и пол
0008510.png	736 км: Калтас
0008511.png	Примечания
0008512.png	Депутаты Верховного Совета Туркменской ССР 2-го созыва
0008513.png	Байрас Абдуллин (65-й общий)
0008514.png	См. также
0008515.png	Языки Болгарии
0008516.png	Литература по проектированию яхт
0008517.png	Международная торговля чаем
0008518.png	Остальные АЗС (23)
0008519.png	с января 2011 года.
0008520.png	Пивной суп
0008521.png	Васко да Гама
0008522.png	Возвращение в Россию. Смерть
0008523.png	британский Королевский Викторианский орден (12.07.1912);
0008524.png	Проза
0008525.png	Транквилизаторы
0008526.png	Бубнов, Николай Николаевич (актёр) (с 1928 года)
0008527.png	Техника тренировок
0008528.png	Кремли Русского государства
0008529.png	Персоналии, чья дата смерти не установлена
0008530.png	Антисемитские теории заговора
0008531.png	Учебные заведения
0008532.png	Печатные издания
0008533.png	Творчество
0008534.png	Беньямин
0008535.png	Определение. Некоторые формулы
0008536.png	Комментарии
0008537.png	Пляжный волейбол
0008538.png	Расовый состав населения:
0008539.png	Ссылки
0008540.png	Население
0008541.png	Треугольник
0008542.png	Противопоказания
0008543.png	Памятники Заречной стороны
0008544.png	Сырт (возвышенность)
0008545.png	Флаг города пока не утверждён.
0008546.png	Таиланд
0008547.png	Примечания
0008548.png	В состав чёрной металлургии входят следующие основные подотрасли:
0008549.png	Полевая улица (деревня Поповка)
0008550.png	В России
0008551.png	Экипаж старта
0008552.png	Американское бриологическое и лихенологическое общество
0008553.png	Буддологи России
0008554.png	Коммунистическая партия Казахстана в составе КПСС
0008555.png	Металлургия
0008556.png	Кафедра филологии
0008557.png	Медицина
0008558.png	Историография
0008559.png	Большой канонический ансамбль
0008560.png	История
0008561.png	Пример языка
0008562.png	9 муниципальных районов;
0008563.png	С 18 лет, а также с момента вступления несовершеннолетнего в брак
0008564.png	Восточный административный округ
0008565.png	Большой гросс
0008566.png	информационная политика;
0008567.png	Литература
0008568.png	Филиал Чебоксарского медицинского колледжа
0008569.png	Ссылки
0008570.png	Производство:
0008571.png	84 км: река Сехнерка
0008572.png	Из-за своей большей длины и веса они лучше гасят вибрации.
0008573.png	Прочие примечания и уточнения
0008574.png	Интервенция и гражданская война
0008575.png	Среднее Конго (Республика Конго),
0008576.png	Биография
0008577.png	Влияние Арифметики на развитие математики
0008578.png	Орден Отечественной войны 2-й степени (27.04.1944).
0008579.png	Мосты Кобе
0008580.png	Избранные труды
0008581.png	Абстрактность
0008582.png	Подбор очков
0008583.png	Награды
0008584.png	«Влад Листьев. Взгляд через двадцать лет» («Первый канал», 1 марта 2015)
0008585.png	«О состоянии православной церкви в Кипчакской орде»;
0008586.png	Топологическая динамика
0008587.png	Новым премьер-министром Испании стал лидер социалистов Фелипе Гонсалес.
0008588.png	«Миротворец», 1997 год;
0008589.png	Население
0008590.png	строительные организации,
0008591.png	Военное применение
0008592.png	Гласные
0008593.png	Графы Фландрии-Невера-Ретеля
0008594.png	Флора и фауна
0008595.png	«Полёт марсельезы» (1915). Стихи о войне.
0008596.png	Волгоградский проспект
0008597.png	Примечания
0008598.png	Транслятор
0008599.png	свойством рефлексивности: для любого целого  справедливо
0008600.png	Литература
0008601.png	Серф из Калросса, христианский епископ.
0008602.png	Применение
0008603.png	Германо-скандинавская мифология
0008604.png	Выпускники Виленской духовной семинарии
0008605.png	Организации
0008606.png	Свойства фосфолипидов
0008607.png	Повторное возведение в степень раскрывается как перемножение степеней:
0008608.png	для некоторых  таких, что:
0008609.png	Населённые пункты
0008610.png	Индийско-русская практическая транскрипция
0008611.png	Важнейшие события
0008612.png	Кередиг ап Гваллог, сын Гвалога, короля Элмета.
0008613.png	Предопределение
0008614.png	На просторах России большой,
0008615.png	См. также: :Категория:Умершие в 1898 году
0008616.png	См. также
0008617.png	Труды в русском переводе
0008618.png	Центральный затвор
0008619.png	Анита Влодарчик (Польша, метание молота)
0008620.png	Сергей Новиков
0008621.png	Попытки клонирования
0008622.png	Почётные доктора РГСУ
0008623.png	Спартанцы
0008624.png	Гремлины (бестиарий)
0008625.png	В других населённых пунктах области
0008626.png	Скончались
0008627.png	Перечень ЖНВЛП
0008628.png	Население
0008629.png	История
0008630.png	Село Будённовка в Пензенской области.
0008631.png	Учётная карточка на сайте Верховной рады
0008632.png	Члены Шведской королевской академии наук
0008633.png	Дом детского творчества
0008634.png	В культуре
0008635.png	Вашигтонское морское соглашение
0008636.png	Достоинства:
0008637.png	Акт и потенция (действительность и возможность):
0008638.png	См. также: :Категория:Родившиеся в 1156 году
0008639.png	Клиническая психотерапия.
0008640.png	Тренеры ФК «Интернасьонал»
0008641.png	«Чебурашка идёт в школу» (1983)
0008642.png	Цигун
0008643.png	Основные изменения:
0008644.png	Органы чувств
0008645.png	Пахринский
0008646.png	Роли в театре
0008647.png	См. также
0008648.png	Религиозные
0008649.png	См. также
0008650.png	Бароны Ренфру
0008651.png	Ветер, который качает вереск (фильм, 2006)
0008652.png	События
0008653.png	пристроенные;
0008654.png	Соната-фантазия для виолончели соло (1974)
0008655.png	Карьера
0008656.png	«Маски» в «Доме клоунов»
0008657.png	Форма правления
0008658.png	Городская символика
0008659.png	Сочинения в 2 томах (1984)
0008660.png	Площади
0008661.png	Когда мы истины не ищем,
0008662.png	Институты РАН
0008663.png	Земельные ресурсы
0008664.png	Литература
0008665.png	Швеции
0008666.png	Февраль
0008667.png	Почётные доктора Страсбургского университета
0008668.png	Антропология
0008669.png	Почётный гражданин Душанбе
0008670.png	Литература
0008671.png	Высшие учебные заведения
0008672.png	Статья 5 ЕКПЧ
0008673.png	Почётные члены Императорского православного палестинского общества
0008674.png	История
0008675.png	Колесник, Андрей Иванович
0008676.png	Кислая фосфатаза
0008677.png	Лауреаты премии «Тони»
0008678.png	Купчино
0008679.png	Имя Дика Чейни часто употребляется в мультфильме «Гриффины».
0008680.png	МКФ в Дамаске (1956, Золотая медаль, фильм «Отелло»);
0008681.png	См. также
0008682.png	Предел частного равен частному пределов:
0008683.png	События
0008684.png	Создана Нефтяная компания ЮКОС;
0008685.png	Биография
0008686.png	Сюжет
0008687.png	Лечебные учреждения
0008688.png	Возвращение в кино и работы на телевидении
0008689.png	«Крик»
0008690.png	О чем говорит икона Рождества Богородицы
0008691.png	Геометрическая оптика
0008692.png	Социалисты
0008693.png	АТЭКС
0008694.png	Современность
0008695.png	Примечания
0008696.png	Анатолий Руденко, российский актёр театра и кино.
0008697.png	До 1781 года город был заштатным и состоял в Демшинском уезде.
0008698.png	Источники
0008699.png	После экспедиции
0008700.png	В эмиграции
0008701.png	Примечания
0008702.png	среднелатышский диалект
0008703.png	История дебюта
0008704.png	н-Холинолитики (миорелаксанты)
0008705.png	См. также
0008706.png	Тетис
0008707.png	Голливудская «Аллея славы»
0008708.png	Гереро
0008709.png	Персоналии по алфавиту
0008710.png	Маймонид против христианства
0008711.png	Отношения с Китаем
0008712.png	Рыцарские ордены
0008713.png	Почётные граждане Тобольска
0008714.png	Литература
0008715.png	Предметы буддийского культа
0008716.png	Паровоз системы Ферли
0008717.png	Геометрия
0008718.png	Биография
0008719.png	С группой «Рубль»
0008720.png	Во время Великой Отечественной войны
0008721.png	В бундесрате на постоянной основе действуют 16 комитетов:
0008722.png	Заявления о расшифровке
0008723.png	Код, взаимодействующий с системой
0008724.png	Лекарственные формы
0008725.png	Литература
0008726.png	Детский театр ВИГ
0008727.png	Товарищ (гусария)
0008728.png	Оценка деятельности
0008729.png	Окаменелости в Московском метрополитене
0008730.png	Системные требования
0008731.png	О синтезе элементов на сайте «Виртуальная таблица Менделеева» ,
0008732.png	Святослав Задерий. «Алиса» в стране чудес
0008733.png	Философия
0008734.png	Источники
0008735.png	Населённые пункты
0008736.png	Выпускники Колумбийского университета
0008737.png	Примечания
0008738.png	проповедь
0008739.png	Число Маха
0008740.png	Электричество
0008741.png	Туристические достопримечательности
0008742.png	Каракокшинская пещера;
0008743.png	См. также
0008744.png	Примечания
0008745.png	Материалы для гравирования
0008746.png	Поэтому для нормированных волновых функций .
0008747.png	Памятник, скульптура
0008748.png	Географические данные
0008749.png	Председатель
0008750.png	Звук трения металлических поверхностей.
0008751.png	Суйла
0008752.png	появление или усугубление кашля, диспноэ или тахипноэ;
0008753.png	См. также
0008754.png	Невер (Франция)
0008755.png	Сайт администрации Автозаводского района
0008756.png	Религиозные
0008757.png	Культовые сооружения Алатыря
0008758.png	Железнодорожное сообщение
0008759.png	Медицинские высшие учебные заведения России
0008760.png	См. также
0008761.png	Примечания
0008762.png	Специализированные больницы:
0008763.png	Пребывание в Риме
0008764.png	Автостанции
0008765.png	Роли в театре
0008766.png	География
0008767.png	Здравоохранение
0008768.png	Отсутствие привязанности к какому-либо греху.
0008769.png	События
0008770.png	См. также
0008771.png	В 1910 году поднял в воздух первый самолёт своей конструкции С-2.
0008772.png	Орден «Крест Грюнвальда» 3-й степени
0008773.png	Разновидности дисторсии
0008774.png	Штаты Союза
0008775.png	Комментарии
0008776.png	Храмы
0008777.png	Курфюрсты Саксонии
0008778.png	Генерация ключевой пары.
0008779.png	Кот( Иван ) :- ИСТИНА.
0008780.png	Приграничные с Украиной районы Российской Федерации
0008781.png	Третья серия
0008782.png	См. также
0008783.png	В 1975 году:
0008784.png	Города Бухарской области
0008785.png	События
0008786.png	Литература
0008787.png	История открытия
0008788.png	События
0008789.png	Память
0008790.png	Исихазм
0008791.png	Список ценных болот России
0008792.png	литература Ветхого Завета
0008793.png	Революционеры России
0008794.png	Орден Святого Александра Невского с алмазами
0008795.png	Ересиарх Севир был поставлен Антиохийским патриархом.
0008796.png	Кашалот-малютка
0008797.png	Ермольева, Зинаида Виссарионовна
0008798.png	Конструктивизм в архитектуре
0008799.png	Ивасаки-хан ()
0008800.png	История философии в кратком изложении. М., 1991. (Перевод с чеш.)
0008801.png	История
0008802.png	В 1431 году Базель стал местом проведения Базельского церковного собора.
0008803.png	Мировая Лига по баскетболу среди женских клубных команд.
0008804.png	Графики Германии
0008805.png	Архивы материалов
0008806.png	География
0008807.png	Инфраструктура
0008808.png	Гостиница «Москва»
0008809.png	Саратовский академический театр оперы и балета
0008810.png	Ресурсы
0008811.png	Проектирование
0008812.png	Ссылки
0008813.png	Литература
0008814.png	Населённые пункты по алфавиту
0008815.png	Достопримечательности
0008816.png	Общая характеристика
0008817.png	Примечания
0008818.png	Но подо мной сокрытый ров изрыв,
0008819.png	Первые заместители председателя Совета Министров РСФСР
0008820.png	Аллергия на индометацин, аспирин или другие НПВП
0008821.png	Биография
0008822.png	Отпадение Тортосы от Сарагосы.
0008823.png	Геометрическая прогрессия
0008824.png	См. также
0008825.png	Херсонское мореходное училище рыбной промышленности
0008826.png	Конечномерное пространство
0008827.png	Население
0008828.png	П-270 «Москит»
0008829.png	Пойнт-Фортин
0008830.png	Сочинения
0008831.png	(расстояние от устья)
0008832.png	Краткая история разработки и сооружения
0008833.png	Происхождение и ранние годы
0008834.png	Биография
0008835.png	Дифтеритическое
0008836.png	Чудеса
0008837.png	Старший жуз
0008838.png	Становление
0008839.png	Если для некоторого  выполняется более сильное неравенство:
0008840.png	Детский сад «Ладошки»
0008841.png	Культура
0008842.png	Примечания
0008843.png	Бахтиёр Юлдашев
0008844.png	Для различных  нормы  независимы, а поля  неизоморфны.
0008845.png	Отложенные телеконсультации
0008846.png	Противопоказания
0008847.png	Убит римский император Клавдий (54 год), его место занял Нерон.
0008848.png	Видеокарты
0008849.png	Ту-22М3
0008850.png	Лето 2023
0008851.png	Гормоны гипоталамуса
0008852.png	Образ Аппалачей в искусстве
0008853.png	Почётный гражданин Львова (3 июня 2002 года).
0008854.png	Республика Алтай;
0008855.png	источник для выделения (организм, органелла);
0008856.png	Квинт Серторий отправляется в Испанию.
0008857.png	Карьера в МАГАТЭ
0008858.png	межбюджетные отношения;
0008859.png	См. также
0008860.png	Творческие работы
0008861.png	английского языка и литературы;
0008862.png	СОВ с открытым исходным кодом
0008863.png	Литература
0008864.png	Жена, Евдокия Яковлевна (урождённая Васильева).
0008865.png	Красная книга Оренбургской области
0008866.png	Распространение среди животных
0008867.png	Ссылки
0008868.png	Покушение на убийство Бернарда Кроу
0008869.png	Официальный сайт ХК «Амур»
0008870.png	Телеканалы на русском языке
0008871.png	Усадьба Поленово в Заокском районе Тульской области.
0008872.png	Технология изготовления таких реакторов хорошо изучена и отработана.
0008873.png	Известные носители
0008874.png	Армянское нагорье
0008875.png	Современное состояние
0008876.png	Выпускники Терезианской академии
0008877.png	См. также
0008878.png	Центр ракетно-космических систем, Лос-анджелесская авиабаза, Калифорния;
0008879.png	Ссылки
0008880.png	7 Дмитрий Калинин 2015
0008881.png	Популярность языков
0008882.png	Ишана
0008883.png	ЦБ РФ и технология блокчейн
0008884.png	Литература
0008885.png	Второй период войны (коренной перелом)
0008886.png	Священным металлом, рукой трудовой
0008887.png	Описание
0008888.png	Небинарная гендерная идентичность
0008889.png	Литература
0008890.png	См. также
0008891.png	Город в произведениях культуры
0008892.png	Населённые пункты Камбарского района
0008893.png	ЛФК «Албарс» основан в 2012 году.
0008894.png	Статуты Великого княжества Литовского
0008895.png	Примечания
0008896.png	Обольститель Колобашкин, 1967;
0008897.png	Король и Шут (1997)
0008898.png	Очень важными областями применения неодима являются:
0008899.png	Пятигорский государственный технологический университет (г. Пятигорск).
0008900.png	Рошфоры и де Пюизе
0008901.png	Юрий Мамлеев (ум. 2015), русский писатель, драматург, поэт и философ.
0008902.png	Во главе правительства Ноябрьской революции
0008903.png	Биография
0008904.png	Мифы и популярные представления о мече
0008905.png	Литература
0008906.png	Литературные критики по алфавиту
0008907.png	Майкл Кёртис (р. 1888), американский кинорежиссёр.
0008908.png	Репрессированные в Российской империи
0008909.png	Фотосенсор
0008910.png	Ссылки
0008911.png	Преподаватели Мюнхенского технического университета
0008912.png	Органические
0008913.png	Номинации
0008914.png	Награды и звания
0008915.png	Ведущие радиостанции «Маяк»
0008916.png	Общерусские фамилии
0008917.png	Далида,
0008918.png	Свято-Сергиевская Православная гимназия
0008919.png	Чрезвычайный и Полномочный Посол Советского Союза (14 июня 1943).
0008920.png	См. также
0008921.png	Вадим Туманов
0008922.png	. «Иллюстированный словарь по иконописи» на сайте Несусвет
0008923.png	Начинают темнеть ночи.
0008924.png	Лауреаты премии «Большая книга»
0008925.png	От моляльности к молярности
0008926.png	Преподаватели Черниговской мужской гимназии
0008927.png	Семья и личная жизнь
0008928.png	Развитие капитализма в России
0008929.png	Утром на капельника, на Руси выходили посмотреть на восходящее солнце.
0008930.png	Примечания
0008931.png	Кубок УЕФА
0008932.png	Конструкция
0008933.png	28 июня
0008934.png	Народные депутаты СССР от Союза театральных деятелей
0008935.png	Состав
0008936.png	Ссылки
0008937.png	Литература
0008938.png	Заболевания толстой кишки
0008939.png	Реки Всеволожского района
0008940.png	при перекате по спине.
0008941.png	Ссылки
0008942.png	Экономика
0008943.png	Отделение Наварры от Арагона.
0008944.png	Готов безропотно сносить твой гнёт
0008945.png	События
0008946.png	Промышленность
0008947.png	Чемпионат Бельгии
0008948.png	Дрю Берримор, немецкая порноактриса и фотомодель.
0008949.png	Литература
0008950.png	В 2003 году фабрика произвела около 1.1 млрд сигарет.
0008951.png	Функция самопрезентации
0008952.png	Антарктическая программа США
0008953.png	См. также
0008954.png	лозартан
0008955.png	Путешественники Дании
0008956.png	Художники Швейцарии
0008957.png	Диэлектрическая стержневая антенна
0008958.png	заслуженный деятель науки Российской Федерации (2007)
0008959.png	См. также
0008960.png	БПОУ ВО Острогожский медицинский колледж
0008961.png	Аксиома
0008962.png	Серия КА «Союз»
0008963.png	Натчез
0008964.png	29 декабря
0008965.png	События
0008966.png	Нейроинформатика
0008967.png	События
0008968.png	Итальянский дипломат и авантюрист Маттиоли
0008969.png	философия (Парменид и др.),
0008970.png	Образ в «Шахнаме»
0008971.png	Похороненные в Софийском соборе (Великий Новгород)
0008972.png	Одной из вдохновляющих Марка Твена вещей был стиль заметок Джона Росса Броуна.
0008973.png	Техника передачи и приема
0008974.png	Прогулка (пешая, конная, авто-, вело-)
0008975.png	Почётные любители Императорской Академии художеств
0008976.png	Переводчики с французского языка
0008977.png	Достопримечательности
0008978.png	Энипей
0008979.png	Малая Хрустальная сова
0008980.png	Гарринча
0008981.png	Экспираторная теория слога
0008982.png	Месса Святого Духа, соч. 169 (1943)
0008983.png	Тараз, Казахстан (17 июня 2016 года)
0008984.png	Сюжет
0008985.png	Благотворительная премия «Добрый ангел мира» (2007)
0008986.png	См. также
0008987.png	На государственной службе
0008988.png	10 марта
0008989.png	ООО «Буревестник и К»
0008990.png	Послереволюционный период
0008991.png	наставления,
0008992.png	По километражу впадения от устья
0008993.png	Подземный трамвай
0008994.png	Параметрический полиморфизм
0008995.png	Члены НСДАП
0008996.png	16 апреля
0008997.png	Экономика
0008998.png	Дальний (мкр. Конец-Бор)
0008999.png	Города Шёлкового пути
0009000.png	Соловьиная улица (село Красная Пахра)
0009001.png	Сербский извод:(на кириллице)
0009002.png	Наука и инженерное дело
0009003.png	Война между Уду и Сун из-за Сычуани.
0009004.png	В спорте
0009005.png	Друг поглед към историята на прабългарите
0009006.png	Награждённые Национальной медалью науки США
0009007.png	Из-за чрезмерной занятости менеджер несвоевременно отвечает на деловые письма;
0009008.png	Лингвистическая характеристика
0009009.png	См. также
0009010.png	Шуя в энциклопедии «Мой город»
0009011.png	Наука
0009012.png	22 городских поселения,
0009013.png	Биологическая роль
0009014.png	Газеты, интернет-издания
0009015.png	6 октября
0009016.png	Штык-нож вермахта
0009017.png	Комментарии
0009018.png	Здание, где размещался первый УКОМ комсомола
0009019.png	Числа, заданные таким образом, называются ординальными.
0009020.png	Свергнутые монархи
0009021.png	Смоленская АЭС в ВКонтакте
0009022.png	Герои Советского Союза
0009023.png	9 Героев Российской Федерации
0009024.png	идентификационные данные удостоверяющей стороны ,
0009025.png	Ссылки
0009026.png	Персоналии:Народно-революционная армия Дальневосточной республики
0009027.png	Музей Мюнхгаузена в Дунте (Латвия) действует с начала 1990-х годов.
0009028.png	Спиридоньевский переулок
0009029.png	Память
0009030.png	Теорема Ока об аппроксимации
0009031.png	Ссылки
0009032.png	Впервые сборная Сан-Марино приняла участие в Олимпийских играх в 1960-м году.
0009033.png	Бар-ле-Дюк, Франция (1981 год)
0009034.png	Петров, Любен Йорданов (р. 1938)
0009035.png	Участники битвы за Москву
0009036.png	Ссылки
0009037.png	В промышленности
0009038.png	Барышня с зонтиком
0009039.png	Кавалеры ордена Сапармурата Туркменбаши Великого
0009040.png	Взошёл на престол японский император Тоба.
0009041.png	досягаемость территорий вероятных противников;
0009042.png	на востоке с Кирилловским районом;
0009043.png	Музей памяти о войне в Афганистане.
0009044.png	Фильмы в жанре киберпанк
0009045.png	География
0009046.png	Связанные
0009047.png	После смерти Митасова и его матери в квартире сделали ремонт.
0009048.png	Международное право
0009049.png	Почётные граждане Караганды
0009050.png	Между мировыми войнами. В составе Польши
0009051.png	В медицине
0009052.png	Дом весталок
0009053.png	Китай
0009054.png	Лео Маккерн в фильме «Человек на все времена» (1966)
0009055.png	Первооткрыватели комет
0009056.png	Примечания
0009057.png	Ссылки
0009058.png	2600 до н. э. умер Джосер.
0009059.png	6 февраля Ариэль Шарон побеждает на премьерских выборах.
0009060.png	См. также
0009061.png	Кинокомедии Франции
0009062.png	Памятники природы
0009063.png	Кафедра истории Церкви
0009064.png	Аэропорт «Ржевка» не действует.
0009065.png	Половой состав населения (2002):
0009066.png	Компьютерные игры
0009067.png	Иудаизм
0009068.png	Литература
0009069.png	21 век
0009070.png	Спорт
0009071.png	Автодороги СССР
0009072.png	Гамильтониан
0009073.png	Главой государства и Верховным главнокомандующим является Король Бутана.
0009074.png	Ссылки
0009075.png	В районе 104 населённых пункта:
0009076.png	Принцип работы
0009077.png	Листовик
0009078.png	(штат Нью-Гэмпшир)
0009079.png	Электроэнергия в основном импортируется из Ганы.
0009080.png	Графы Геннегау
0009081.png	Поблизости от Варфоломеевской улицы находится Ивановский карьер.
0009082.png	Глаголы в бисламе не спрягаются.
0009083.png	Государственный строй
0009084.png	Ранняя жизнь
0009085.png	Примечания
0009086.png	Осень 1941 года
0009087.png	Биологическая систематика
0009088.png	фенотерол (беротек),
0009089.png	Ссылки
0009090.png	Православная церковь Украины получила автокефалию.
0009091.png	Примечания
0009092.png	Футболисты Российской империи
0009093.png	Ссылки
0009094.png	Найманы
0009095.png	Субъекты делятся на:
0009096.png	Появились в 1952 году в Казахстане
0009097.png	Участники Первой мировой войны (Россия)
0009098.png	Примечания
0009099.png	менее часто:
0009100.png	микрорайон Володарского (население 7,4 тыс. чел., 2016);
0009101.png	Воздушный транспорт
0009102.png	Ваефар, герцог Алеманнии.
0009103.png	Отзывы современников
0009104.png	Строчная буква  используется как символ для обозначения:
0009105.png	Республиканская партия Российской Федерации
0009106.png	Азбука Морзе в радиосвязи
0009107.png	Ссылки
0009108.png	на русском языке
0009109.png	Редакторы России
0009110.png	Данилевский И. Ледовое побоище: смена образа
0009111.png	История
0009112.png	Телевидение
0009113.png	Кратер на Луне
0009114.png	По технике выполнения (характеру процесса)
0009115.png	шведский Орден Серафимов (05.08.1842)
0009116.png	Графы Борковские-Дунины (ЦП)
0009117.png	Белоцерковский национальный аграрный университет;
0009118.png	Соотношения
0009119.png	Михаил Лаврентьев на сайте СО РАН
0009120.png	Дж. Дж. Абрамс, продюсер, сценарист, режиссёр, актёр, композитор
0009121.png	Первая месть
0009122.png	Кежим
0009123.png	Для Алдана характерны значительные рыбные ресурсы (осётр).
0009124.png	Военные действия
0009125.png	Швейцарцы из. Владивостока. 130 лет истории семьи Бринеров.
0009126.png	Факультет связей с общественностью и рекламы
0009127.png	Виды энергии связи
0009128.png	Литература
0009129.png	Гиала.
0009130.png	Маска скорби
0009131.png	Моли (на северо-западе)
0009132.png	Литературные приёмы
0009133.png	ИА «Центр деловой информации»
0009134.png	«Протрептик»:
0009135.png	Удмуртско-русский онлайн-словарь
0009136.png	Еврейская фамилия
0009137.png	Половозрастной состав
0009138.png	Ширванское ханство,
0009139.png	Награды и номинации
0009140.png	См. также
0009141.png	Большеокуловская средняя школа (Заречная ул.),
0009142.png	Определения
0009143.png	ересей, по той причине, что в буддизме также нет:
0009144.png	Административно-территориальное деление Чувашии
0009145.png	Награды
0009146.png	память священномученика Николая Удинцева, пресвитера (1918);
0009147.png	Историки по алфавиту
0009148.png	Бернские Альпы
0009149.png	Литература
0009150.png	Проблема озонового слоя
0009151.png	Алгебраические свойства
0009152.png	3 ордена Трудового Красного Знамени (10.06.1945, 1975, 17.03.1980)
0009153.png	Ленинградский металлический завод (1945, 1957);
0009154.png	Тот, кто думает, что идеалы УНИТА умерли вместе с лидером, ошибается.
0009155.png	Проскрипции
0009156.png	Ссылки
0009157.png	Захват англичанами Хугли (Бенгалия).
0009158.png	Еженедельник «Газета Недели в Саратове»
0009159.png	Борьба с Михаилом Тверским
0009160.png	Оригинальные статьи
0009161.png	Транспорт
0009162.png	Несмотря на его многочисленные попытки, в актёры его так и не приняли.
0009163.png	Основные даты и события Великой Северной войны
0009164.png	Фильтрация целочисленных параметров
0009165.png	См. также
0009166.png	Безразличное равновесие
0009167.png	Противочумная служба России
0009168.png	Автор оригинальных графических работ. Устраивает персональные выставки.
0009169.png	Характеристика
0009170.png	Экономика
0009171.png	Городские поселения Самарской области
0009172.png	аррефории (дарование росы для посевов),
0009173.png	Выборы Президента России (2008)
0009174.png	Открытые проблемы
0009175.png	Миф о споре СССР и Польши за бренд «водка»
0009176.png	Примечания
0009177.png	Покровительница наук и искусств
0009178.png	Почётный гражданин штата Мэриленд (США, 1993)
0009179.png	Литература
0009180.png	Каторга
0009181.png	События
0009182.png	Географические эпонимы
0009183.png	Население
0009184.png	Турниры
0009185.png	Часовня Святого Князя Владимира
0009186.png	Международные
0009187.png	Русская православная церковь
0009188.png	Дефицит железа
0009189.png	Масоны России
0009190.png	Независимость (с 1946)
0009191.png	Удвоение куба
0009192.png	Эссе об отце и дяде (историческая повесть с вкраплениями фантастики)
0009193.png	Ссылки
0009194.png	Ташкентский университет информационных технологий
0009195.png	Кукольный театр (в одном здании с первым)
0009196.png	Нормативные документы
0009197.png	Мелатонинергический антидепрессант
0009198.png	Транспорт
0009199.png	Глубокая сеть
0009200.png	Музыкальное СПО
0009201.png	Магнитогорский строительно-монтажный техникум.
0009202.png	Ссылки
0009203.png	Орден Святого Иоанна Иерусалимского
0009204.png	Критика
0009205.png	Примечания
0009206.png	Олег Даль (1961)
0009207.png	Телеканал Совета Федерации «Вместе-РФ»;
0009208.png	Скульптурное оформление
0009209.png	Биографии членов экипажей МКС-Т1
0009210.png	Болгарская мифология
0009211.png	Распространение и экология
0009212.png	Литература
0009213.png	Акушерства и гинекологии, дерматовенерологии
0009214.png	Выпускники Йенского университета
0009215.png	Историки по алфавиту
0009216.png	549 км: Юг
0009217.png	Консулы: Гай Саллюстий Крисп Пассиен (во 2-й раз) и Тит Статилий Тавр.
0009218.png	Творчество
0009219.png	Политическое крыло
0009220.png	События
0009221.png	Бизе. Полные либретто опер на русском языке
0009222.png	Степени свободы
0009223.png	Специалисты по гражданскому праву
0009224.png	Называемые самим историком греческие авторы:
0009225.png	Родились
0009226.png	Эффективное уравнение Дирака
0009227.png	Технический персонал
0009228.png	Один из основателей школы Йогачара буддизма Махаяны Майтрея-Натха.
0009229.png	Спектакли
0009230.png	Детство и юность
0009231.png	Члены Французской академии наук
0009232.png	Шпалы в метрополитене
0009233.png	См. также
0009234.png	Культурное наследие
0009235.png	Литература
0009236.png	Исидор Севильский. Этимологии (на латыни).
0009237.png	Исторические области Ирана
0009238.png	Должность заместителя Генерального секретаря
0009239.png	12 июля
0009240.png	Памятник Пушкину (2017, Апатиты)
0009241.png	1 января (Новый год)
0009242.png	Примечания
0009243.png	Исторические взгляды
0009244.png	Человек на все времена (фильм, 1988)
0009245.png	музей «Дом барина»
0009246.png	Современное положение
0009247.png	мелкие серовато-голубоватые пятна на коже.
0009248.png	Гендерные роли
0009249.png	451 км: река без названия
0009250.png	Оратория
0009251.png	Профессиональные
0009252.png	Города Древней Руси
0009253.png	Орден Святого Георгия 4 ст. (1878)
0009254.png	1 июня
0009255.png	Районная общественная организация «Киокушинкай карате-до».
0009256.png	Примечания
0009257.png	Примечания
0009258.png	Критическая оценка Феоктистовым пилотируемой космонавтики
0009259.png	Кавалеры ордена Хо Ши Мина
0009260.png	Турболёт
0009261.png	Признаки
0009262.png	Литература
0009263.png	два симметричных уголка
0009264.png	Телевидение и радиовещание
0009265.png	Последний альбом
0009266.png	Меган Прескотт, британская актриса, сестра-близнец Кэтрин.
0009267.png	Баннерные конструкции
0009268.png	Спагирия
0009269.png	Железнодорожный район включает в себя:
0009270.png	Заключено Соглашение о гарантиях частных капиталовложений США в Турции.
0009271.png	Населённые пункты
0009272.png	1667 Мариямполе
0009273.png	Ольга Игоревна Фаворская (р. 28.08.1965), эстрадная певица.
0009274.png	Командные рекорды НХЛ
0009275.png	Электронные микроскопы
0009276.png	Персоналии по алфавиту
0009277.png	События
0009278.png	Лариат
0009279.png	севернокитайский язык (мандаринский, гуаньхуа) () (супергруппа)
0009280.png	Сюрен (), Франция
0009281.png	До 1917 года на русском языке город официально назывался Ковно или Ковна.
0009282.png	374 км: Аяз
0009283.png	Рюриковичи по алфавиту
0009284.png	Статья 1 Всеобщей декларации прав человека на казахском:
0009285.png	Телевидение
0009286.png	Именины
0009287.png	Архитекторы по алфавиту
0009288.png	АО «НПО Квант» (наземные радиоэлектронные средства противовоздушной обороны)
0009289.png	Ссылки
0009290.png	Офшорные зоны для Казахстана
0009291.png	Биография
0009292.png	Нелли
0009293.png	Ссылки
0009294.png	Рэй Чарльз, американский музыкант и певец в стиле ритм-энд-блюз (ум. 2004).
0009295.png	Примечания
0009296.png	Примечания
0009297.png	Россия
0009298.png	Знаки отличия
0009299.png	Кориолан
0009300.png	Литература
0009301.png	22. Торнякалнс,
0009302.png	Покровная ткань (у растений)
0009303.png	Себу,
0009304.png	Юозас Гаудримас. Балис Дварионас. Москва, 1960.
0009305.png	Орден Святого Владимира 4 ст. с бантом (09.11.1794)
0009306.png	Сочинения в переводе на русский язык
0009307.png	«Голос Мордовского университета»;
0009308.png	Последние годы карьеры
0009309.png	Медаль «В память 800-летия Москвы»
0009310.png	Летопись Радзивиловская
0009311.png	Барто
0009312.png	Управление (значения)
0009313.png	Народный артист Республики (1927)
0009314.png	Военачальники Греции
0009315.png	Савильские профессора геометрии
0009316.png	Персоналии:Библиотека герцога Августа
0009317.png	Международный медицинский центр
0009318.png	Центр поддержки гражданских инициатив (ЦПГИ) создан 30 августа 2018 года.
0009319.png	Структура языка
0009320.png	Участники битвы при Босворте
0009321.png	Учение стоиков
0009322.png	Благородные газы
0009323.png	Армавирский медицинский колледж
0009324.png	Дудерономия
0009325.png	Термоядерные взрывные устройства
0009326.png	Профессиональные и любительские спортивные клубы Ставрополя
0009327.png	Виноград, красно зелёная моя!
0009328.png	Почётные граждане Балахны
0009329.png	Ссылки
0009330.png	Установлены дипломатические отношения между Казахстаном и Швецией.
0009331.png	Ревишвили,
0009332.png	«Приспособление для торможения поезда с пути»
0009333.png	Уильям Бёрд
0009334.png	Памятники Крейцвальду установлены в таллинском парке Кадриорг и в городе Выру.
0009335.png	Традиционное хозяйство
0009336.png	Вымышленные лица
0009337.png	Варианты произношения и написания
0009338.png	Педру Паулета, португальский футболист, призёр чемпионата Европы (2004).
0009339.png	Деятельность
0009340.png	Американская ассоциация крикета
0009341.png	Применение в медицине
0009342.png	Эмо (субкультура)
0009343.png	Великий магистр Ливонского ордена Вальтер фон Нордек совершил поход на Псков.
0009344.png	исторические (российская и всеобщая история, физическая география);
0009345.png	Достопримечательности
0009346.png	Восточная Европа
0009347.png	Примечания
0009348.png	Растениеводство
0009349.png	Значимые люди
0009350.png	Парадокс Монти Холла
0009351.png	Скончались
0009352.png	Епископы Русской православной церкви
0009353.png	Фамилия
0009354.png	Расположение
0009355.png	ЭСБЕ:Томская губерния
0009356.png	История
0009357.png	Влассенбрук
0009358.png	Заказник «Ореховский»
0009359.png	Исследователи Австралии и Океании
0009360.png	ключ ,
0009361.png	Консулы Маний Ацилий Глабрион и Гай Беллиций Флакк Торкват Тебаниан.
0009362.png	с монополистической конкуренцией
0009363.png	Николай Черкасов («Сталинградская битва», 1949)
0009364.png	Академика Векшинского, улица
0009365.png	Примечания
0009366.png	Теологический
0009367.png	Литература
0009368.png	(второй замечательный предел).
0009369.png	Словарь терминов
0009370.png	Три ордена Ленина (22 октября 1969, 5 марта 1977, 1980).
0009371.png	Экзарх в православии
0009372.png	Список кальп
0009373.png	Цветные варианты
0009374.png	Физическая акустика
0009375.png	центральная библиотечная система, объединяющая 12 библиотек.
0009376.png	Части кости
0009377.png	Гордей (ум. после 1585), новгородский помещик
0009378.png	4-й ЦНИИ Минобороны России
0009379.png	Молодечненский торгово-экономический колледж Белкоопсоюза
0009380.png	Внешняя торговля
0009381.png	Ремонтно-технические предприятия
0009382.png	Дерматовенерологи Российской империи
0009383.png	Примечания
0009384.png	История Азербайджана
0009385.png	Противопоказания
0009386.png	без оп. Музыкальное сопровождение к пьесе Лермонтова «Маскарад» (1912-1913)
0009387.png	Полузащитники
0009388.png	Украина стала членом Международного валютного фонда (МВФ).
0009389.png	Московского педагогического государственного университета;
0009390.png	По тематике
0009391.png	Музыка
0009392.png	Типы административно-территориальных единиц Российской Федерации
0009393.png	Расстановка шведских войск
0009394.png	Двигатели
0009395.png	Влияние примеси газов на конденсацию
0009396.png	медаль «70 лет Вооружённых Сил СССР»;
0009397.png	Дворянские роды, на гербах которых изображены дельфины
0009398.png	Николай Иванович
0009399.png	Здания и сооружения, утраченные в 1963 году
0009400.png	Географические
0009401.png	синкретическая религиозность большинства верующих;
0009402.png	Пласаж
0009403.png	Орден Октябрьской Революции (12.04.1974)
0009404.png	Литература
0009405.png	Нижнее Уэле
0009406.png	Роль Википедии в образовании
0009407.png	доктор юридических наук (1994);
0009408.png	См. также
0009409.png	Центральная хиральность
0009410.png	Аварии и катастрофы
0009411.png	См. также: :Категория:События 8 июня
0009412.png	Города, награждённые орденом Отечественной войны
0009413.png	Города
0009414.png	Притоки Ардона
0009415.png	Доисторический период
0009416.png	События
0009417.png	Американский испанский язык
0009418.png	Воркута (городской округ).
0009419.png	Лекарственное взаимодействие
0009420.png	Новое правительство Ирака сформировал Нури аль-Саид.
0009421.png	Инфраструктура
0009422.png	Виды террора
0009423.png	Определение и свойства в евклидовом пространстве
0009424.png	Пищевая промышленность
0009425.png	Вторжение России на Украину (2022)
0009426.png	Определение
0009427.png	Неофризская школа
0009428.png	стадион с футбольным полем и хоккейной коробкой;
0009429.png	История
0009430.png	Цивилизация
0009431.png	Крито-микенский период
0009432.png	Биография
0009433.png	17 апреля
0009434.png	Память
0009435.png	ОАО «Хмелевицы»
0009436.png	Румынский Крест «За переход через Дунай» ()
0009437.png	В православии
0009438.png	Космицизм
0009439.png	Примечания
0009440.png	Князья и короли ободритов
0009441.png	Астрофизика
0009442.png	Все о Жаке Бреле
0009443.png	Ссылки
0009444.png	мастера спорта по настольному теннису Сергей Поддубный и Кирилл Скачков
0009445.png	Здания и сооружения Ярославского шоссе
0009446.png	С точки зрения функционального аспекта
0009447.png	Изяслав стал одним из персонажей романа Павла Загребельного «Евпраксия».
0009448.png	Эдесское царство входит в состав Парфии.
0009449.png	Малый Гавриков переулок
0009450.png	Исход нолдор
0009451.png	Примечания
0009452.png	Выборы римского папы
0009453.png	говор прихода Каттила;
0009454.png	Орден Святой Анны 2-й ст. (1893);
0009455.png	Детство, образование, начало карьеры
0009456.png	Найдено лекарство против устойчивых к антибиотикам бактерий
0009457.png	Проблема структуры текста
0009458.png	что на четвёртый день осады войска подошли к крепости на ружейный выстрел.
0009459.png	Серхио Родригес Гомес
0009460.png	Мавритания,
0009461.png	Владивостокский государственный университет (филиал)
0009462.png	25 сентября
0009463.png	Екатеринославские губернаторы
0009464.png	Примечания
0009465.png	История
0009466.png	Литература
0009467.png	См. также
0009468.png	Екатерина Санница, Катерина Женодавица или Святая Катерина.
0009469.png	См. также
0009470.png	Российская национальная лига евробот
0009471.png	Айнозеро (протекает Андома)
0009472.png	Ретрокогниция
0009473.png	Города-побратимы
0009474.png	Адаптация китайской письменности в Японии.
0009475.png	майор (17.02.1942);
0009476.png	Культура и искусство
0009477.png	Волновая функция
0009478.png	Органы власти
0009479.png	Сейм (Курск)
0009480.png	Население
0009481.png	Церковь Святых Апостолов Петра и Павла
0009482.png	Выпускники Ташкентской гимназии
0009483.png	Происхождение названия
0009484.png	На задних линиях наносится короткая отметка, обозначающая их середину.
0009485.png	При миотонии введение сукцинилхолина может вызывать миоклонус.
0009486.png	Зенитно-артиллерийский комплекс
0009487.png	Самораспространяющийся высокотемпературный синтез
0009488.png	Является главным героем цикла рассказов Ника Перумова «Я, Всеслав»
0009489.png	Ершов Л. Т. Скрипнула калитка: Сб. рассказов Барнаул, 1989.
0009490.png	18 апреля
0009491.png	Иранисты Франции
0009492.png	Изучение и восстановление текста
0009493.png	Биография из Биографического словаря Нидерландов (на голландском языке)
0009494.png	Славянские имена
0009495.png	Литература
0009496.png	пневморен
0009497.png	Примечания
0009498.png	Казахстанские
0009499.png	Открыт памятник «Покорителям Самотлора» в городе Нижневартовске Россия.
0009500.png	Столица
0009501.png	Виды доменных имён
0009502.png	Административное деление
0009503.png	Примечания
0009504.png	Примечания
0009505.png	Публикации
0009506.png	Ирландский язык
0009507.png	Проспекты, улицы, мосты
0009508.png	Целочисленные последовательности
0009509.png	Способы устранения
0009510.png	Музыка
0009511.png	Статья 43. Дивиденды и проценты
0009512.png	Севергин, Василий Михайлович
0009513.png	Биография
0009514.png	Метамодель (НЛП)
0009515.png	Селанк
0009516.png	моренные озёра;
0009517.png	Дальневосточный федеральный округ
0009518.png	Нуабу, сын Зуабу
0009519.png	просп. Манаса (также просп. Чингиза Айтматова и просп. Мира),
0009520.png	Данные приведены по состоянию на 26 июня 2019 года.
0009521.png	Подготовка к роению
0009522.png	Николаевка
0009523.png	Алконост
0009524.png	Шотландский поход
0009525.png	2015 Милан (Италия)
0009526.png	Чайная и чайхана
0009527.png	ромбическая
0009528.png	Сенсорная физиология
0009529.png	Цари Спарты
0009530.png	Пивоварня «Тарусский гусь»
0009531.png	105. Иоасафу Белгородскому, свт.
0009532.png	Оценки окружающих и статус в группе сверстников.
0009533.png	Качество атмосферного воздуха
0009534.png	Примечания
0009535.png	Здания и сооружения, утраченные в 1963 году
0009536.png	Раннее Средневековье
0009537.png	Социалисты Франции
0009538.png	Аверченко, Владимир Александрович
0009539.png	Патология
0009540.png	История развития алфавита
0009541.png	Железнодорожные станции и платформы Ярославской области
0009542.png	Телеобъектив
0009543.png	Воспоминания о Шестове (подробные биографические данные)
0009544.png	Выпускники Тамбовской гимназии
0009545.png	Монашество
0009546.png	Франция
0009547.png	Вечный завет, 1928
0009548.png	«Империя, вперёд»
0009549.png	Примечания
0009550.png	История
0009551.png	Ссылки
0009552.png	Дары Смерти
0009553.png	Регуляция эндокринной системы
0009554.png	Методология истории средневековой философии
0009555.png	Украинский НИИ медицинской реабилитации и курортологии МЗ Украины;
0009556.png	Примечания
0009557.png	Гуггенбюль, Иоганн Якоб
0009558.png	Метродор Хиосский
0009559.png	Радиовещание
0009560.png	УП «Ошмянский дрожжевой завод»
0009561.png	Литература
0009562.png	Электромеханические вычислительные средства
0009563.png	Лейкопения, анемия, тромбоцитопения.
0009564.png	Волна
0009565.png	Статья в «Комьютерре» под названием «Лабиринты фотонных кристаллов».
0009566.png	«Деловой Петербург»
0009567.png	В сукновальном деле (с 1223, Германия).
0009568.png	«Мир» Аристофана.
0009569.png	17 сентября
0009570.png	Преподаватели Гиссенского университета
0009571.png	орфоэпические
0009572.png	Примечания
0009573.png	Описание
0009574.png	Ирландская республиканская армия. Борцы за свободу зелёного острова
0009575.png	Примечания
0009576.png	Звание «Почетный гражданин Тюменской области»
0009577.png	156 км: река Лыдую
0009578.png	История
0009579.png	прусский Орден Черного Орла (1884);
0009580.png	Звание генерала от кавалерии присвоено:
0009581.png	Вивиан Викторетт, бразильская актриса.
0009582.png	5 место в чемпионате России с ФК «Сатурн», высшее место в истории клуба (2007)
0009583.png	Выпуклая геометрия
0009584.png	тепловые:
0009585.png	Скончались
0009586.png	Дельта-Ариетиды - с 8 декабря по 14 января
0009587.png	Конюший великий коронный
0009588.png	Книги о Нельсоне Манделе:
0009589.png	Дэвид Бекхэм, английский футболист, полузащитник.
0009590.png	Южные Хунну нападают на северных.
0009591.png	и два гипотетических:
0009592.png	См. также
0009593.png	Художники-ориенталисты
0009594.png	Ссылки
0009595.png	См. также
0009596.png	Происшествия
0009597.png	Молодёжный театр «Ангажемент» имени В. С. Загоруйко;
0009598.png	Удмуртская Республика
0009599.png	Китай
0009600.png	Периодические издания
0009601.png	широкое развитие различных международных экономических связей;
0009602.png	Члены Совета безопасности России
0009603.png	Философы-метафизики
0009604.png	Динамика
0009605.png	с 12 апреля 2014
0009606.png	Ранний иудаизм
0009607.png	Революционеры Польши
0009608.png	Максим Канунников
0009609.png	Бунин И. «Окаянные дни», 1926
0009610.png	Административно-территориальная единица
0009611.png	Германский и Северогерманский союзы
0009612.png	Женские голоса:
0009613.png	Средства массовой информации
0009614.png	Орден Святого Георгия 1-й ст. (09.10.1877);
0009615.png	4 октября
0009616.png	Цисплатин (противоопухолевое средство, алкилирующее соединение)
0009617.png	Мусульманское завоевание и конец существования
0009618.png	1992 год в России
0009619.png	Время в Гренландии
0009620.png	по цвету и прозрачности
0009621.png	Хронология
0009622.png	вычислительной математики (воссоздана в 1982 году)
0009623.png	Титаны
0009624.png	Примечания
0009625.png	Клубы по хоккею с шайбой
0009626.png	Свергнутые президенты
0009627.png	Поражение и гибель
0009628.png	Государственный музей-заповедник «Царское Село»
0009629.png	Командные достижения
0009630.png	Абрикосов, Алексей Алексеевич
0009631.png	Общий обзор
0009632.png	Жак Пикар (р. 1922), французский изобретатель и исследователь морских глубин.
0009633.png	Примечания
0009634.png	Наиболее распространённые системы КЭ анализа:
0009635.png	Русская православная церковь в Финляндии
0009636.png	Письмо и чтение
0009637.png	Братание
0009638.png	Принцип наименьшего действия
0009639.png	Сражения русско-шведских войн
0009640.png	Большая золотая медаль имени М. В. Ломоносова от Академии наук СССР (1964)
0009641.png	Определения
0009642.png	Рельсобалочный стан для железнодорожных ВСНТ, Челябинск, ЧМК;
0009643.png	Преподаватели Имперского колледжа Лондона
0009644.png	Правописание «Русалки Днестровой»
0009645.png	Поэты СССР
0009646.png	Физико-географическая характеристика
0009647.png	Арумынский язык
0009648.png	Доклад Стивена Хокинга
0009649.png	Врачи России
0009650.png	Известные екатеринбуржцы
0009651.png	Литература
0009652.png	Дом культуры
0009653.png	Поэтический язык
0009654.png	События
0009655.png	Признание заслуг
0009656.png	верность позиционирования панели для подписи;
0009657.png	Салаватский гуманитарный институт;
0009658.png	Топонимы
0009659.png	Родились
0009660.png	Воздействие на окружающую среду
0009661.png	Царские офицеры на службе в РККА
0009662.png	Мужские имена
0009663.png	Цензура в советской литературе
0009664.png	Фотографии
0009665.png	Мшелоимство
0009666.png	Хантыйский этнографический музей.
0009667.png	Подготовка медицинских кадров;
0009668.png	Предыстория
0009669.png	Есть сила благодатная
0009670.png	Вильгельм де Мойон, англонормандский рыцарь.
0009671.png	Старый Радивилов. Фото
0009672.png	Служба
0009673.png	Купирование интоксикаций
0009674.png	В Бахмуте работала Укрпочта, Нова Пошта, ИнТайм, Деливери, САТ, Мист Экспресс.
0009675.png	антибиотики
0009676.png	См. также: :Категория:Родившиеся в 1698 году
0009677.png	Международные
0009678.png	Калевала на финском
0009679.png	История
0009680.png	Христианские социалисты
0009681.png	Страна Басков
0009682.png	Стены Беримеринов.
0009683.png	Памятник Александру Сергеевичу Пушкину.
0009684.png	Демократический переворот на о. Хиосе.
0009685.png	Короли
0009686.png	Член Парламента
0009687.png	Валлийский язык
0009688.png	Данбар, Бонни Джинн (США)
0009689.png	Котельский региональный комплексный заказник.
0009690.png	Биография Ариэля Шарона
0009691.png	Кастомизация видеокарт
0009692.png	белорусский язык
0009693.png	В Москве открыта Меншикова башня.
0009694.png	Осип Цадкин (Российская империя, Франция)
0009695.png	Франсуа Милле в литературе
0009696.png	Ссылки
0009697.png	Погибшие в авиакатастрофах в США
0009698.png	Применение
0009699.png	Валентность (тон)
0009700.png	Вступил в силу Устав ООН.
0009701.png	Публикация обвинений
0009702.png	Родились
0009703.png	Движение пятидесятников в Китае и основание «Церкви истинного Иисуса»
0009704.png	Земская больница;
0009705.png	Награды
0009706.png	Примечания
0009707.png	Фонетисты
0009708.png	360 км: Развилы (лв)
0009709.png	Позолота
0009710.png	Примечания
0009711.png	Взаимодействие
0009712.png	Выпускники лицея Жансон-де-Сайи
0009713.png	Орден Турецкой Республики (Турция, 1999 год)
0009714.png	Происхождение. Ранние годы
0009715.png	Работы других авторов
0009716.png	Байкальский институт природопользования СО РАН
0009717.png	Национальные
0009718.png	Городской транспорт
0009719.png	интеграция с другими инструментами.
0009720.png	обратный к  элемент записывается как .
0009721.png	Телевидение
0009722.png	Писатели-фантасты Российской империи
0009723.png	Выпускники Оксфордского университета
0009724.png	Библиофилы США
0009725.png	Примечания
0009726.png	Привокзальный
0009727.png	Биография
0009728.png	Ранее действовавшие отрасли
0009729.png	Юродивые
0009730.png	Происшествия
0009731.png	Квазимонархия
0009732.png	Сплайновая интерполяция(неактивна)
0009733.png	Ссылки
0009734.png	МКАД 47 км
0009735.png	См. также
0009736.png	Павел Дацюк, российский хоккеист.
0009737.png	Лесная промышленность: Спас-Клепики, Тума, Касимов.
0009738.png	Иран и Индия в древнегреческой мифологии
0009739.png	Портрет Дориана Грея
0009740.png	Памятный знак работы Игоря Мазура в Плеханове (Липецкая область), 2006 год.
0009741.png	Музей МВД по Чувашской Республике.
0009742.png	часть Узбекистана
0009743.png	Бхикшу
0009744.png	Брайан Руис, коста-риканский футболист.
0009745.png	Сан-Паулу, Бразилия
0009746.png	Примечания
0009747.png	Дипломатия и война на континенте
0009748.png	Орисса штат Индии
0009749.png	Источники и литература
0009750.png	Список государственных языков
0009751.png	57 км: Кичуга (пр)
0009752.png	К описанию применима статистическая физика.
0009753.png	Лауреаты премии «Золотой глобус» за лучшую режиссёрскую работу
0009754.png	Эпоха Просвещения
0009755.png	Поэты Грузии
0009756.png	Примечания
0009757.png	Важные персоны
0009758.png	55 административно-территориальных образований:
0009759.png	«Гамера 3: Месть Ирис» (Япония) Сусукэ Канэко
0009760.png	Существует выдвинутая Виноградовым гипотеза о том, что .
0009761.png	Биография
0009762.png	Графические утилиты администрирования
0009763.png	Национальный чемпионат Студенты по футболу
0009764.png	Появились в 1984 году в США
0009765.png	компрессоров;
0009766.png	Научные достижения
0009767.png	наличие стоп-кодонов;
0009768.png	История
0009769.png	Родились
0009770.png	Литература
0009771.png	Ссылки
0009772.png	Рост численности населения
0009773.png	Международный атлас облаков Всемирной метеорологической организации
0009774.png	Осенью чусцы напали на Чжэн.
0009775.png	В 5 луне чэньский сановник Цзун Шу бежал в Чу.
0009776.png	Иудаизм
0009777.png	использование препроцессора для абстрагирования однотипных операций;
0009778.png	Международные титулы
0009779.png	Художники Фландрии
0009780.png	Усадьба Хвалевское
0009781.png	Дромтонпа
0009782.png	Апрель
0009783.png	Новолазаревская
0009784.png	Фармакотерапия
0009785.png	«Знакомые картинки» (1957)
0009786.png	Статуя Девы Марии около Костёла Св. Антония Падуанского
0009787.png	История
0009788.png	Культура
0009789.png	1939 год в Москве
0009790.png	Примечания
0009791.png	Аксиомы порядка:
0009792.png	Реки Земель Луары
0009793.png	Члены Лондонского Линнеевского общества
0009794.png	Психоанализ
0009795.png	Молодёжный футбол
0009796.png	Частные университеты:
0009797.png	Вёрстка веб-страниц
0009798.png	Десятая ревизия
0009799.png	Логарифмический масштаб
0009800.png	Население
0009801.png	Ссылки
0009802.png	Университет Хазар;
0009803.png	Сексуальность человека
0009804.png	Примечания
0009805.png	Применение биомассы в энергетике
0009806.png	Коко Тейлор (р. 1928), американская блюзовая певица.
0009807.png	Официальный сайт городского округа Вичуга
0009808.png	Эстония
0009809.png	Сошёл огонь с неба от Бога и пожрал их.
0009810.png	Кафедра менеджмента и поведенческой экономики
0009811.png	Семья
0009812.png	Имеются следующие флаги сообщений:
0009813.png	Война с Антигоном Гонатом
0009814.png	Октябрь
0009815.png	14 сентября
0009816.png	Шаранский район
0009817.png	См. также
0009818.png	Острова Австралии и Океании
0009819.png	Пасвик (также в Норвегии)
0009820.png	восточноаукштайтский диалект
0009821.png	Марионеточное государство
0009822.png	Характеристика политического курса
0009823.png	См. также
0009824.png	Ян Кольман, Клаус-Генрих Рем, Юрген Вирт Наглядная биохимия
0009825.png	антитимоцитарным глобулином и циклоспорином А.
0009826.png	Аэропорт
0009827.png	Ссылки
0009828.png	Рейтинг
0009829.png	18 февраля
0009830.png	См. также: :Категория:Родившиеся в 1834 году
0009831.png	Документальные фильмы
0009832.png	Неидентифицированные люди
0009833.png	Ссылки
0009834.png	Теория речевых актов
0009835.png	Первые вице-премьер-министры Украины
0009836.png	Топологи
0009837.png	Александр Есенин-Вольпин «Памятка для тех, кому предстоят допросы» (1968)
0009838.png	Дмитрий Блохинцев (р. 1908), советский физик, член-корреспондент АН СССР.
0009839.png	Электронные версии оригиналов работ Хайдеггера разных лет
0009840.png	Никогда не знаешь, как быть с женщинамиЖенщины способны на всё
0009841.png	маршал бронетанковых войск (28.10.1967)
0009842.png	Филиал МГУ в Ереване
0009843.png	См. также
0009844.png	См. также
0009845.png	районная больница на 300 коек в селе Гагино;
0009846.png	Примечания
0009847.png	Получение
0009848.png	Хорошёвский район
0009849.png	Предыстория
0009850.png	см. Медея (фильм)
0009851.png	Хронология освоения
0009852.png	Уравнение эволюции партонных плотностей
0009853.png	Ссылки
0009854.png	Просодия
0009855.png	Спорт и досуг
0009856.png	Кемеровский областной театр кукол,
0009857.png	Чертольский переулок
0009858.png	Примечания
0009859.png	Департамент государственной регистрации ведомственных нормативных правовых актов
0009860.png	3671 умер в госпиталях от ранений;
0009861.png	Ниже приведены названия алгоритмов для скрытия данных в области преобразования:
0009862.png	Гетто в Ошмянах
0009863.png	Всего на март 2019 по разным данным погибло от 1677 до 2000 боевиков Хезболлы.
0009864.png	147-я стрелковая дивизия
0009865.png	Биолокация
0009866.png	Продолжительность: 102 мин.
0009867.png	Маркус Леман, «зюсс Оппенгеймер»
0009868.png	Песнь двадцать третья. Погребение Патрокла. Игры.
0009869.png	Города Лихтенштейна
0009870.png	Примечания
0009871.png	«Человек, который совратил Гедлиберг» (1900)
0009872.png	Лечение
0009873.png	Этимология названия
0009874.png	Литература
0009875.png	Астрономия
0009876.png	Понимание экзистенциальных эмоций
0009877.png	Посёлок Западный (Водстрой)
0009878.png	Воздушный
0009879.png	Городская библиотечная система
0009880.png	Родившиеся в 1763 году
0009881.png	Издания
0009882.png	Мануфактур-советники
0009883.png	Динамические системы
0009884.png	Литература
0009885.png	Литература
0009886.png	Атеизм
0009887.png	Литература
0009888.png	10 марта
0009889.png	Почётные доктора Гронингенского университета
0009890.png	Здания университета
0009891.png	Меловой период
0009892.png	велотрек на Крылатских Холмах
0009893.png	Техника мультиэкспозиции
0009894.png	Пирокинез (пирогения)
0009895.png	Акушерство в России
0009896.png	Федерализм
0009897.png	о чём-либо, кроме мужчин.
0009898.png	ООО «Профипласт»
0009899.png	Эвристические модели
0009900.png	Национальные
0009901.png	Злоупотребления и врачебные ошибки в психиатрии
0009902.png	Литература
0009903.png	Туалет
0009904.png	Македония
0009905.png	Букмол
0009906.png	Происхождение названия
0009907.png	Правительство Польши разрешило эмиграцию польских евреев в Израиль.
0009908.png	История
0009909.png	2 специальных административных района Китая:
0009910.png	Форма
0009911.png	Жены и дети
0009912.png	Освещение в советских СМИ
0009913.png	Ссылки
0009914.png	Экономика Древней Руси
0009915.png	Деятели либерализма
0009916.png	Ритм и Мелодия (2022)
0009917.png	Гибралтар
0009918.png	Население
0009919.png	Видео столкновения ударника с кометой
0009920.png	Губернаторы Португальской Индии
0009921.png	На запястье, подвешенной на темляк.
0009922.png	Ярославский электровозоремонтный завод
0009923.png	Транспортная система
0009924.png	Правило компенсации
0009925.png	Скончались
0009926.png	Депутаты Совета Союза 7-го созыва
0009927.png	Международная отметина имени отца русского футуризма Давида Бурлюка
0009928.png	476 км: Нижний Камзас
0009929.png	Бадраи
0009930.png	Императорский дом Бразилии
0009931.png	Царь Хазарского каганата заключил союз с гузами против печенегов
0009932.png	Веселье сердечное (Борис Викторович Шергин)
0009933.png	Экономика
0009934.png	серверная ферма;
0009935.png	Похороненные в Виттенберге
0009936.png	Нора Повесть
0009937.png	Работы
0009938.png	Учреждения Мурманской области
0009939.png	Доросида Александровна (29.03.1821-?)
0009940.png	Всасывание
0009941.png	Книги
0009942.png	Содержит около 12700 слов.
0009943.png	1523 год в Крыму
0009944.png	Армения
0009945.png	Дальнейшие перспективы
0009946.png	Примечания
0009947.png	«Ноосфера» (Вернадский)
0009948.png	Этимология имени
0009949.png	См. также
0009950.png	слабость, недомогание, одышка;
0009951.png	Скверы
0009952.png	Города на правах повета Поморского воеводства
0009953.png	Писатели Грузии
0009954.png	Васудева-упанишада (Самаведа)
0009955.png	Ссылки
0009956.png	Временная шкала
0009957.png	Туризм
0009958.png	Города на Оби
0009959.png	Примечания
0009960.png	Дворянство
0009961.png	Социологический аспект
0009962.png	События
0009963.png	Физическая реальность
0009964.png	Уральская область (РСФСР)
0009965.png	«История и древности Москвы» (т. 2)
0009966.png	пруд Луговой;
0009967.png	Женщины-самоубийцы Российской империи
0009968.png	Главой государства и Верховным главнокомандующим является Король Бутана.
0009969.png	Переименованные города Таджикистана
0009970.png	До индустриальной революции
0009971.png	Особенности цветного зрения у различных млекопитающих
0009972.png	См. также
0009973.png	Переворот
0009974.png	Фараоны по алфавиту
0009975.png	Гавайский
0009976.png	Литература
0009977.png	Языки программирования со статическим распределением памяти
0009978.png	Юристы России
0009979.png	Этимология
0009980.png	Ночная жизнь
0009981.png	Мореплаватели Российской империи
0009982.png	Общественно-политическая деятельность
0009983.png	Биография
0009984.png	Первые вооружённые столкновения (октябрь 1917)
0009985.png	Культура и образование
0009986.png	Художественные фильмы и телесериалы
0009987.png	Колесо Времени
0009988.png	Сан-Николау, Кабо-Верде
0009989.png	См. также
0009990.png	Подполковник (6.11.1963).
0009991.png	Формы, созданные ветровой эрозией
0009992.png	В современной России
0009993.png	Влияние на скелетные мышцы и миокард
0009994.png	Лауреаты Государственной премии СССР
0009995.png	Противопоказан при глаукоме.
0009996.png	Вэй Хуацунь, основательница даосской школы Шанцин.
0009997.png	Охраняемые природные территории Псковской области
0009998.png	Волоконно-оптическая связь
0009999.png	Отношение относительных ошибок аргумента  и решения  равно