0000000.png	Телесериалы СТС
0000001.png	Безработица
0000002.png	История создания
0000003.png	Музейно-мемориальный комплекс Н. М. Пржевальского и К. Карасаева
0000004.png	Оксфорд
0000005.png	Сравнительная таблица китайских и японских числительных:
0000006.png	Участники «Евровидения-2001»
0000007.png	многие тысячи копейных рот устроены гусарским строем;
0000008.png	свободно конвертируемая
0000009.png	Компактное пространство
0000010.png	В 1051 году женился на Альбераде. Детьми от этого брака были:
0000011.png	Спорт
0000012.png	29 сентября
0000013.png	Божья воля (Франс А., Борхес Х. Л., Братья Стругацкие);
0000014.png	Сухие области ниже уровня моря
0000015.png	медаль «За отличие в охране государственной границы СССР» (СССР, 13 июля 1950)
0000016.png	Иерархия демонов
0000017.png	Всемирная организация здравоохранения,
0000018.png	Ссылки
0000019.png	Официальный сайт
0000020.png	Детские футбольные школы
0000021.png	Публикации
0000022.png	Религия
0000023.png	Казнённые в Швеции
0000024.png	синтетические,
0000025.png	Основные уравнения и законы
0000026.png	Вахш;
0000027.png	История
0000028.png	Библиотека Вольтера
0000029.png	создание натяжения или предварительное затягивание в соединениях;
0000030.png	сокращение лесных ресурсов, фауны, в том числе рыбных ресурсов.
0000031.png	6-я глава Книги мёртвых, написанная на ушебти
0000032.png	Официальный сайт Королевской семьи
0000033.png	Ссылки
0000034.png	Мифы Аттики
0000035.png	Города на Тетереве
0000036.png	Финские поэты
0000037.png	лекция «Поэт-киноглаз: кинематограф в творчестве поэта» Ассы Новиковой
0000038.png	Аршинник
0000039.png	Соединения кальция по алфавиту
0000040.png	Сенаторы от штата Виргиния
0000041.png	Примечания
0000042.png	Йорг Иммендорф (р. 1945), немецкий художник и скульптор.
0000043.png	Эксперимент делится на следующие этапы:
0000044.png	Население
0000045.png	Клейст, фон
0000046.png	образованы Костромская область и Томская область.
0000047.png	Радиоактивные отходы
0000048.png	Орден Святого Владимира 3 ст. (1841)
0000049.png	: Какшаал-Тоо, Сары-Джаз, Меридиональный, Майдантаг, Кёльпинчёльтаг
0000050.png	Дигексагональная ортогональная:
0000051.png	Квалификация
0000052.png	5 марта
0000053.png	По темпу роста
0000054.png	Константин Сорокин (ум. 1981), актёр театра и кино, народный артист РСФСР.
0000055.png	Литература
0000056.png	Действия в Эльзасе
0000057.png	Древнегреческие поэты
0000058.png	Склонение числительного «один»:
0000059.png	Ссылки
0000060.png	Гемиплегия
0000061.png	Единичная матрица
0000062.png	Москва;
0000063.png	Аффинное преобразование плоскости и его матричное представление
0000064.png	Женская консультация
0000065.png	Станицы области Войска Донского
0000066.png	Кербер или Цербер может означать:
0000067.png	Луговая улица
0000068.png	История
0000069.png	В США испытано новое лекарство от алкоголизма.
0000070.png	Примечания
0000071.png	Система мер в Великом княжестве Литовском
0000072.png	Примечания
0000073.png	Струнные музыкальные инструменты
0000074.png	«Материалы по истории Галичины» (1886),
0000075.png	Аналогичные страницы прошлых лет: 2015, 2014, 2013, 2012, 2011, 2010
0000076.png	Изменение свойств при добавлении молока
0000077.png	Сэйю: Мики Ито
0000078.png	Восточно-сирийская группа
0000079.png	Родившиеся в 1357 году
0000080.png	Функции
0000081.png	2000-е годы
0000082.png	Не делает резкого противопоставления между внутренней и внешней политикой.
0000083.png	по степени напряжённости
0000084.png	меньший результат .
0000085.png	Преподаватели Иллинойсского университета в Урбане-Шампейне
0000086.png	Радиореклама
0000087.png	Общественно-политическая газета «Красный Север»
0000088.png	Павловск, Россия (2003)
0000089.png	Математика
0000090.png	Фильмы СССР 1955 года
0000091.png	Экономика
0000092.png	Воеводство
0000093.png	Награды и звания
0000094.png	Похороненные на Ваганьковском кладбище
0000095.png	Набег сяньби на южных Хунну.
0000096.png	Литература
0000097.png	Жуковский, Плач о Пиндаре
0000098.png	Латиноамериканская музыка
0000099.png	Те, кто стал «эбионитами».
0000100.png	Религиозные воззрения Томаса Джефферсона
0000101.png	Машина работает по следующему набору правил:
0000102.png	Гробницы династии Мин (объект Всемирного наследия)
0000103.png	Награды
0000104.png	Хранение: список Б. В защищённом от света месте.
0000105.png	Интерпретация (методология)
0000106.png	Счётная палата
0000107.png	Евангелие от Матфея на церковнославянском.
0000108.png	Награждённые медалью Хьюза
0000109.png	годах
0000110.png	Примечания
0000111.png	Выпускники МГИМО
0000112.png	Ростов-на-Дону, Россия (25.06.2009)
0000113.png	Поселение вятичей
0000114.png	Наиболее значительные статьи:
0000115.png	Научная деятельность
0000116.png	Законы логики
0000117.png	13 февраля
0000118.png	См. также
0000119.png	Вымышленные химики
0000120.png	Заливы и лиманы
0000121.png	Территориальное устройство
0000122.png	Главная героиня
0000123.png	Ссылки
0000124.png	Сталина нет
0000125.png	Комментарии
0000126.png	Мемориал Аварайрской битве
0000127.png	Определено будущее Нидерландских Антил
0000128.png	См. Противоракетная оборона США
0000129.png	память Альберта из Монтекорвино;
0000130.png	Игрушки
0000131.png	Продавец кошмаров (2006)
0000132.png	Маршалы Советского Союза
0000133.png	Военные инженеры
0000134.png	Гербовый щит Ульяновской области
0000135.png	Интегральные уравнения
0000136.png	Примечания
0000137.png	Литература
0000138.png	Депутаты Совета Союза от Свердловской области
0000139.png	отдельные языки;
0000140.png	2-е место: 1974
0000141.png	Иннокентий Анненский в неизданных воспоминаниях
0000142.png	Улица Мечникова во Львове
0000143.png	Январь
0000144.png	Храм Всех Святых;
0000145.png	В 1765 году в крепости была открыта двухклассная школа «для обучения юношества».
0000146.png	Примечания
0000147.png	Час Земли
0000148.png	Аксиоматика и доказательство формул
0000149.png	Неудачный заговор Катилины против сената Рима.
0000150.png	кратер на Луне;
0000151.png	Заслуженные художники Чувашской АССР
0000152.png	Восточная кампания
0000153.png	Петрушин, Владимир Александрович (17.10.2022)
0000154.png	Впервые в источниках упоминается слово «казак».
0000155.png	Симметрическая разность:
0000156.png	Свойства
0000157.png	Портвейны, созревающие в бутылке
0000158.png	Для целого  пол и потолок совпадают:
0000159.png	Управление доступом к среде
0000160.png	В США впервые применён аппарат искусственного кровообращения.
0000161.png	Релаксация
0000162.png	Сезоны
0000163.png	месторождения боратов в гипсовой шляпе над соляными куполами.
0000164.png	Литература
0000165.png	Фазиль Ахмет Айкач
0000166.png	Описание города, история, фото
0000167.png	266 км: Алыкаевка
0000168.png	Полуцелое число
0000169.png	Элементарная математика
0000170.png	Происхождение
0000171.png	бакалавриат;
0000172.png	Получение
0000173.png	Семья
0000174.png	Историки по алфавиту
0000175.png	Государственные деятели Ирана
0000176.png	ХК «Янтарь»;
0000177.png	Литература
0000178.png	Ультиматум генерала Текели
0000179.png	Примечания
0000180.png	Космонавтика
0000181.png	В видеоиграх
0000182.png	Родились
0000183.png	Цифровая подпись.
0000184.png	Сравнение строения клеток бактерий, растений, животных и грибов
0000185.png	Национальные
0000186.png	Международный день лесов.
0000187.png	История
0000188.png	Фестиваль по акробатическому рок-н-роллу «Звёздный прибой».
0000189.png	По переписи 2001 года:
0000190.png	Тенезмы
0000191.png	Спорт
0000192.png	Русские женские имена
0000193.png	Официальный сайт монетного двора Португалии
0000194.png	Статика
0000195.png	Числительные
0000196.png	Ссылки
0000197.png	Сотрудники РКК «Энергия»
0000198.png	Учёные Средневековья
0000199.png	Спорт
0000200.png	Один из кодов ГИБДД Краснодарского края
0000201.png	Эндокринология
0000202.png	Общая информация
0000203.png	Специализированные языки программирования
0000204.png	Анисия Солунская.
0000205.png	Происхождение и ранняя карьера
0000206.png	уравнения сводятся к
0000207.png	Биография
0000208.png	Ислам
0000209.png	История открытия
0000210.png	Семейство
0000211.png	Козловка в Чувашской энциклопедии
0000212.png	Дина на квадратный сантиметр (бария)
0000213.png	парк Левобережный,
0000214.png	«Последний дубль» (1995).
0000215.png	Примечания
0000216.png	Население
0000217.png	Философия
0000218.png	Бронестекло
0000219.png	Стреломёты
0000220.png	Гражданская позиция
0000221.png	Свойства конденсатора
0000222.png	Даамат
0000223.png	Нижегородский государственный технический университет;
0000224.png	Климат
0000225.png	См. также
0000226.png	Города-побратимы
0000227.png	Драматурги по алфавиту
0000228.png	Критически относится к гендерному равноправию в европейском сообществе:
0000229.png	Спорт в Волгоградской области
0000230.png	Кинофотофонодокументы.
0000231.png	Навоийская ГРЭС (основа энергетики области).
0000232.png	Ссылки
0000233.png	Бежецк в Тверской области получает статус города.
0000234.png	проопиомеланокортин
0000235.png	кожа и слизистая выстилка ротоглоточной полости (дополнительные органы дыхания);
0000236.png	Иакинф
0000237.png	Оксиметр:
0000238.png	Приложение 1 к Историоматике (публицистика)
0000239.png	Клиника коммуникационных проектов
0000240.png	Коммуникации
0000241.png	Вилле Хаапасало, финский актёр.
0000242.png	Камизары
0000243.png	Типы систем по конструктивному исполнению
0000244.png	Джозеф Конрад
0000245.png	В Хвалынском районе 35 населённых пунктов.
0000246.png	Примечания
0000247.png	ганглионарный (ганглиозный, или слой клеток Пуркинье) ();
0000248.png	Нина Крутова Еврейские корни Маврикия Вольфа (1825 -1883)
0000249.png	Сервилия (1902)
0000250.png	Литература
0000251.png	См. также
0000252.png	водителей обязали строго придерживаться трассы маршрута,
0000253.png	Достижения клуба
0000254.png	Забавы с радио
0000255.png	Научно-фантастические фильмы Франции
0000256.png	Православие
0000257.png	Король вестготов Сигерих.
0000258.png	Ассоциации
0000259.png	Языки программирования (текстовые)
0000260.png	Определения
0000261.png	Известные уроженцы
0000262.png	Список звёзд созвездия Большого Пса
0000263.png	Генерал-адъютанты (Российская империя)
0000264.png	Начало фактического правления Флавия Аэция (ок.390-454) в Риме.
0000265.png	Свойства
0000266.png	Переход Суворова через Альпы
0000267.png	Течение депрессивной фазы
0000268.png	Переводчики Уильяма Шекспира
0000269.png	Нетоксичные техники
0000270.png	Путешествие в Италию
0000271.png	Биография
0000272.png	Примечания
0000273.png	Географические названия
0000274.png	Награждённые медалью «За трудовую доблесть»
0000275.png	Французу отдана?
0000276.png	История
0000277.png	Гахаев Михаил Нохаевич
0000278.png	Официальный сайт Киево-Печерской Лавры
0000279.png	1541 км: Мечетка
0000280.png	Кафедра промышленной теплоэнергетики
0000281.png	Захаров С. Маршалы Наполеона. Бессьер
0000282.png	Теория колебаний
0000283.png	Союз писателей Литвы
0000284.png	Объектно-ориентированное программирование
0000285.png	Притоки Амударьи
0000286.png	Орден Спасителя, большой крест
0000287.png	Галерея
0000288.png	Гломерулонефрит
0000289.png	Казахстан
0000290.png	Описания гербов
0000291.png	Газеты
0000292.png	Казанский УР;
0000293.png	Метрополитен
0000294.png	ТРК Черновцы ()
0000295.png	Открытие Нептуна
0000296.png	Заряд
0000297.png	Строительная
0000298.png	Особенности
0000299.png	См. также
0000300.png	Промышленность
0000301.png	Успенский В. «Война с саламандрами» (первая постановка)
0000302.png	Транспорт
0000303.png	Замечание
0000304.png	Природа
0000305.png	Параметры полёта
0000306.png	После окончания школы пошёл работать станочником на мебельную фабрику.
0000307.png	члены Нобелевской ассамблеи Каролинского института;
0000308.png	ЗАО «Эхо Москвы»
0000309.png	Три ордена Ленина (28 декабря 1973, 27 июля 1975, 5 июля 1978).
0000310.png	возрастные
0000311.png	Паскальные исходники со всего мира , Сайт о программе
0000312.png	Убитые русские монархи
0000313.png	ГУК «Дворец культуры г. Березы»
0000314.png	Сотрудники РКК «Энергия»
0000315.png	Источники
0000316.png	3-я улица Лесные Поляны
0000317.png	на русском языке
0000318.png	Выпускники Университета Перуджи
0000319.png	Красная книга Московской области
0000320.png	Метановые реки и озёра
0000321.png	Кривая Речка
0000322.png	Потребительский рынок
0000323.png	обретение мощей преподобного Арсения Коневского (1991);
0000324.png	Кроссовер
0000325.png	См. также: :Категория:Родившиеся в 1732 году
0000326.png	Ссылки
0000327.png	Диакритические знаки в арабском письме
0000328.png	Лигодиум
0000329.png	Римская республика
0000330.png	Примечания
0000331.png	Скрыли во мраке у края земли,
0000332.png	Прицельная точность стрельбы
0000333.png	Переднеязычные согласные
0000334.png	Религиозные
0000335.png	Лидбелли
0000336.png	Декабрь
0000337.png	Соединения золота
0000338.png	Продолжительные дожди
0000339.png	Премия имени Петра Великого
0000340.png	Наблюдательная перспектива
0000341.png	председатель Главного комитета по устройству и образованию войск (с 1881);
0000342.png	Умершие 16 ноября
0000343.png	Действительные государственные советники Российской Федерации 1-го класса
0000344.png	См. также
0000345.png	(1929) Лазаретная (Верхне-Лазаретная) улица, 7. (Куйбышева, д. 31)
0000346.png	Простота единицы
0000347.png	В 2008 году Ярослав Мудрый занял первое место в телепроекте «Великие украинцы».
0000348.png	Виленское (городское) благочиние
0000349.png	Коксовая батарея
0000350.png	Русские составляют большинство населения города Феодосии.
0000351.png	Награды
0000352.png	Хронология отмены рабства и крепостного права по странам
0000353.png	География
0000354.png	По распоряжению президента Кеннеди был создан национальный фонд искусств США
0000355.png	История развития мотоцикла
0000356.png	Источник
0000357.png	Герои Советского Союза Свердловской области
0000358.png	Серии компьютерных игр
0000359.png	Окончание карьеры игрока
0000360.png	Тогда
0000361.png	гора Сент-Хелина (вершина в горах Майакмас, США)
0000362.png	Пятимачтовые
0000363.png	Другие популярные языки
0000364.png	Статистики Германии
0000365.png	Ссылки
0000366.png	Кинофестиваль «Кинотавр»:
0000367.png	Депутаты Совета Национальностей 4-го созыва
0000368.png	Курды Раввадиды вытесняют Буидов из Атропатены.
0000369.png	В состав Великого княжества Литовского вошёл город Туров.
0000370.png	Флора и фауна
0000371.png	51 Матч ТВ;
0000372.png	Растворы электролитов и неэлектролитов
0000373.png	1809 км: Непрядва (пр)
0000374.png	См. также
0000375.png	Города Донецкой области
0000376.png	Гуманитарный педагогический университет
0000377.png	Информация с сайта Нобелевского комитета
0000378.png	Ссылки
0000379.png	История Версаля
0000380.png	Чемпионаты мира
0000381.png	Аллюр
0000382.png	Князья Хорватии
0000383.png	Социолингвистические сведения
0000384.png	Контркультура 1960-х годов
0000385.png	Кнут Хоконссон, норвежский ярл.
0000386.png	См. также
0000387.png	Образ Ктулху нашёл отражение в кино.
0000388.png	Экономика
0000389.png	«Первый гренадер республики»
0000390.png	Упоминания в религиозных текстах
0000391.png	Духовенство
0000392.png	Сэйю: Рэй Игараси
0000393.png	См. также отдельные работы:
0000394.png	Сигнатура функции
0000395.png	Платонизм
0000396.png	Каска Броди английской армии.
0000397.png	пустынник (пустынножитель)
0000398.png	Примечания
0000399.png	Лесопереработка
0000400.png	Фетиш мог быть просто рисунком и даже татуировкой на теле.
0000401.png	Проектируемый 1438-й проезд
0000402.png	Страховая выплата была произведена в полном объеме в том же 2006 году.
0000403.png	Скорость звука в идеальном газе определяется
0000404.png	Литература
0000405.png	См. также
0000406.png	Примечания
0000407.png	Швеция
0000408.png	Анатолий Штейгер (р. 1907), русский поэт, эмигрант.
0000409.png	«Кодекс Чести»
0000410.png	Международные организации:
0000411.png	Перечень ЖНВЛП
0000412.png	Третий брак
0000413.png	1937 Альфред де Мюссе: К 80-летию со дня смерти
0000414.png	Существительное
0000415.png	Писатели России по алфавиту
0000416.png	Классы и идентификаторы элементов
0000417.png	Исаак Яковлевич Померанчук (1935)
0000418.png	австрийский Орден Святого Стефана, большой крест (1884);
0000419.png	Умершие в 250 году
0000420.png	Наименования флексагонов
0000421.png	География округа Грин (Иллинойс)
0000422.png	Примечания
0000423.png	«В далекие края»
0000424.png	Первый в Серове (журнал)
0000425.png	Атырауская областная национальная гимназия
0000426.png	Горизонтальные
0000427.png	Южнопортовый 2-й проезд
0000428.png	Навершие (или голова рукояти) типа «яблоко» выполняет 3 функции:
0000429.png	Политическая деятельность и взгляды
0000430.png	Национальный лес в Перу.
0000431.png	Франко Эджидио Малерба, первый итальянский астронавт.
0000432.png	Создание
0000433.png	Библиография
0000434.png	Приказываю:
0000435.png	Муниципальные образования Николаевского района Волгоградской области
0000436.png	Отделение Испании от Аббасидского халифата.
0000437.png	Медаль Вьетнама.
0000438.png	Ракетное оружие
0000439.png	В Испании начинается производство бумаги.
0000440.png	Эдмонтонская епархия
0000441.png	Транспорт
0000442.png	Семья
0000443.png	Три рассказа о патере Брауне в пер. Анатолия Кудрявицкого
0000444.png	Ведущие радиостанции «Серебряный дождь»
0000445.png	«Венецианская ночь» (1832)
0000446.png	Квенья Изгнанников
0000447.png	Технология получения рения
0000448.png	Упоминается в трагедии «Фауст» Иоганна Вольфганга Гёте.
0000449.png	Курдский субстрат
0000450.png	Аскеты
0000451.png	Далматово
0000452.png	Институт издательского дела и журналистики
0000453.png	Сплин
0000454.png	Права человека
0000455.png	Планировались фракция НВ-СЕПР (Бабурин) 2007
0000456.png	Противопоказания
0000457.png	Медаль «Золотая Звезда» Героя Советского Союза;
0000458.png	Освящён Собор Святого Марка в Венеции (1094).
0000459.png	Биография и участие в боевых действиях
0000460.png	Городские поселения Ярославской области
0000461.png	требованием к синхронизации данных между передающей и принимающей сторонами;
0000462.png	Национальные
0000463.png	История
0000464.png	Гербы Чувашии
0000465.png	Фридриха Ницше
0000466.png	До переименования улица Салтыкова-Щедрина была в Санкт-Петербурге
0000467.png	Ссылки
0000468.png	Итальянский поход 1799 года
0000469.png	Здания и сооружения Кельбаджарского района
0000470.png	Разумовский, Дмитрий Александрович (06.09.2004, 829)
0000471.png	Литература и поэзия на вепсском языке
0000472.png	Структура календаря
0000473.png	Сайт режиссёра Эльдара Рязанова
0000474.png	Литовский бульвар
0000475.png	Авторы-исполнители России
0000476.png	См. также
0000477.png	Состав
0000478.png	Первыми философами называют милетцев.
0000479.png	Уэльские диалекты английского языка
0000480.png	Американская живопись
0000481.png	Память мученика Иоанна Нового из Янины (1526).
0000482.png	Карл Каутский
0000483.png	Орден Святой Анны 1-й ст. (21.04.1847)
0000484.png	Спорт
0000485.png	Ссылки
0000486.png	Ссылки
0000487.png	Транспорт
0000488.png	Нанесение защитного лака.
0000489.png	Результаты выступлений
0000490.png	Александр Мостовой, советский и российский футболист.
0000491.png	Кербела и после этого
0000492.png	Институт комплексного анализа региональных проблем ДВО РАН
0000493.png	«Чёрное море» (либретто оперы, 1936, в СССР опубликовано в 1988 году)
0000494.png	Музей Луганского станкостроительного завода
0000495.png	Мифические герои Древней Месопотамии
0000496.png	Изобретения СССР
0000497.png	Элли Уокер, американская актриса
0000498.png	Научная деятельность
0000499.png	Религиозные
0000500.png	Распространение журнала в России
0000501.png	Флора и фауна
0000502.png	Католические: , Люциан.
0000503.png	Короли Арагона
0000504.png	Северная Америка
0000505.png	Произведения
0000506.png	Другие псевдонимы
0000507.png	Национальные
0000508.png	Театры
0000509.png	два Дворца культуры
0000510.png	Примечания
0000511.png	лёгкая атлетика;
0000512.png	Ссылки
0000513.png	В СССР
0000514.png	Выпускники Стэнфордской школы права
0000515.png	Три ордена Красного Знамени.
0000516.png	Почётные граждане Вологды
0000517.png	Ссылки
0000518.png	«Опыт о метаморфозе растений» (1790)
0000519.png	389 км: Айбайдак
0000520.png	Из-за извержения вулкана Святой Елены в штате Вашингтон погибли 57 человек.
0000521.png	Климат
0000522.png	Новое время
0000523.png	Первая и вторая высадки человека на Луне.
0000524.png	Праздники 23 февраля
0000525.png	Борьба за звание чемпиона мира по шахматам
0000526.png	Злоупотребление психоактивными веществами
0000527.png	Кортикостероиды
0000528.png	Основные притоки:
0000529.png	Резекненский техникум;
0000530.png	Бывшие государственные телекоммуникационные компании
0000531.png	Персоналии:Сионизм
0000532.png	Ссылки
0000533.png	Свопы  в 2 валютах используются для обмена
0000534.png	Русские эмигранты первой волны в Польше
0000535.png	Топонимы
0000536.png	Природные явления
0000537.png	Карта микенской цивилизации
0000538.png	Ссылки
0000539.png	Волошина Любовь Николаевна (1945)
0000540.png	Рыбхоз Двуречье
0000541.png	Праздничные рабочие дни:
0000542.png	Известные носители:
0000543.png	Основной вклад, по-видимому, принадлежит Больцано.
0000544.png	Коммуникации
0000545.png	См. также
0000546.png	Служба
0000547.png	Примечания
0000548.png	Монографии и статьи
0000549.png	член Чешской академии наук, литературы и искусства (1891),
0000550.png	Примечания
0000551.png	Фрикинг
0000552.png	Умножение на 2 заменяется сложением числа с самим собой: .
0000553.png	Полковник (14 февраля 1799 года);
0000554.png	Бассейн «Дельфин»
0000555.png	Силы специального назначения Армии США (Зелёные Береты)
0000556.png	Животноводство
0000557.png	невыполнение требований администрации и др.
0000558.png	Мощность множеств
0000559.png	Магнитные явления в материальных средах
0000560.png	Античность
0000561.png	События
0000562.png	Произведения Михаила Юрьевича Лермонтова в Викитеке
0000563.png	Примечания
0000564.png	Инструменты с кулисой
0000565.png	См. также
0000566.png	Народно-демократическая партия,
0000567.png	2006 год
0000568.png	Мученики
0000569.png	Архитектурные пристрастия
0000570.png	Николай Лебедев
0000571.png	Почётные доктора Афинского университета
0000572.png	Фомин день.
0000573.png	(Австралия)
0000574.png	Статьи
0000575.png	Восточнофризский язык
0000576.png	Свойства
0000577.png	См. также
0000578.png	Когерентные оптические вычислительные машины (в соавт., Ленинград, 1977);
0000579.png	Побочные эффекты и осложнения
0000580.png	Ботанический сад-институт УНЦ РАН в Уфе (основан в 1932 году).
0000581.png	Сражение при Кампус Парамус
0000582.png	Трубадуры
0000583.png	БУ «Шумерлинский межтерриториальный медицинский центр» Минздрава Чувашии.
0000584.png	Персоналии:Смутное время
0000585.png	Военные инженеры
0000586.png	Прочее
0000587.png	Возникновение посёлка
0000588.png	Северная Каролина
0000589.png	Не отбивается пробелами, если используется для указания интервалов.
0000590.png	Украина
0000591.png	Смоленская область,
0000592.png	по наибольшему числу забитых мячей во всех матчах.
0000593.png	20 октября
0000594.png	В 10 луне в Лу был дождь со снегом.
0000595.png	Ссылки
0000596.png	Реки Куйичирчикского района
0000597.png	Природа
0000598.png	Дом-музей Емельяна Пугачёва в городе Уральске Республики Казахстан.
0000599.png	Обзор
0000600.png	Независимость центрального банка
0000601.png	В культуре
0000602.png	История Таджикистана
0000603.png	Организации Европы
0000604.png	Главная улица
0000605.png	Венская конвенция о дипломатических сношениях
0000606.png	После ухода из правительства
0000607.png	См. также: :Категория:Умершие в 1557 году
0000608.png	Похороненные в Вюрцбурге
0000609.png	Китай
0000610.png	Получение
0000611.png	Песни 1815 года
0000612.png	Скончались
0000613.png	Умершие от пневмонии
0000614.png	Персоналии
0000615.png	343 км: Большой Яломан
0000616.png	Мосты через реку Мойку
0000617.png	Вестник Историко-культурного центра В.И. Ленина Выпуск 4 (К 60-летию музея)
0000618.png	Исторические поселения России
0000619.png	Елена Туева. Чёрно-белый лев
0000620.png	Почётные граждане США
0000621.png	Архитектор Бернардацци, Александр Осипович
0000622.png	«Тайна семи циферблатов»
0000623.png	Житие Иова Княгиницкого было составлено Игнатием из Любарова.
0000624.png	Швеция: Уппсала
0000625.png	В 1986 году уехал из Москвы в Пущино, где занимался народным целительством.
0000626.png	Выпускники Крымской кавалерийской школы имени ЦИК Крымской АССР
0000627.png	Дубна (центр космической связи)
0000628.png	Бесси Смит (США)
0000629.png	Бывшие участники
0000630.png	Оскольский завод металлургического машиностроения
0000631.png	Памятники
0000632.png	Орехоплодные растения
0000633.png	Миллиметровка
0000634.png	В классификации ВОЗ (10-й пересмотр) кариес выделен в отдельную рубрикацию.
0000635.png	Писатели Чехии
0000636.png	Джордж Роджерс Кларк
0000637.png	приливная
0000638.png	Генеральный секретарь
0000639.png	Владимир Пономарёв
0000640.png	Кос-Комысь
0000641.png	Проблемы с географической принадлежностью
0000642.png	Личная жизнь
0000643.png	История названия
0000644.png	Радиоактивные свойства некоторых изотопов технеция:
0000645.png	ЛВС-93
0000646.png	См. также
0000647.png	Примечания
0000648.png	Интервью
0000649.png	30 апреля
0000650.png	Примечания
0000651.png	Наука
0000652.png	Субатомные частицы
0000653.png	память священномученика Иоанна Знаменского пресвитера (1923);
0000654.png	Финалист (4): 1967, 2008, 2015, 2016
0000655.png	Доказательное программирование
0000656.png	Версия о спонсировании революции Японией
0000657.png	См. также
0000658.png	Сэмунд Мудрый
0000659.png	Публицисты США
0000660.png	Примечания
0000661.png	Новости города Опава
0000662.png	Примечания
0000663.png	Антифа
0000664.png	Фонетика
0000665.png	Театр «Арт-Дом»
0000666.png	Происшествие с Ту-154 над Домодедовом.
0000667.png	Джеймс Гэлбрейт. «Кризис глобализации»
0000668.png	В январе 1989 года численность населения составляла 4763 человека.
0000669.png	Рубрики, появившиеся после 2000 года
0000670.png	Сансторм
0000671.png	Выпускники Военной академии США
0000672.png	Ссылки
0000673.png	Умершие в Восточной Пруссии
0000674.png	Приз за лучший саундтрек
0000675.png	и многие другие.
0000676.png	Будзинкан
0000677.png	Банк России
0000678.png	Этимология
0000679.png	Занял 4-е место на Олимпиаде в Сиднее-2000.
0000680.png	Тропики
0000681.png	Основные сведения
0000682.png	См. также
0000683.png	Виды гипса по степени помола :
0000684.png	В ролях
0000685.png	«Пакет» (1965)
0000686.png	Транспорт
0000687.png	Ссылки
0000688.png	Второе неприкосновенное число, единственное нечётное неприкосновенное число.
0000689.png	Марокко является членом
0000690.png	НГО с консультативным статусом при ЭСС ООН
0000691.png	Производящая функция
0000692.png	Телепередачи, запущенные в 1961 году
0000693.png	на юго-востоке: мыс Ачуевский и мыс Каменный (Темрюкский залив);
0000694.png	Калевала на русском языке, перевод Эйно Киуру и Армаса Мишина
0000695.png	Святые Франции
0000696.png	Пророки бахаизма
0000697.png	Средиземноморско-африканские кампании
0000698.png	Родились
0000699.png	Ариэтта (Вокализ)
0000700.png	конституционные.
0000701.png	Библиография Татьяны Толстой представлена следующими сборниками и романами:
0000702.png	Литература
0000703.png	Южные Известняковые Альпы
0000704.png	Отзывы и критика
0000705.png	Литература
0000706.png	События
0000707.png	19 августа Ленин вышел на свободу и вскоре уехал в Швейцарию.
0000708.png	Участники Боспорской экспедиции
0000709.png	2 января
0000710.png	Ссылки
0000711.png	АУ «Шумерлинская городская стоматологическая поликлиника».
0000712.png	Философия России
0000713.png	2013 «Гагарин. Первый в космосе» (Михаил Филиппов)
0000714.png	Актёрский состав
0000715.png	Источник
0000716.png	Памятник Советской конституции.
0000717.png	Станкевич, Игорь Валентинович (19.10.1995, 238)
0000718.png	Панславянские языки
0000719.png	Мы, воины, строго ударим
0000720.png	сохранение и развитие градостроительного и ландшафтного своеобразия города;
0000721.png	Подготовка к сражению
0000722.png	Ранее средневековье
0000723.png	часть России
0000724.png	Смерть
0000725.png	Начало восстания в Париже против немецких войск.
0000726.png	Все квадраты в любом решении данной задачи имеют соизмеримые по длине стороны.
0000727.png	Публикации
0000728.png	Аминторе Фанфани (1987)
0000729.png	Саратовское художественное училище имени А. П. Боголюбова
0000730.png	См. также
0000731.png	Общество востоковедов
0000732.png	Источники
0000733.png	Почётные доктора Европейского университета Мадрида
0000734.png	свёртка;
0000735.png	Западные Алеутские острова
0000736.png	Религия
0000737.png	Страны-члены Всемирного банка
0000738.png	Музей-заповедник «Александровская Слобода»
0000739.png	26 км: Ирень
0000740.png	Август
0000741.png	Рио-де-Жанейро, Бразилия
0000742.png	Народный дворец
0000743.png	Рыцарь Большого креста Ордена Святого Михаила и Святого Георгия (29 ноября 1900)
0000744.png	Литература
0000745.png	Евангелие Иуды
0000746.png	Закон сохранения энергии  просто уравнивает сумму энергий до и после рассеяния:
0000747.png	Писатели Германии
0000748.png	Частицы
0000749.png	Нарышево
0000750.png	Тара Линн Барр, американская актриса.
0000751.png	Областной телеканал «Русь» вещает в аналоговом режиме на 26 ТВК.
0000752.png	Открытие
0000753.png	«Кронштадтский рейд». Написана Иваном Константиновичем Айвазовским в 1840 году.
0000754.png	Мотоциклы «Иж»
0000755.png	Аристотель, древнегреческий философ.
0000756.png	Физиологи СССР
0000757.png	История математики
0000758.png	В состоянии анабиоза тихоходки выносят невероятные нагрузки.
0000759.png	Имена
0000760.png	Бортевое пчеловодство;
0000761.png	В релятивистской физике импульс вычисляется как:
0000762.png	Стартовая улица
0000763.png	Последствия аварии
0000764.png	Репрессированные в СССР
0000765.png	Вишкамбха
0000766.png	Родились
0000767.png	Примечания
0000768.png	Районные центры Орловской области
0000769.png	Анархисты Франции
0000770.png	Праздники и памятные дни
0000771.png	Лесные братья
0000772.png	Население
0000773.png	Достижения
0000774.png	Избранные статьи
0000775.png	Поддержка браузерами
0000776.png	Профессора Университетского колледжа Лондона
0000777.png	Примечания
0000778.png	«Мир»
0000779.png	Управление релизами и развертыванием
0000780.png	Борский силикатный завод
0000781.png	дерматан-сульфат
0000782.png	Теория колец
0000783.png	Горанцы
0000784.png	Прожектор
0000785.png	Придаточным предложением может быть:
0000786.png	Скорость
0000787.png	Экситоны и биэкситоны в нанотрубках
0000788.png	Виктор Самохин
0000789.png	Дамян Велчев
0000790.png	Волынь
0000791.png	Зелёный дом находится слева от белого, рядом с ним.
0000792.png	Производители
0000793.png	Метрополитен
0000794.png	Жильё и строительство
0000795.png	Герои древнегреческих мифов
0000796.png	Банка:
0000797.png	английский
0000798.png	Эскизного проекта
0000799.png	Известные представители
0000800.png	Комментарии
0000801.png	Черкасский художественно-технический колледж.
0000802.png	Муниципальные образования
0000803.png	Зарафшан (Узбекистан).
0000804.png	Баритон, Эуфониум.
0000805.png	Через дефис пишут:
0000806.png	Площади Санкт-Петербурга по алфавиту
0000807.png	Спринцовка
0000808.png	Собрания
0000809.png	Леман Альберт Семенович
0000810.png	Лион Фейхтвангер. Испанская баллада.
0000811.png	Персоналии:Боголюбово
0000812.png	Запруды,
0000813.png	Множество алгебраических чисел плотно на комплексной плоскости.
0000814.png	Ссылки
0000815.png	Почётные доктора Дерптского университета
0000816.png	Для производства труб
0000817.png	Литература
0000818.png	Циркониевый
0000819.png	Скевоморфизм
0000820.png	конъюнкция и дизъюнкция коммутативны:
0000821.png	Почётные доктора Кильского университета
0000822.png	Московский договор (1921)
0000823.png	Институт является одним из основных центров по разработке теории струн.
0000824.png	Ссылки
0000825.png	Канадский музей науки и технологии
0000826.png	Через некоторое время был убит заменивший его командир 1-й бригады Т. Ли-Голди.
0000827.png	Т-киллеры
0000828.png	Меншиков, Александр Данилович
0000829.png	Сельскохозяйственные инструменты
0000830.png	Внезачётные гонки Формулы-1
0000831.png	«К вопросу об изменении ныне принятой шашки»
0000832.png	Генеалогическая схема семьи Линнея
0000833.png	Развитие стиля сецессиона в Австро-Венгрии
0000834.png	«Алькор»
0000835.png	Дворянские роды, на гербах которых изображены коронованные львы
0000836.png	Статистика полётов
0000837.png	Одна из улиц Казани носит имя Зайцева.
0000838.png	системы государственных внебюджетных фондов.
0000839.png	Жан-Клод Юнкер назначен премьер-министром Люксембурга.
0000840.png	западение языка;
0000841.png	Ссылки
0000842.png	три вертолётных эскадрильи (ВЭ):
0000843.png	Примечания
0000844.png	Зоологи Австрии
0000845.png	Республика Науру
0000846.png	Демьярка 1-я (лв)
0000847.png	Литература
0000848.png	Механизм работы
0000849.png	Эндостатин
0000850.png	Дискография
0000851.png	Заслуженный деятель искусств РСФСР (1944)
0000852.png	Примечания
0000853.png	Появление Пер-Ноэля
0000854.png	Ссылки
0000855.png	Государства в истории России
0000856.png	Культура
0000857.png	Примечания
0000858.png	Якобитское престолонаследие после 1807 года
0000859.png	галогенированные нафталины
0000860.png	Башня Реформатской кирхи;
0000861.png	Литература
0000862.png	Часы, по которым мы живем. От солнечных часов до лунного календаря
0000863.png	наличие диафрагмы, развитие подкожной мускулатуры;
0000864.png	«Новая Голландия» (2009)
0000865.png	Ливия и Запад
0000866.png	Память
0000867.png	аблатив (исходно-местный);
0000868.png	161 км: Чарная (левый)
0000869.png	Служба у рязанских правителей
0000870.png	Сентябрь
0000871.png	«Гей»
0000872.png	См. также
0000873.png	Теллус
0000874.png	Климент Александрийский
0000875.png	Похороненные на Смоленском православном кладбище, чьи могилы утрачены
0000876.png	Электрический самокат
0000877.png	Социальный состав участников конфликта. Вооружённые силы сторон
0000878.png	Исчезнувшие индейские племена
0000879.png	Дворец спорта;
0000880.png	Реализации
0000881.png	Физика
0000882.png	Иностранные награды
0000883.png	Христианство
0000884.png	В 1 луне луский гун отправился в Цзинь, но вынужден был вернуться от Хуанхэ.
0000885.png	уничтожение испанцами всех письменных отчётов,
0000886.png	Радио:
0000887.png	Феликс Равессон
0000888.png	Название
0000889.png	Курорты Краснодарского края
0000890.png	Борис Кузнецов (ум. 1999), советский футболист, олимпийский чемпион (1956).
0000891.png	Дзержинский
0000892.png	Преподаватели Кёнигсбергского университета
0000893.png	Пола (значения)
0000894.png	Идеология
0000895.png	Культура и отдых
0000896.png	Вторая экспедиция
0000897.png	ЗАО «Курорт Старая Русса»
0000898.png	Традиционно различают два основных класса фигурных чисел:
0000899.png	Города на Клязьме
0000900.png	26 фельдшерских и фельдшерско-акушерских пунктов в сёлах района.
0000901.png	Ивацевичи, Брестская область
0000902.png	ЭЭГ-исследования
0000903.png	Связь
0000904.png	информационно-телекоммуникационные системы,
0000905.png	Административное деление
0000906.png	Доброе утро (2004)
0000907.png	Национальные герои Венесуэлы
0000908.png	Август
0000909.png	Дворянские роды Российской империи шведского происхождения
0000910.png	Награды
0000911.png	«Вся эта кухня» (2018)
0000912.png	Модификации трансформаторов Теслы
0000913.png	14 августа
0000914.png	Квинкции Цинциннаты
0000915.png	16-я воздушная армия (Вюнсдорф).
0000916.png	Преподаватели Московской консерватории
0000917.png	Ссылки
0000918.png	Элементарная алгебра
0000919.png	Примечания
0000920.png	Человек, расспрашивая Софию, узнаёт, что у неё есть сестра:
0000921.png	Официальный сайт города Фокино
0000922.png	Главные продюсеры телеканала «Афонтово» в красном»
0000923.png	Генералы от инфантерии (Российская империя)
0000924.png	Географическое расположение
0000925.png	Алексей Савватеев
0000926.png	Реки Мелитопольского района
0000927.png	Синглы 2020-х
0000928.png	Коммуникация
0000929.png	именем Василия Кубанёва названа областная юношеская библиотека.
0000930.png	Многие тропические офиуры ярко окрашены. Некоторые способны светиться.
0000931.png	7 февраля 1939 года упразднён Карельский национальный округ.
0000932.png	Ивовые
0000933.png	Оккупационными властями Брест был включён в состав рейхскомиссариата Украина.
0000934.png	Этимология
0000935.png	Сью Кливер, английская актриса.
0000936.png	Таким образом, например, координаты  на рис. 1 являются координатами вектора .
0000937.png	Образование
0000938.png	Примечания
0000939.png	Сосна обыкновенная
0000940.png	Связанные определения
0000941.png	Фонетика и фонология
0000942.png	Памятник жертвам политических репрессий
0000943.png	Автомобильный транспорт
0000944.png	Обобщённая функция Мёбиуса рекуррентно определяется соотношением.
0000945.png	Литература
0000946.png	Председателем ЦК партии был избран Мамед Эмин Расулзаде.
0000947.png	Родились
0000948.png	Окраска
0000949.png	Коды в системах классификации знаний
0000950.png	Болгарский: , староболгарский
0000951.png	Историки литературы СССР
0000952.png	Краеведы Москвы
0000953.png	Древняя Русь
0000954.png	каждый ненулевой угол имеет определённую угловую меру, большую нуля;
0000955.png	В музыке
0000956.png	«Записки партизанского врача». Альберт Цессарский.
0000957.png	Когда боги бежали в Египет, Гефест превратился в быка.
0000958.png	Услуги местной телефонной связи в Можайске предоставляет Ростелеком.
0000959.png	Капитан (16.05.1960).
0000960.png	Нервная система
0000961.png	Католическая традиция
0000962.png	горизонтальная кооперация.
0000963.png	Биография
0000964.png	Преподаватели Калифорнийского университета в Беркли
0000965.png	Города, награждённые орденом Октябрьской Революции
0000966.png	Служба военных священников ()
0000967.png	Памятник писателю Г. Ибрагимову в селе Султанмуратово (скульптор З. Басыров).
0000968.png	Социальная политика и спонсорская деятельность
0000969.png	Зашифровать сообщение  с помощью сеансового ключа симметричным алгоритмом:
0000970.png	Случай с вектором из единиц
0000971.png	Биография
0000972.png	Михаил Евграфович
0000973.png	Марцелиюс Мартинайтис, поэт и литературовед
0000974.png	Первый президентский срок
0000975.png	Церковь святителя Николая, Архиепископа Мирликийского.
0000976.png	Преимущества
0000977.png	Ранние годы. Происхождение
0000978.png	Пражская легенда о Големе упоминается в романе Дины Рубиной «Синдром Петрушки».
0000979.png	Античная философия
0000980.png	См. также
0000981.png	Галилео:
0000982.png	Святые Византии
0000983.png	Два сына Валлы (Билхи): Дан; Неффалим (Нафтали);
0000984.png	в качестве электролита в свинцовых аккумуляторах;
0000985.png	Похороненные в Свято-Духовом монастыре
0000986.png	Дизассемблер длин
0000987.png	Ссылки
0000988.png	Писатели-постмодернисты
0000989.png	Почётные доктора Университета Глазго
0000990.png	Бюджет и покупка экспедиционных судов
0000991.png	Со щелочами ртуть не взаимодействует.
0000992.png	Союз-12.
0000993.png	Природные ресурсы Антарктики
0000994.png	Российские командиры Наполеоновских и Революционных войн
0000995.png	Наследие
0000996.png	Детские писатели по алфавиту
0000997.png	Число частиц в сфере Дебая:
0000998.png	сонголо-сартульский
0000999.png	Венера Медицейская
0001000.png	Карели,
0001001.png	Эпоха Возрождения
0001002.png	Хунну заключили торговый договор с Китаем.
0001003.png	1939: 20 сентября части Красной Армии занимают город. Пинск вошёл в состав БССР.
0001004.png	Унаи Эмери (2012)
0001005.png	Персоналии:Государственный Эрмитаж
0001006.png	Для ряда материалов между первой и второй группой знаков ставятся индексы:
0001007.png	Элвер Рахимич
0001008.png	Мария Шнайдер (р. 1952), французская актриса.
0001009.png	Подготовка к переходу в транспортный режим
0001010.png	Отражение в культуре и искусстве
0001011.png	Примечания
0001012.png	Галерея
0001013.png	См. также
0001014.png	Встреча четвёртая: Поэт, исполнитель, музыкант
0001015.png	Под солнцем Отечества
0001016.png	Спорт
0001017.png	Архангельские летописи. 165;
0001018.png	Мультисистемная атрофия
0001019.png	Храмы в честь Геры назывались Герайонами ().
0001020.png	Королёв Гермоген
0001021.png	Память
0001022.png	Литература
0001023.png	Национальные
0001024.png	Примечания
0001025.png	библиотека в Армавире,
0001026.png	Ассирия
0001027.png	Почётные доктора Дрезденского технического университета
0001028.png	Для различных видов сёрфинга
0001029.png	Население на 1 января 2023 года: 533 565.
0001030.png	Разновидности пшеницы мягких и твердых сортов
0001031.png	Мнения о гомосексуальности
0001032.png	Иосиф Ливчак (р. 1839), русский изобретатель и публицист.
0001033.png	Известные носители
0001034.png	17 ноября
0001035.png	Катастрофа Як-42 под Салониками, погибло 70 человек.
0001036.png	Ссылки
0001037.png	Большемуртинский район Красноярского края: церковь Святого Луки.
0001038.png	Умершие 18 июля
0001039.png	Мифология
0001040.png	традиционный: патриархальный, патримониальный и феодальный;
0001041.png	«Айболит-66» на сайте «Энциклопедия отечественного кино»
0001042.png	г. Саранск - 314871
0001043.png	0,07 а. е. (10,5 млн км) от Марса 5 августа 1978 года;
0001044.png	Филологи Франции
0001045.png	гора Курташ (ороним от башкирского тетерев-камень),
0001046.png	Участники обороны Порт-Артура
0001047.png	В Москве начато строительство первой электростанции.
0001048.png	Транспорт
0001049.png	Книги, запрещённые церковным Стоглавым собором 1551 года, включают:
0001050.png	Ссылки
0001051.png	Заявление Джимми Уэйлса об основах Википедии
0001052.png	Биогенные горные породы
0001053.png	На других языках
0001054.png	Первая посадка людей на Луну
0001055.png	1940 год в Эстонии
0001056.png	Отличительные черты
0001057.png	открытая трубка Бурдона
0001058.png	Население
0001059.png	Англо-Саксонская Америка
0001060.png	Директора Завода имени Лихачёва
0001061.png	Министры образования США
0001062.png	Левитация в физике
0001063.png	закладная;
0001064.png	Районные центры Пермского края
0001065.png	Понятие личности в лингвистике
0001066.png	Члены РСДРП
0001067.png	Хоккейный клуб «Ильвес», многократный чемпион Финляндии.
0001068.png	Примечания
0001069.png	Типы функций
0001070.png	Ссылки
0001071.png	Фромм, Э. Революция надежды (1968).
0001072.png	Биометрия
0001073.png	Выражение основных величин через термодинамические потенциалы
0001074.png	Общественный строй
0001075.png	95 -  злое число
0001076.png	Правители Индии
0001077.png	Руководители ГУКР СМЕРШ
0001078.png	Массовая доля
0001079.png	Память
0001080.png	Происхождение
0001081.png	Войны
0001082.png	Музыка
0001083.png	Монополь Дирака
0001084.png	Лёгкая пехота Древнего Рима
0001085.png	История Забайкальской области (краткая хронология)
0001086.png	Население
0001087.png	Провинции и исторические регионы Ирана
0001088.png	«Богиня весны», Каст Филис
0001089.png	Силикаты (минералы)
0001090.png	Другое
0001091.png	Индуистская космология
0001092.png	Реабилитация
0001093.png	См. также
0001094.png	Финансовый риск-менеджмент
0001095.png	Векторное исчисление
0001096.png	Определение
0001097.png	Спорт
0001098.png	Как вам это понравится
0001099.png	Битва жизни, 1846
0001100.png	Без точных дат
0001101.png	Автомобили
0001102.png	Шмот 29:35 «семь дней совершай их (сынам Аарона) посвящение»;
0001103.png	СРЕДНИЙ ЖУЗ:
0001104.png	«Зоопарк»
0001105.png	Таблица некоторых мезонов
0001106.png	М9 может означать:
0001107.png	См. также: :Категория:Родившиеся в 1139 году
0001108.png	Памятник пострадавшим при ликвидации катастрофы на Чернобыльской АЭС
0001109.png	Из сказанного им писателю Дмитрию Орехову (согласно записи последнего):
0001110.png	Реакция на обострение ситуации в Крыму и на востоке Украины
0001111.png	Гарфилд малышам. Развиваем речь (2008)
0001112.png	Интернет-мемы России
0001113.png	Христианские добродетели
0001114.png	Лютнисты Нидерландов
0001115.png	Тоннели
0001116.png	Астрономы по алфавиту
0001117.png	Похороненные в Архангельском соборе (Московский Кремль)
0001118.png	Районные центры Чехии
0001119.png	Эллипсис
0001120.png	Также и Святой Дух, исходя от Отца и Сына, не отделяется ни от Отца, ни от Сына.
0001121.png	Епархией Айхштета
0001122.png	Восточный Тимор
0001123.png	По Великой курсируют прогулочные теплоходы «Псков» и «Буревестник».
0001124.png	Христианство
0001125.png	Искусство и архитектура
0001126.png	Бела,  и Иедиаил, трое. Сыновья Белы: Ецбон, Уззий, Уззиил, Иеримоф и Ири.
0001127.png	капрал
0001128.png	Режим работы большинства маршрутов с 5.30 до 20.00.
0001129.png	Члены-корреспонденты Британской академии
0001130.png	стадион «Юность».
0001131.png	Другие модификации
0001132.png	Большая Фанагорийская (Сталактитовая) пещера;
0001133.png	Спутниковый модем
0001134.png	Токсичность
0001135.png	Антонио Хосе Гонсалес Сумаррага, бывший архиепископ Кито, Эквадор;
0001136.png	Альманах Института коррекционной педагогики РАО
0001137.png	Обобщение этой формулы для случая неоднородного гравитационного поля имеет вид
0001138.png	Экономика
0001139.png	Родились
0001140.png	Особое значение слово пуд имеет в смоленском договоре 1230 года с Ригой:
0001141.png	Лауреаты Нобелевской премии по медицине
0001142.png	Примечания
0001143.png	Закон Кирхгофа в химии
0001144.png	Приспособленность к роли настольной операционной системы
0001145.png	Обязательным является также чтение праздничных намазов.
0001146.png	Гай Юлий Цезарь женится на дочери Цинны Корнелии-младшей.
0001147.png	Правила игры
0001148.png	Бюст космонавта Комарова на ул. Комарова.
0001149.png	Саундтрек и внутриигровые СМИ
0001150.png	0,3 индейцы.
0001151.png	Украина имеет договоры о свободной торговле с рядом государств и организаций:
0001152.png	Крупнейшая партия империи по числу голосов на выборах
0001153.png	Маршал Кунья Мачаду (Сан-Луис)
0001154.png	Характерные признаки
0001155.png	Начало вещания международного телеканала «РТР-Планета».
0001156.png	См. также
0001157.png	ребольский говор
0001158.png	Прибыль от инвестиций
0001159.png	Примечания
0001160.png	Системы международных отношений
0001161.png	Высшие учебные заведения
0001162.png	а так как  кососимметрична, то
0001163.png	Все известные числа Каллена соответствуют , равному:
0001164.png	Европейская музыкальная культура
0001165.png	Литература
0001166.png	22 мая. Международный день биологического разнообразия
0001167.png	Рок-группы Ирландии
0001168.png	Образовательные учреждения, дающие общее среднее образование, включают в себя:
0001169.png	Студентка:
0001170.png	События
0001171.png	Флорин Чернат
0001172.png	У Константина было два брака:
0001173.png	Метод определения расстояния по красным гигантам
0001174.png	Австрии
0001175.png	Культура и Достопримечательности
0001176.png	Подразделения и службы:
0001177.png	В 10 луне был построен город в Пинь-ян.
0001178.png	Официальный сайт ФИДЕ
0001179.png	Суррогат олифы.
0001180.png	Расы Средиземья
0001181.png	На других языках
0001182.png	ООО «Нью Лайт».
0001183.png	Юридический институт
0001184.png	Пилоты Формулы-1 2020-х годов
0001185.png	1941 год
0001186.png	Трапециевидная мышца
0001187.png	52: Гней Помпей Великий (в 3-й раз) и Квинт Цецилий Метелл Пий Сципион Назика;
0001188.png	Крупнейшие города: Милан, Турин, Болонья, Венеция, Верона, Падуя.
0001189.png	Организация освобождения Палестины
0001190.png	Почётные члены РАХ
0001191.png	Таксономическая схема
0001192.png	Кубок Латвийских железных дорог
0001193.png	Имеется также препарат пролонгированного действия пенфлюридола деканоат.
0001194.png	В свою очередь органические пестициды подразделяются на:
0001195.png	Поручик (Выс. пр. 1851);
0001196.png	Литовская ССР награждена Орденом Ленина в связи с 25-летием республики.
0001197.png	Племянница Имперского Аудитора профессора Фортица.
0001198.png	Фигуры и модусы
0001199.png	Арабо-израильский конфликт
0001200.png	Оперные композиторы Российской империи
0001201.png	Религия
0001202.png	Рельеф равнинный, возвышенности перемежаются с низменностями:
0001203.png	Следует рассчитывать на достаточно твёрдый грунт типа пемзы
0001204.png	Качественные реакции на фенолы
0001205.png	Красная армия вступила в Хиву, свергнув власть хивинского хана.
0001206.png	Общественные организации
0001207.png	Основной цифровой канал
0001208.png	Англия
0001209.png	и др.
0001210.png	Персоналии с синестезией
0001211.png	Брак и дети
0001212.png	Загородное шоссе
0001213.png	Факультеты и институты
0001214.png	Тунбергия
0001215.png	Макарьевское
0001216.png	Военное снаряжение
0001217.png	Члены Палаты господ рейхсрата Австро-Венгрии
0001218.png	Оды Горация
0001219.png	Оцифрованные книги о Че
0001220.png	Античная архитектура
0001221.png	Литература
0001222.png	Ссылки
0001223.png	Паулин Йоркский, римский миссионер в Британии.
0001224.png	Кафедра финансов и банковского дела
0001225.png	См. также
0001226.png	Ядерная химическая технология
0001227.png	См. также: :Категория:Праздники 18 мая
0001228.png	Израиль
0001229.png	Лемма. Если , то .
0001230.png	Примечания
0001231.png	Диоскуриада
0001232.png	Лаборатория имени Вольта
0001233.png	Генерал Корнилов пришёл к заключению, что:
0001234.png	Памятники архитектуры
0001235.png	Косуля в Красной Книге Нижегородской Области
0001236.png	Государства и территории, основанные в 1903 году
0001237.png	Крупные промышленные предприятия
0001238.png	Глава муниципального образования
0001239.png	для США (на английском языке)
0001240.png	Донорство органов и тканей
0001241.png	Чайковский, Пётр Ильич
0001242.png	Литература
0001243.png	Электромеханика
0001244.png	Плебей впервые избран в военные трибуны.
0001245.png	Иные международные шахматные объединения
0001246.png	Архитектурные стили
0001247.png	Происхождение и семья
0001248.png	Ссылки
0001249.png	Примечания
0001250.png	Ссылки
0001251.png	Партия народной свободы и ее идеология (1917)
0001252.png	Память
0001253.png	Ральф Штёкли, швейцарский кёрлингист.
0001254.png	Резервные валюты
0001255.png	Бюллетень «В защиту науки»
0001256.png	Сложение произвольных чисел
0001257.png	Члены РСДРП
0001258.png	Юность
0001259.png	Консулы Публий Плавтий Прокул (плебей) и Публий Корнелий Скапула (патриций).
0001260.png	Здравоохранение
0001261.png	Члены Демократической партии США
0001262.png	От истока к устью:
0001263.png	Реки Новой Аквитании
0001264.png	Роспуск
0001265.png	Население
0001266.png	См. также
0001267.png	Всего были проиллюстрированы произведения около пятидесяти авторов.
0001268.png	Сценарист
0001269.png	Регистраторы доменов
0001270.png	В библейской критике
0001271.png	зеркало в золочёной раме с лепниной;
0001272.png	Примечания
0001273.png	См. также
0001274.png	Оценки современников и исследователей
0001275.png	Муниципии Молдавии
0001276.png	В филателии
0001277.png	С9: Умножение связано со сложением распределительным (дистрибутивным) законом:
0001278.png	Казахстан
0001279.png	Ссылки
0001280.png	Исследование неоднородностей
0001281.png	Иные архитектурные особенности Кведлинбурга
0001282.png	305 км: река Киржень (лв)
0001283.png	Литература
0001284.png	Административное деление
0001285.png	Эрик Бана, австралийский киноактёр.
0001286.png	Архитектура монастырей аббатства
0001287.png	ООН отменила нефтяное эмбарго в отношении ЮАР.
0001288.png	Ханчейское газоконденсатное месторождение
0001289.png	Хунну:
0001290.png	У анода анионы окисляются.
0001291.png	Этимология
0001292.png	Медресе Кукельдаш
0001293.png	Инвентарь
0001294.png	Лауреаты премии «Интерпресскон»
0001295.png	Литература
0001296.png	Субъективные авторские права
0001297.png	Здолбунов на сайте Верховной рады Украины
0001298.png	Самохин Тавшка Шаштаевич
0001299.png	Святые кармелиты
0001300.png	Население
0001301.png	Приостановление участия в делах Содружества
0001302.png	Архитекторы Днепра
0001303.png	20-я дивизия (Брауншвейг, АО Люнебург, АО Хильдесхайм)
0001304.png	Революционеры США
0001305.png	МиГ-35
0001306.png	Выпускники Военно-морской академии США
0001307.png	История
0001308.png	«Спартак» (Москва)
0001309.png	Диалог из вопросов
0001310.png	Йортикка в качестве главного тренера
0001311.png	Оперные дирижёры Италии
0001312.png	министр финансов,
0001313.png	Биография
0001314.png	См. также: :Категория:Родившиеся в 1227 году
0001315.png	Лекарственное взаимодействие
0001316.png	Ссылки
0001317.png	Различают две разновидности:
0001318.png	Публицисты России
0001319.png	Начало карьеры
0001320.png	Растворитель в производстве фармацевтической продукции, парфюмерии и косметики.
0001321.png	В вексиллологии
0001322.png	Деннис Бергкамп
0001323.png	Достопримечательности Кижского погоста
0001324.png	Католические: Люцина, Эмилия, Дамели.
0001325.png	См. также
0001326.png	Перенесение в Москву
0001327.png	позволяющая пользователям нескольких компьютеров
0001328.png	Электроэнергетика
0001329.png	Укреплённой линией;
0001330.png	Наиболее известные чеболи
0001331.png	См. также
0001332.png	Председатель Судебного Юаня:  (с 2016)
0001333.png	Биография
0001334.png	См. также
0001335.png	Пилоты Формулы-1 2010-х годов
0001336.png	История
0001337.png	Теорема о непрерывном продолжении линейного функционала
0001338.png	2 сентября
0001339.png	Кривые Безье
0001340.png	Разведён. Есть сын Александр, живёт в Израиле.
0001341.png	Морские и речные божества
0001342.png	Относительно высокая стоимость.
0001343.png	Примечания
0001344.png	Заключение, следствие и смерть
0001345.png	Транспорт
0001346.png	Выпускники Тверской духовной семинарии
0001347.png	20 ноября
0001348.png	Романс на стихотворение К. Р..
0001349.png	Биография
0001350.png	«Закрытое предприятие»
0001351.png	Сан-Сити
0001352.png	Председатели КГБ СССР
0001353.png	Теория оборонного производства
0001354.png	Авторы неакадемических исследований в истории
0001355.png	Симметрия хиральных молекул
0001356.png	Романы
0001357.png	Путешествие историка Евагрия в Сирию.
0001358.png	Деканы Санкт-Петербургского государственного университета
0001359.png	Чеченская Республика:
0001360.png	Население
0001361.png	Примечания
0001362.png	Примечания
0001363.png	Скульптуры СССР
0001364.png	Биография
0001365.png	эллипсоидальное распределение Шварцшильда звёздных скоростей
0001366.png	Привлекательность фона.
0001367.png	Воспитанник заслуженного тренера СССР Владимира Юркова.
0001368.png	Зарезервировано
0001369.png	Фигуры высшего пилотажа
0001370.png	Транспорт
0001371.png	Праздники
0001372.png	ООО «Пилекшево» (село Пилекшево),
0001373.png	Богоявленский братский монастырь (Могилёв)
0001374.png	События
0001375.png	«Уфанет» (Оренбургский филиал АО «Уфанет»);
0001376.png	Целом и кровеносная система
0001377.png	Ссылки
0001378.png	Принцип действия
0001379.png	Читаем: «2»
0001380.png	Режим дозирования
0001381.png	2018 год
0001382.png	Юлиана Семёнова, улица
0001383.png	Агунда Кулаева (заслуженная артистка РФ)
0001384.png	Тимур Шаов: «Развивая Фоменко».
0001385.png	Вписанной сферой называется сфера, касающаяся всех граней многогранника.
0001386.png	Демография
0001387.png	Почётные граждане Гдыни
0001388.png	Осиповичский завод транспортного машиностроения (сокращённо ОЗТМ).
0001389.png	Рекламные газеты: «Рекламный курьер», «Экспресс Курьер».
0001390.png	Что в танце я собьюся!
0001391.png	Примечания
0001392.png	Винница имеет 9 городов-побратимов:
0001393.png	Создание
0001394.png	малошумные вентиляторы с лопастями специальной формы;
0001395.png	Религиозная политика
0001396.png	Увеличение числа рулежных дорожек;
0001397.png	Отражения
0001398.png	Сайфа (Сайха)
0001399.png	Джеймисон
0001400.png	Примеры
0001401.png	См. также
0001402.png	Ссылки
0001403.png	Гонение на христиан в Армении от последователей зороастризма.
0001404.png	Биография
0001405.png	конечный
0001406.png	Журналы ВАК Минобрнауки России
0001407.png	Члены Венского кружка
0001408.png	См. также
0001409.png	Этапы перестройки
0001410.png	Конфуций казнил сановника Шаочжэн Мао, который замышлял бунт.
0001411.png	В данном списке представлены вузы, техникумы, колледжи, училища Симферополя:
0001412.png	Военачальники Средневековья
0001413.png	Анализ истории религии
0001414.png	Отношения с Константинопольским патриархатом и иными церквами
0001415.png	Белоруссия и Грузия
0001416.png	Примечания
0001417.png	Наиболее значимы следующие типы ионизирующего излучения:
0001418.png	по одной медали МНР и ЧССР
0001419.png	Ссылки
0001420.png	Электроника МК-161
0001421.png	Галерея Русских Мыслителей Дмитрия Ольшанского
0001422.png	Литература
0001423.png	Тосканский город Пеша присоединён к Флорентийской республике.
0001424.png	Победитель: 2008
0001425.png	Классификация подвесных систем
0001426.png	Транспорт
0001427.png	Ссылки
0001428.png	Театр
0001429.png	Сельское хозяйство
0001430.png	Казнь китайской императрицы Ван
0001431.png	секция тяжёлой атлетики ОИЯИ
0001432.png	Пищевые добавки
0001433.png	Северные крестовые походы
0001434.png	Историки по алфавиту
0001435.png	Литературное наследие
0001436.png	Источники
0001437.png	Монастырский период
0001438.png	Примечания
0001439.png	Посмертные судебные процессы
0001440.png	Литература
0001441.png	Примечания
0001442.png	Родились
0001443.png	Культура
0001444.png	Ци напало на Лу из-за Цзю.
0001445.png	Троицкое кладбище и церковь
0001446.png	Примечания
0001447.png	Тектоника плит
0001448.png	Легионер (1998)
0001449.png	См. также
0001450.png	Реки Среднечешского края
0001451.png	Биомы
0001452.png	Замечательные точки треугольника
0001453.png	Происхождение и история рода
0001454.png	Литература
0001455.png	Выполнение вычитания
0001456.png	Двунадесятые праздники
0001457.png	Ссылки
0001458.png	Исчезнувшие города Европы
0001459.png	Елецкий Троицкий монастырь
0001460.png	Энергетики и электрификации;
0001461.png	Музыка
0001462.png	Пикумн (божество рождения)
0001463.png	История
0001464.png	Можно применять для измерения массы субатомных частиц, например:
0001465.png	шютте
0001466.png	«РЖД Арена»
0001467.png	Обобщённое золотое сечение
0001468.png	Бассейн Миссури
0001469.png	«Анналы»
0001470.png	Математический анализ
0001471.png	Немецкие физики Х. Гейгер и  улучшают конструкцию счётчика Гейгера.
0001472.png	Я сладимую теплю свечу.
0001473.png	Индекс экологической эффективности
0001474.png	1415 год. Город вновь возвращён во владение и под управление польских королей.
0001475.png	Этимология
0001476.png	Коллекция Виктора Бондаренко, Москва;
0001477.png	Ссылки
0001478.png	Выпускники Киевского университета
0001479.png	На почтовых марках
0001480.png	Финансовая отчётность центрального банка
0001481.png	если  и , то все корни вещественные.
0001482.png	Ботаники Германии
0001483.png	Культура и образование
0001484.png	Отношение общества к гомосексуальности
0001485.png	Деятельность в области спорта
0001486.png	Пресса
0001487.png	Санкт-Петербургская математическая олимпиада
0001488.png	Послов и другой дипломатический персонал;
0001489.png	Шмель-1
0001490.png	Норвегия
0001491.png	Примечания
0001492.png	В живописи
0001493.png	«Филот»
0001494.png	оборудование, инвентарь;
0001495.png	Принцип суперпозиции в теории автоматического управления
0001496.png	Скончались
0001497.png	Чай в Китае
0001498.png	Персоналии
0001499.png	Бассейн Карибского моря
0001500.png	По химическому составу:
0001501.png	Украина
0001502.png	Литература
0001503.png	Искусство и культура
0001504.png	Дворец спорта Юбилейный
0001505.png	Возвращение
0001506.png	Юристы за права и достойную жизнь человека
0001507.png	Композиторы оперетт
0001508.png	Аристотель
0001509.png	Происхождение
0001510.png	Родились
0001511.png	См. также: :Категория:Родившиеся в 1171 году
0001512.png	Бельфор, Франция (1967). В Запорожье есть бульвар Бельфорский.
0001513.png	Молдавская кухня
0001514.png	Сельская община (устар.): община, сельское общество.
0001515.png	Книги Ласкера
0001516.png	Берлин, Александр Александрович (р. 1940)
0001517.png	Немецкая
0001518.png	Книжный дизайн
0001519.png	Наука в Европейском союзе
0001520.png	Обводный канал
0001521.png	командор (5 ноября 1864)
0001522.png	«Слово в день обретения мощей преподобного Сергия» (1778)
0001523.png	Кашрут и халяль
0001524.png	Экономика
0001525.png	Члены Гёттингенской академии наук
0001526.png	Венгрия
0001527.png	признают поклонение Богу только «в духе и истине» ();
0001528.png	Орден Звезды Румынии (Румыния) ()
0001529.png	Улицы и территориальное деление
0001530.png	в 1998 году внедряется трехуровневая система обучения, открывается магистратура;
0001531.png	Бакалавр и магистр в образовании
0001532.png	внедрения или связывания шрифтов и мультимедиа;
0001533.png	Примечания
0001534.png	См. также
0001535.png	Инженеры Российской империи
0001536.png	Платёжные системы
0001537.png	Переводчики с немецкого языка
0001538.png	выявление осложнений после хирургических вмешательств;
0001539.png	События
0001540.png	Дэн Герни (ум. 2018), американский автогонщик, пилот «Формулы-1».
0001541.png	Горлов тупик
0001542.png	Экономика
0001543.png	Ссылки
0001544.png	Легенда о тракторе Блинова
0001545.png	29 км: Большая Ватса (лв.)
0001546.png	Умершие 25 января
0001547.png	1 декабря: остановим СПИД вместе!
0001548.png	Богатый набор средств фильтрации ввода-вывода.
0001549.png	Праздники и памятные дни
0001550.png	Пензенский колледж архитектуры и строительства;
0001551.png	Жихарев, Александр Николаевич (03.05.2022)
0001552.png	горнозаводскому (Углеуральская, Нижний Тагил, Приобье).
0001553.png	Стюарты
0001554.png	Бельгия
0001555.png	Большой крест ордена Витаутаса Великого (Литва, 2017)
0001556.png	Внешняя политика Грузии
0001557.png	Главное казначейство (Прокурорский дом) (дом 3Л)
0001558.png	Создана Международная ассоциация по предотвращению самоубийств.
0001559.png	Сайт Правительства Парагвая
0001560.png	препятствия к удовлетворению ситуационной актуальной потребности;
0001561.png	Революция и гражданская война
0001562.png	Новочебоксарский политехнический техникум;
0001563.png	Тренеры ФК «Интернасьонал»
0001564.png	Члены-корреспонденты АН СССР
0001565.png	Компьютеры
0001566.png	Вредители
0001567.png	Андрей Толубеев (ум. 2008), актёр театра и кино, народный артист РСФСР.
0001568.png	1949 Лион (Франция)
0001569.png	язык гань ()
0001570.png	Конкурс «Альтернативная реальность»
0001571.png	Этимология
0001572.png	Иностранные:
0001573.png	Обобщение дифференциала плотности энергии для полной энергии принимает вид:
0001574.png	Петрусевичи (Петрусевичи)
0001575.png	Ядовитые вещества
0001576.png	Функции ономастики
0001577.png	Канадские метисы
0001578.png	ОАО ИЭМЗ «Купол»
0001579.png	Списки:Россия
0001580.png	Эстонская морская академия,
0001581.png	Анна Философова;
0001582.png	Свободная энергия Гельмгольца
0001583.png	Критика
0001584.png	Примечания
0001585.png	Родились
0001586.png	Комсомольский проспект
0001587.png	В зыбкой утренней дымке.
0001588.png	Переводчики поэзии на русский язык
0001589.png	Башкирская диалектология
0001590.png	вагоны-лаборатории контактной сети;
0001591.png	Самураи
0001592.png	Мифы о Геракле
0001593.png	Металлургия
0001594.png	Оригиналы
0001595.png	Примечания
0001596.png	Год спустя Джон Грин (согласно книге А. Голдмана) рассказывал Джеффри Хантеру:
0001597.png	Члены СПС
0001598.png	Похороненные в Великобритании
0001599.png	Виктор Савиных
0001600.png	Формы и образы Вишну
0001601.png	Ранние годы
0001602.png	Моос:
0001603.png	Дальнейшее развитие и примеры использования
0001604.png	Скончались
0001605.png	Образована Белгородская область РСФСР.
0001606.png	Окружение Ющенко обвиняет в причастности к отравлению российские спецслужбы.
0001607.png	История
0001608.png	магнитогидродинамический генератор
0001609.png	Футбольные клубы Милана
0001610.png	Персонажи «Божественной комедии»
0001611.png	Богослужение
0001612.png	На русский язык
0001613.png	«Отче наш»:
0001614.png	Провинция. Северо-запад
0001615.png	Ссылки
0001616.png	Члены Гильдии Святого Луки (Антверпен)
0001617.png	Коммуникация
0001618.png	Мальта
0001619.png	1507 км: Падь Харасурка
0001620.png	Интернет-издания:
0001621.png	Тензор кривизны
0001622.png	лактация (грудное вскармливание);
0001623.png	Город республиканского значения, образует одноимённый городской округ.
0001624.png	Древний Балх
0001625.png	Бомнак (п.б.)
0001626.png	Легализация доходов
0001627.png	Судилище. Записки с судебного процесса над Бродским .
0001628.png	Население
0001629.png	Городские округа Кировской области
0001630.png	Азиатские дела
0001631.png	Примечания
0001632.png	Каннус (), Финляндия (1995)
0001633.png	Мелиорация
0001634.png	В политике
0001635.png	Значительно снижается необходимость в антипаркинсонических лекарствах.
0001636.png	Геологический музей
0001637.png	Анонимные Наркоманы
0001638.png	«Финист ясный сокол» Рогалёва
0001639.png	Члены правления Харьковской общественной библиотеки
0001640.png	Великодержавный шовинизм
0001641.png	Август
0001642.png	Образование химической связи и строение молекул и твёрдых тел
0001643.png	Путешественники по алфавиту
0001644.png	Легенды об Аттиле
0001645.png	Бахрушина, улица
0001646.png	Культура, спорт и развлечения Хомутова
0001647.png	ООН объявила 1979 год «Международным годом ребёнка».
0001648.png	Орден Святой Анны 2-й степени.
0001649.png	Мумии
0001650.png	Города-побратимы
0001651.png	подводная почта;
0001652.png	В 2013 году в Томске имелось 6 государственных и 2 негосударственных вуза.
0001653.png	Железнодорожное сообщение
0001654.png	двухтуровое голосование (2 штата)
0001655.png	См. также
0001656.png	Ссылки
0001657.png	Летом 1942 года Щучье стало рабочим посёлком.
0001658.png	Экономическо-философские рукописи (1844)
0001659.png	Случь 451
0001660.png	Телевидение
0001661.png	См. также: :Категория:Родившиеся 4 января
0001662.png	Вопросы авторских прав
0001663.png	2010-е годы
0001664.png	Сильные стороны
0001665.png	полковник (15.10.2004).
0001666.png	Религия
0001667.png	Космонавтика
0001668.png	Ссылки
0001669.png	1954-1960 - Губченко Борис Романович (председатель)
0001670.png	Жидкость Вакенродера
0001671.png	Хэлянь Бобо умер, передав престол Хэлянь Чану.
0001672.png	Религиозные деятели Эстонии
0001673.png	Народный календарь, приметы и фольклор Руси
0001674.png	Детские писатели Испании
0001675.png	Литература
0001676.png	Румынский Орден Звезды Румынии ()
0001677.png	Библиография
0001678.png	Если МРТ выполняется с контрастом, то добавляются следующие противопоказания:
0001679.png	Полномасштабные описания военного дела и военных обычаев сарматов
0001680.png	Критика
0001681.png	Феодосийская кенасса
0001682.png	- электрическая постоянная
0001683.png	Национальный университет им. Л. Украинки
0001684.png	Русский перевод с немецкого издания:
0001685.png	Минералы тригональной сингонии
0001686.png	Владимир Успенский (р. 1927), русский советский писатель.
0001687.png	Буквально «сеок» переводится на русский язык как: 1. род, поколение. 2. кость.
0001688.png	Города Ханты-Мансийского автономного округа
0001689.png	Конституционное право
0001690.png	Соединения кислорода
0001691.png	лауреатом конкурса «Золотой камертон» (1982)
0001692.png	Письменность телугу
0001693.png	Змеевик (медальон)
0001694.png	Болас или бола
0001695.png	Литература
0001696.png	Православные: Вера, Гавриил, Павел.
0001697.png	Родились
0001698.png	Журнал «Стройка в Хакасии»;
0001699.png	Католицизм
0001700.png	См. также
0001701.png	Биография.
0001702.png	Литература
0001703.png	Бенедетто Кроче понимал фашизм как «нравственную болезнь общества».
0001704.png	Итоги правления
0001705.png	Современное состояние
0001706.png	Сообщение Крэнстона осталось незамеченным.
0001707.png	1957 год в космонавтике
0001708.png	Интернет-организации
0001709.png	Линза Ван-Атта
0001710.png	Высшим должностным лицом Республики Коми является Глава Республики Коми.
0001711.png	Миссии
0001712.png	Птицы Средней Сибири: Сизый голубь
0001713.png	Вымышленные объекты и предметы
0001714.png	Земельный театр Мейнингена
0001715.png	Примечания
0001716.png	Города, награждённые орденом Ленина
0001717.png	Места, связанные с декабристами
0001718.png	В искусстве
0001719.png	См. также
0001720.png	Графы Шароле
0001721.png	Достижения
0001722.png	Ссылки
0001723.png	Высшая школа лингвистики
0001724.png	Ссылки
0001725.png	Родились
0001726.png	сложности в сосредоточении и концентрации внимания
0001727.png	Художники Чечни
0001728.png	Алкароп
0001729.png	Релятивистские эффекты
0001730.png	Франсуа Сертен Канробер родился 27 июня 1809 года в Сен-Сере.
0001731.png	Научные и образовательные организации русского авангарда
0001732.png	Совет глав правительств Шанхайской организации сотрудничества (ШОС);
0001733.png	Литература
0001734.png	Примечания
0001735.png	Описание
0001736.png	Ахманов А. С., Логическое учение Аристотеля, М., 1960;
0001737.png	Алкоголь и седативные средства могут усиливать седативное действие тизанидина.
0001738.png	Ториевое топливо
0001739.png	Теория броуновского движения
0001740.png	Социология власти
0001741.png	Центральная городская библиотека
0001742.png	Транспорт
0001743.png	Лауреаты премии Харви
0001744.png	932 км: Вильва
0001745.png	Увековечение памяти
0001746.png	Здания и сооружения Театральной площади (Москва)
0001747.png	Санкт-Петербург
0001748.png	Коваль-студент
0001749.png	В Мамоново расположен пограничный переход (железнодорожный и автотранспортный).
0001750.png	Среди уроженцев района
0001751.png	Клинические подтверждающие исследования
0001752.png	Бермудские острова
0001753.png	парк Дендрарий;
0001754.png	«Андрей Миронов и его женщины» («Первый канал», 2005)
0001755.png	Стоимость и цена ценных бумаг
0001756.png	Зенодор доказывает в своём трактате 14 теорем, из которых важнейшие таковы:
0001757.png	Замедление
0001758.png	метеоритные,
0001759.png	Практика
0001760.png	И с морем он неразделим -
0001761.png	Премьер-министры Норвегии
0001762.png	Культура
0001763.png	Ссылки
0001764.png	Преподаватели Уппсальского университета
0001765.png	Трансконтинентальные государства
0001766.png	Примечания
0001767.png	Археология
0001768.png	Рабочая улица
0001769.png	Упразднённые муниципальные образования Алексинского района
0001770.png	Члены Национальной академии наук США
0001771.png	рецидивирующие бронхиты;
0001772.png	Замок Калькум
0001773.png	Порты
0001774.png	Муниципалитеты Гренландии
0001775.png	Атомистический материализм
0001776.png	Музыкант
0001777.png	Гиперчувствительность (в том числе к гистамину, бромидам).
0001778.png	Пятидневная война
0001779.png	Литература
0001780.png	Примечания
0001781.png	Китайское название .
0001782.png	Вживание в советскую систему
0001783.png	Народные рассказы. М., 1876; 2-е изд. 1887
0001784.png	Художники-педагоги
0001785.png	Шарыповская школа
0001786.png	Интересные факты
0001787.png	Изображение дракона
0001788.png	«Химик» (Красноперекопск)
0001789.png	Амерсфорт
0001790.png	Падение царской власти в Афинах. Начало списка годичных архонтов в Афинах.
0001791.png	Охрана
0001792.png	Университет им. Мартина Лютера
0001793.png	Экипаж: Чарльз Конрад, Ричард Гордон.
0001794.png	Методы
0001795.png	Бирин, первый епископ Дорчестерский.
0001796.png	Персоналии
0001797.png	Транспортная задача,
0001798.png	Персонажи
0001799.png	Теорема Паскаля
0001800.png	Биография
0001801.png	4: Бело-коричневый
0001802.png	памятник «Семья лосей» (сквер, площадь Ленина);
0001803.png	Примечания
0001804.png	Демография
0001805.png	Синонимы
0001806.png	Галисийско-португальские языки
0001807.png	Область состоит из 21 района.
0001808.png	Литература
0001809.png	География
0001810.png	«Помешанный на свободе»
0001811.png	пульсирующие реактивные (ПуВРД);
0001812.png	См. также
0001813.png	Словения
0001814.png	ОАО «Нижегородский картонно-рубероидный завод»;
0001815.png	Прочие сочинения
0001816.png	Енотовые
0001817.png	Ссылки
0001818.png	Мюзикл
0001819.png	Будёновка
0001820.png	Художники, известные под псевдонимами
0001821.png	Если  нечётно, то экстремума нет.
0001822.png	Бейра, Мозамбик
0001823.png	Ты Приама вёл незаметно ночью:
0001824.png	Линейное отображение
0001825.png	История и развитие
0001826.png	Примечания
0001827.png	Тихон (Беллавин Василий Иванович)
0001828.png	Москва
0001829.png	Древнегреческие поэты
0001830.png	Отчисленные за дисциплинарные нарушения
0001831.png	Юрий Мазурок (ум. 2006), оперный певец (баритон), народный артист СССР.
0001832.png	Статус
0001833.png	(США)
0001834.png	См. также
0001835.png	Орден Святого Владимира 3-й степени (1863 год)
0001836.png	Примечания
0001837.png	Предмет и методы
0001838.png	Примечания
0001839.png	Зодиакальный календарь
0001840.png	Эмиграция
0001841.png	Сводные издания
0001842.png	Запрещена Коммунистическая партия Литвы.
0001843.png	Радивилов
0001844.png	Актобе, Казахстан;
0001845.png	Правители Пармы
0001846.png	Похороненные на Смоленском православном кладбище
0001847.png	Коли Кузьма закуёт реку, то Михайло (21 ноября) раскуёт (Михайловские оттепели).
0001848.png	Лауреаты премии «Оскар»
0001849.png	Комментарии
0001850.png	Исследователи Гавайев
0001851.png	Казанская церковь в селе Першино (1696)
0001852.png	В культуре
0001853.png	Трудовая миграция за рубеж
0001854.png	Высадка на Луну
0001855.png	Экономика
0001856.png	1249 посадских людей
0001857.png	Производная
0001858.png	Последней мусульманской правительницей Касимовского ханства была Фатима-Султан.
0001859.png	изначально все объекты, кроме корневых, помечаются как недостижимые;
0001860.png	Растительный мир
0001861.png	Экспериментальные исследования
0001862.png	Завод «Металлист»
0001863.png	Иван Владимирович
0001864.png	Наконец, поскольку , то:
0001865.png	Орден Белого сокола (Великое герцогство Саксен-Веймар-Эйзенах, 14.11.1860)
0001866.png	Астраханская клиническая больница ул. Максима Горького, 12, 14;
0001867.png	Примечания
0001868.png	Во всей древней Греции
0001869.png	Примечания
0001870.png	О вавилонском пленении церкви (1520)
0001871.png	См. также
0001872.png	09.03.05 «Информационно-аналитические системы безопасности»
0001873.png	Связь и интернет
0001874.png	Сиуанские народы
0001875.png	17 августа
0001876.png	Мифология майя на сайте «Древняя Мезоамерика»
0001877.png	Композитор: Игорь Корнелюк
0001878.png	Антиб, Франция
0001879.png	В исламе
0001880.png	в Бога-Отца, Вседержителя и Творца (1-й член);
0001881.png	Преподаватели Московской консерватории
0001882.png	Происхождение
0001883.png	Философы СССР
0001884.png	Дорога жизни
0001885.png	Родились
0001886.png	Примечания
0001887.png	Примечания:
0001888.png	Яхья-эфенди, османский мистик, учёный и поэт.
0001889.png	Церковь Николая Чудотворца (Никольская) в Никольском скиту.
0001890.png	Социальное конструирование биологического пола
0001891.png	Описание Викисклада на Мета-вики
0001892.png	Примечания
0001893.png	Артериальный приток
0001894.png	Кампания Ред-Ривер
0001895.png	Знаки различия ВС Германии
0001896.png	Городской
0001897.png	Региональные сцены
0001898.png	Удмуртская АССР (1958);
0001899.png	Стратегическое обоснование
0001900.png	Операторы:
0001901.png	вырастет относительно  и
0001902.png	Примечания
0001903.png	Памятник природы «Приморский берег»
0001904.png	Ярославский дельфинарий в посёлке Дубки
0001905.png	минералы
0001906.png	Известные представители
0001907.png	Члены Японской академии наук
0001908.png	Виды нарушений и расстройств сознания
0001909.png	Детство и юность
0001910.png	Дело Вадима Поэгли
0001911.png	Примечания
0001912.png	Послевоенное восстановление
0001913.png	Фракционирование
0001914.png	Илья Эренбург
0001915.png	Майнц, Германия (1967)
0001916.png	Премия Содружества Независимых Государств (2017)
0001917.png	Биография
0001918.png	Города провинции Таррагона
0001919.png	Появились в 1939 году в СССР
0001920.png	Союзы
0001921.png	Города-побратимы
0001922.png	Взрыв в средней школе в Комсомольске-на-Амуре. Жертв нет.
0001923.png	Награждённые почётным революционным оружием
0001924.png	Социолингвистические сведения
0001925.png	Молодечно (Белоруссия)
0001926.png	Ленина, улица
0001927.png	«Шон работает (сейчас)».
0001928.png	Персоналии:Мосфильм
0001929.png	Конструкция
0001930.png	Примеры
0001931.png	Ашукино
0001932.png	Вторая Балканская война
0001933.png	Нептун (фонтан в Мадриде)
0001934.png	«М.Видео»,
0001935.png	Ранида.
0001936.png	и др.
0001937.png	Развитие политической карьеры
0001938.png	Беллетристика:
0001939.png	Выпускники Николаевского кавалерийского училища
0001940.png	См. также
0001941.png	Фахр ад-дин Ахмад Караманид
0001942.png	увеличение лимфатических узлов;
0001943.png	Свято-Князь-Владимирское братство
0001944.png	для дополнительного чтения
0001945.png	Истребление около 9 тысяч гомосексуалов.
0001946.png	«Краткое начертание всемирной истории» (, 1821), 16 изд.;
0001947.png	Чемпионом Уругвая по футболу стал «Сентраль Эспаньол»
0001948.png	бедренная кость () (2 кости);
0001949.png	Источники
0001950.png	Литература
0001951.png	К основным услугам интернет-провайдеров относятся:
0001952.png	Концентрация в плазме
0001953.png	Эволюционное развитие
0001954.png	инженерно-технические воинские формирования :
0001955.png	102.1 Европа Плюс Полоцк
0001956.png	Горный ландшафт
0001957.png	Эсхатология
0001958.png	«Стихотворения Алексея Николаевича Плещеева» (1861)
0001959.png	Прозелиты
0001960.png	Сильви Тестю, французская киноактриса, обладательница премии «Сезар».
0001961.png	Родившиеся 27 июня
0001962.png	Линкоры во Второй мировой войне
0001963.png	Литература
0001964.png	Скончались
0001965.png	Чемпионы России по фигурному катанию
0001966.png	Историки Германии
0001967.png	Дворцы
0001968.png	Ласточкин, Владимир Евгеньевич (01.08.1996, 332)
0001969.png	Франсуа де Бовэ, сеньор де Брикмо
0001970.png	См. также
0001971.png	Старший
0001972.png	Грешневиков, Анатолий Николаевич
0001973.png	Художники-пейзажисты Германии
0001974.png	Медалями.
0001975.png	Форма выпуска
0001976.png	См. также: :Категория:Умершие в 1752 году
0001977.png	Появились в 1945 году в Германии
0001978.png	Комитет по энергетике и природным ресурсам (председатель);
0001979.png	Основание Карфагена
0001980.png	Растительный мир
0001981.png	Принесть в твой дом с оливой лавр.
0001982.png	Пространство (архитектура)
0001983.png	Учредительное собрание
0001984.png	Фриденсрайх Хундертвассер (р. 1928), австрийский архитектор и живописец.
0001985.png	Эскорпион
0001986.png	или при параметризации быстротой
0001987.png	регистрацию и проверку сетевых имен;
0001988.png	Генерал-майор Свиты (05.04.1898)
0001989.png	Ряды Фурье
0001990.png	Примеры
0001991.png	Название
0001992.png	Территория Российской империи по состоянию на 1914 год
0001993.png	Убитые русские монархи
0001994.png	Павел Логинович (?-?)
0001995.png	Настоящие участники
0001996.png	Механические передачи
0001997.png	Объекты
0001998.png	Нарсес, византийский полководец и политический деятель.
0001999.png	Биография
0002000.png	Глушитель (акустический фильтр)
0002001.png	Ликвидационные балансы
0002002.png	Революционеры России
0002003.png	Союз-29
0002004.png	Критика
0002005.png	Экология
0002006.png	Эсток
0002007.png	«20 Хвилин»
0002008.png	1 января
0002009.png	Кладбища
0002010.png	См. также
0002011.png	В период президентства Хаджимбы в Абхазии был создан Конституционный суд.
0002012.png	Праздники СССР
0002013.png	метание копья      64,24            21.06.1936   Ленинград
0002014.png	Дискуссии и предположения
0002015.png	Примечания
0002016.png	См. также
0002017.png	Основной состав
0002018.png	Дорожные знаки также существуют в электронном виде.
0002019.png	Немецкий
0002020.png	Солисты Его императорского Величества
0002021.png	Таганрогский 136-й пехотный полк
0002022.png	Классификация статистических методов
0002023.png	медаль «В память 800-летия Москвы» (1947)
0002024.png	Страсбург, Франция;
0002025.png	Литература
0002026.png	Имена славянского происхождения
0002027.png	Эвфемизмы матерных слов
0002028.png	Проктология
0002029.png	Итоги правления
0002030.png	Ссылки
0002031.png	Функции ГКО
0002032.png	Нейроинформатика
0002033.png	Бульвар улицы Маяковского
0002034.png	Синая, Румыния
0002035.png	Торговля и сфера услуг
0002036.png	Генерал-лейтенант авиации (14.02.1977).
0002037.png	улучшение охраны материнства;
0002038.png	Промышленность
0002039.png	Государственный природный заповедник «Бастак»
0002040.png	Конфликт в Дарфуре
0002041.png	Известные люди: уроженцы и бывшие жители
0002042.png	Фрейдомарксизм
0002043.png	Примечания
0002044.png	Сапфир Стюартов (104 карата)
0002045.png	Гидрография
0002046.png	В Ветхом завете число «666» встречается трижды:
0002047.png	Ссылки
0002048.png	Франция и её войны
0002049.png	Физически двойные звезды можно разделить на два класса:
0002050.png	Анархисты Франции
0002051.png	Предки
0002052.png	Галерея старинных и современных фотографий Ферганы
0002053.png	Культура и Достопримечательности
0002054.png	В образовании
0002055.png	Мир Аргус
0002056.png	Граффити как средство законной и незаконной рекламы
0002057.png	Географические названия
0002058.png	Германские руны
0002059.png	Баня-Лука (, ), Босния и Герцеговина
0002060.png	Уезд образуют территории:
0002061.png	Персоналии:Борисоглебский монастырь (Дмитров)
0002062.png	Физики России
0002063.png	Молярная теплоёмкость
0002064.png	История иайдо
0002065.png	Объединение членов рода Романовых
0002066.png	См. также
0002067.png	Катастрофы и стихийные бедствия в мире
0002068.png	Финансовый университет при Правительстве Российской Федерации
0002069.png	Средства массовой информации
0002070.png	Миссионерская деятельность
0002071.png	Также выделяют следующие компоненты педагогической культуры учителя.
0002072.png	Примечания
0002073.png	тремя буквами чжуинь:
0002074.png	Веданта
0002075.png	К открытию станции метро «Обводный канал». Декабрь 2010 года.
0002076.png	Литература
0002077.png	Дерматологические реакции
0002078.png	Членство в кокусе
0002079.png	Дом Н. К. Крылова;
0002080.png	Солярные и лунарные мифы
0002081.png	Премьер-министром Королевства Швеции стал Улоф Пальме.
0002082.png	Джунайд
0002083.png	Китай:
0002084.png	Распределение переселенцев в Германии
0002085.png	Джуно
0002086.png	Аксиома Мартина
0002087.png	История
0002088.png	Генерал-майор (7.08.1941)
0002089.png	См. также
0002090.png	Большой крест итальянского ордена Святых Маврикия и Лазаря (1909).
0002091.png	Супруги президентов Филиппин
0002092.png	«Глоток свободы» (1966; пьеса)
0002093.png	Валентина Монахова (1932)
0002094.png	Ссылки
0002095.png	История
0002096.png	Масса пустого: 5863 кг
0002097.png	Герои древнегреческих мифов
0002098.png	Населённые пункты
0002099.png	Гостиница «Успенская»
0002100.png	Еврейские беженцы от нацизма:Персоналии
0002101.png	Родившиеся в Моздоке
0002102.png	Вильгельм Мирбах (р. 1871), германский посол в России, жертва эсеров;
0002103.png	Спутниковая служба связи
0002104.png	Три хора: Вера, Надежда, Милосердие, для 3 женских голосов и фп. (1844)
0002105.png	Нейтральный элемент  является единственным, что вытекает из групповых свойств.
0002106.png	Литература
0002107.png	Министерство внутренних дел
0002108.png	Примечания
0002109.png	Горные инженеры СССР
0002110.png	Баранов А. Численность братьев Тевтонского ордена
0002111.png	Римское царство
0002112.png	Оксиды и гидроксиды
0002113.png	Железнодорожный транспорт
0002114.png	Официальный сайт Конотопского городского совета
0002115.png	Идеология немецкой стороны
0002116.png	«Путеводитель к путеш. Его Имп. Высота Наследника Цесаревича» (1891);
0002117.png	Ссылки
0002118.png	Дни: выходные или праздничные дни, отпуск, путешествие.
0002119.png	История Арктики
0002120.png	Артериальный пульс
0002121.png	Мумии, прошедшие ДНК-тестирование
0002122.png	Африка
0002123.png	Манила, Филиппины
0002124.png	Развитие фармацевтического кластера идёт по трём основным направлениям:
0002125.png	Профессии
0002126.png	Назначение: страна или регион
0002127.png	Родились
0002128.png	Горные системы Европы
0002129.png	Построение архимедовых тел
0002130.png	Ссылки
0002131.png	: Национальный орден Хосе Матиаса Дельгадо
0002132.png	Дом культуры микрорайона «Восточный» (ул. Вишнёвая)
0002133.png	Электродинамика
0002134.png	Карта Сардинии с новыми провинциями
0002135.png	Умершие от лейкоза
0002136.png	Литература
0002137.png	Дмитрий Хромов (тенор)
0002138.png	Эстетики
0002139.png	Рельефный офорт
0002140.png	Корпуса
0002141.png	Волейбольный клуб «Энергетик»
0002142.png	Бадди Рич (ум. 1987), американский джазовый барабанщик, бэндлидер, композитор.
0002143.png	Историки церкви
0002144.png	Рюдель, Джауфре
0002145.png	См. также
0002146.png	Диалекты окситанского языка объединяются в три группы:
0002147.png	Гуань Юй, военачальник царства Шу эпохи Троецарствия.
0002148.png	Советская школа монтажа
0002149.png	27. Керкира (Корфу)
0002150.png	Ссылки
0002151.png	Публицисты Российской империи
0002152.png	Литература
0002153.png	Строчная буква  используется как символ для обозначения:
0002154.png	Ссылки
0002155.png	Воркутинский филиал Современной гуманитарной академии (Воркута).
0002156.png	Александр Борисович
0002157.png	Образование
0002158.png	Клуб любителей рыбалки
0002159.png	Международные отношения
0002160.png	Английские мифические существа
0002161.png	Города на правах повета
0002162.png	Источники
0002163.png	Члены Демократического союза
0002164.png	Модель для подражания
0002165.png	Оружие по алфавиту
0002166.png	орфографический;
0002167.png	Театр
0002168.png	Официальный сайт Администрации района
0002169.png	Стёганка
0002170.png	Регионы Западной Сибири
0002171.png	Кинокомплекс «Экватор» (находится в микрорайоне «Сельма»).
0002172.png	Великий офицер (1 апреля 1815).
0002173.png	Банки
0002174.png	Лабарка Годдард Э. Чили, раскалённое докрасна. М.: Прогресс, 1973.
0002175.png	Циклофосфамид (противоопухолевое средство, алкилирующее соединение)
0002176.png	Подвиды
0002177.png	Клара Лучко (ум. 2005), киноактриса, народная артистка СССР.
0002178.png	История административно-территориального деления России
0002179.png	Базовые ссылки
0002180.png	Примечания
0002181.png	Комментарии
0002182.png	Примечания
0002183.png	Колонновожатые жили на своих квартирах, но подчинялись надзору офицеров училища.
0002184.png	Восток
0002185.png	Генерал Андрей Власов (специализированный сайт)
0002186.png	Верхние Никулясы
0002187.png	Христианская философия и пантеизм
0002188.png	Электроэнергетика
0002189.png	История
0002190.png	Хоккейный союз Германии
0002191.png	См. также: :Категория:Родившиеся в 1325 году
0002192.png	Подход теории струн
0002193.png	Летом луский сановник Чжунсунь Ме поехал в столицу Чжоу.
0002194.png	Ниже подробно рассмотрены эти превращения (реакции 4 и 5 на общей схеме):
0002195.png	См. также: :Категория:События 27 апреля
0002196.png	Участники Альбигойского крестового похода
0002197.png	Профессиональные заболевания
0002198.png	Автошколы
0002199.png	См. также
0002200.png	См. также: :Категория:Родившиеся в 1209 году
0002201.png	Через производные единицы СИ тесла выражается соотношениями:
0002202.png	Легенда об основании Рима
0002203.png	Трибониан, византийский юрист.
0002204.png	«Немцы России»
0002205.png	Завьялов
0002206.png	Военные теоретики
0002207.png	Ссылки
0002208.png	Таврийские вести
0002209.png	Денисовский переулок
0002210.png	1990: «Принцесса и Антуан», разбойник
0002211.png	Холдинг
0002212.png	универсам «Перекрёсток»,
0002213.png	Гунны
0002214.png	частично упорядоченного множества,
0002215.png	Ферменты, модифицирующие ДНК
0002216.png	Основание
0002217.png	Курорты Краснодарского края
0002218.png	Умершие от туберкулёза
0002219.png	Баренцево море
0002220.png	память Вильгельма Малавальского.
0002221.png	Святого благоверного князя Александра Невского,
0002222.png	История
0002223.png	Награды
0002224.png	Реактивная тяга
0002225.png	См. также
0002226.png	Участники Крымской войны
0002227.png	Статус и администрация ЗАТО
0002228.png	Дриада (, 1868)
0002229.png	Похороненные на Новодевичьем кладбище
0002230.png	Родившиеся в 1960 году
0002231.png	Реки Тюменской области
0002232.png	Большая Косинская улица
0002233.png	Бобровский 2-й
0002234.png	Преобразования Лоренца
0002235.png	Эгалитаризм и другие идеологии
0002236.png	Реформы
0002237.png	Физические гипотезы
0002238.png	Правовые вопросы
0002239.png	Дьяки
0002240.png	Услуги по доступу в интернет в городе оказывают:
0002241.png	Файлообменные сети
0002242.png	Ставка внутренней доходности
0002243.png	Примечания
0002244.png	От каких видов атак защищает брандмауэр
0002245.png	Внешняя политика
0002246.png	В Японии (2011)
0002247.png	Осенью 2018 года и зимой 2019 года рекламировал сорбирующий препарат «Полисорб».
0002248.png	Молодёжные клубы
0002249.png	См. также
0002250.png	на других языках
0002251.png	Международные санкции
0002252.png	Теория вероятностей и математическая статистика,
0002253.png	Скончались
0002254.png	Местность
0002255.png	Литература
0002256.png	Альберта Уотсон (р. 1955), канадская актриса кино и сериалов.
0002257.png	Федеральные консультативные комитеты
0002258.png	Воропаевка
0002259.png	См. также
0002260.png	Химические свойства
0002261.png	Донатас Мотеюнас, литовский баскетболист, призёр чемпионата Европы (2013).
0002262.png	Органы власти
0002263.png	Топоним
0002264.png	Фредериксберг, Дания
0002265.png	Литература
0002266.png	Взгляды
0002267.png	Позиционный угол
0002268.png	Примечания
0002269.png	Иммигрировавшие в США из Литвы
0002270.png	Вклад Гюльденштедта в науку
0002271.png	Поручик гвардии (10.1801)
0002272.png	Марисса Рибизи, американская актриса и сценарист.
0002273.png	Аудиторские услуги
0002274.png	Литература
0002275.png	Перекрёстное хеджирование
0002276.png	Другие
0002277.png	Антипараллелограмм
0002278.png	(А. Пушкин)
0002279.png	Георгий Левинтон. Жанровое пространство русского фольклора (видеозапись лекции)
0002280.png	Понятия политической философии
0002281.png	Фитнес-центр «СССР»
0002282.png	Харцызск, Украина
0002283.png	Детство
0002284.png	Драматурги Италии
0002285.png	Сражение под Киевом
0002286.png	Джоан Чэнь, американская актриса кино и телевидения, кинорежиссёр.
0002287.png	В романе Максима Фрая «Мой Рагнарек» даётся метафора о сущности корабля.
0002288.png	Вторая мировая война
0002289.png	Электромагнитное излучение
0002290.png	См. также
0002291.png	19 января
0002292.png	Побеги и их жертвы
0002293.png	Возгарь
0002294.png	Памятники военной техники включают:
0002295.png	Ранние годы
0002296.png	Рекордсмены «Зенита» по числу проведённых игр
0002297.png	В Куйбышеве открыт метрополитен.
0002298.png	Великий герцог
0002299.png	11 городских округов,
0002300.png	Свободные компиляторы и интерпретаторы
0002301.png	гравитационный коллапс (сжатие) достаточно массивной, либо нейтронной звезды;
0002302.png	Композиторы Франции
0002303.png	Современник Демокрита.
0002304.png	Спорт
0002305.png	Русские писатели по алфавиту
0002306.png	Бассейн «Надежда»
0002307.png	Комиссия по промышленности;
0002308.png	Аллокортекс
0002309.png	Примечания
0002310.png	Фантазия
0002311.png	Игроки КХМ ЦСКА
0002312.png	Увековечение памяти композитора
0002313.png	Бобровский пруд (в настоящее время спущен, плотина в аварийном состоянии)
0002314.png	эпифиз
0002315.png	Физические свойства
0002316.png	Искусство
0002317.png	Сульфаниламидные антибактериальные препараты
0002318.png	глаголы ощущений;
0002319.png	Автобусы-трейлеры
0002320.png	Тепер Любовь Николаевна, заслуженная артистка Российской Федерации
0002321.png	Игумены Русской православной церкви
0002322.png	Баб Мусалла
0002323.png	1980: 800 493 чел.
0002324.png	Лауреаты Пушкинской премии Академии наук
0002325.png	Сокольническая 4-я улица
0002326.png	См. также
0002327.png	Крестовые походы в Финляндию
0002328.png	535 км: Кушеякова
0002329.png	Блоги
0002330.png	Немецкий военачальник А. Йодль позже утверждал:
0002331.png	Учение о сродности
0002332.png	Населённые пункты
0002333.png	Площадь Минина и Пожарского
0002334.png	Дмитрий Шостакович, 5-я симфония (1937).
0002335.png	Научно-исследовательская лаборатория (НИЛ)
0002336.png	Иванишин, Анатолий Алексеевич (02.11.2013)
0002337.png	См. также
0002338.png	Ральф, эрл Херефорда
0002339.png	Правители Австразии
0002340.png	Е-2А, Е-3: Фотографирование обратной стороны Луны
0002341.png	Художники-иллюстраторы
0002342.png	Битва на реке Лех
0002343.png	Ползучесть материалов
0002344.png	Ильюшин, Сергей Владимирович.
0002345.png	Гидраты
0002346.png	Физические свойства
0002347.png	Регулярный чемпионат
0002348.png	Прямое электрофильное аминирование
0002349.png	В 1964 году библиотека передана в ведение Министерства культуры СССР.
0002350.png	со стрелочной измерительной головкой без электронных схем;
0002351.png	Служа линейкою преемникам Петра,
0002352.png	Внешняя торговля
0002353.png	орден Святого Станислава.
0002354.png	Флора и фауна
0002355.png	Ссылки
0002356.png	См. также
0002357.png	В истории чеченской письменности выделяются следующие этапы:
0002358.png	Этимология
0002359.png	В 1967 году стал членом КПСС.
0002360.png	Бегов, Омар Омарович
0002361.png	См. также
0002362.png	См. также
0002363.png	Происхождение
0002364.png	Примечания
0002365.png	Опиоиды
0002366.png	Оперетты и комические оперы
0002367.png	Музей спорта во дворце спорта «Радуга».
0002368.png	На русском языке
0002369.png	Красноярский краевой театр кукол
0002370.png	Вычислительное устройство
0002371.png	1) морфологию;
0002372.png	Токин Б. П., «Общая эмбринология», Москва, «Высшая школа» 1987 год.
0002373.png	Умершие в 1470-е годы
0002374.png	Светлана Зеленковская, белорусская и российская актриса театра и кино.
0002375.png	Население
0002376.png	Награды
0002377.png	Памятник неизвестному солдату
0002378.png	Германские руны
0002379.png	Мировое признание
0002380.png	Происхождение, семья
0002381.png	Новое и Новейшее время
0002382.png	Внешняя политика империи Цин
0002383.png	Установлены дипломатические отношения между Таиландом и Узбекистаном.
0002384.png	Миастения
0002385.png	Примечания
0002386.png	См. также
0002387.png	Торговля
0002388.png	Вид со статуи Свободы в режиме реального времени
0002389.png	Золотая медаль Королевского астрономического общества (1940)
0002390.png	Этимология
0002391.png	Литература
0002392.png	Андре Миллер. «История христианской Церкви»
0002393.png	называемые последовательностями Битти, образуют разбиение натурального ряда.
0002394.png	Впервые в испанской корриде принял участие русский тореадор.
0002395.png	Теория Галуа
0002396.png	чередования гласной с нулём;
0002397.png	Примечания
0002398.png	Сан-Хосе, Коста-Рика
0002399.png	Номенклатура
0002400.png	Сейчас выступает в ВХЛ России.
0002401.png	Климат
0002402.png	Демография
0002403.png	Биография
0002404.png	Ключевые понятия;
0002405.png	Участники Тридцатилетней войны
0002406.png	Сендлер, Игорь Эгон
0002407.png	Сейчас в нем доступно:
0002408.png	Домены 1 уровня
0002409.png	Обострение социально-политических вопросов. Междоусобицы
0002410.png	Мосты
0002411.png	Пищевые добавки
0002412.png	См. также: :Категория:Родившиеся в 1521 году
0002413.png	Литература
0002414.png	Кафедра суперкомпьютеров и квантовой информатики  факультета ВМК МГУ.
0002415.png	«Грозненский листок» (не издаётся)(1906)
0002416.png	-- Функция, определяющая, есть ли в руке марьяж (король и дама одной масти).
0002417.png	Ятвяги (Судовы)
0002418.png	Колледж Святой Екатерины (), 1473
0002419.png	Депутаты Верховного Совета РСФСР 10-го созыва
0002420.png	«Две сплетни, две свадьбы» (, 1968)
0002421.png	Радиальная симметрия
0002422.png	Президент Российской Федерации;
0002423.png	Ссылки
0002424.png	Резервный состав
0002425.png	Населённые пункты Кобринского района
0002426.png	Морская экспедиция монголов из Кантона к Виджайе, столице Чампы.
0002427.png	Формула нахождения плотности
0002428.png	Телевидение высокой чёткости
0002429.png	Орден Святого Станислава 1-й степени (1865)
0002430.png	А поделаю крыльица дьявольски,
0002431.png	Юридический факультет (1755)
0002432.png	Почётные доктора Гарвардского университета
0002433.png	Некролог
0002434.png	Телевидение
0002435.png	Прогноз
0002436.png	Память
0002437.png	Либеральный, критический и регионалистский нарратив русской службы;
0002438.png	При Иоанне
0002439.png	совершенные числа,
0002440.png	Льюис Кэрролл и фотоискусство
0002441.png	Члены Французской академии наук
0002442.png	См. также
0002443.png	Правление
0002444.png	Орден Святого Владимира 4-й ст. (15.05.1883)
0002445.png	Приёмы моддинга
0002446.png	История
0002447.png	Рэйчел Спектер, американская актриса кино и телевидения, фотомодель.
0002448.png	Чины и звания
0002449.png	Площадь Тысячелетия Витебска
0002450.png	Римляне под командованием Тита разрушили Второй иудейский Храм в Иерусалиме.
0002451.png	Изобразительное искусство
0002452.png	Группы крови (1901, Карл Ландштейнер).
0002453.png	События
0002454.png	Сочинения
0002455.png	2022 Алмере (Нидерланды)
0002456.png	Источники
0002457.png	Литература
0002458.png	Переименованные населённые пункты России
0002459.png	Эльбрус (компьютер)
0002460.png	Немецкие поэты
0002461.png	Основные понятия
0002462.png	Выпускники Университета Орлеана
0002463.png	События
0002464.png	Алчевский коксохимический завод;
0002465.png	Жители
0002466.png	Историки России
0002467.png	Внуки-близнецы: Фома и Фока Вишняковы (род. 31 июля 2005)
0002468.png	Деталь альбедо
0002469.png	Дворцы и поместья
0002470.png	Примечания
0002471.png	Скульптор: Борис Сакциер
0002472.png	26 апреля
0002473.png	Обладатель Кубка УЕФА: 2003
0002474.png	Источники
0002475.png	Распределительный отдел ЦК ВКП(б) (1930)
0002476.png	Лётчики Великой Отечественной войны
0002477.png	Сельское хозяйство
0002478.png	Ссылки
0002479.png	Государственное и муниципальное управление
0002480.png	Тафсир
0002481.png	При употреблении в больших количествах черника вызывает запоры.
0002482.png	Шандыбин, Василий Иванович
0002483.png	Еггогология
0002484.png	История российских тюрем
0002485.png	Когнитивное радио
0002486.png	Дубляж мультипликационных фильмов
0002487.png	Командорский крест ордена Франца Иосифа (Австро-Венгрия)
0002488.png	В теории узлов и в теории 3-многообразии часто слово «ручной» опускается.
0002489.png	поддержка веб-сервисов.
0002490.png	Енотовые
0002491.png	Флора
0002492.png	Примечания
0002493.png	Фотосенсор
0002494.png	Испытательная лаборатория строительных горных пород
0002495.png	Волочаевские дни (братья Васильевы, 1937)
0002496.png	Александр Теребилов
0002497.png	Спортивно-оздоровительный комплекс «Юность»
0002498.png	Родился в украинском селе в Молдавии в семье рабочего и колхозницы, украинец.
0002499.png	Примечания
0002500.png	Города-миллионеры Германии
0002501.png	Ссылки
0002502.png	Члены Национального зала славы изобретателей
0002503.png	Зеркала с электроприводом обогреваемые
0002504.png	Скончались
0002505.png	Дальнейшая очистка
0002506.png	Килограмм-сила
0002507.png	Общее уравнение окружности записывается как:
0002508.png	Города-побратимы
0002509.png	Родились
0002510.png	История административно-территориального деления России
0002511.png	Почётные доктора Брюссельского свободного университета
0002512.png	Театральный режиссёр
0002513.png	3 октября:
0002514.png	биомедицинские технологии и геномика;
0002515.png	Революция и Гражданская война
0002516.png	Литература
0002517.png	Кинотеатр ДК «Машиностроителей» (летний зал) в ПКиО Чулпана.
0002518.png	Майзас,
0002519.png	Памятник природы «Мюллюсаари»
0002520.png	Финансовые услуги
0002521.png	Другими словами, если  обозначает расстояние между точками  и  в  то
0002522.png	Сербия
0002523.png	Царь: Тулл Гостилий.
0002524.png	Официальный сайт администрации Кабула
0002525.png	Срок концессии
0002526.png	Изотопы
0002527.png	Православие
0002528.png	Члены Народно-демократической партии Афганистана
0002529.png	Римское царство
0002530.png	Библиография
0002531.png	Современные лирики. Клюев. Кусиков. Ивнев. Шершеневич (б.м., «Сегодня», 1921)
0002532.png	Император: Нерон.
0002533.png	См. также
0002534.png	Украинцы в России
0002535.png	Карта Новгородской области
0002536.png	Шарловское
0002537.png	История
0002538.png	Веб-адреса молекулярно-биологических журналов .
0002539.png	Сказки
0002540.png	Дополнительные факты
0002541.png	Статья о Ниндзюцу
0002542.png	Подстанции глубокого ввода (ПГВ).
0002543.png	Ссылки
0002544.png	Земельные отношения
0002545.png	См. также
0002546.png	Население
0002547.png	Местоимение
0002548.png	См. также
0002549.png	История одежды
0002550.png	Адреса
0002551.png	1500-е годы
0002552.png	Терминология Интернета
0002553.png	Удмуртский хладокомбинат
0002554.png	Количественные показатели и их взаимосвязь
0002555.png	Ночные эльфы
0002556.png	Однако эти вопросы удалось разрешить.
0002557.png	История
0002558.png	Иностранные:
0002559.png	Официальный сайт Администрации Солигаличского муниципального района
0002560.png	Ссылки
0002561.png	Видные фигуры в даосизме
0002562.png	Гаошань
0002563.png	Казанский собор
0002564.png	Независимость (с 1946)
0002565.png	Республика Вануату
0002566.png	Новое начало
0002567.png	Члены Туринской академии наук
0002568.png	Вита Сэквилл-Уэст (ум. 1962), английская писательница, поэтесса.
0002569.png	Владимир Новик (151)
0002570.png	Природный тёсанный камень
0002571.png	Николая Озерова, улица
0002572.png	ПО «Карпаты»
0002573.png	Трудовая улица
0002574.png	группами людей со сходным стереотипом поведения;
0002575.png	Открытие
0002576.png	Февраль
0002577.png	Новокаховское высшее профессиональное училище (бывшее ПТУ-16).
0002578.png	Ответы на этот вопрос у разных философских течений выглядят по-разному:
0002579.png	Память
0002580.png	Солнце
0002581.png	Градостроительный кодекс Российской Федерации
0002582.png	опухоли головного мозга;
0002583.png	Литература
0002584.png	Праздники
0002585.png	Расширение территории
0002586.png	Жёны:
0002587.png	4-я Майская улица (деревня Верхнее Валуево)
0002588.png	Юристы Испании
0002589.png	История
0002590.png	19 сентября
0002591.png	Гериланд (епископ Вердена).
0002592.png	Лекарственное взаимодействие
0002593.png	Зарегистрированные изобретения Б. Розинга в СССР
0002594.png	Лауреаты премии «Планета»
0002595.png	Опорные постоянно действующие спутниковые станции
0002596.png	Творчество
0002597.png	Выпускники Ейского высшего военного авиационного училища лётчиков
0002598.png	Примечания
0002599.png	Единство
0002600.png	либо  и .
0002601.png	Местное самоуправление
0002602.png	Мальтийский крест (2008)
0002603.png	Ссылки
0002604.png	Литература
0002605.png	Аммоний
0002606.png	Сквер Юности
0002607.png	Литература
0002608.png	Память
0002609.png	Режиссёры-постановщики: Андрей Бенкендорф, Владислав Фурман
0002610.png	Конклавы
0002611.png	Необходимость рождения свыше: .
0002612.png	Мужские имена
0002613.png	Балкарцы
0002614.png	Водная артерия «Обь-Енисейский канал» не действует с 1942 года.
0002615.png	Примечания
0002616.png	Крупнейшие города
0002617.png	История
0002618.png	одна ПУ РН «Ангара».
0002619.png	СООО "БелЛатГран
0002620.png	См. также Результаты массовых отказов от вакцинации
0002621.png	Катастрофы социальные (революция, война, террористический акт)
0002622.png	Примечания
0002623.png	Музеи
0002624.png	См. также
0002625.png	Ссылки
0002626.png	Смерть
0002627.png	Эритрея (наряду с арабским и тигринья)
0002628.png	Драгоманы
0002629.png	О синтезе элемента на сайте ОИЯИ
0002630.png	Московский математический папирус
0002631.png	Структура митохондрий
0002632.png	Дослушай до конца (название композиции прозвучит после его окончания)
0002633.png	Женщины-режиссёры России
0002634.png	Ссылки
0002635.png	Релятивистские и гравитационные явления
0002636.png	Литература
0002637.png	Семья
0002638.png	Приборы
0002639.png	Комментарии
0002640.png	Релятивистские инварианты
0002641.png	Комплексное число
0002642.png	Писатели Санкт-Петербурга
0002643.png	Левашовский лес
0002644.png	См. также
0002645.png	несёт свои воды река Мудань.
0002646.png	Плевенская область
0002647.png	Немецкие поэты
0002648.png	Юрий Норштейн, советский и российский художник-мультипликатор.
0002649.png	Официальный сайт администрации города Магнитогорска
0002650.png	Цветок
0002651.png	Буддологи Российской империи
0002652.png	Интегралы, содержащие только синус
0002653.png	Примеры
0002654.png	Кадваллон ап Эйнион, король Гвинеда (ум. 517)
0002655.png	главный штаб;
0002656.png	Один из исследователей даёт следующую характеристику русскому слову «стан»:
0002657.png	Первый памятник герою «Калевалы» был установлен в 1831 году в Выборге.
0002658.png	Языки Марокко
0002659.png	Победитель: 1964
0002660.png	Апостолы
0002661.png	Артериальное давление
0002662.png	Разрыв между ареалами А и В;
0002663.png	Рекламные ролики
0002664.png	Применяют внутрь и парентерально (внутримышечно или внутривенно).
0002665.png	Наиболее общее определение даётся в топологии.
0002666.png	Платин лиофилизированный для инъекций (противоопухолевое средство)
0002667.png	История
0002668.png	Химия: обозначение ранга связей в номенклатуре органических соединений.
0002669.png	Техникумы и колледжи
0002670.png	Южноукраинский национальный педагогический университет имени К. Д. Ушинского.
0002671.png	Применение диодов
0002672.png	Выпускники Московского государственного горного университета
0002673.png	Использование термина в русскоязычных странах
0002674.png	Однако в конечном итоге победили последователи иконопочитания.
0002675.png	Национальные
0002676.png	Кампусы
0002677.png	Для детей
0002678.png	Этимология
0002679.png	Здравоохранение
0002680.png	Представляет собой жёлтые кристаллы кубической сингонии,
0002681.png	Литература
0002682.png	Герцоги Саксен-Цейсские
0002683.png	Услуги стационарной связи
0002684.png	Критика
0002685.png	Мемуаристы Германии
0002686.png	Долгожители Италии
0002687.png	Культура периода Муромати
0002688.png	Примечания
0002689.png	Селидовуголь (город Селидово)
0002690.png	Каргопольский уезд
0002691.png	Кинорежиссёры Камбоджи
0002692.png	Ссылки
0002693.png	Экономика
0002694.png	Киевское кабаре. Работало при Малом театре в 1910-х годах.
0002695.png	Словарь латинских и итальянских аббревиатур
0002696.png	Боковой мираж
0002697.png	Государственное устройство
0002698.png	Игуменский окрик в декретах,
0002699.png	Республика Индонезия
0002700.png	Три вектора проблем урбанистической трансформации в цифровую эпоху:
0002701.png	Биосинтез
0002702.png	Геостанция «Железо»
0002703.png	сериал «Король и Шут. Официальный саундтрек. Часть 2», 7 треков (2023)
0002704.png	В качестве трофеев в велосипедном спорте используются призовые майки.
0002705.png	Недостатки
0002706.png	Академики Императорской Академии художеств
0002707.png	См. также
0002708.png	Изобразительное искусство СССР
0002709.png	освобождение от страдания, от круга рождений и смертей (сансары);
0002710.png	Этнология
0002711.png	Медицинские журналы
0002712.png	Города из Списка русских городов дальних и ближних
0002713.png	Толстая кишка, включая подотделы:
0002714.png	Работы
0002715.png	В литературе
0002716.png	Поздние переселенцы (с 1993 года)
0002717.png	Историки по алфавиту
0002718.png	Красногвардейский вошёл в состав Бауманского
0002719.png	ОАО «Сан Инбев»;
0002720.png	Иностранные:
0002721.png	Взгляды и высказывания
0002722.png	Экономика
0002723.png	Угроза разрушения
0002724.png	Цари Коринфа.
0002725.png	Существуют ли кванты времени?
0002726.png	«Лионс» (Цюрих, Швейцария)
0002727.png	Европейские школы структурализма
0002728.png	Восприятие изгибающих моментов фюзеляжа определяется типом балочного фюзеляжа.
0002729.png	Галилео Галилей (основатель экспериментальной физики)
0002730.png	Почётные доктора Эдинбургского университета
0002731.png	Владимир Симонов («Ржевский против Наполеона», Россия-Украина, 2012).
0002732.png	Экономика
0002733.png	опыт построения объёмных декораций.
0002734.png	лучшая режиссёрская работа
0002735.png	К факторам, влияющим на независимость центральных банков, относят:
0002736.png	Музыкальные субкультуры
0002737.png	Туризм
0002738.png	Герцоги Курляндии
0002739.png	Чемпионом России стал «Рубин».
0002740.png	Рамаяна
0002741.png	См. также
0002742.png	Водоочистка
0002743.png	«Приспособление для автоматического открытия парашютного ранца»
0002744.png	Использование
0002745.png	Крепление буксирных тросов или якорного каната.
0002746.png	См. также: :Категория:Родившиеся в 1420 году
0002747.png	Оксимоноаминокарбоновые: серин, треонин
0002748.png	Окский,
0002749.png	Уравнение Саха
0002750.png	Отношение к религии
0002751.png	Отношение относительных ошибок аргумента  и решения  равно
0002752.png	иммуноферментный анализ,
0002753.png	Повышение массы тела (редко).
0002754.png	Диафрагменные глубиномеры
0002755.png	Марсель Шмельцер, немецкий футболист.
0002756.png	Экология
0002757.png	2. То же деяние, совершенное:
0002758.png	Православные гимнографы
0002759.png	Сражения 1555 года
0002760.png	Литература
0002761.png	Объектные переменные, объекты, ссылки и указатели
0002762.png	Гоби (значения)
0002763.png	Образование
0002764.png	всенародное участие в войне и массовый героизм русских солдат и офицеров;
0002765.png	(Олег Ярошев)
0002766.png	8 декабря
0002767.png	Военный лётчик 3-го класса
0002768.png	История
0002769.png	«Петербургский некрополь», т . 1, т. 2, т. 3, т. 4
0002770.png	Примечания
0002771.png	Гладкоствольные ружья подразделяются на классы в зависимости от:
0002772.png	Экология
0002773.png	треугольным и кубическим;
0002774.png	Почётные граждане Киржача
0002775.png	Гласные
0002776.png	Илитало Нина Фёдоровна
0002777.png	Эмоции характеризуются тремя компонентами:
0002778.png	Государственные природные заповедники (в том числе биосферные);
0002779.png	Анабэна (2001)
0002780.png	Христианский период
0002781.png	линейная магнитная запись;
0002782.png	Конституционная партия Ирана
0002783.png	орден Св. Владимира 1-й степени
0002784.png	Институт океанологии имени П. П. Ширшова РАН
0002785.png	Луанда, Ангола (11 октября 1988)
0002786.png	Спонтанное и вынужденное излучение
0002787.png	См. также
0002788.png	Карпатская епархия
0002789.png	См. также:  Список объектов культурного наследия Волжского
0002790.png	Жанры компьютерных игр
0002791.png	Поэзия
0002792.png	не является квадратом целого числа;
0002793.png	Таблица разделов
0002794.png	Пфальц-граф
0002795.png	Творчество, связанное с Херсоном
0002796.png	Память и мораль
0002797.png	В годы Великой Отечественной войны
0002798.png	Доходный дом С.Н. Мнацаканова.
0002799.png	Компактное подмножество хаусдорфова пространства замкнуто.
0002800.png	Литература
0002801.png	Ссылки
0002802.png	492 км: Осиновая
0002803.png	Персонажи Советского Союза
0002804.png	Король Швеции мог вступить два раза в брак, в истории известны две претендентки:
0002805.png	Конин (Польша)
0002806.png	«Энергичные люди»
0002807.png	Терминология
0002808.png	От Кугесь до Чебоксар ходит маршрутное такси под маршрутом 162 и 325.
0002809.png	орден Трудового Красного Знамени (10.12.1973)
0002810.png	Дебра Маршалл, американская актриса.
0002811.png	Хрущёвская оттепель
0002812.png	Имя существительное
0002813.png	Магические предметы
0002814.png	Литература Эфиопии
0002815.png	Ансамбль «Вайнах»;
0002816.png	История
0002817.png	Французские дивизионные генералы Революционных и Наполеоновских войн
0002818.png	См. также: :Категория:Умершие в 1298 году
0002819.png	Марк Туллий Цицерон, также писатель.
0002820.png	Горные хребты Архангельской области
0002821.png	Почётный гражданин Удмуртской Республики (2014 год)
0002822.png	Политические репрессии
0002823.png	Кинорынок
0002824.png	Члены Венгерской академии наук
0002825.png	Проприетарное кроссплатформенное программное обеспечение
0002826.png	Введение в технологии параллельного программирования
0002827.png	Праздники и памятные дни
0002828.png	Города Шёлкового пути
0002829.png	Музыка
0002830.png	Термодинамика
0002831.png	Ранние годы
0002832.png	Выпускники Национальной школы хартий
0002833.png	Капсула с посланием к потомкам
0002834.png	Самара.
0002835.png	Григорий (карфагенский экзарх).
0002836.png	(менин) досум «мой друг»; (биздин) шаарыбыз «наш город».
0002837.png	Мифы о Геракле
0002838.png	Рок-вокалисты США
0002839.png	В 8 луне чусцы уничтожили княжество Сянь, сяньский князь (цзы) бежал в Хуан.
0002840.png	Торговая улица (Москва) (Южное Бутово)
0002841.png	В свою очередь, действующие аэродромы классифицируются как:
0002842.png	Побочные явления
0002843.png	Отечественная война 1812 года
0002844.png	Костры Бежина луга (1974)
0002845.png	В Америке
0002846.png	51. Дарзциемс,
0002847.png	Кроули Эдвард, ректор Сколковского института науки и технологий;
0002848.png	постоянного тока;
0002849.png	Левые
0002850.png	Учебные Библии
0002851.png	Арсения Тарковского, улица
0002852.png	Ссылки
0002853.png	Судебная власть
0002854.png	Микрорайоны:
0002855.png	См. также
0002856.png	Литература
0002857.png	Примечания
0002858.png	Почитание и память
0002859.png	Развитие психиатрии в России
0002860.png	Сионизм
0002861.png	Ссылки
0002862.png	Галерея жестов
0002863.png	Иностранные награды
0002864.png	Манджиков Фёдор Чимидович
0002865.png	Греческий орден Спасителя 4-й ст. (1880)
0002866.png	Киев, Украина (с 2 октября 1997 года);
0002867.png	Клуб бокса «Динамо».
0002868.png	Кириллическая система счисления
0002869.png	Спонсоры и бюджет
0002870.png	Смерть и погребение
0002871.png	В популярной культуре
0002872.png	См. также
0002873.png	Структура
0002874.png	См. также: :Категория:События 17 декабря
0002875.png	Родовое древо первых Чингизидов
0002876.png	Социальный статус
0002877.png	Через Черёху
0002878.png	См. также: :Категория:Родившиеся в 50 году
0002879.png	Ураганы во Флориде
0002880.png	Ушинский, Константин Дмитриевич
0002881.png	Лауреаты Нобелевской премии из Франции
0002882.png	Поликлиника центральной больницы.
0002883.png	Семья
0002884.png	Иван Сергеевич
0002885.png	ОАО «Скоростной трамвай»
0002886.png	Третий рейх
0002887.png	Примечания
0002888.png	Леонтьев К. Плоды национальных движений на православном Востоке
0002889.png	Подразделения по состоянию на 2022 год:
0002890.png	Музей Литовского радио и телевидения на ул. С. Конарскё ()
0002891.png	Россия: 96 депутатов
0002892.png	Примечания
0002893.png	Исторические сочинения Зеппа:
0002894.png	Золотая медаль Министерства культуры Республики Армения (2012).
0002895.png	два ордена Клемента Готвальда (1978, 1982);
0002896.png	и другие.
0002897.png	Терское казачество
0002898.png	В 1495-1496 годах воевода полка войск правой руки в походе на Северу.
0002899.png	Международная ассоциация кларнета
0002900.png	См. также
0002901.png	Васудэва (кушанский царь)
0002902.png	Анри Эвенепул
0002903.png	Редан:
0002904.png	2023,  Марселино
0002905.png	24 марта
0002906.png	штурманы дальней авиации братья гв. капитаны Николай и Михаил Паничкины;
0002907.png	Фантастические телефильмы СССР
0002908.png	Педро
0002909.png	Генерал зенитных войск ()
0002910.png	Примечания
0002911.png	Ленинградский тоннель (660 м)
0002912.png	Строительство канала имени Москвы. Иваньково
0002913.png	Трайнин, Пётр Афанасьевич
0002914.png	Сплавной катамаран
0002915.png	Примечания
0002916.png	Журналисты-международники
0002917.png	Пребывание на орбитальной станции
0002918.png	Милостивый государь мой Андрей Михайлович!
0002919.png	Брячислав Изяславич, князь Полоцкий.
0002920.png	Ссылки
0002921.png	10 июня
0002922.png	Римское войско
0002923.png	Протестантизм в США
0002924.png	Литература
0002925.png	Административно-территориальное устройство
0002926.png	Некоторые достопримечательности Дубая:
0002927.png	Персоналии:Театр Комедии
0002928.png	Нью-Йорк
0002929.png	Имеются месторождения нерудного характера: глины, песка, гравия.
0002930.png	Воздерживаться от гнева и от драк.
0002931.png	Текстильщиков, улица
0002932.png	Музей прикладного искусства
0002933.png	Эксплуатация промышленных автоклавов
0002934.png	Великая Моравия
0002935.png	Медаль «В память 800-летия Москвы» (1948)
0002936.png	Ссылки
0002937.png	Статьи о списках
0002938.png	Кинотеатр (открыт в начале мая 2016 года),
0002939.png	Педагогика
0002940.png	Особняк. 1900-е гг.
0002941.png	Музыка
0002942.png	Европейские кубки
0002943.png	ЭИИМ в центре пучка: 52 дБВт
0002944.png	Хафтия
0002945.png	Центральные банки и валюты Океании
0002946.png	Центральная районная больница,
0002947.png	Александровский сад
0002948.png	мониторинг социальных проблем и социальный маркетинг в г. Донецке;
0002949.png	Квантовая механика
0002950.png	Оптически активен. Рацемат лобелина получают синтетическим путём.
0002951.png	Список картин Фрэнсиса Бэкона
0002952.png	Энциклопедия «Москва», М., 1998
0002953.png	Автор Шаболовской телебашни увековечен в бронзе
0002954.png	Архитектурный памятник. 1936 г.
0002955.png	Притоки
0002956.png	Энциклопедия Арды (на английском языке)
0002957.png	до 2014 работал диссертационный совет
0002958.png	Национальный состав населения:
0002959.png	См. также
0002960.png	Экология
0002961.png	Москва, Россия
0002962.png	Орден Святого Станислава 1-й степени с мечами (ВП 28 января 1915)
0002963.png	Государственное и политическое устройство
0002964.png	Лауреаты премии за 1999 год в номинациях:
0002965.png	Депутаты Совета Союза 10-го созыва
0002966.png	Эффективность антивирусов
0002967.png	Орден славы и чести (Русская православная церковь, 2019).
0002968.png	Ссылки
0002969.png	Барвихинская улица
0002970.png	Реки Красноярского края
0002971.png	Отношения людей должны основываться на взаимном уважении и признании.
0002972.png	Выпускники Колледжа Эмори и Генри
0002973.png	Красноярский краевой центр по борьбе со СПИД и инфекционными заболеваниями;
0002974.png	Реки Тернопольской области
0002975.png	Болгарские колонии в Бессарабии
0002976.png	Реки Алатырского района
0002977.png	Мариупольскому государственному университету МО ДНР присвоено имя А И Куинджи.
0002978.png	Иврит
0002979.png	Диалекты Ларестана (юг остана Фарс)
0002980.png	Общие правила сайта
0002981.png	Индивидуальные
0002982.png	Численное дифференцирование
0002983.png	Видео-энциклопедия парных танцев
0002984.png	Службы обмена сообщениями
0002985.png	Виды аннуитетов по времени платежа
0002986.png	Государство Сент-Люсия
0002987.png	Религиозные деятели времён Реформации
0002988.png	Движения неприсоединения и
0002989.png	(обл.)
0002990.png	Ведомственные награды
0002991.png	В составе Российской империи
0002992.png	Государственный природный заповедник «Джергинский»
0002993.png	Богдан Ступка («Красные колокола. Фильм 2. Я видел рождение нового мира», 1983)
0002994.png	Иностранные члены Национальной академии наук США
0002995.png	Производители грузовых автомобилей России
0002996.png	Физики СССР
0002997.png	М. Зайчик. «Жизнь Бегина»
0002998.png	Мифы островов Ионического моря. Тафии и телебои
0002999.png	Члены РКП(б)
0003000.png	Турниры УЕФА
0003001.png	Лифт-патерностер
0003002.png	Первые упоминания о Чёрмозе
0003003.png	Основание с. Верхние Татышлы
0003004.png	Таджикский академический театр оперы и балета имени С. Айни
0003005.png	Этнические группы и их языки
0003006.png	30 июля
0003007.png	См. также
0003008.png	Ссылки
0003009.png	Хронология запусков
0003010.png	Готика
0003011.png	Атлантические ураганы 2005 года
0003012.png	Маддогс Мюнхен (после победы в Чемпионате Германии)
0003013.png	Мадридский автономный университет
0003014.png	В США произведён запуск ИСЗ «Тирос-8».
0003015.png	Запорожский государственный медицинский университет
0003016.png	Велосипедные.
0003017.png	Фотографические процессы
0003018.png	Транспорт
0003019.png	Набережная Сенежского озера, примыкающая к городскому парку и пляжу.
0003020.png	пост охраны
0003021.png	В мастерской художника слова. М., 1989;
0003022.png	Населённые пункты по алфавиту
0003023.png	Стиль, отзывы критиков
0003024.png	Соматолиберин
0003025.png	См. также
0003026.png	Представленная в сети информация может быть доступна:
0003027.png	Важнейшие реки: Маас, Урт, Ведр, Амблев.
0003028.png	Савойя получает от Габсбургов Сардинию в обмен на Сицилию.
0003029.png	Суб-лейблы
0003030.png	Умерших: 9 327 человек (2020)
0003031.png	На русском языке
0003032.png	Термин
0003033.png	Президент Грузии (официальный сайт)
0003034.png	Получение
0003035.png	Мечеть Мухаммади.
0003036.png	Президенты клуба
0003037.png	Евгений Евстигнеев («Пиры Валтасара», 1989)
0003038.png	События
0003039.png	Литература
0003040.png	Шотландский (гэльский) язык
0003041.png	Округа Тверской области
0003042.png	Самоконтроль при сахарном диабете
0003043.png	Филологический факультет
0003044.png	Примечания
0003045.png	Выпускники Колумбийского университета
0003046.png	Ссылки
0003047.png	Ефремова, улица
0003048.png	Ссылки
0003049.png	«Якутск строительный»
0003050.png	бета-адреноблокаторы,
0003051.png	Литература
0003052.png	Испания также получала Пинероль и Казале.
0003053.png	мягкий: синий, синего, синему
0003054.png	Православная церковь
0003055.png	Исчезли в 1918 году
0003056.png	Примечания
0003057.png	Дистанция электроснабжения (ЭЧ-9)
0003058.png	Согласно Всемирной организации здравоохранения
0003059.png	Топографические карты
0003060.png	Умершие от отравления алкоголем
0003061.png	Победы, площадь
0003062.png	Память
0003063.png	Трипитака или Палийский канон
0003064.png	Чины Отдельного корпуса жандармов
0003065.png	Почётные члены Петербургской академии наук
0003066.png	Ньянза
0003067.png	Церковное почитание
0003068.png	История
0003069.png	Скончались
0003070.png	Литература
0003071.png	Ла-Плата, Аргентина;
0003072.png	Ссылки
0003073.png	Египет и оружие массового поражения
0003074.png	Дети боярские
0003075.png	Личная жизнь
0003076.png	Типы повозок
0003077.png	Примечания
0003078.png	Военная и внешняя политика
0003079.png	Перевод пиньиня в систему Палладия
0003080.png	Преподаватели Университета Святейшего Сердца
0003081.png	Треугольник Кионга передан в состав португальской колонии Мозамбик.
0003082.png	Массовая культура
0003083.png	3-й Сибирский армейский корпус.
0003084.png	Материалистический феминизм
0003085.png	Святые по алфавиту
0003086.png	Роботы Японии
0003087.png	Изотов Лев Сергеевич
0003088.png	События
0003089.png	Писатели России по алфавиту
0003090.png	В медицине
0003091.png	ОАО «Барановичская обувная фабрика»
0003092.png	Каспер Ван Дин, американский киноактёр.
0003093.png	Литература
0003094.png	Почётные граждане Вильнюса
0003095.png	Орден Красного орла 1-й степени
0003096.png	Александр Ханов (ум. 1983), актёр театра и кино, народный артист СССР.
0003097.png	См. также
0003098.png	Выпускники Парижского университета
0003099.png	Виктор Согомонян, армянский государственный деятель.
0003100.png	Чума в Библии
0003101.png	Награды
0003102.png	Плотность воздуха может быть выражена формулой:
0003103.png	Пессимистические схемы
0003104.png	См. также
0003105.png	Города-побратимы
0003106.png	Постановление ВС РФ о реабилитации казачества.
0003107.png	Фильмы-боевики США
0003108.png	Примечания
0003109.png	Вийёрбан, Франция
0003110.png	Международные связи
0003111.png	Ссылки
0003112.png	См. также
0003113.png	Использование музыки
0003114.png	Население
0003115.png	История российского федерализма
0003116.png	Культура
0003117.png	Архитектура ГДР
0003118.png	Согласные звуки
0003119.png	Банкноты
0003120.png	Буль умер на пятидесятом году жизни от воспаления лёгких.
0003121.png	Триумфальные ворота в Москве
0003122.png	В этом браке родились:
0003123.png	комплексное «облагораживание» прилегающей к Старому Дандру территории.
0003124.png	Источники
0003125.png	Дополнительные факты
0003126.png	Литературная деятельность
0003127.png	ГОСТ Р 51215-98 Оружие холодное. Термины и определения.
0003128.png	Симптомы
0003129.png	Появились в 1986 году в Швеции
0003130.png	Обер-гофмейстер
0003131.png	Памятник Николе Тесла (около ВНИИР, проспект И. Яковлева, 4)
0003132.png	См. также
0003133.png	Ссылки
0003134.png	Футурология
0003135.png	Междугородный автобус
0003136.png	На что способны женщины
0003137.png	Задняя доля гипофиза.
0003138.png	Брызговик
0003139.png	Римский период
0003140.png	Фундаментальная электронная библиотека «Русская литература и фольклор» (ФЭБ).
0003141.png	См. также: :Категория:Родившиеся в 1495 году
0003142.png	Глаза: ярко-зелёные, миндалевидные, как у его матери Лили Поттер (Эванс).
0003143.png	Папиниан, выдающийся римский юрист и государственный деятель.
0003144.png	движение и превращение атомов и молекул, включающее в себя химические реакции;
0003145.png	Комедия ошибок
0003146.png	Города-побратимы
0003147.png	См. также
0003148.png	Примечания
0003149.png	Бельгийская литература
0003150.png	Первый поход на Рим
0003151.png	В СССР впервые осуществлён переход на летнее время.
0003152.png	Предприятие «Аполинария».
0003153.png	Ссылки
0003154.png	Цели и задачи
0003155.png	Токи в биполярном транзисторе имеют две основных составляющих.
0003156.png	пеласги под предводительством Гипофооя
0003157.png	Орден Святого Георгия 3-й степени (15 апреля 1919)
0003158.png	Новый мост в Барнауле.
0003159.png	Кельты
0003160.png	Возвращение на остров
0003161.png	Заказник «Выборгский»
0003162.png	в феврале 2012 года был создан опытный образец БМП «Лазика»;
0003163.png	Византия
0003164.png	Источник Вечности.
0003165.png	Общая пунктуация
0003166.png	Недостатки интерпретаторов по сравнению с компиляторами:
0003167.png	Роль затмений в культуре и науке человечества
0003168.png	Языки веб-программирования
0003169.png	Музеи
0003170.png	Водоснабжение и канализация
0003171.png	Классическая логика
0003172.png	Материал контактных пар
0003173.png	Улица
0003174.png	Реки Минска
0003175.png	Мусульмане сунниты
0003176.png	Персоналии по алфавиту
0003177.png	Михаил Волконский «Брат Герцога»
0003178.png	Наука и образование
0003179.png	См. также
0003180.png	Сражения в Польше
0003181.png	История
0003182.png	В 2009 году были упразднены сельсоветы:
0003183.png	Клерво
0003184.png	Ссылки
0003185.png	Ссылки
0003186.png	День города
0003187.png	Сражения в России
0003188.png	Ферчготт, Роберт
0003189.png	Гимн клуба
0003190.png	Латвия
0003191.png	Развитие кошкообразных
0003192.png	Запасы подземных вод
0003193.png	126 год до н. э.
0003194.png	Объекты Байера
0003195.png	Площадь
0003196.png	ЮНИСЕФ в России
0003197.png	Перезахороненные
0003198.png	Корпоративное управление
0003199.png	Военный символ
0003200.png	Наука
0003201.png	Депутаты Совета Союза от Московской области
0003202.png	31 городское поселение,
0003203.png	См. также
0003204.png	проверка эффективности решения.
0003205.png	Достопримечательность
0003206.png	Близкие термины
0003207.png	Населённые пункты городского округа город Лесосибирск
0003208.png	Применение
0003209.png	городской посёлок Мебельный
0003210.png	Застрелившиеся
0003211.png	Представляет собой белую пористую массу.
0003212.png	Высшее образование
0003213.png	Сенаторы Российской империи
0003214.png	Государственные деятели США
0003215.png	Краткое содержание (синопсис) оперы Мейербера «Гугеноты» на сайте «100 опер»
0003216.png	: Шэньси,
0003217.png	Капролактам
0003218.png	беспроводные принтеры (по беспроводной связи):
0003219.png	Метромосты
0003220.png	В русской армии
0003221.png	Семья
0003222.png	Прусские генерал-фельдмаршалы
0003223.png	Члены Общества для пособия нуждающимся студентам
0003224.png	Разная фортепианная музыка
0003225.png	Ботаническое описание
0003226.png	Примечания
0003227.png	Языки
0003228.png	Птицы Евразии
0003229.png	Биография
0003230.png	Ссылки
0003231.png	Садовая улица
0003232.png	См. также
0003233.png	Метро и железнодорожный транспорт
0003234.png	Орден Святых Маврикия и Лазаря, большой крест (Королевство Италия, 28 июля 1867)
0003235.png	фталоцианиновые красители, производные фталоцианина;
0003236.png	Персоналии по алфавиту
0003237.png	Награды
0003238.png	Дальнейшее развитие балета
0003239.png	Классификация
0003240.png	Древнесербские писатели
0003241.png	Ирландия
0003242.png	На уровне макроэкономики
0003243.png	Перезахороненные
0003244.png	Причины возникновения
0003245.png	Экономика Дрездена
0003246.png	Герои древнегреческих мифов
0003247.png	Биография
0003248.png	Русский текст (Синодальный перевод)
0003249.png	Лишние билетики
0003250.png	Правило обязательного заполнения экологической ниши
0003251.png	Тайвань
0003252.png	Командные
0003253.png	Примечания
0003254.png	Раннее христианство
0003255.png	80 лет режиссёру и художнику Евгению Мигунову. 27.02.2001
0003256.png	Теорема Визинга делит конечные графы на два класса: имеющие  и имеющий .
0003257.png	Роджер Бэкон
0003258.png	Физические свойства
0003259.png	См. также: :Категория:Умершие 24 марта
0003260.png	Наньчжао захватила город Чэнду в провинции Сычуань.
0003261.png	Применение при нарушениях функции печени
0003262.png	Общественные инициативы
0003263.png	В технике
0003264.png	Летние виды спорта
0003265.png	Выпускники Университета Витовта Великого
0003266.png	Челя, Аранит
0003267.png	Крупнейшие объекты:
0003268.png	Труды
0003269.png	Художники-неоклассики
0003270.png	Андрей Сахаров избран в состав президиума Академии наук СССР.
0003271.png	Россия: 74 депутата
0003272.png	Примечания
0003273.png	Высшие учебные заведения
0003274.png	Выпускники Константиновского военного училища
0003275.png	В 2010 году в стране были легализованы однополые браки.
0003276.png	Примечания
0003277.png	Паровые фрегаты
0003278.png	Тюлений
0003279.png	Учебные заведения
0003280.png	Слово в неделю шестую по Пасхе. М., 1742.
0003281.png	Математическая экономика как форма чистой математики
0003282.png	П и Х (2006)
0003283.png	Города, награждённые орденом Отечественной войны
0003284.png	Частица (часть речи):
0003285.png	Ранние годы
0003286.png	Шасси и компоновка
0003287.png	Применение
0003288.png	Известные жители
0003289.png	Фильмы об искусственном интеллекте
0003290.png	Источники
0003291.png	Победителем Суперкубка УЕФА стал  «Зенит».
0003292.png	Другие
0003293.png	Редактор «Былого»
0003294.png	Брак и дети
0003295.png	Ссылки
0003296.png	Трапезный корпус с церковью Вознесения Господня
0003297.png	Социологи по алфавиту
0003298.png	Лесного хозяйства и ландшафтной архитектуры
0003299.png	Примечания
0003300.png	Пьетро Масканьи (р. 1887), итальянский оперный композитор.
0003301.png	Кафе-шантан
0003302.png	География
0003303.png	Официальные ресурсы «Если»
0003304.png	Суровикино, Волгоградская область (с 2017)
0003305.png	«Тропою грома» К. А. Караева (1959)
0003306.png	Ссылки
0003307.png	Мелилья,Испания
0003308.png	События
0003309.png	Воробьёвский
0003310.png	Гамалеев Николай Аркадьевич (с 1994 года по 1997 год);
0003311.png	Переименованные населённые пункты России
0003312.png	Казнённые в Бутырской тюрьме
0003313.png	Чтобы использовать кириллицу, необходимо включить в преамбулу документа строки:
0003314.png	Боятся повторения Хиросимы. (2 раза)
0003315.png	Игумены Русской православной церкви
0003316.png	Матч с Веселином Топаловым
0003317.png	День армейской авиации.
0003318.png	Если , то перед нами взаимозаменяемые блага (субституты).
0003319.png	Персоналии:Томск
0003320.png	См. также
0003321.png	Инфраструктура
0003322.png	Философы русского авангарда
0003323.png	все тона коричневого с зелёным
0003324.png	Технические характеристики
0003325.png	Другое
0003326.png	Главы города
0003327.png	Туризм
0003328.png	Источники
0003329.png	Время подразделяются на актуальные и исторические.
0003330.png	Кратковременные процессы ветрообразования
0003331.png	Открытые письма Франции
0003332.png	Литература
0003333.png	Края мира: полярные области Земли
0003334.png	Лаптев Андрей «История географических названий Руси» (Аркадак)
0003335.png	Порвоо (Финляндия)
0003336.png	Литература
0003337.png	Конфликты
0003338.png	См. также: :Категория:Умершие в 1858 году
0003339.png	Негостеприимное село
0003340.png	Синтаксис
0003341.png	Текст гимна
0003342.png	Очеретный, Валерий Иосифович (12.09.1996, 365)
0003343.png	Музыка гимна (со словами)
0003344.png	Придворные чины Русского государства
0003345.png	Функциональный анализ
0003346.png	Шахтинское дело
0003347.png	Расовые и этнические
0003348.png	Василий Викторович
0003349.png	Транспорт
0003350.png	Шахтёры СССР
0003351.png	Канонизированные князья
0003352.png	Присоединение Голконды к Могольской империи.
0003353.png	Асура
0003354.png	Орден Святого Владимира 4-й степени с бантом (1812)
0003355.png	Количество ядер: 2
0003356.png	Кутаиси, Грузия
0003357.png	Песковка
0003358.png	Ссылки
0003359.png	строительство 74,481
0003360.png	Литература
0003361.png	Число воеводств
0003362.png	Источники
0003363.png	Октановое число
0003364.png	Участники Собора русских учёных
0003365.png	Города-миллионеры Боливии
0003366.png	Примечания
0003367.png	Лечение злокачественных новообразований
0003368.png	Металлы
0003369.png	Январь
0003370.png	Сафронов, Сергей Иванович
0003371.png	Выпускники Курской мужской гимназии
0003372.png	Грей и Аткинсон
0003373.png	Преподаватели Бестужевских курсов
0003374.png	Ссылки
0003375.png	Формирование блока
0003376.png	Ссылки
0003377.png	орден Трудового Красного Знамени (15 октября 1976);
0003378.png	Примечания
0003379.png	Театр
0003380.png	Военное дело
0003381.png	Примечания
0003382.png	Карьера
0003383.png	Депутат Учредительного собрания.
0003384.png	Кан-ван (3-й китайский император династии Чжоу); ему наследовал Чжао-ван.
0003385.png	Спортивная форма
0003386.png	Ершовская основная общеобразовательная школа
0003387.png	Университет менял свои официальные названия:
0003388.png	Алгебра Ли полностью определяет локальную структуру своей группы Ли.
0003389.png	В Москве на Пушкинской площади прошёл первый в СССР правозащитный митинг (1965).
0003390.png	Памятник, скульптура
0003391.png	Денежные системы
0003392.png	генерал ВВС (с 25.10.2000);
0003393.png	Преподаватели Литературного института имени А. М. Горького
0003394.png	См. также: :Категория:Умершие 28 июня
0003395.png	, Екатеринбург;
0003396.png	Химические свойства
0003397.png	География
0003398.png	Представительство РАН на территории Крымского федерального округа
0003399.png	История
0003400.png	Прогулка по городу Острог (видео)
0003401.png	«Лацио»
0003402.png	См. также
0003403.png	Игровая приставка
0003404.png	Политики Родезии
0003405.png	Анаксимандр умер
0003406.png	Официальный сайт администрации Приморского края
0003407.png	Кавалер Ордена Почётного легиона (2010)
0003408.png	Союз ТМ-4.
0003409.png	События
0003410.png	Также проводится разделение между:
0003411.png	Областная власть
0003412.png	Рэндзю на сайте Федерации шашек России
0003413.png	Имена Бога в иудаизме
0003414.png	Родились
0003415.png	Арифметические свойства
0003416.png	произвольную точку на заданной окружности;
0003417.png	Финляндии. Самолёты прошли ремонт в
0003418.png	Примечания
0003419.png	См. также
0003420.png	В Заволжье (Нижегородская обл.) есть улица Рылеева
0003421.png	Серебряный призёр чемпионата Европы: 1964
0003422.png	Философия Древнего Рима
0003423.png	Президентство Леонида Кучмы
0003424.png	Родстеры
0003425.png	Продолжение войны
0003426.png	См. также
0003427.png	Кино, сериалы
0003428.png	Туризм, достопримечательности
0003429.png	Преподаватели Московского учительского института
0003430.png	Припев. Лишь мы, работники всемирной
0003431.png	Персоналии по алфавиту
0003432.png	Национальный состав
0003433.png	ливневая вода или поверхностные воды
0003434.png	Виды связи слов в словосочетании
0003435.png	Собор Тульских святых
0003436.png	Сложение матриц
0003437.png	Публицистика
0003438.png	переадресация звонка,
0003439.png	Богоявленская церковь (ныне разрушена)
0003440.png	В 4 луне сунская Тан Бо-цзи прибыла в Лу искать невесту своему сыну.
0003441.png	Агранулоцитами являются:
0003442.png	Мини-диск
0003443.png	Образование
0003444.png	Стратегии работы с внешней памятью
0003445.png	На Реюньоне происходят главные события романа Жорж Санд «Индиана».
0003446.png	Онлайн СМИ «Евромисто»
0003447.png	Формулы Мэчина
0003448.png	Автобусная компания «Эгед»
0003449.png	Дом Жарковой
0003450.png	Волховский политехнический техникум
0003451.png	Морские термины
0003452.png	Скончались
0003453.png	12 августа. Международный день молодёжи
0003454.png	Население
0003455.png	Распространение
0003456.png	Филопон, комментарий к кн. 1 «Метеорологики»:
0003457.png	Примечания
0003458.png	Правовые акты
0003459.png	Примечания
0003460.png	Флора и фауна
0003461.png	Пяловская улица
0003462.png	Ежегодное голосование
0003463.png	Теория образования
0003464.png	производные тиокарбоновых кислот
0003465.png	Население
0003466.png	Примечания
0003467.png	«Пошлая Молли»
0003468.png	Парикмахер, Стилист
0003469.png	Областные центры России
0003470.png	Морская Неделя (август).
0003471.png	В Новом Уренгое имеются автобусные маршруты:
0003472.png	Аллея Героев;
0003473.png	Аяк (л.б.)
0003474.png	См. также
0003475.png	Городской детский дом культуры «Родник»
0003476.png	Имена первооткрывателей
0003477.png	Майк и Молли
0003478.png	Реки Дульдургинского района
0003479.png	Литература
0003480.png	Лауреаты Государственной премии Карельской АССР
0003481.png	Кристаллография
0003482.png	при кашле боль в области боковых рёбер (справа и слева корпуса);
0003483.png	Охраняемые природные территории Московской области
0003484.png	В городе выступает несколько профессиональных команд.
0003485.png	Макс Барских, украинский певец, композитор и автор песен.
0003486.png	Родились
0003487.png	Умнеговь
0003488.png	256 км: Шайтанка (пр)
0003489.png	История
0003490.png	Ссылки
0003491.png	Примечания
0003492.png	ОАО Племзавод «Россия»;
0003493.png	Беседы о русской культуре
0003494.png	Похороненные в Якутии
0003495.png	На иностранных языках:
0003496.png	память преподобного Алексия, человека Божия (411 год);
0003497.png	Мужские имена
0003498.png	Алмаз (ЗАО Трускавецкурорт)
0003499.png	Игроки ФК «Тоттенхэм Хотспур»
0003500.png	«Детали машин» (1900, курс, прочитанный в Киевском полит. институте);
0003501.png	Метрополитен
0003502.png	Ивана Франко, улица
0003503.png	-онан (для девятичленного цикла),
0003504.png	Типы организаций
0003505.png	Воображаемое
0003506.png	Тот муж, что был рожден сограждан выше
0003507.png	Отряд
0003508.png	Газеты
0003509.png	Сяньбийцы Западной Цинь вторглись в Шэньси, а их земли заняли тогонцы.
0003510.png	См. также
0003511.png	Максимилиан Шелл
0003512.png	Княжны Древней Руси
0003513.png	Крупногабаритные (калибр более 600 мм).
0003514.png	2000 год
0003515.png	Летательные аппараты тяжелее воздуха подразделяются на:
0003516.png	Техническое Училище и Николай Бауман
0003517.png	Изданные сочинения
0003518.png	Семья
0003519.png	Примечания
0003520.png	Придворная служба
0003521.png	Смертельный лабиринт
0003522.png	Ёлка (2014).
0003523.png	Биография
0003524.png	Литература
0003525.png	Музей шахтерского дела
0003526.png	Отрадная улица
0003527.png	Члены НБП
0003528.png	Погибшие в Гражданскую войну в России
0003529.png	Жиль де Клиффорд
0003530.png	Достопримечательности
0003531.png	Всемирные экстремальные игры
0003532.png	голосовые, то есть, на основе распознавания речи и звуков;
0003533.png	реформа податей для облегчения беднейших классов населения;
0003534.png	22 октября
0003535.png	Фамир
0003536.png	Награды
0003537.png	, между «Мотагуа» и «Олимпия»
0003538.png	Индоевропейские языки
0003539.png	Чибисов, Тихон Прокофьевич
0003540.png	Общественная и благотворительная деятельность
0003541.png	Обязательный аудит
0003542.png	Епископы Пуатье
0003543.png	Трансляции и освещение на ТВ
0003544.png	См. также
0003545.png	Боги по алфавиту
0003546.png	Обработка поверхностей
0003547.png	Шляхетские роды герба Янина
0003548.png	отапливаемые;
0003549.png	Литература
0003550.png	Примечания
0003551.png	(или , о легитимности первого названия до сих пор ведётся дискуссия)
0003552.png	Похороненные на Еврейском кладбище (Варшава)
0003553.png	Различают:
0003554.png	Источники
0003555.png	Исследователи русского авангарда
0003556.png	Органы власти в сфере туризма в муниципальных образований
0003557.png	Рюриковичи по алфавиту
0003558.png	Семья
0003559.png	Элементы судового набора
0003560.png	Ссылки
0003561.png	Железнодорожный мост через Черёху
0003562.png	«Мост исполнен заводом К. Рудзкий и К0 въ Варшаве при членах правления:
0003563.png	Поспевает черёмуха.
0003564.png	М-теория (теория бран)
0003565.png	поздние формы, образованные от прочих неличных местоимений:
0003566.png	Острая брама на Официальном сайте Офиса по туризму Литвы.
0003567.png	18 июня
0003568.png	Я вообще не пью
0003569.png	Выборы по партийным спискам в регионах РФ
0003570.png	См. также: :Категория:Умершие 8 апреля
0003571.png	Георгиевское оружие (6 ноября 1914);
0003572.png	Камышеваха (Ореховский р-н.) Свято-Елисаветинский женский монастырь.
0003573.png	Доработаны и опубликованы посмертно:
0003574.png	Основная стратегия профилактики ВИЧ в развитых странах
0003575.png	«Роковое искушение» (2017, США)
0003576.png	! м. р.
0003577.png	Японисты России
0003578.png	Боевые единоборства
0003579.png	Управление в иерархических системах.
0003580.png	Сельское хозяйство
0003581.png	Примеры вопросов
0003582.png	Ашпин, Борис Иннокентьевич - 1986
0003583.png	Экономические реформы
0003584.png	«Я тебя теряю» (исп. Джахан Поллыева и Сергей Волчков)
0003585.png	Спецпредставитель президента России по Украине
0003586.png	Документальный фильм «Новгородский фотоальбом. Город Боровичи. Начало».2017
0003587.png	Крупнейшим импортёром нефти из Венесуэлы являются США.
0003588.png	Основная
0003589.png	Большой драматический театр имени Горького
0003590.png	История физики
0003591.png	Города Западно-Казахстанской области
0003592.png	Литература
0003593.png	Гоночные флаги
0003594.png	Малотоннажные (для транспортировки грузов весом до 3 тонн);
0003595.png	Преподаватели Инженерной школы Массачусетского технологического института
0003596.png	11 августа
0003597.png	См. также
0003598.png	Особняк Софронова
0003599.png	Положение и общая характеристика
0003600.png	Участники войны против польских повстанцев 1863 года
0003601.png	Список камерленго Святой Римской Церкви
0003602.png	Муниципальные образования Санкт-Петербурга
0003603.png	Архитектура Чехии
0003604.png	Примечания
0003605.png	Экосистема языка
0003606.png	Классификация гласных звуков.
0003607.png	Дворянские роды, на гербах которых изображены двуглавые коронованные орлы
0003608.png	На английском языке
0003609.png	Функционалы
0003610.png	Переводчики русского зарубежья
0003611.png	Жители ЖСК «Советский писатель»
0003612.png	По данным Всероссийской переписи 2010 года
0003613.png	Общежития
0003614.png	Художники:
0003615.png	Полковник (14.05.1984).
0003616.png	Краевой санаторий «Дружба» для детей, больных туберкулезом органов дыхания
0003617.png	Прокопьевский промышленно-экономический техникум,
0003618.png	Политологи Украины
0003619.png	События
0003620.png	Праздники и памятные дни
0003621.png	Размер
0003622.png	с 2019: Максим Борисович Смельницкий
0003623.png	Станция скорой помощи
0003624.png	Иль-де-Франс (), Франция (2 июля 1987)
0003625.png	Апрель
0003626.png	Первый кризис
0003627.png	Радио
0003628.png	Породы медоносных пчёл
0003629.png	Неразрывный пробел
0003630.png	Миссия и направления деятельности
0003631.png	баргу-буряты
0003632.png	Биологическая антропология
0003633.png	Авиация
0003634.png	Похороненные на Лычаковском кладбище
0003635.png	Предыстория
0003636.png	Международные соревнования
0003637.png	Председатели колхозов
0003638.png	Национальный состав по переписи 2001 года:
0003639.png	Реки Южноморавского края
0003640.png	Мартин Брегман (р. 1926), американский кинопродюсер.
0003641.png	Хантер Тайло, американская актриса, фотомодель и писательница.
0003642.png	Котельникова
0003643.png	Япония:
0003644.png	0,86 а. е. от Земли 10 июля 1987 года;
0003645.png	Николаевская церковь. Начало строительства 2 ноября 1903 года.
0003646.png	Кафедральный (Латинский) собор (Кафедральная пл., 1)
0003647.png	Примечания
0003648.png	Ссылки
0003649.png	Дигорский диалект
0003650.png	27 км: Камышка
0003651.png	204. Татиане, мц.
0003652.png	Мощность, Вт: не более 0,6;
0003653.png	Музей Забайкальской железной дороги;
0003654.png	Графы Тарновские
0003655.png	анатолийские и другие индоевропейские языки;
0003656.png	Характеристики
0003657.png	последний ниспосланный фрагмент Мухаммаду (сура 2 «Корова», аят 281)
0003658.png	Ссылки
0003659.png	Ссылки
0003660.png	Мотоцикл
0003661.png	Населённые пункты Макеевского городского совета Донецкой области
0003662.png	Крайняя плоть Иисуса Христа
0003663.png	См. также
0003664.png	Примечания
0003665.png	Эндокринология
0003666.png	«Ланселот и Гвиневра» (1963)
0003667.png	Шри-Ланка
0003668.png	В творчестве
0003669.png	Примечания
0003670.png	Иркутский областной краеведческий музей
0003671.png	Творчество
0003672.png	Фильмы о Москве
0003673.png	(1913, Санкт-Петербург)
0003674.png	Агальма
0003675.png	Скончались
0003676.png	Сценические произведения
0003677.png	Константинова, улица
0003678.png	Маланкарская православная церковь
0003679.png	Докторантура
0003680.png	Участники Сталинградской битвы
0003681.png	ООО «Раунд-Н».
0003682.png	:Категория:Экономика Киева
0003683.png	Всемирные дни, поддерживаемые ВОЗ
0003684.png	Походы русских князей против Ордена меченосцев
0003685.png	Саутуарк, Лондон, Великобритания (июнь 2004)
0003686.png	Лазерные исследования в России
0003687.png	Цинковые белила
0003688.png	Дядя Ваня
0003689.png	Сумгаит, Азербайджан
0003690.png	Туркреспублика в кольце фронтов Гражданской войны
0003691.png	Правовой статус
0003692.png	Василиск. Евтропий
0003693.png	Фильмы о терроризме
0003694.png	Рассел опубликовал свой парадокс в своей книге «» в 1903 году.
0003695.png	Уровень и характер оптических искажений (аберраций);
0003696.png	Примечания
0003697.png	Россия
0003698.png	В экологии
0003699.png	Ссылки
0003700.png	Примечания
0003701.png	«Выход в город»
0003702.png	Золотые монеты Российской империи для заграничных платежей
0003703.png	«Дикари Ойкумены» (в 3 книгах)
0003704.png	Кильватерное ускорение
0003705.png	Жертвы терактов в Пакистане
0003706.png	Сексуальная техника гетеросексуалов
0003707.png	История
0003708.png	Русские царевны из дома Романовых
0003709.png	Официальные праздники Чехии
0003710.png	Брешиа, Италия
0003711.png	Климат
0003712.png	Политическая структура
0003713.png	Обычно пустое множество обозначают как ,  или .
0003714.png	Динамика клонов, популяций и видов и эволюция
0003715.png	Карьера до Формулы-1
0003716.png	церковь христиан веры евангельской «Вифания»
0003717.png	Авторы учебников
0003718.png	Шанг Цалпа Цонгдру Драг, основатель Цалпа Кагью, одной из школ Кагью.
0003719.png	История
0003720.png	Подделка межсайтовых запросов в веб-приложениях
0003721.png	Биографы Суворова приводят следующее высказывание императрицы о его родителе:
0003722.png	Литература
0003723.png	Суданский университет науки и технологий
0003724.png	Необходимость терпения: .
0003725.png	сухой оргазм;
0003726.png	1990-е годы
0003727.png	Кардиоида имеет один касп.
0003728.png	30 марта
0003729.png	Самарская областная универсальная научная библиотека,
0003730.png	Джованни Баттиста Капорали
0003731.png	Литература
0003732.png	История
0003733.png	Вид со спутника
0003734.png	На различные дни января или февраля могут приходиться:
0003735.png	ОАО «Рослес»,
0003736.png	Члены Политбюро ЦК КПСС
0003737.png	Здания и сооружения Невского района
0003738.png	игрок затратил больше 30 с на подготовку для броска.
0003739.png	Ссылки
0003740.png	См. также
0003741.png	Свет вечный. Рассказ землемера, 1937
0003742.png	Награды, появившиеся в 1967 году
0003743.png	В 1179 году Генрих добился от Алиеноры передачи герцогского титула Ричарду.
0003744.png	Райс К. Классификация текстов и методы перевода
0003745.png	количественным: Семеро одного не ждут.
0003746.png	Первая мировая война. Служба в армии
0003747.png	спектрографирование
0003748.png	Это простые числа вида  для некоторого :
0003749.png	Царь: Анк Марций.
0003750.png	Алмазные знаки к ордену Святого апостола Андрея Первозванного (28.08.1829);
0003751.png	а на Устюжну на Железную отослати
0003752.png	Народный календарь восточных славян
0003753.png	Семья
0003754.png	условия для сквозного музыкального развития.
0003755.png	Злоупотребления Иоанна Безземельного
0003756.png	Заростил крест во белы груди,
0003757.png	Театральные режиссёры русского авангарда
0003758.png	Архиереи и монашествующие
0003759.png	Роса, выпадающая при ночном остывании воздуха; туманы.
0003760.png	Национальные домены верхнего уровня
0003761.png	Выработка
0003762.png	Просодия
0003763.png	Экономика
0003764.png	объединение:
0003765.png	Манипулирование
0003766.png	Энергетика
0003767.png	Победивший дракона (1902)
0003768.png	Через Черёху
0003769.png	Примечания
0003770.png	Хименко, Алексей Олегович (??.??.2023)
0003771.png	Фамилия
0003772.png	Министерство переписи населения и статистики Гонконга
0003773.png	Примечания
0003774.png	Квадрика
0003775.png	Мероприятия
0003776.png	Сочетания иероглифов
0003777.png	Этимология
0003778.png	Способы урегулирования рекламаций.
0003779.png	Полёты космических кораблей «Союз»
0003780.png	Предмет изучения
0003781.png	12 декабря
0003782.png	Водные виды спорта
0003783.png	Супруги монархов Неаполя
0003784.png	Памятник расположен на пересечении улиц Московской и Исайченко.
0003785.png	Магнетизм
0003786.png	Карьера
0003787.png	Косбенды и клубы
0003788.png	Американка Эллен Черч стала первой в мире стюардессой.
0003789.png	«Ильвес» (Тампере, Финляндия)
0003790.png	«НТН» 44 ТВК;
0003791.png	Основные
0003792.png	Католические: Джиминьяно, Джованни, Людовика, Марчелла.
0003793.png	Лингвогеография
0003794.png	Теория логистики
0003795.png	Змеиная символика
0003796.png	Операторы проводной связи в городе Домодедово:
0003797.png	Литература
0003798.png	«Письма духовной дочери Александре Орловой-Модель»:
0003799.png	Площадь имени Абуали ибн Сино
0003800.png	Железный крест 1-го класса (8 ноября 1916)
0003801.png	Право на труд
0003802.png	15 апреля
0003803.png	Персоналии, чья дата рождения не установлена
0003804.png	День знаний
0003805.png	Почётные доктора Чилийского университета
0003806.png	Полиграфия:
0003807.png	Примечания
0003808.png	Свойства:
0003809.png	Кошки в Библии
0003810.png	Статьи по психолингвистике на сайте по текстологии
0003811.png	Кроссплатформенное программное обеспечение
0003812.png	Трудности ликбеза и его итоги
0003813.png	Скончались
0003814.png	Ещё два музея расположены в Тотемском районе:
0003815.png	«Йоа»
0003816.png	В иудаизме синий цвет был представлен в ритуальном облачении Талит.
0003817.png	Предсказание в фантастике
0003818.png	Упразднённые городские поселения Нижегородской области
0003819.png	Первообразные
0003820.png	аналоговые;
0003821.png	Жёлтый клинок
0003822.png	Средства массовой информации
0003823.png	Белые хорваты
0003824.png	Завод «Тепловое оборудование»;
0003825.png	Список государств
0003826.png	См. также
0003827.png	История
0003828.png	(1972), 100 мин., Великобритания, Франция, Германия (ФРГ), Италия, Испания
0003829.png	Олег Фиалко, украинский кинорежиссёр и сценарист.
0003830.png	изобретательское;
0003831.png	Черниговская станция скорой помощи;
0003832.png	Выпускники Качинского высшего военного авиационного училища
0003833.png	Донской военно-исторический музей,
0003834.png	Железобетонные конструкции
0003835.png	Здания и сооружения Ходжавендского района
0003836.png	Почётные граждане Клина
0003837.png	Символика и форма
0003838.png	Кастуо
0003839.png	Археологические объекты
0003840.png	Генерал армии (28 апреля 1943 года);
0003841.png	В европейских институтах официально равноправно используются следующие языки:
0003842.png	Каналы
0003843.png	Писатели России по алфавиту
0003844.png	Опиатные рецепторы и эндогенные морфины: новый подход к исследованию мозга
0003845.png	Согласные
0003846.png	От выезда в Семён-день лошади смелеют, собаки добреют и не болеют.
0003847.png	Список космических аппаратов с рентгеновскими и гамма-детекторами на борту
0003848.png	Примечания
0003849.png	Способности
0003850.png	Физико-географическая характеристика
0003851.png	Реки Сырдарьинской области
0003852.png	Образовательные учреждения
0003853.png	Рекорды
0003854.png	Эдуард Левандовский
0003855.png	Проход во рту, по которому идет струя воздуха из легких, может быть:
0003856.png	Форма проведения соревнований и календарь
0003857.png	Изобразительное искусство СССР
0003858.png	Цилиндрические поверхности являются частным случаем линейчатых поверхностей.
0003859.png	Реформы Великого хана
0003860.png	Научная литература
0003861.png	восточная часть Челябинской области.
0003862.png	Творчество
0003863.png	Кафедра гражданского права и процесса
0003864.png	Епархия Ниневии
0003865.png	Преподаватели 1-й Московской гимназии
0003866.png	Цусима
0003867.png	Генеральные секретари ЦК КПСС
0003868.png	Гурьевский проезд
0003869.png	Города, награждённые орденом Октябрьской Революции
0003870.png	Население
0003871.png	Примечания
0003872.png	Спектакли СССР
0003873.png	См. статью: Родившиеся в Симбирской губернии
0003874.png	Старые Традиции
0003875.png	Изменения мозга
0003876.png	Албазино
0003877.png	Еврейский язык (идиш)
0003878.png	Вице-президенты Ирака
0003879.png	Производный финансовый инструмент
0003880.png	Примечания
0003881.png	Восстание горожан в Лондоне против королевской администрации и богатых горожан.
0003882.png	Союз ТМ-28
0003883.png	В январе 1997 года началась процедура банкротства швейной фабрики.
0003884.png	«Брошечка»
0003885.png	Василий Соколов (1954)
0003886.png	Тренеры по тхэквондо
0003887.png	В 2019 году завод выпускает различные модели коммерческих автомобилей:
0003888.png	Официальный сайт Губернатора Свердловской области
0003889.png	Другие страны
0003890.png	Сравнимые и несравнимые понятия
0003891.png	В различное время в Туруханск были сосланы:
0003892.png	Книга Бориса Акунина «Алмазная колесница» Том 1.
0003893.png	Договор Новгорода с германскими городами.
0003894.png	Литография
0003895.png	Римская республика
0003896.png	Запорожье;
0003897.png	Внешнее строение
0003898.png	Из выражения для умножения матриц Паули следуют также следующие соотношения:
0003899.png	Златоустовский техникум технологий и экономики.
0003900.png	«Иван Царевич и Серый Волк» (2011, озвучил Сергей Русскин)
0003901.png	Официальная Вики
0003902.png	Литература
0003903.png	Она также входит в запись закона Кулона (тоже в вакууме):
0003904.png	Биография
0003905.png	Транспорт
0003906.png	Балтийский завод (1940, 1985);
0003907.png	наука;
0003908.png	Космонавтика
0003909.png	Енисейские кыргызы
0003910.png	Выпускники историко-филологического факультета Санкт-Петербургского университета
0003911.png	Смерть
0003912.png	Вторая мировая война: нацистами уничтожено гетто в Пружанах.
0003913.png	Примечания
0003914.png	Добро в учении гр. Толстого и Ницше (философия и проповедь). СПб., 1900
0003915.png	Культура
0003916.png	Социал-демократическая партия России
0003917.png	Рау был членом синода Евангелической церкви Рейнланда.
0003918.png	Примечания
0003919.png	Праздники и памятные дни
0003920.png	Композиторы Италии
0003921.png	Музей Мадам Тюссо
0003922.png	См. также
0003923.png	Первый полёт самого большого в мире самолёта Ан-225 «Мрия».
0003924.png	Звукооператор: Евгений Нестеров
0003925.png	Недостатки простой линзы
0003926.png	Обозначает звуки  и .
0003927.png	Запрещена реклама табачных изделий.
0003928.png	Армяне в Грузии
0003929.png	Растениеводство
0003930.png	Героические мифы
0003931.png	Лауреаты премии «Небьюла»
0003932.png	Почётные граждане Ловеча
0003933.png	Городовиковский район
0003934.png	Ктулху в произведениях других писателей
0003935.png	Ярослав Мудрый (сторожевой корабль)
0003936.png	Разгром Яо Сяна тангутами.
0003937.png	Художники и литераторы в Тарусе
0003938.png	Дистрибутивность:
0003939.png	Рекомендации об именах собственных (1989)
0003940.png	Международное Рахманиновское общество г. Майами, Сан-Хосе
0003941.png	Литература
0003942.png	Родившиеся в 1519 году
0003943.png	См. также
0003944.png	Национальные стандарты управления проектами
0003945.png	Телепортация
0003946.png	Священноисповедники
0003947.png	Возвращение под российский флаг
0003948.png	Вожди
0003949.png	Барклай-де-Толли-Вейрман княжеский род и герб
0003950.png	Известные представители
0003951.png	Макропроцессор общего назначения
0003952.png	Командор ордена Льва Финляндии (Финляндия, 2006)
0003953.png	Чемпионы мира по снукеру
0003954.png	Литература
0003955.png	Историческая справка
0003956.png	Капрати
0003957.png	Примечания
0003958.png	Северо-Муйский тоннель БАМа;
0003959.png	принц Бхануран (англ.)
0003960.png	Формы и образы Кришны
0003961.png	Биография
0003962.png	Экономика
0003963.png	122-мм гаубица образца 1909 года
0003964.png	Персоналии:Императорский Санкт-Петербургский университет
0003965.png	Городской железнодорожный общественный транспорт
0003966.png	Дворянские роды, на гербах которых изображены подковы
0003967.png	Состояние верхней зоны печи (колошника)
0003968.png	Творческая манера Феофана Грека
0003969.png	Космология Средиземья
0003970.png	Фильмы о Второй мировой войне
0003971.png	См. также
0003972.png	Скончались
0003973.png	Политическое устройство
0003974.png	Текстильное (швейное) училище
0003975.png	Ссылки
0003976.png	Скончались
0003977.png	В 2019 году «Любэ» исполнилось 30 лет.
0003978.png	Орден «Знак Почёта» (1964)
0003979.png	Аллегоризм Пятикнижия
0003980.png	Стряпчий из жития
0003981.png	Дмитрия Рябинкина, улица
0003982.png	Акции
0003983.png	См. также
0003984.png	Из истории
0003985.png	Биография
0003986.png	Россия
0003987.png	Римское царство
0003988.png	Замысел
0003989.png	Пятигорск в Российской Федерации
0003990.png	Железнодорожный транспорт
0003991.png	Алгоритмы вычисления
0003992.png	Историческая
0003993.png	Убийство Жана Бесстрашного и договор в Труа
0003994.png	Появились в 1934 году в России
0003995.png	В «Видении Гюльви» о Вали сказано, что он отважен в бою и очень метко стреляет.
0003996.png	Журналы
0003997.png	Дикторы-сурдопереводчики программы «Время» (1987-91, позднее «Новости»)
0003998.png	Золотое кольцо России
0003999.png	Энциклопедии и справочники
0004000.png	подсветка синтаксиса в исходных текстах программ;
0004001.png	«Единородный Сыне» сочинено императором Юстинианом в 535 году,
0004002.png	Би-би-си Культура
0004003.png	Консулы Флавий Клавдий Антоний и Флавий Афраний Сиагрий.
0004004.png	Районные центры Краснодарского края
0004005.png	Изобретатели России
0004006.png	Экспериментальный подбор характеристик сети
0004007.png	Филип Густавссон (103-й общий)
0004008.png	с эфирами, амидами и алкилгалогенидами (гидролиз)
0004009.png	Кавказские письменности
0004010.png	Литературная премия имени Михаила Лермонтова
0004011.png	2-я Ватутинская улица
0004012.png	Национальная академия наук Азербайджана
0004013.png	Футбольный клуб «Аист»
0004014.png	иеродрама
0004015.png	Литературоведческая деятельность
0004016.png	Литература
0004017.png	ЗАО Страховая группа «Спасские ворота»
0004018.png	Славянка
0004019.png	Личность автора
0004020.png	Ченнинг Татум, американский актёр, продюсер и модель.
0004021.png	История
0004022.png	кафедра 406 «Радиофизика, антенны и микроволновая техника»
0004023.png	Билайн (ПАО «Вымпел-Коммуникации»)
0004024.png	Известные представители
0004025.png	Северо-восточный (),
0004026.png	Лауреат Нобелевской премии по физиологии и медицине (1908)
0004027.png	Андрей Аршавин
0004028.png	Архитектура
0004029.png	Природа
0004030.png	Часовой пояс
0004031.png	Александр Хабаров (2001)
0004032.png	Насильственный
0004033.png	Каллы (Ногу свело!)
0004034.png	! Буква !! МФА !! Произношение
0004035.png	Структура органов власти
0004036.png	почувствовать себя свободным от общественных стереотипов поведения;
0004037.png	Столицы республик России
0004038.png	память Теофила, епископа Кесарии Палестинской.
0004039.png	Северо-Восточный федеральный университет имени М. К. Аммосова
0004040.png	Вредители
0004041.png	Значения
0004042.png	С 1993
0004043.png	динамическое (психоанализ), которое основано на глубинной психологии;
0004044.png	В других областях
0004045.png	Медаль Джеймса Х. Муллигана мл. за образование
0004046.png	«О, дивный новый мир» и «Остров» Олдоса Хаксли;
0004047.png	Ссылки
0004048.png	Прокопьевский колледж искусств им. Хворостовского,
0004049.png	Испания и Португалия
0004050.png	Применение в медицине
0004051.png	История
0004052.png	Графический интерфейс пользователя
0004053.png	Президент Российского экологического Фонда «ТЕХЭКО».
0004054.png	Высшее образование
0004055.png	Таскаев, Роман Петрович (16.08.1992, 005)
0004056.png	Повесть Эрнеста Сетона-Томпсона «Королевская Аналостанка» (1915)
0004057.png	Персоны года
0004058.png	По свидетельству Эйнхарда, Карл
0004059.png	совершенные числа, для которых сумма собственных делителей равна самому числу.
0004060.png	Национальным языком Мальты является мальтийский.
0004061.png	Русские
0004062.png	Источниковедческий анализ;
0004063.png	Маскоты
0004064.png	день менструального цикла;
0004065.png	Структурное программирование
0004066.png	В честь генерала названа бухта на северо-востоке Камчатки.
0004067.png	«Горштыньский» (, 1835; опубликована 1881)
0004068.png	Инцентр
0004069.png	Линзы
0004070.png	История
0004071.png	Эпитеты и отождествления
0004072.png	Некоторые климатические данные по районным центрам Памира:
0004073.png	Ссылки
0004074.png	Композиторы по алфавиту
0004075.png	Умершие в 1827 году
0004076.png	Архивные кадры РИА-НОВОСТИ
0004077.png	Дополнительные:
0004078.png	Флаг города
0004079.png	Коллективный интеллект
0004080.png	Антонио Кальпе
0004081.png	Биография
0004082.png	54Воспринял Израиля, отрока Своего, воспомянув милость,
0004083.png	Употребление слов год и лет в пределах ста лет:
0004084.png	Топонимика
0004085.png	Ссылки
0004086.png	Уголовное преследование
0004087.png	Гений высокий сокрыт и прекрасные качества духа!
0004088.png	Для поставщика
0004089.png	Православие
0004090.png	Список синти-поп-исполнителей (англ.)
0004091.png	События
0004092.png	повышенная чувствительность к компонентам препарата;
0004093.png	«Дух, душа и тело»
0004094.png	Языки Индии по количеству носителей (список)
0004095.png	Стратегический успех и политическое поражение
0004096.png	Вахтовые автобусы
0004097.png	Памятники
0004098.png	Трактовки
0004099.png	Второе правительство Тимошенко
0004100.png	Белоруссия
0004101.png	присоединение небольших белков (сумоилирование и убиквитинирование).
0004102.png	Вертолёт Э. Эмишена первым пролетел по замкнутому маршруту в 1 км (Франция).
0004103.png	Красное смещение увеличивается с расстоянием
0004104.png	Хокимы
0004105.png	Согласно «Цзо чжуань», жуйский бо Вань схвачен циньцами в Жуй.
0004106.png	Выпускники Морского кадетского корпуса
0004107.png	Литература
0004108.png	Побочные эффекты
0004109.png	Виноград, красно зелёная моя!
0004110.png	Тетис
0004111.png	Приход к вершинам власти
0004112.png	Демография
0004113.png	Проектирование скоростного трамвая вместо метрополитена (с 2021)
0004114.png	Районная центральная больница,
0004115.png	летучести при нагревании,
0004116.png	Медаль «За трудовую доблесть» (29.08.1960)
0004117.png	«Сегодня вечером». Ванга
0004118.png	Алексей Кручёных. Отец зауми (2007)
0004119.png	Гуляйпольский завод лакокрасочных изделий, ООО.
0004120.png	Фильм
0004121.png	Биография, карьера
0004122.png	Томас Эдисон показывает свой первый фильм.
0004123.png	Совет директоров
0004124.png	Почта
0004125.png	Семья
0004126.png	2011 год
0004127.png	Источник
0004128.png	Ссылки
0004129.png	Венгрии
0004130.png	Мировые рекорды
0004131.png	Мутационная теория канцерогенеза
0004132.png	Шахматная школа
0004133.png	Литература
0004134.png	5-тактный роторный двигатель
0004135.png	Автомобилестроительные компании Германии
0004136.png	Служба при Борисе и Фёдоре Годуновых
0004137.png	Форма государственного правления
0004138.png	Векторный анализ
0004139.png	ЦНИИМАШ (включающий в себя Центр управления полётами).
0004140.png	Националисты Хорватии
0004141.png	Судимир
0004142.png	(в пер.)
0004143.png	Левзея, плоды
0004144.png	Альтернатива Фредгольма
0004145.png	1 «Центр образования»;
0004146.png	, Бургас;
0004147.png	со ссылкой на Шериф-ел-Идрисы упоминает сыновей Яфета (Иафета) Юнана и Мадая.
0004148.png	Позиционная система счисления
0004149.png	Сайт ИГЭУ
0004150.png	Города-побратимы
0004151.png	Дирижировал на премьере симфонии «Турангалилы» Оливье Мессиана (не записана).
0004152.png	Футболисты года в Южной Америке
0004153.png	Агата Кристи, "Убийство в «Восточном экспрессе» (1934).
0004154.png	«Арт-Союз»;
0004155.png	ослабление обороноспособности и безопасности Российской Федерации
0004156.png	Общая характеристика
0004157.png	Галлюцинации
0004158.png	Королевские выборы в Речи Посполитой
0004159.png	Драгуны
0004160.png	Сквер Луч
0004161.png	посёлок Сайда Губа.
0004162.png	Типы и виды лодок
0004163.png	Церковь Николая Чудотворца
0004164.png	«Большой свет»
0004165.png	Дроби
0004166.png	См. также
0004167.png	Сокровище жизни
0004168.png	Примечания
0004169.png	Известные уроженцы и жители
0004170.png	Взятие Бари арабами.
0004171.png	Планетезимальный сценарий образования
0004172.png	В историографии
0004173.png	Первый брак
0004174.png	Биография
0004175.png	Трофим Никомедийский
0004176.png	Для поля  выполняется свойство независимости интеграла от пути :
0004177.png	События
0004178.png	Настенные мозаики
0004179.png	Литература
0004180.png	Скончались
0004181.png	Иностранные награды:
0004182.png	См. также
0004183.png	Болезни зубов некариозного происхождения
0004184.png	Источники
0004185.png	Примечания
0004186.png	Огаки, Япония (1988)
0004187.png	Шатура,
0004188.png	Теория Редже в квантовой механике
0004189.png	Российско-американский центр библеистики и иудаики
0004190.png	1 и 2 блоки (дубльблок) Ровенской АЭС (Украина)
0004191.png	Правители
0004192.png	Композиторы-романтики
0004193.png	Ссылки
0004194.png	Православные богословы
0004195.png	Партизаны Греции
0004196.png	с 2009 года Томск, Россия
0004197.png	коррозия при полном погружении;
0004198.png	Театры
0004199.png	Моё Солнце (1997)
0004200.png	Революционеры России
0004201.png	Послы Российской империи в Османской империи
0004202.png	См. также
0004203.png	Процесс преподавания в Восточном институте
0004204.png	Реакция с сульфонилгалогенидами
0004205.png	Городской выставочный зал (картинная галерея и прикладное искусство);
0004206.png	Биография
0004207.png	См. также
0004208.png	Уездный город
0004209.png	В странах Юго-Восточной Азии
0004210.png	Биография
0004211.png	При отсутствии идентификатора сессии
0004212.png	Министры финансов Франции
0004213.png	Почётные доктора Гарвардского университета
0004214.png	Примечания
0004215.png	Римское царство
0004216.png	История
0004217.png	См. также
0004218.png	Роберт Шуман (р. 1810), немецкий композитор.
0004219.png	См. также
0004220.png	Эмбриологи Германии
0004221.png	Осипков Валерий Николаевич
0004222.png	Основные изменения:
0004223.png	Володарская поликлиника,
0004224.png	Ветеранские турниры
0004225.png	а также современными произведениями:
0004226.png	Литература
0004227.png	Гунны
0004228.png	Ссылки
0004229.png	Объёмы производства и потребления
0004230.png	Попечители Дерптского учебного округа
0004231.png	Экономика
0004232.png	Выпускники Киево-Могилянской академии
0004233.png	Транспорт
0004234.png	Системы классификации
0004235.png	В эмиграции
0004236.png	Марковский ФАМ
0004237.png	Аптекарский вес в романоязычных странах
0004238.png	Основные положения психоанализа заключаются в следующем:
0004239.png	Основное оборудование
0004240.png	Материалы для гравирования
0004241.png	Ссылки
0004242.png	Карфаген
0004243.png	Межконтинентальный кубок
0004244.png	Патологические процессы
0004245.png	Заслуженные профессора МГУ
0004246.png	Ранние годы
0004247.png	История
0004248.png	Литература
0004249.png	Русская православная церковь
0004250.png	Наличие межобмоточной, межслоевой и межвитковой ёмкостей
0004251.png	Поместный собор: интронизация патриарха Тихона 21 ноября (4 декабря) 1917 года;
0004252.png	Выпускники Одесского университета
0004253.png	Гипоксемия
0004254.png	Распределение и метаболизм
0004255.png	На 900 лет приходится 682 простых и 218 високосных годов.
0004256.png	Аврелий Виктор так писал об императоре:
0004257.png	Телесериалы телеканала Россия-1
0004258.png	Двор Сирвидаса
0004259.png	Населённые пункты Саратовской области
0004260.png	Преподаватели Кёнигсбергского университета
0004261.png	Эритропоэтин
0004262.png	, День работников газового хозяйства.
0004263.png	Руяне
0004264.png	Назначение и синтаксис
0004265.png	Священные книги
0004266.png	Биография Салмана Радуева на сайте РИА Новости
0004267.png	сэр Род Стюарт, британский певец и автор песен.
0004268.png	Считается, что этот дом находится в Нью-Йорке по адресу: улица Бедфорд, 90 ().
0004269.png	Реки Удмуртии
0004270.png	Загорьевская улица
0004271.png	История появления
0004272.png	Телешев, Николай Еремеевич
0004273.png	Пассажирская инфраструктура
0004274.png	Умершие в 1630-е годы
0004275.png	Крымские татары
0004276.png	Растительность
0004277.png	Анатолий Крутиков
0004278.png	правительственная библиотека
0004279.png	Франция
0004280.png	Споры со Смитсоновским институтом
0004281.png	Китай
0004282.png	На территории района расположена Кузедеевская липовая роща.
0004283.png	Память Святого Каэтана, покровителя рожениц.
0004284.png	Численность отрядов
0004285.png	Форма дипломатии
0004286.png	Раннее строительство
0004287.png	Балкарцы
0004288.png	Впервые упоминается город Амстердам, первоначально рыбачий посёлок.
0004289.png	Использование при переводе
0004290.png	Ссылки
0004291.png	Список улиц Гродно
0004292.png	Комплексный случай
0004293.png	Образование
0004294.png	Другие эффекты
0004295.png	Ссылки
0004296.png	В культуре и искусстве
0004297.png	Исходя из того, каким образом мы выбрали  и того, что , делаем вывод, что .
0004298.png	чашу гнева Божия (, , ).
0004299.png	26 апреля
0004300.png	Характеристики
0004301.png	законами Российской Федерации
0004302.png	Столицы исторических государств
0004303.png	Грамотность
0004304.png	История
0004305.png	Музеи
0004306.png	Россия
0004307.png	Вахиде Перчин, турецкая актриса театра и кино.
0004308.png	События
0004309.png	Ссылки
0004310.png	В преддверии «Культурной революции»
0004311.png	Сквер Тружеников тыла
0004312.png	Численность
0004313.png	Методы активного обучения
0004314.png	В Урае действуют:
0004315.png	География гроз
0004316.png	Бюро кадров
0004317.png	Полемика «научных креационистов» с эволюционистами
0004318.png	Торговля и сфера услуг
0004319.png	Астана, Казахстан
0004320.png	Старонемецкая
0004321.png	Пушниной давно уже мир удивляет,
0004322.png	Герцоги Бургундии
0004323.png	Наука и образование
0004324.png	Ссылки
0004325.png	Примечания
0004326.png	Персоналии:Кизический Введенский монастырь
0004327.png	Водный
0004328.png	Малышев, Юрий Васильевич ()
0004329.png	Вступление на престол
0004330.png	Ограничивать свободу собраний.
0004331.png	Кубок Лиги и Кубок чемпионов:
0004332.png	Эйлерова характеристика полиэдров
0004333.png	Четвёртая серия
0004334.png	Хью Александер так отзывался о вкладе Тьюринга:
0004335.png	Похороненные на Введенском кладбище
0004336.png	Кардинал Бики
0004337.png	Лауреаты премии Эйнштейна
0004338.png	Химические свойства
0004339.png	Православное богослужение
0004340.png	Казнён Олджернон Сидней. Многочисленные политические процессы в Англии.
0004341.png	Всего звания Героя Советского Союза дважды были удостоены 154 человека.
0004342.png	Память
0004343.png	Дружба с Давидом
0004344.png	Пониженное, по сравнению с корпусными ВВЭР, давление воды в первом контуре;
0004345.png	Память преподобного Иллирика Марсионского (Пелопоннесского), чудотворца;
0004346.png	Литература
0004347.png	полевой
0004348.png	Рубиновый Кубок
0004349.png	Гоша Вологодский «Котовский».
0004350.png	Бывшие столицы Армении
0004351.png	Товарищество производства фарфоровых и фаянсовых изделий М. С. Кузнецова
0004352.png	Религиозные деятели Египта
0004353.png	228 км: Демишка (в водном реестре река без названия, у с. Демихи) (пр)
0004354.png	Члены Американской академии искусств и наук
0004355.png	Морфология
0004356.png	Лаон.
0004357.png	Иванов Виталий Николаевич Режиссёр
0004358.png	специализируются на производстве мясо-молочной продукции.
0004359.png	Восстания в центральной России
0004360.png	18 июля:
0004361.png	Открытый космос, 4 серии, 2011
0004362.png	легальные
0004363.png	Литература
0004364.png	Ссылки
0004365.png	Административно страна разделена на 5 округов.
0004366.png	(в пер.)
0004367.png	Тайный игрок (фильм, 2012)
0004368.png	Авиакатастрофа под Учкудуком
0004369.png	Пришедшие к власти в 1995 году
0004370.png	Шепетовский (КВО, с 26.7.38 КОВО);
0004371.png	Садовая улица
0004372.png	Председатели Исполнительного комитета Ивано-Франковского областного Совета
0004373.png	Переводы
0004374.png	Садовнический переулок
0004375.png	Кандидаты в президенты Италии (1999)
0004376.png	Внешняя политика Туркменистана
0004377.png	Переводчики прозы и драматургии на немецкий язык
0004378.png	Выпускники Военного инженерно-космического университета им. А. Ф. Можайского
0004379.png	Бронзовая медаль ВДНХ СССР (1986)
0004380.png	Песни и альбомы
0004381.png	25 ноября 2013 года город Дивногорск встречал эстафету Олимпийского огня.
0004382.png	Индия
0004383.png	Почётные доктора Абердинского университета
0004384.png	Гладкие узлы являются ручными.
0004385.png	Турецко-курдский конфликт
0004386.png	Характеристика уровней безопасности ГАТТ
0004387.png	Репрессии
0004388.png	Юлюс, промышленник, эмигрировал в США.
0004389.png	Классификация семантических сетей
0004390.png	Сигнал для инсулина
0004391.png	Джанкойский проезд
0004392.png	Заводы «Азовсталь» и «ММК им. Ильича».
0004393.png	Биография
0004394.png	Рязанские генерал-губернаторы
0004395.png	Климат
0004396.png	Множество алгебраических чисел счётно, а следовательно, его мера равна нулю.
0004397.png	Министерство культуры России
0004398.png	Литература
0004399.png	«Аэрохолл», 6 кинозалов на 706 посадочных мест;
0004400.png	Примечания
0004401.png	Парадоксы ОТО, связанные с путешествиями во времени
0004402.png	Внешний вид
0004403.png	Уилсон Пикетт (р. 1941), американский певец, исполнитель ритм-энд-блюза.
0004404.png	Пути синтеза
0004405.png	Дипломатические и консульские представительства
0004406.png	Окский высоководный мост (Рязань)
0004407.png	Все здания и юниты имеют радиус обзора, дальше которого «видеть» они не могут;
0004408.png	Лейб-гвардии Преображенский полк
0004409.png	Умершие от инфаркта миокарда
0004410.png	Сельское хозяйство
0004411.png	Ссылки
0004412.png	Музыкальные коллективы 2000-х годов
0004413.png	Под вопросом: группа  и язык ;
0004414.png	Цветные фото г. Старица 1910-х гг. и современный вид тех же мест
0004415.png	Описание флага Балашихи после объединения с г. Железнодорожным:
0004416.png	Она помогает предотвратить деспотизм
0004417.png	Криво звучит, а не прямо.
0004418.png	Музеи
0004419.png	Озвучивание
0004420.png	Актёрские работы
0004421.png	Гражданская война в Сомали
0004422.png	Соединения
0004423.png	Ленинградский рок-клуб
0004424.png	Описание процесса пророчества у Кумской сивиллы содержится в «Энеиде» Вергилия:
0004425.png	Коническое сечение
0004426.png	Авиационный транспорт
0004427.png	Успенский мужской монастырь
0004428.png	пространственные
0004429.png	Гипертекст в литературе
0004430.png	Фотографии города Суздаль
0004431.png	Роспуск и возрождение 2014
0004432.png	Преподаватели Московской консерватории
0004433.png	общежития Окской судоверфи (Проезжая ул.),
0004434.png	Украина
0004435.png	Последние годы
0004436.png	Транспорт
0004437.png	Железная дорога
0004438.png	Преимущества и недостатки
0004439.png	спор о струне;
0004440.png	См. также
0004441.png	Религия
0004442.png	9-я (Канадзава)
0004443.png	Космические программы
0004444.png	умеренность (, софросюне).
0004445.png	Солнечная система
0004446.png	любой элемент из  имеет свой прообраз (сюръективность):
0004447.png	Прогноз
0004448.png	Творчество
0004449.png	Обеспечение высокого качества жизни больных.
0004450.png	Массовые беспорядки
0004451.png	См. также
0004452.png	Коммутативность:
0004453.png	Ссылки
0004454.png	Игроки ФК «Бока Хуниорс»
0004455.png	Примечания
0004456.png	Транслитерация русского алфавита латиницей
0004457.png	Спорт
0004458.png	управления Росрезерва
0004459.png	Западно-Уральский институт экономики и права (без аккредитации).
0004460.png	«Гласность в нашей стране есть. Но нас не слышат»
0004461.png	Интегральный секанс
0004462.png	Родились
0004463.png	Музей античности и собрание слепков.
0004464.png	Памятная доска на доме в Перми, где в 1918 году жил Михаил Александрович.
0004465.png	Общие сведения
0004466.png	Тараканов Никита Сурьянович - стряпчий (1658-1676).
0004467.png	Декоративно-прикладное искусство
0004468.png	1915: землетрясение в Марсике
0004469.png	Этиология и патогенез
0004470.png	Методы физиологии поведения
0004471.png	Во второй угольной яме более десяти мелких пробоин.
0004472.png	Немецкий гуманист Иоганн Рехлин.
0004473.png	Ближайший город: Несебыр.
0004474.png	Действительный государственный советник Российской Федерации 1 класса (2012).
0004475.png	Академические музыканты Германии
0004476.png	Княжеская резиденция
0004477.png	Переработка сельскохозяйственного сырья
0004478.png	Признание
0004479.png	Музей истории денег
0004480.png	Правление
0004481.png	Награды и почётные звания
0004482.png	Примечания
0004483.png	Балаковский завод минеральных наполнителей
0004484.png	Энергетиков (улица Суворова),
0004485.png	Опера Сан-Франциско
0004486.png	Популяризаторы науки
0004487.png	Носитель обобщённой функции
0004488.png	Петушок (Неделя в Туреневе) (1910)
0004489.png	11 ноября
0004490.png	В фильмах:
0004491.png	Фонология
0004492.png	См. также
0004493.png	Суммирующая машина
0004494.png	Сенаторы Российской империи
0004495.png	В современной истории
0004496.png	Основная статья Заратуштра
0004497.png	Казахстан в составе Российской империи
0004498.png	Хозяйственное использование
0004499.png	Свойства минералов
0004500.png	Тартар (соус)
0004501.png	Литература
0004502.png	250-летие города Боровичи
0004503.png	Памятники
0004504.png	Предшествующие события
0004505.png	Впервые напечатана купюра в 5 канадских долларов.
0004506.png	одна ПУ РН «Рокот» (пл. 133);
0004507.png	Количество вещества
0004508.png	Творчество
0004509.png	Радиотелефон
0004510.png	Орден Южного Креста (Бразилия)
0004511.png	Жилкование
0004512.png	Родились
0004513.png	Сочинения
0004514.png	Примечания
0004515.png	Иван Кузьмич, 1912
0004516.png	Художники-академисты
0004517.png	В январе 1921 года в Париже прошло совещание членов Учредительного собрания в
0004518.png	В астрономии
0004519.png	Рельеф Малопольского воеводства
0004520.png	«Сказание о Евпатии Коловрате» (художник Б. Пашков, студия «Диафильм», 1988)
0004521.png	Фотогалерея
0004522.png	Световые лучи и принцип Ферма
0004523.png	Областные центры Украины
0004524.png	Королевский Гвельфский орден, рыцарь большого креста (12.08.1815)
0004525.png	Орден Карла Маркса (ГДР)
0004526.png	Примечания
0004527.png	Сюжет
0004528.png	Церковный устав (типик) студийский
0004529.png	Русская православная церковь представлена храмами:
0004530.png	введение добавочного сопротивления в цепь якоря;
0004531.png	Состоит из:
0004532.png	1 крона (все монеты, выпущенные с 1875 года;);
0004533.png	Любое аффинное преобразование;
0004534.png	Харьковская епархия
0004535.png	Сиськи (2016)
0004536.png	Состав французских войск при Аустерлице
0004537.png	Финансы и кредит
0004538.png	История
0004539.png	Лингвисты Франции
0004540.png	Выпускники Вятской духовной семинарии
0004541.png	Тромбоцитопения
0004542.png	Стандарты Интернета
0004543.png	Часовой пояс
0004544.png	Механизм иммунного ответа
0004545.png	Примечания
0004546.png	Наследственность
0004547.png	Донецк
0004548.png	торжественное открытие Академии МВД СССР.
0004549.png	Уильям де Клиффорд (умер после 1198)
0004550.png	Образование
0004551.png	Издания
0004552.png	Гастроэзофагеальная рефлюксная болезнь
0004553.png	Короткометражные фильмы 1990-х годов
0004554.png	Исидор Шток (р. 1908), советский драматург и актёр.
0004555.png	Основными задачами Генерального штаба являются:
0004556.png	Гнилой Еланец
0004557.png	Транспорт
0004558.png	Примечания
0004559.png	Населённые пункты
0004560.png	Алираджпур (создан в 2008 году)
0004561.png	Вступил в силу новый Трудовой кодекс Российской Федерации.
0004562.png	1950-е
0004563.png	6 апреля
0004564.png	Административное устройство
0004565.png	См. также
0004566.png	Популярность
0004567.png	Примечания
0004568.png	Непосредственным насыщением титана азотом:
0004569.png	«Класс профессионалов»
0004570.png	Дармштадтское великогерцогское высшее техническое училище
0004571.png	Примечания
0004572.png	Чкаловское пехотное училище
0004573.png	Нема ли бел ден, нема ли
0004574.png	Печатные издания, закрытые в 2009 году
0004575.png	Районная библиотека
0004576.png	Примечания
0004577.png	Эльжбета
0004578.png	Яссер Сейраван, американский шахматист сирийского происхождения, гроссмейстер.
0004579.png	Лазерные материалы
0004580.png	Этимология
0004581.png	Памятник, скульптура
0004582.png	Университет КАЗГЮУ
0004583.png	Историческая реконструкция
0004584.png	Дневник академика Бориса Раушенбаха
0004585.png	Население
0004586.png	Казнённые в 1920 году
0004587.png	Клан Инь, Шао-бо, Мао-бо и ван-цзы Чао (царевич Чжао) бежали в Чу.
0004588.png	Юнкер-фельдфебель;
0004589.png	урартские надписи, выполненные главным образом клинописью.
0004590.png	Музыкально-теоретические сочинения и учебые пособия
0004591.png	Казнённые религиозные деятели
0004592.png	Каменные джунглиДоминико
0004593.png	Письменности семитского происхождения
0004594.png	Дрезденский зоологический музей
0004595.png	Персоналии:Боголюбово
0004596.png	Законодательство
0004597.png	Спорткомплекс «Заря»
0004598.png	Дочь - Стефания Шухратовна Аббасова, художница.
0004599.png	Климат
0004600.png	Геология
0004601.png	Китайские музыкальные инструменты
0004602.png	Драматурги Германии
0004603.png	обеспечивать своим клиентам наилучшие условия исполнения сделок;
0004604.png	Издания трудов
0004605.png	Транснациональный феминизм
0004606.png	См. также
0004607.png	Праздники и памятные дни
0004608.png	Ряды и последовательности
0004609.png	Факты
0004610.png	Географические термины
0004611.png	Аврора (Ирина Юдина)
0004612.png	В зависимости от целей деятельности:
0004613.png	Государственные деятели Франции
0004614.png	Фундаментальные науки (ФН)
0004615.png	Демонстрации по интерференции света
0004616.png	См. также
0004617.png	Хихин, Сергей Анатольевич (06.12.1993, 045)
0004618.png	Кафедра Естественнонаучных дисциплин и методики преподавания (ЕНДиМП)
0004619.png	Экономика
0004620.png	Курфюрсты Саксонии
0004621.png	Политические партии и общественные организации
0004622.png	Логические операции
0004623.png	13 июня
0004624.png	Секта
0004625.png	Земля Адели;
0004626.png	1890 Немецкий оптик Пауль Рудольф () сконструировал первый объектив анастигмат;
0004627.png	Вхождение Арголиды в Ахейский союз
0004628.png	Перевод чисел из одной системы счисления в другую
0004629.png	Сербский
0004630.png	Примечания
0004631.png	Даев переулок
0004632.png	Примечания
0004633.png	иностранные
0004634.png	Типы животных
0004635.png	Бенджамин Грэм разработал и использовал следующие подходы к инвестированию:
0004636.png	Улица Богдана Хмельницкого
0004637.png	Города воинской славы
0004638.png	Галерея
0004639.png	Морганатические супруги Романовых
0004640.png	Комментарии
0004641.png	История партии
0004642.png	Университет «Гунадарма» ()
0004643.png	Планы сторон
0004644.png	Внешняя политика
0004645.png	Местное применение
0004646.png	Политические партии
0004647.png	Переводные
0004648.png	Климат
0004649.png	1945 год в Крыму
0004650.png	Агнея
0004651.png	Родившиеся в Вентспилсском крае
0004652.png	Клуб 100 российских бомбардиров
0004653.png	Идеологии Российской империи
0004654.png	Население по оценке на 1 января 2015 года составляет 15 800 человек.
0004655.png	Несмотря на разнообразие форм, устроены самовары одинаково.
0004656.png	Партии труда
0004657.png	Служба за границей
0004658.png	Суздальский индустриально-гуманитарный колледж;
0004659.png	Ссылки
0004660.png	Компьютерное моделирование
0004661.png	Постоянное улучшение
0004662.png	Консулы Флавий Астирий и Флавий Флор(енций?) Роман Протоген.
0004663.png	Примечания
0004664.png	Зоя Николаевна Рождественская, советская певица.
0004665.png	1046 км: Ямашла (пр)
0004666.png	Президенты Союза филателистов России
0004667.png	Теперь предположим, что есть функционал
0004668.png	фортепиано
0004669.png	«Мгновенное» видообразование на основе полиплоидии
0004670.png	Нарочь (озеро)
0004671.png	Джордж Майкл,
0004672.png	Относится к додекаэдрам.
0004673.png	Этимология
0004674.png	В точности одно из чисел  и  делится на 3.
0004675.png	Мнения современников о Теодоре Драйзере
0004676.png	Литература
0004677.png	Литература
0004678.png	память преподобного Равулы (ок. 530);
0004679.png	Здесь на цветок я лёгкий опустилась
0004680.png	По степени участия во власти:
0004681.png	Тьеполо, Якопо
0004682.png	В современной культуре
0004683.png	Литература
0004684.png	Принятие Конституции Эфиопии.
0004685.png	Примечания
0004686.png	Планетные системы
0004687.png	«На круги своя»
0004688.png	Мы будем всегда беззаветно верны!
0004689.png	Цензура Инквизиции
0004690.png	Экономика
0004691.png	Примечания
0004692.png	ЛПДС «Хадыженская» (АО «Черномортранснефть»)
0004693.png	Повторяющиеся элементы
0004694.png	Примечания
0004695.png	Начало последовательности составных чисел ()::
0004696.png	Ассоциация онлайн-кинокритиков Нью-Йорка:
0004697.png	Медаль Ламме (упразднена в 2008 году)
0004698.png	газета «Известия»
0004699.png	Грунты и растительность
0004700.png	Тридцать лет вазовскому РПД
0004701.png	Примечания
0004702.png	Примечания
0004703.png	Синявинская улица;
0004704.png	Романы Великобритании
0004705.png	Нарушения сознания
0004706.png	Казнён Синдзэй (Фудзивара-но Митинори).
0004707.png	В 2016 году отказалась от награждения Орденом Почетного легиона
0004708.png	Многофотонный фотоэффект
0004709.png	Ссыльные в Томске
0004710.png	Горнохимическое сырьё (апатит, фосфаты, минеральные соли, барит, бораты и др.)
0004711.png	Канал «Россия 1»:
0004712.png	Ссылки
0004713.png	Средства пилотируемых космических полётов
0004714.png	В настоящее время в городе вещают следующие радиостанции:
0004715.png	Северная Америка
0004716.png	Космографы
0004717.png	Электронная почта
0004718.png	Следующие футболисты становились чемпионами Европы, являясь игроками «Аякса»:
0004719.png	История города
0004720.png	Словарь личных имён
0004721.png	потенциометрия
0004722.png	Праздники и памятные дни
0004723.png	Ссылки
0004724.png	Примечания
0004725.png	ООО «Нижегородский страус»
0004726.png	Памятник Победы (1975)
0004727.png	См. также
0004728.png	«Белый лотос»
0004729.png	Юристы Финляндии
0004730.png	4 января
0004731.png	Представления о духах-хозяевах есть в мифологиях и других народов.
0004732.png	гомотоксикология Ганс-Генриха Рекевега;
0004733.png	«Песенка строителей» (Э. Успенский)
0004734.png	Оригинальный саундтрек () Кэндзи Каваи к фильму «Авалон».
0004735.png	Первые доллары
0004736.png	Общие сведения
0004737.png	Площадь Стоявших насмерть
0004738.png	художник: Евгений Свидетелев
0004739.png	Пространство непрерывных функций
0004740.png	134 км: Аксай (Аксай) (пр)
0004741.png	Мимика
0004742.png	Прочее
0004743.png	Для работы с реляционными БД применяют реляционные СУБД.
0004744.png	Английский перевод (1859)
0004745.png	Рок-группы России
0004746.png	Народное движение на Польской Украине.
0004747.png	Окружение Афродиты
0004748.png	Военная форма
0004749.png	Берта
0004750.png	память праведного Иоанна Русского, исповедника (1730)
0004751.png	«О строении человеческого тела»
0004752.png	Сюйлиху.
0004753.png	Официальный сайт ОАО «Аэропорт Толмачёво»
0004754.png	Эта кодировка была официально принята в Татарстане в 1996 г.
0004755.png	Арифметика
0004756.png	Флаг Архангельска
0004757.png	См. также
0004758.png	Ряд топонимов:
0004759.png	Осло обслуживается тремя международными аэропортами:
0004760.png	Кевлин (король Уэссекса).
0004761.png	Умер 6 августа 2002 года после долгой борьбы с раком.
0004762.png	Литература
0004763.png	Владел английским, испанским и сербо-хорватским языками.
0004764.png	Д. Старикова и др.
0004765.png	Комментарии
0004766.png	Обзор
0004767.png	Происхождение Медузы
0004768.png	хонгодоры (вкл. аларские буряты)
0004769.png	Города Днепропетровской области
0004770.png	Премия Чарльза Старка Дрейпера (2007)
0004771.png	Шанцевый инструмент
0004772.png	Города-побратимы
0004773.png	Национальный политехнический университет Армении
0004774.png	Виды редиректоров:
0004775.png	Почётные граждане городов Узбекистана
0004776.png	линейные отделы МВД России,
0004777.png	4-кратный обладатель Кубка России: 2005, 2006, 2007, 2010
0004778.png	Примечания
0004779.png	Автоматическое регулирование парогенераторов
0004780.png	Обзоры и тесты ножей, форум. Боевые и Тактические ножи.
0004781.png	Магистр баллея ().
0004782.png	Отношения с Люксембургами
0004783.png	Доколониальный период
0004784.png	Примечания
0004785.png	Модальность
0004786.png	Металлургический завод «Электросталь»;
0004787.png	Руководители
0004788.png	Композиторы по алфавиту
0004789.png	Литература
0004790.png	Н. З. Гаджиева. Хазарский язык
0004791.png	Исторический аспект
0004792.png	Приматы
0004793.png	Академические музыканты России
0004794.png	Ведущие (градообразующие) предприятия:
0004795.png	Континентальный кубок. Третий раунд (1): 2011
0004796.png	Родились
0004797.png	(1980, Гаити).
0004798.png	Историческая основа сюжета
0004799.png	В народной медицине входит в состав набора ароматических трав для припарок.
0004800.png	Предпосылки
0004801.png	Города-побратимы
0004802.png	Претензии по тарификации роуминга данных
0004803.png	Немецкие поэты
0004804.png	Студийные альбомы
0004805.png	Христианские социалисты
0004806.png	27 июня
0004807.png	или, что по сути то же самое,
0004808.png	Архитектурные памятники
0004809.png	Профиль на сайте партии «Яблоко»
0004810.png	Лауреаты Анненбергской премии за выдающиеся достижения в дипломатии
0004811.png	Газеты
0004812.png	Строительство оборонительного вала на северной границе Пэкче.
0004813.png	Некоторые комсомольские СМИ на сайтах имеют информационные ленты.
0004814.png	Литература
0004815.png	Примечания
0004816.png	Настоящие время (с 2023)
0004817.png	иммунотерапия
0004818.png	Восточное Касаи
0004819.png	История развития
0004820.png	Литература
0004821.png	Аксиомы непрерывности
0004822.png	11 августа 1999 года (21 из 77);
0004823.png	Боги Земли склоняются в страхе перед ним,
0004824.png	Америка
0004825.png	Литература
0004826.png	Издания произведений Ксенофонта
0004827.png	Выбранные файлы могут быть просмотрены в браузере, в различных режимах:
0004828.png	В массовой культуре
0004829.png	Бытность императрицей
0004830.png	Театр
0004831.png	Улица Абовяна в Сочи.
0004832.png	Христианское богословие
0004833.png	Спорт
0004834.png	Станции Турксиба
0004835.png	Кандидаты в президенты Франции (2007)
0004836.png	Галле Фейс (1859)
0004837.png	ОУН и Крым
0004838.png	Примечания
0004839.png	Узбекские поэты
0004840.png	История, культура и искусство Древнего Рима
0004841.png	Чешско-венгерская ветвь Ягеллонов
0004842.png	Театр
0004843.png	См. также
0004844.png	Выпускники Казанского университета
0004845.png	Муниципальные образования
0004846.png	Примечания
0004847.png	Город является туристическим и культурно-деловым центром на Балтийском взморье.
0004848.png	См. также
0004849.png	3 сентября 2011 года в Коврове открыт памятник экскаватору.
0004850.png	Обретение независимости
0004851.png	Ключевые нововведения:
0004852.png	Тигильский район (юго-запад)
0004853.png	Графские роды
0004854.png	Ссылки
0004855.png	Косово
0004856.png	Ламия
0004857.png	История
0004858.png	История
0004859.png	Изобретатели Германии
0004860.png	вид основного материала, цветовой гаммы
0004861.png	Перезахороненные
0004862.png	Журналы универсального содержания
0004863.png	Официальный сайт муниципалитета
0004864.png	Улицы Советска
0004865.png	2-я легкотанковая бригада (223 БТ-7, 30 бронеавтомобилей (БА))
0004866.png	Мираж
0004867.png	Разное
0004868.png	Источники
0004869.png	Производители электробусов
0004870.png	Охрана окружающей среды
0004871.png	Дом восковых фигур (1953)
0004872.png	Примечания
0004873.png	Математика
0004874.png	Дополнительные интерфейсы
0004875.png	Нгуен Ван Хьен (р. 1954)
0004876.png	Биография
0004877.png	Государственное устройство
0004878.png	Грифоны и скифы
0004879.png	Биография на сайте выпускников СПбГУ
0004880.png	В мифологии татар вудашу соответствует дух су анасы.
0004881.png	В славянских традициях
0004882.png	Энтузиастов, 1-я улица
0004883.png	Взрывчатые вещества
0004884.png	См. также
0004885.png	Принцип работы
0004886.png	Переносы выходных и рабочих дней
0004887.png	Квазиэпиграфы
0004888.png	Свободное место на жёстком диске: 120 Мб
0004889.png	Камерно-инструментальные сочинения
0004890.png	В Британии закончено возведение Адрианова вала.
0004891.png	Философская логика
0004892.png	Политики Швейцарии
0004893.png	История искусств
0004894.png	Плистен из Элиды
0004895.png	Музей стекла
0004896.png	Гербы с шляхетскими коронами
0004897.png	Строки.
0004898.png	Родившиеся в 1817 году
0004899.png	Примечания
0004900.png	Ссылки
0004901.png	Примечания
0004902.png	185. Серафиму Вырицкому, прп.
0004903.png	Инженеры Германии
0004904.png	Динамитчик
0004905.png	Водохранилища Тверской области
0004906.png	Бомбардировка курдов турецкими ВВС в Ираке, 70 убитых.
0004907.png	Поведение
0004908.png	Выпускники Тульской гимназии
0004909.png	деревоперерабатывающая промышленность,
0004910.png	Ампула Грина. Повесть (2007)
0004911.png	Творчество как процесс (творческое мышление)
0004912.png	Компьютерная терминология
0004913.png	Список дворянских родов России, утративших княжеский титул.
0004914.png	обеспечить условия для работы и проживания.
0004915.png	13 км: Старая Вычегда (лв.)
0004916.png	Московский Художественный академический театр имени М. Горького
0004917.png	Химия
0004918.png	Ссылки
0004919.png	Кузя УО (1989)
0004920.png	Спорт
0004921.png	Население
0004922.png	Поти,
0004923.png	Заслуженный деятель искусств Российской Федерации (1996)
0004924.png	Примечания
0004925.png	Иудаизм
0004926.png	Члены Бунда
0004927.png	Писатели Германии
0004928.png	с векторным сложением, определённым как
0004929.png	Городской транспорт
0004930.png	Персоналии:Великий Новгород
0004931.png	Осознанные сновидения в научной периодике
0004932.png	Дискурсивное поле
0004933.png	События
0004934.png	Научная деятельность
0004935.png	Источники
0004936.png	Историки Дании
0004937.png	В составе Острожской Библии, 1581 год, с различных источников.
0004938.png	Шиянов Александр Акимович
0004939.png	Естественный спутник
0004940.png	Убийство
0004941.png	В России 4 октября отмечается День войск гражданской обороны.
0004942.png	Женщина
0004943.png	(Великобритания)
0004944.png	Боги по алфавиту
0004945.png	В ролях
0004946.png	Происхождение
0004947.png	Хронология пилотируемых космических полётов (1980-е)
0004948.png	Дракон
0004949.png	Примечания
0004950.png	Фальцовка
0004951.png	Автографы Сергея Довлатова на книгах, подаренных Виктору Некрасову; переписка
0004952.png	Авторы дневников
0004953.png	Матрикс
0004954.png	Этимология
0004955.png	Ганза
0004956.png	Австроазиатские языки
0004957.png	Католические: Девота
0004958.png	Климат
0004959.png	Православные: Исаакий (Исаак).
0004960.png	Федеральное министерство внутригерманских отношений
0004961.png	Синкретические учения
0004962.png	Сомбреро (1957)
0004963.png	Производство ПАВ из высших жирных спиртов
0004964.png	Депутаты Палаты представителей Бельгии
0004965.png	Европа
0004966.png	Примечания
0004967.png	Высшие учебные заведения:
0004968.png	Комментарии
0004969.png	Умлаут
0004970.png	Кандидаты на пост городского головы Киева (2008)
0004971.png	Кафедра профессионального обучения, экономики и общетехнических дисциплин
0004972.png	Озеро Смольное, пойменное.
0004973.png	. Соответствует любому единственному символу
0004974.png	Известные представители
0004975.png	Техника тренировок
0004976.png	К обеим частям сравнения можно прибавить одно и то же число :
0004977.png	Манама, Бахрейн (2000)
0004978.png	Остановочные пункты
0004979.png	Школьная улица (деревня Рассудово)
0004980.png	Примечания
0004981.png	Галерея
0004982.png	Рууд Гуллит, нидерландский футболист и футбольный тренер.
0004983.png	Горная владычица  (1907)
0004984.png	В филателии
0004985.png	Стадион
0004986.png	Литература
0004987.png	Эмоции и стресс
0004988.png	Родились
0004989.png	В Крымском ханстве существовала трёхступенчатая судебная система:
0004990.png	Исаак «О святой Троице и воплощении Господа»
0004991.png	Климат
0004992.png	Африканские традиционные религии
0004993.png	Премии
0004994.png	Ссылки
0004995.png	Населённые пункты
0004996.png	словарь переводческих терминов
0004997.png	Дистанция электроснабжения (ЭЧ-9)
0004998.png	Гостиница Гальперна
0004999.png	Примечания
0005000.png	орден Знамени (ВНР)
0005001.png	15 января
0005002.png	Германская империя
0005003.png	Люксембургский
0005004.png	-- свойства, описываемые здесь, являются видимыми для всех клиентов.
0005005.png	Манчестерский замок.
0005006.png	Издания-партнёры
0005007.png	«Религия в современной культуре» (1934),
0005008.png	Правительство
0005009.png	Сайт Московского научно-практического центра спортивной медицины.
0005010.png	Депутаты Государственной думы Российской Федерации от одномандатных округов
0005011.png	вначале следует создать базовый класс и нужное число подклассов;
0005012.png	Тиоколы
0005013.png	События
0005014.png	Интерлингвистика и искусственные языки
0005015.png	Примечания
0005016.png	Члены Американской академии искусств и наук
0005017.png	Комиссия правительства Российской Федерации по законопроектной деятельности
0005018.png	Стоимость почтовой марки может означать одно из трёх:
0005019.png	Препараты лития
0005020.png	Д. Л. Мордовцев. «Державный плотник» (исторический роман), 1895 год.
0005021.png	Международная деятельность
0005022.png	Водные ресурсы
0005023.png	Примечания
0005024.png	Прототипы литературных персонажей
0005025.png	Иудаистическая мифология
0005026.png	Политика реинвестирования дивидендов
0005027.png	Машинный перевод
0005028.png	Митьковский проезд
0005029.png	Карьера
0005030.png	Выпускники Первой Казанской гимназии
0005031.png	Музей АЗЛК;
0005032.png	Детские писатели по алфавиту
0005033.png	Русские православные церкви за пределами Российской империи
0005034.png	Раннее Средневековье
0005035.png	Германский и Северогерманский союзы
0005036.png	Скрипка
0005037.png	Ссылки
0005038.png	экспериментальной психологии;
0005039.png	Математики по алфавиту
0005040.png	Повреждение глаз
0005041.png	Сельцо Дмитровка
0005042.png	Его сочинения, рассеянные по разным рукописям, рассматривали следующие вопросы:
0005043.png	Экспериментальная история
0005044.png	Ударения в фамилиях Героев приведены по книге «».
0005045.png	Реакцией концентрированных пероксида водорода и серной кислоты:
0005046.png	Основные факты
0005047.png	Спряжение глаголов настоящего времени и будущего простого времени:
0005048.png	в микробиологической промышленности как сырьё для производства кормовых дрожжей.
0005049.png	Сентябрь
0005050.png	Наборы инструментов
0005051.png	Дарья Сагалова, российская актриса театра и кино, хореограф.
0005052.png	Съёмочная группа
0005053.png	Самолёт по имени Серёжка. Повесть (1993)
0005054.png	Лечение
0005055.png	Индонезия принята в ООН.
0005056.png	Официальными символами Чернушинского городского округа являются герб и флаг.
0005057.png	Института медико-биологических проблем Министерства здравоохранения СССР.
0005058.png	Объект изучения
0005059.png	Лечение нефротической формы хронического гломерулонефрита любой формы.
0005060.png	Луиза (озеро)
0005061.png	Культура
0005062.png	Педро (1394)
0005063.png	Космическая топонимика. Телесюжет. Телестудия Роскосмоса
0005064.png	Финалист: 2000
0005065.png	Гагарин. Первый в космосе (фильм)
0005066.png	Происхождение
0005067.png	Крейсеры УРО
0005068.png	Родились
0005069.png	Ромодановские Дворики
0005070.png	Механика твёрдого деформируемого тела
0005071.png	Войковский 2-й проезд
0005072.png	Примечания
0005073.png	Сексуальные предписания в религии
0005074.png	в Риме построен храм Януса.
0005075.png	События
0005076.png	Примечания
0005077.png	Начато производство грузового автомобиля ЗИЛ-4331.
0005078.png	Индустриального сельского хозяйства,
0005079.png	Флора Океании
0005080.png	поддержание кислотно-щелочного баланса,
0005081.png	Контакты с российским революционным движением
0005082.png	заряда
0005083.png	Общая структура полиграммы состоит из следующих компонентов:
0005084.png	Ссылки
0005085.png	Останкинский проезд
0005086.png	Члены КПСС
0005087.png	Карьера
0005088.png	Понимание Сиона в Библии
0005089.png	Первые шаги в Вене
0005090.png	Бавария в составе Веймарской республики
0005091.png	История
0005092.png	Литература
0005093.png	сопротивление
0005094.png	Автодороги
0005095.png	см. также См.: Родившиеся в Кондопоге
0005096.png	События
0005097.png	Макарьев день.
0005098.png	Досократики
0005099.png	По природе возникновения
0005100.png	Литература
0005101.png	Связанные определения
0005102.png	Литература
0005103.png	Ведется строительство Метрополитен Агры, будет две линии.
0005104.png	Бритва Хэнлона
0005105.png	Происхождение
0005106.png	Опцион
0005107.png	Эрнст Хейнкель (р. 1888), немецкий авиаконструктор.
0005108.png	Милош Обренович (ум. 1860), сербский князь, основатель династии Обреновичей.
0005109.png	отсутствие значительного сходства между армянским и грузинским алфавитами.
0005110.png	Ассоциированные государства
0005111.png	Объекты, названные в честь Юрия Андропова
0005112.png	Голубая бездна
0005113.png	Оперные композиторы России
0005114.png	Чины и звания
0005115.png	Населённые пункты Маловишерского района
0005116.png	Отцы-основатели США
0005117.png	Список языков
0005118.png	На русском языке
0005119.png	Ссылки
0005120.png	География
0005121.png	Влияние примеси газов на конденсацию
0005122.png	Город воинской и трудовой славы Старый Оскол;
0005123.png	Ссылки
0005124.png	Полнометражные фильмы:
0005125.png	Статьи
0005126.png	Научные основы неврологии
0005127.png	Классификация документов
0005128.png	Примечания
0005129.png	Деагол, хоббит нашедший кольцо
0005130.png	Революционные годы
0005131.png	Титул учтивости
0005132.png	Президиум Якутского научного центра СО РАН
0005133.png	Члены КПСС
0005134.png	Подземный «океан»
0005135.png	Антитеза
0005136.png	Робототехника и комплексная автоматизация (РК)
0005137.png	Расходы
0005138.png	Мебельная фабрика «Пасполини»;
0005139.png	Эди Седжвик
0005140.png	Библиотека Христианина ОЦХВЕ. Архив газет и журналов братства
0005141.png	Примечания
0005142.png	Википедия. Путь длиною в 20 лет. Дилетант
0005143.png	Исследования о Южной Азии
0005144.png	Список депутатских объединений
0005145.png	Примечания
0005146.png	Мемуаристы СССР
0005147.png	Биография
0005148.png	Примечания
0005149.png	«Романтические эпизоды» (10 пьес, 1962)
0005150.png	Советники президента Российской Федерации
0005151.png	Серозный (встречается чаще)
0005152.png	Примечания
0005153.png	Кризис феодализма, «открытие страны»
0005154.png	Биография
0005155.png	Музыкально-драматический театр.
0005156.png	Царь: Тарквиний Древний.
0005157.png	Электронная торговая площадка
0005158.png	Фотогалерея
0005159.png	Плоский мир
0005160.png	Эон (геология)
0005161.png	Институт электроэнергетики (ИЭЭ)
0005162.png	Образование
0005163.png	Ашёльская культура
0005164.png	В Петербурге
0005165.png	2008. Принята Конституция.
0005166.png	Запатентовано в 1894 году
0005167.png	Биография
0005168.png	Известные люди, связанные с районом
0005169.png	История
0005170.png	Ссылки
0005171.png	Испания
0005172.png	20 июня 2001 года в Узбекистане выпущена почтовая марка к 2500-летию Термеза.
0005173.png	Список национальных знаков воздушных судов, сообщённых государствами в ИКАО
0005174.png	Михалёв, Сергей Михайлович (2011)
0005175.png	Согласные
0005176.png	Фототермины
0005177.png	Кубок Президента Республики Татарстан по спортивному и боевому самбо
0005178.png	И говорю ей: как вы милы!
0005179.png	Утопия Панхейи
0005180.png	Примечания
0005181.png	Литература
0005182.png	Биологическая роль
0005183.png	Трансформаторы собственных нужд.
0005184.png	Переименованные населённые пункты России
0005185.png	Ссылки
0005186.png	1996 год в Бурунди
0005187.png	Примечания
0005188.png	Подростковая сексуальность
0005189.png	Прочие смежные организации
0005190.png	Освоение Арктики
0005191.png	Руководители
0005192.png	Биологические процессы во время полового акта
0005193.png	Депутаты Совета Союза от округов Латвийской ССР
0005194.png	Родившиеся в 1783 году
0005195.png	Средства массовой информации
0005196.png	Духовые музыкальные инструменты
0005197.png	Стадионы
0005198.png	Члены повстанческих правительств (январское восстание)
0005199.png	Биография
0005200.png	Михаил Казовский. «Дочка императрицы».
0005201.png	Центральный межрегиональный координационный совет (Москва).
0005202.png	Условия и сроки хранения
0005203.png	История
0005204.png	Применение селитр
0005205.png	Маннергеймы
0005206.png	Выпускники МГИАИ
0005207.png	Профессиональная обработка видеоматериалов;
0005208.png	Требования безопасности
0005209.png	В культуре
0005210.png	Победители Открытого чемпионата Австралии по теннису в мужском одиночном разряде
0005211.png	Женщины-политики Германии
0005212.png	Ссылки
0005213.png	Отец Евагрия был рукоположён святителем Василием Великим в хорепископа.
0005214.png	«Крузейро»
0005215.png	Проприетарные СУБД
0005216.png	Младшая ветвь от Бориса.
0005217.png	Архитектура
0005218.png	Экономическое значение
0005219.png	Служащие
0005220.png	и др. микроорганизмы:
0005221.png	На русском
0005222.png	Синтаксис:
0005223.png	четвертичная гляциогидрология.
0005224.png	Диагональные дебюты
0005225.png	Биография
0005226.png	Районные центры Саратовской области
0005227.png	сэр Томас Клиффорд
0005228.png	Гродзиский повет, Польша (2017)
0005229.png	Гуго (герцог Бургундии).
0005230.png	«Война и страсть» (1994, США)
0005231.png	Энтони Бёрджесс
0005232.png	Профессора Корнеллского университета
0005233.png	Аксиомы порядка:
0005234.png	Цикл из 4 статей Алексушина Г. В. в журнале «Таможня», июнь-сентябрь 2007:
0005235.png	Зеферин (папа римский)
0005236.png	Началось Грузинское восстание на острове Тексел.
0005237.png	Нервная система
0005238.png	ул. Молодёжная
0005239.png	Очистка от примесей газа
0005240.png	Подводный нож
0005241.png	251 км: прот. без названия (лв.)
0005242.png	Периодизация
0005243.png	Усадьба Спасское
0005244.png	ост. пункт 1067 км (посёлок Грозное),
0005245.png	Разведчики СССР
0005246.png	Ареал: Юго-восточная Европа, Африка, Передняя, Средняя и юго-западная Азия.
0005247.png	События
0005248.png	Храм Святого Николая.
0005249.png	Процентный доход
0005250.png	Низкое энергопотребление.
0005251.png	См. также
0005252.png	Следующая история известна как Дхарма-прашна (,  вопрос).
0005253.png	Источники
0005254.png	Итоги блокады
0005255.png	Признание и память
0005256.png	Ленкоранский уезд
0005257.png	Суд над Г. Семпронием, штраф 15 тыс. ассов.
0005258.png	Италия
0005259.png	Примечания
0005260.png	Запуски
0005261.png	Ссылки
0005262.png	История
0005263.png	в ампулах по 1 мл (0,3 мг) в упаковке по 50 ампул
0005264.png	Биография
0005265.png	Чистяков, Николай Николаевич (1950-1963);
0005266.png	485 км: Убик
0005267.png	Создание модели
0005268.png	С автоматически сгенерированным (бессмысленным) текстом.
0005269.png	Теракт в Могадишо (2019)
0005270.png	Биография
0005271.png	альфа-энтропия для , , .
0005272.png	Послы Российской империи в Великобритании
0005273.png	Царь: Анк Марций.
0005274.png	См. также
0005275.png	Споры о месте
0005276.png	Войска Роммеля вошли в Бенгази и захватили 1300 грузовиков.
0005277.png	Татский
0005278.png	Галлий является побочным продуктом в производстве алюминия.
0005279.png	Член Зала российской теннисной славы с 2011 года.
0005280.png	Не путать с родственным народом Эвены.
0005281.png	Андрей Большаков
0005282.png	2010-е
0005283.png	Перечин (Украина): 27 мая 2023.
0005284.png	Члены Американской академии искусств и литературы
0005285.png	бхикшу (бхикшуни)
0005286.png	Атлас автомобильных дорог Саратовской области. Саратов, 2000.
0005287.png	Литература
0005288.png	Мурманская область
0005289.png	Экспромт «Воспоминание о Бельтове и Любе» (1865)
0005290.png	Биография
0005291.png	Театр
0005292.png	Соревнования
0005293.png	Бирюков С. Року укор. М., 2003
0005294.png	Бестужев Михаил - воевода в Чернавском остроге (1659-1660).
0005295.png	Награждал орденами и медалями СССР, присваивал почётные звания СССР;
0005296.png	Корпуса Морского ведомства Российской империи
0005297.png	Совнарком издал декрет об уничтожении сословий и гражданских чинов.
0005298.png	Монархи, умершие в детстве
0005299.png	Кардиоида является частным случаем синусоидальной спирали
0005300.png	Советский период
0005301.png	Противники Исламской революции
0005302.png	Биография
0005303.png	Источники
0005304.png	Эзотерические
0005305.png	Консулы: Луций Эмилий Мамерк и Кезон Фабий Вибулан.
0005306.png	Римская Британия
0005307.png	Оставившие монашество
0005308.png	Примечания
0005309.png	травмы
0005310.png	Ссылки
0005311.png	События
0005312.png	События
0005313.png	Основные черты среднего диалекта
0005314.png	Фестиваль искусств «Киммерийские музы»
0005315.png	Плоты и многокорпусные суда
0005316.png	Египет и Судан
0005317.png	Босния и Герцеговина
0005318.png	Марк Аврелий. Наедине с собой. Размышления.
0005319.png	Навозники-землерои
0005320.png	Примечания
0005321.png	«Лифт к звёздам»
0005322.png	Примечания
0005323.png	Ефремовская амбулатория
0005324.png	Климат
0005325.png	Около Федула появляются бабочки-крапивницы, оживают Божьи коровки.
0005326.png	Орден Культуры 1 степени (август 1969, Афганистан);
0005327.png	Населённые пункты
0005328.png	Основная статья: Сиринга.
0005329.png	Войны
0005330.png	Важнейшие промышленные отрасли и предприятия города
0005331.png	Промискуитет
0005332.png	Железнодорожное сообщение
0005333.png	Табель о рангах
0005334.png	Основная статья: Национал-анархизм
0005335.png	Дмитровское шоссе
0005336.png	Строительство
0005337.png	См. также
0005338.png	Закон о гражданстве индейцев
0005339.png	НИКТИ тракторных и комбайновых двигателей
0005340.png	Герундий
0005341.png	Очерки комплексной логики. М., 2000.
0005342.png	Классификация гностических учений
0005343.png	Исследования на американском сегменте
0005344.png	Название
0005345.png	Также существует ряд альтернативных методов сокрытия информации:
0005346.png	Мажор
0005347.png	Литература
0005348.png	Югославия
0005349.png	Парадокс
0005350.png	Достопримечательности
0005351.png	Премии
0005352.png	Выпускники Стэнфордского университета
0005353.png	В средневековой культуре
0005354.png	Паисий
0005355.png	Материалы варисторов
0005356.png	увлажнение воздуха;
0005357.png	Примечания
0005358.png	Экономика Мексики
0005359.png	Политические партии Финляндии
0005360.png	Украинская ССР
0005361.png	Литература
0005362.png	Крайняя плоть Иисуса Христа
0005363.png	Порты
0005364.png	Топоним
0005365.png	Неоплатонизм представляет собой синтез:
0005366.png	Примечания
0005367.png	Эредия
0005368.png	Телепередачи АСС-ТВ
0005369.png	Симптомы или признаки, относящиеся к содержанию мыслительного процесса
0005370.png	Славянофилы
0005371.png	Также альдегиды взаимодействуют с илидами серы, давая оксираны ().
0005372.png	Депутаты Верховного Совета Кабардино-Балкарской АССР
0005373.png	Рельеф
0005374.png	Литература
0005375.png	Географы Чехии
0005376.png	Винтокрылы
0005377.png	Биосинтез
0005378.png	Выход по исключению или ошибке,
0005379.png	Церковь Святой Катарины (1297, в руинах)
0005380.png	Ганза
0005381.png	Примечания
0005382.png	История
0005383.png	Примечания
0005384.png	он является одной из важных эндогенных сигнальных молекул;
0005385.png	1290-е годы
0005386.png	Детская школа искусств
0005387.png	символ земных дел, которые находятся в постоянном движении.
0005388.png	Биография Ефима Боголюбова на сайте ФШР
0005389.png	25 ур;
0005390.png	География
0005391.png	Увековечение памяти
0005392.png	События
0005393.png	Энтони Бёрджесс (р. 1917), английский писатель.
0005394.png	Источники
0005395.png	Скончались
0005396.png	Репрессированные сотрудники НКВД
0005397.png	Превосходная степень образуется как синтетически, так и аналитически:
0005398.png	трепанация черепа и другие вмешательства в черепную коробку;
0005399.png	Два ордена «Знак Почёта»
0005400.png	Издательство «Русская Идея»
0005401.png	Хронология
0005402.png	С 1950 года Юньнань входит в состав Китайской Народной Республики.
0005403.png	Орлов, Валерий Маратович
0005404.png	Президенты, вступившие в должность в 2003 году
0005405.png	Ссылки
0005406.png	Савёловская Линия, улица
0005407.png	Грязные танцы 2: Гаванские ночи
0005408.png	Бытовые проблемы
0005409.png	Спортивные учреждения
0005410.png	Объединение Германии
0005411.png	См. также
0005412.png	Толкования и комментарии
0005413.png	Государственное устройство
0005414.png	Информация об Аддис-Абебы
0005415.png	Примечания
0005416.png	Административно-территориальное устройство
0005417.png	Резонанс в культуре
0005418.png	Магнитные носители
0005419.png	Литература
0005420.png	В литературе
0005421.png	Кавалер ордена Сельскохозяйственных заслуг
0005422.png	Сандинистская революция и гражданская война
0005423.png	Колледж «Туран»
0005424.png	Общественное достояние в Японии
0005425.png	Предприятия
0005426.png	Лингвогеография
0005427.png	Закон Республики Польша от 5 июня 1998 года «О местном самоуправлении повят»
0005428.png	Пол Тергат Грете Вайтц
0005429.png	Память мучеников Елпидифора, Дия, Вифония и Галика;
0005430.png	Транспорт
0005431.png	Интересные факты
0005432.png	ядерными;
0005433.png	Симферополь,  (2008)
0005434.png	Люберы
0005435.png	Советско-германские договоры 1939
0005436.png	Население
0005437.png	Виды тревожности
0005438.png	Население
0005439.png	Почётные доктора Политехнического университета Валенсии
0005440.png	Ядозубы
0005441.png	Дискография
0005442.png	Организации, основанные в 1993 году
0005443.png	Третий (первичный) уровень:
0005444.png	Город
0005445.png	Взятие под стражу
0005446.png	К общине Фридланд относятся 14 населённых пунктов ():
0005447.png	тай-лэ
0005448.png	Знаменитые люди
0005449.png	Владимир Малахов
0005450.png	Базы Московского авиационного института
0005451.png	Ирина Купченко, актриса театра и кино, народная артистка РСФСР.
0005452.png	Фильмы о роботах
0005453.png	Происхождение, ранние годы и образование
0005454.png	Описание герба
0005455.png	архимандрит Иоасаф (Журманов) (1922; подчинялся обновленческому ВЦУ)
0005456.png	Адаптация античной культуры в России
0005457.png	Преобразования тригонометрических уравнений
0005458.png	Ханкю (половинный лук) и юмия (стрелы)
0005459.png	Служба общей безопасности (Аль-Амн аль-Аам).
0005460.png	Населённые пункты с численностью населения более 5000 человек
0005461.png	Галерея
0005462.png	Духовные писатели
0005463.png	Восковая моль
0005464.png	Местное самоуправление
0005465.png	Смедеревская крепость (1428)
0005466.png	обструктивный тип;
0005467.png	Комментарии
0005468.png	Применение
0005469.png	Выпускники Мюнхенской академии художеств
0005470.png	Вспомогательная электроаппаратура
0005471.png	Каменная соль
0005472.png	Троичные триггеры
0005473.png	Новое Время
0005474.png	Февраль
0005475.png	называется функцией Дебая.
0005476.png	Алмазные знаки к Ордену Святого Александра Невского (1798)
0005477.png	Губернаторы
0005478.png	Джанни Моранди, итальянский певец и музыкант.
0005479.png	Гимн Чебоксар
0005480.png	Автобиография Кеннета Эрроу на сайте Нобелевской премии
0005481.png	Кострома
0005482.png	Мешок
0005483.png	Ахалкалакское землетрясение.
0005484.png	Эфталитская интервенция в Персию для поддержки Пероза.
0005485.png	Основные труды
0005486.png	Персонажи
0005487.png	Эрбиль, Ирак
0005488.png	Функции
0005489.png	Пример:
0005490.png	Министры внутренних дел Франции
0005491.png	Прочее
0005492.png	Таджикистан
0005493.png	Примечания
0005494.png	Изолятор временного содержания
0005495.png	Автодороги
0005496.png	Ссылки
0005497.png	В итоге расовый состав населения штата представлен следующим образом:
0005498.png	Гуам (наряду с чаморро)
0005499.png	Хананель бен Хушиэль
0005500.png	Выпускники Морского кадетского корпуса
0005501.png	Литература
0005502.png	Персонажи Михаила Салтыкова-Щедрина
0005503.png	История развития компании затрагивается в фильме «Пираты Силиконовой долины»
0005504.png	Географические названия
0005505.png	Министерство обороны Российской Федерации (Минобороны России);
0005506.png	Притоки
0005507.png	В фольклоре:
0005508.png	См. также
0005509.png	Стенографическая библиотека.
0005510.png	Современные названия языка
0005511.png	Ингибиторы в медицине
0005512.png	Культивирование микроорганизмов
0005513.png	Теоретическая электрохимия
0005514.png	Муюн Цзюнь
0005515.png	«Русский язык» Крижанича
0005516.png	Население
0005517.png	Клад на дне Галичского озера
0005518.png	Баркинг и Дагенем
0005519.png	Лазурная улица
0005520.png	Состояние других систем при заболеваниях органов пищеварения.
0005521.png	Онлайн СМИ «Евромисто»
0005522.png	Связь с реальными системами отсчёта
0005523.png	Примечания
0005524.png	Начертание
0005525.png	Макс Маллован (ум.1978), английский археолог, муж Агаты Кристи.
0005526.png	Гражданская война в Ливане
0005527.png	Борис Левинсон (р. 1919), режиссёр театра, актёр, народный артист России.
0005528.png	«Испорченный день»
0005529.png	Неудачное покушение на хана Шеигяня.
0005530.png	Факультеты
0005531.png	Первое правительство Тимошенко
0005532.png	Галерея современного искусства «Белая Лошадь»
0005533.png	реконструктивный;
0005534.png	Телеведущие канала «Радость моя»
0005535.png	Либертарианская теория
0005536.png	Применение
0005537.png	На эсперанто
0005538.png	Стела
0005539.png	Правило впервые описано Декартом в его труде «Геометрия» (1637).
0005540.png	Внутри этой зоны располагаются  неэквивалентных волновых векторов:
0005541.png	Кавалер саксонского военного ордена Святого Генриха (1810 год)
0005542.png	Синдром отмены
0005543.png	Златоустовский хлебокомбинат;
0005544.png	В нумизматике
0005545.png	Льва Яшина, улица
0005546.png	«Линия красоты» (Алан Холлингхёрст, 2004).
0005547.png	Академизм и реализм
0005548.png	Мнения
0005549.png	См. также
0005550.png	Москворецкая набережная
0005551.png	(страница 229, страница 231)
0005552.png	Примечания
0005553.png	Детская смертность:
0005554.png	Энни Пэррис, американская актриса.
0005555.png	Высшее образование
0005556.png	«Опасная шалость» (1954)
0005557.png	События
0005558.png	См. также
0005559.png	Халид Явад (Салах)
0005560.png	Фаленопсис
0005561.png	Фильмы-драмы Италии
0005562.png	Программа к.-д. партии, принятая в 1905 году.
0005563.png	Советский период
0005564.png	Литература
0005565.png	Спорт
0005566.png	«Не христианин и не раб,
0005567.png	Сюжет
0005568.png	(Ошенсайд и Эскондидо, США)
0005569.png	Вселенские соборы
0005570.png	Золотой Почётный знак «Общественное признание» (2003)
0005571.png	Танк КС
0005572.png	Метакогнитивные процессы
0005573.png	Период Мэйдзи
0005574.png	Томмазо Кампанелла
0005575.png	Животный мир
0005576.png	Доктора философии по философии
0005577.png	Рабочая улица
0005578.png	Другие значения
0005579.png	Ревизские сказки и дозорные книги Российской империи
0005580.png	Экономика
0005581.png	Примечания
0005582.png	кинорежиссёр Светлана Дружинина
0005583.png	Волоконно-оптическая связь
0005584.png	Ссылки
0005585.png	ГБУЗ «Тамбовская областная детская клиническая больница»
0005586.png	Международный конкурс молодых исполнителей «Новая волна»
0005587.png	вложенные функции;
0005588.png	Личность
0005589.png	Помимо этого, работает большое количество магазинов строительных материалов:
0005590.png	Похоронен в Москве на Долгопрудненском кладбище.
0005591.png	Свойства
0005592.png	Многопротокольная поддержка
0005593.png	тогда
0005594.png	Велесова книга
0005595.png	Скончались
0005596.png	Водохранилища Новосибирской области
0005597.png	Экономика и промышленность
0005598.png	Орден Святой Анны
0005599.png	Полуправильный многогранник
0005600.png	Московская аллея
0005601.png	Женское имя
0005602.png	Окциденталь
0005603.png	Постановление СНК «О порядке эвакуации населения в военное время».
0005604.png	Электродвигатель постоянного тока
0005605.png	Квадрика
0005606.png	Петровское заговенье
0005607.png	Электрические системы и системы телеметрии данных
0005608.png	Марри Роуз (ум. 2012), австралийский пловец, 4-кратный олимпийский чемпион
0005609.png	Сражения на территории Львовской области
0005610.png	Точечная группа
0005611.png	узловая,
0005612.png	События
0005613.png	Ссылки
0005614.png	Арабские философы Испании
0005615.png	Терри Бисон, американский писатель-фантаст.
0005616.png	Серебряный Олимпийский орден (2001)
0005617.png	Арболит
0005618.png	Южнотихоокеанский университет
0005619.png	В Японии началась война Минамото и Тайра.
0005620.png	158 км: река Раужа (лв)
0005621.png	События
0005622.png	Литература
0005623.png	Родились
0005624.png	Биография
0005625.png	Карамай, Китай.
0005626.png	наркотики или необходимые для выживания лекарства
0005627.png	Литература
0005628.png	Поход против половцев в 1185 году
0005629.png	Реки Тахара
0005630.png	Ньюри
0005631.png	Члены партии «Аманат»
0005632.png	Получение
0005633.png	Флагшток
0005634.png	Двор бегинок с церковью Св. Маргариты
0005635.png	Города на Оке
0005636.png	Влияние легирующих элементов
0005637.png	Графы Барселоны
0005638.png	Офицеры
0005639.png	Тетраборат натрия применяется:
0005640.png	назначен на должность инспектора духовных училищ Архангельска.
0005641.png	Источники
0005642.png	В других системах счисления
0005643.png	Обухов, Сергей Павлович
0005644.png	Персоналии
0005645.png	Спорт
0005646.png	Ссылки
0005647.png	Ориген
0005648.png	Литература
0005649.png	Дом аспиранта и стажёра МГУ (ДАС МГУ)
0005650.png	Архитектура, достопримечательности и памятники
0005651.png	Ссылки
0005652.png	система библиотек-филиалов;
0005653.png	Топология
0005654.png	Этимология
0005655.png	Фотографические техники
0005656.png	Тоом-Кооли
0005657.png	персональных архиепископов, которым этот титул присваивается Папой персонально;
0005658.png	Преподаватели Уральского юридического университета
0005659.png	Осетино-ингушский конфликт
0005660.png	Геннадий Короткевич, многократный чемпион турниров по программированию
0005661.png	Преподобные Русской Церкви
0005662.png	Другое:
0005663.png	Пояс Койпера
0005664.png	Древний и раннесредневековый Ташкент
0005665.png	Монархи, попавшие в плен
0005666.png	инстилляция
0005667.png	часть России
0005668.png	Музеи
0005669.png	Ссылки
0005670.png	Стадион «Спартак»
0005671.png	Появились в 1949 году в России
0005672.png	Радио
0005673.png	Медаль имени академика В. П. Макеева Федерации космонавтики России
0005674.png	Отношения основных подгрупп рыб представлены ниже:
0005675.png	Клипы
0005676.png	Фамилия
0005677.png	Архитектура и изобразительное искусство
0005678.png	Александровская колонна.
0005679.png	Противообледенительные системы
0005680.png	Средства разработки ПО
0005681.png	Преподаватели Нижегородского государственного университета
0005682.png	История Берлина
0005683.png	Часто задаваемые вопросы про Квавар
0005684.png	Классическая механика
0005685.png	Доработано и опубликовано посмертно:
0005686.png	Дорожные войска
0005687.png	орден Ленина;
0005688.png	Ссылки
0005689.png	Великие мастера ВВФ
0005690.png	Примеры
0005691.png	«Наше будущее» (1931)
0005692.png	Наиболее известные спортивные команды Тульской области:
0005693.png	Транспорт
0005694.png	949 км: Тунуй
0005695.png	На территории района располагаются четыре станции московского метрополитена:
0005696.png	Консулы Публий Катий Сабин и Публий Корнелий Ануллин.
0005697.png	Население
0005698.png	187 км: руч. Медяна (пр.)
0005699.png	Шарошпатак,  Венгрия
0005700.png	Искренность, обязательно присущую всем боевым техникам,
0005701.png	Поражение иезуитов в Парагвае.
0005702.png	Музей
0005703.png	Консулы Северин Юниор и Флавий Аппалий Илл Трокунд.
0005704.png	8: Бело-синий
0005705.png	В структуре леса преобладают хвойные леса.
0005706.png	Танванхэ
0005707.png	Для бесконечно малого приращения угла  справедливо:
0005708.png	В качестве восстановителя
0005709.png	Остеоартрит
0005710.png	330-е годы
0005711.png	Из учеников Глазунова наиболее известен Дмитрий Шостакович.
0005712.png	Литература
0005713.png	Основные дисциплины зоологии, выделяемые по задачам исследования:
0005714.png	Характеристика персонажа
0005715.png	См. также
0005716.png	Калязин
0005717.png	Внутри города действует 22 автобусных маршрута.
0005718.png	База знаний
0005719.png	Его отвергли: Астерия (версия), Гестия, Коронида (ставшая вороной), Фетида.
0005720.png	Гней Помпей Трог сообщает следующее:
0005721.png	Публикации
0005722.png	Дмитрий Ерофеевич
0005723.png	Эстетики
0005724.png	Библиография
0005725.png	Топонимы
0005726.png	полулунная кость () (2 кости);
0005727.png	Муниципальные образования Туруханского района
0005728.png	Щёлковский Совет избирателей
0005729.png	Почётный гражданин Лиона ()
0005730.png	Писатели Российской империи
0005731.png	Критерии
0005732.png	Осенью цзюйцы уничтожили княжество Цзэн.
0005733.png	Информационный сайт Сорренто
0005734.png	Степанов, Виктор Николаевич
0005735.png	Отравившийся будет вечно пить свою отраву.
0005736.png	Участники Семилетней войны
0005737.png	Английские войска сожгли шотландский город Абердин.
0005738.png	Судьба на Древнем Востоке
0005739.png	Определить модель установленной материнской платы можно
0005740.png	Археологические артефакты
0005741.png	Маркетинг
0005742.png	Образовано Великое герцогство Гессен.
0005743.png	Фотогалерея
0005744.png	Достопримечательности
0005745.png	Томас Харботл. Битвы мировой истории
0005746.png	Страница протокола на сайте РКИК
0005747.png	Небольшой парк на окраине города с криницей
0005748.png	Получение
0005749.png	Перевод на русский язык:
0005750.png	Архитектура города
0005751.png	Террористические акты 1972 года
0005752.png	Мемуаристы СССР
0005753.png	Благовещенский монастырь (Муром)
0005754.png	Подстановка обратно в () приводит к
0005755.png	Универсальные классификации и порождающая фонология
0005756.png	Раса (ведийская река)
0005757.png	Лекарственные препараты (НПВС, цитостатики, мерказолил, анальгин, левомицетин).
0005758.png	Персоналии:Свияжский Успенский монастырь
0005759.png	Сентябрь
0005760.png	Ссылки
0005761.png	Королевские выборы в Речи Посполитой
0005762.png	Примечания
0005763.png	Ланкина Ирина Геннадьевна
0005764.png	Именины
0005765.png	Реки Пардубицкого края
0005766.png	Убийство. Завещание
0005767.png	Суворовские купальни у станицы Суворовская,
0005768.png	Литература
0005769.png	Акупунктура (иглоукалывание) и традиционная китайская медицина;
0005770.png	Представления
0005771.png	Ссылки
0005772.png	Примечания
0005773.png	Римские короли
0005774.png	Мужчины
0005775.png	Круг площадью в  имеет радиус около .
0005776.png	Древнегреческие морские боги
0005777.png	Прочее
0005778.png	В математике:
0005779.png	Найк-Зевс
0005780.png	Работоспособность и предполагаемая дальнейшая судьба аппарата
0005781.png	Фильмы о Хармсе
0005782.png	Биофортификация
0005783.png	Примечания
0005784.png	Суд и приговор
0005785.png	Примечания
0005786.png	Независимость
0005787.png	Вариации
0005788.png	Спектроскопия ядерного магнитного резонанса ЯМР.
0005789.png	Грузовой комплекс
0005790.png	Народное собрание
0005791.png	Оргстекло
0005792.png	Гадюка (1928)
0005793.png	Литература
0005794.png	Технологии электроники
0005795.png	Транзитивность. Для любых
0005796.png	описывает рассеяние двух электронов: , и включает каналы  и  Мандельштама.
0005797.png	История
0005798.png	Известные работы
0005799.png	Выпускники Кентерберийской школы (Коннектикут)
0005800.png	Португальский Орден Христа, большой крест ()
0005801.png	Скульптура «Флейтист» на центральной набережной, в начале ул. Садовая;
0005802.png	Сайт Витебского областного исполнительного комитета
0005803.png	История
0005804.png	Плей-офф
0005805.png	Растениями и бактериями лизин синтезируется из аспартата.
0005806.png	Появились в 1918 году
0005807.png	В экранизациях
0005808.png	Родились
0005809.png	Производство безалкогольных газированных напитков (ООО «НПО Славичъ»)
0005810.png	встроенную вспышку;
0005811.png	Мемуаристы русского зарубежья
0005812.png	Примечания
0005813.png	В 1923 выслан в Москву без права выезда, жил в Москве до 1925 года.
0005814.png	Отождествление вандалов с поляками и русскими
0005815.png	Некрасоведы
0005816.png	Скончались
0005817.png	Вооружённые силы Югославии
0005818.png	Единственный в СКФО рыбоперерабатывающий завод «Моё Море»
0005819.png	Типы баз данных
0005820.png	Домбаровский район,
0005821.png	Персоналии:Шадринск
0005822.png	«Индиана Джонс и храм судьбы» (1984)
0005823.png	Примечания
0005824.png	См. также
0005825.png	Майлз Теллер, американский актёр.
0005826.png	ТПХВ (Передвижники) на сайте ТПХВ.РУ
0005827.png	Примечания
0005828.png	Раскол и разделение направлений
0005829.png	Царь: Анк Марций.
0005830.png	Вред, наносимый животным и птицам
0005831.png	Примечания
0005832.png	Для газовых плит, водогрейных колонок в пищевой промышленности.
0005833.png	См. также
0005834.png	Королевский венгерский орден Святого Стефана, большой крест (1852)
0005835.png	Русское физико-химическое общество
0005836.png	Собрание сочинений
0005837.png	Художники Франции
0005838.png	Кислосодержащие соединения и др.
0005839.png	Разновидности
0005840.png	Посвящение автора
0005841.png	Умершие от бокового амиотрофического склероза
0005842.png	Ханинка;
0005843.png	Избранная библиография
0005844.png	Участие в Великой Отечественной войне
0005845.png	Наружный поворот головки
0005846.png	хронический колит
0005847.png	Затинная пищаль
0005848.png	Клещевой энцефалит (весенне-летний, таёжный)
0005849.png	240 км: Чеба
0005850.png	Берлинский кафедральный собор (Берлин, Германия)
0005851.png	Том 1.
0005852.png	Установлены дипломатические отношения между Азербайджаном и Саудовской Аравией.
0005853.png	Киновоплощения
0005854.png	Обитель Сергия Радонежского. На последнем рубеже. К 700 летию святого
0005855.png	Официальный сайт
0005856.png	Хорошо играет на скрипке.
0005857.png	30 июня
0005858.png	Биография
0005859.png	Город входит в перечень исторических поселений России.
0005860.png	Примечания
0005861.png	усилительные частицы (даже, ни, же, ведь, уж, всё-таки, всё);
0005862.png	сценарий фильма «Однажды летом» (1936);
0005863.png	Россия
0005864.png	Выпускники Российского государственного педагогического университета
0005865.png	Мемуаристы СССР
0005866.png	Весной луский князь вернулся со съезда.
0005867.png	Николай Гартвиг
0005868.png	Примечания
0005869.png	ВНИКиПТИ органических удобрений и торфа
0005870.png	Название
0005871.png	Звезда
0005872.png	Екатерина Горина, российская актриса, колумнистка и писательница.
0005873.png	Заключение
0005874.png	Памятник Святому князю Александру Невскому. Установлен 12 июня 2022 года.
0005875.png	Отдавали мы жизни свои.
0005876.png	Память
0005877.png	Фотографии
0005878.png	Сборная Аргентины
0005879.png	Примечания
0005880.png	Учебная трасса
0005881.png	Литература
0005882.png	См. также
0005883.png	Август (1885)
0005884.png	Карманный словарь атеиста
0005885.png	Технология
0005886.png	В Марселе и его окрестностях снимался фильм «22 пули».
0005887.png	«Императорский курьер»
0005888.png	Сигналы, обозначающие морскую фауну
0005889.png	Отличия от газообразного состояния
0005890.png	Информация с сайта Нобелевского комитета
0005891.png	Орбиты
0005892.png	Посольство эфталитов в Лян.
0005893.png	216 км: река Сия
0005894.png	Минину и Пожарскому
0005895.png	Происхождение
0005896.png	Участники Кавказской войны
0005897.png	ликвидность банковской системы;
0005898.png	См. также
0005899.png	Айртон
0005900.png	Сайт, посвящённый Договору о свободной ассоциации
0005901.png	Дело Норриса
0005902.png	Аксиоматика целых чисел
0005903.png	Награды и звания
0005904.png	Месторождения
0005905.png	Основные положения Великой хартии вольностей в первоначальной редакции
0005906.png	Космогония
0005907.png	Президент США Франклин Рузвельт осуждает СССР за агрессию против Финляндии.
0005908.png	Терминология и схожие понятия
0005909.png	В искусстве
0005910.png	Демография
0005911.png	Различают революции:
0005912.png	Разрешается движение налево
0005913.png	братья Дилан и Коул Спраус, американские актёры.
0005914.png	Родившиеся в Бахмутском уезде
0005915.png	Примечания
0005916.png	Похоронен на Литераторских мостках на Волковском кладбище Санкт-Петербурга.
0005917.png	История
0005918.png	Токамак
0005919.png	Отличия паркура от фрирана
0005920.png	Музей Карельского фронта;
0005921.png	Членство в организациях
0005922.png	«Таппара» (Тампере, Финляндия)
0005923.png	Хоккейный клуб «Тамбов»
0005924.png	Переводы
0005925.png	Ссылки
0005926.png	Название
0005927.png	Включение ТЕОС и территорий в состав районов
0005928.png	Маскировка
0005929.png	Антигравитация
0005930.png	Также планируется соорудить мост или тоннель на Сахалин.
0005931.png	Баротравмы трахеи и лёгких
0005932.png	Боги по алфавиту
0005933.png	Декоративнолистные комнатные растения
0005934.png	Родились
0005935.png	Финансы
0005936.png	Астрофизм
0005937.png	Всемирная выставка 1900 года
0005938.png	Дворец культуры «Аскольд».
0005939.png	Экономика
0005940.png	Примечания
0005941.png	ТДК (Телевизионный Дамский Клуб)
0005942.png	Православные: Герман, Иван, Кир, Павел, Сергей.
0005943.png	Переходная зона
0005944.png	Русские поэты
0005945.png	орден Ленина (1975)
0005946.png	Орден Святого Станислава 2-й степени (1864)
0005947.png	Адмирал Нейсмит
0005948.png	Требования к квалификации ректора
0005949.png	Александр Кибалко,
0005950.png	Король оставил Рабат столицей.
0005951.png	Служебный отсек
0005952.png	Во время правления Александра Македонского
0005953.png	В культуре
0005954.png	Примеры сопок
0005955.png	«Электроника-305»
0005956.png	Белорусский фронт
0005957.png	Биоблокада и фукамизация
0005958.png	Скончались
0005959.png	Дробная производная
0005960.png	Предыстория Второй мировой войны
0005961.png	Григорий Петников (р. 1894), русский советский поэт, переводчик, издатель.
0005962.png	Херсонская телебашня
0005963.png	См. также: :Категория:Умершие в 1182 году
0005964.png	Пневмосистема
0005965.png	Транспорт
0005966.png	См. также: :Категория:Умершие в 1416 году
0005967.png	Либерия,
0005968.png	Городской транспорт
0005969.png	Название
0005970.png	Диана Морозова, российская актриса театра и кино.
0005971.png	Библиография
0005972.png	Земля-снежок
0005973.png	26 дошкольных учебных заведений.
0005974.png	Примечания
0005975.png	Примечания
0005976.png	Действия в Альпах
0005977.png	См. также
0005978.png	Археологические объекты
0005979.png	Статьи и публикации
0005980.png	Ураганы Катрина и Ида
0005981.png	Общие сведения
0005982.png	Татьяна Морозова (с 2003 года)
0005983.png	Ворскла
0005984.png	Орден Государственного Знамени ВНР (5 апреля 1971, ВНР).
0005985.png	Фотогалерея
0005986.png	Поэзия
0005987.png	Православие
0005988.png	Органисты Германии
0005989.png	Воинские звания
0005990.png	Южный Треугольник
0005991.png	Хиазм
0005992.png	26 февраля 2020 года объявила о завершении спортивной карьеры.
0005993.png	Литература
0005994.png	Критика
0005995.png	Консулы Флавий Проб и Флавий Тавр Клементин Армоний Клементий.
0005996.png	Малый Мартиник
0005997.png	Ячейки разделяются по строению на несколько типов:
0005998.png	Римской империи приходится вести войну с аланами.
0005999.png	Камский институт (Камская Академия)
0006000.png	Писатели-путешественники
0006001.png	Биография на сайте «Хронос»
0006002.png	Культура
0006003.png	Хулио Кортасар, летопись жизни и творчества
0006004.png	Антигестагены
0006005.png	История мормонизма
0006006.png	Руководитель глобальной коммерческой деятельности: Кристиан Парслоу
0006007.png	Большой Гнездниковский переулок
0006008.png	движимое имущество
0006009.png	ОКАТО
0006010.png	Медаль «За труды по первой всеобщей переписи населения» (22.04.1897)
0006011.png	«Катастройка» и 1990-е годы
0006012.png	Аксиомы:
0006013.png	Население
0006014.png	«Мероприятия для путешественников» («Фи тадбир ал-мусофирин»).
0006015.png	Спорт
0006016.png	Заряд Нётер также используется при вычислении энтропии стационарных чёрных дыр.
0006017.png	Члены партии «Народный фронт Азербайджана»
0006018.png	Россия
0006019.png	7 ноября
0006020.png	Появились в 1825 году
0006021.png	Жидкое топливо
0006022.png	Мемуаристы Франции
0006023.png	Литература
0006024.png	Кадет (02.1773).
0006025.png	Когнитивный диссонанс
0006026.png	4 концерта для валторны с оркестром (два утрачены)
0006027.png	Лютеранство
0006028.png	Другое
0006029.png	Общая топология
0006030.png	Гора на Огненной Земле
0006031.png	Герб Шклова относится к историко-культурным памятникам Республики Беларусь.
0006032.png	Умершие от сердечной недостаточности
0006033.png	Центральная усадьба заповедника «Болоньский».
0006034.png	Киевский переулок
0006035.png	Голованы
0006036.png	См. также
0006037.png	Сценарии мультфильмов
0006038.png	Похороненные в Новодевичьем монастыре
0006039.png	Члены Гёттингенской академии наук
0006040.png	Алессо (Алессандро Линдблад), шведский диджей и музыкальный продюсер.
0006041.png	Обхождения апостольские
0006042.png	Альтернативные методы вычисления
0006043.png	История паровоза началась с изобретения первого парового двигателя.
0006044.png	Сульфохлорирование (реакция Рида)
0006045.png	См. также
0006046.png	Рупия германских владений
0006047.png	Применение эмульсий
0006048.png	Биография
0006049.png	Актёры Германии
0006050.png	Социальная практика
0006051.png	Медаль в память об Итальянской кампании
0006052.png	молочноконсервный;
0006053.png	Монтаж аппаратуры подводной сигнализации.
0006054.png	Лонгбьен,
0006055.png	Совет образовательной организации высшего образования
0006056.png	Ночная жизнь
0006057.png	Рекламно-информационная газета «Всё Для Вас Кашин, Калязин»;
0006058.png	См. также
0006059.png	(Финляндия)
0006060.png	: Циндао (18 сентября 2018)
0006061.png	«Жемчужина»,
0006062.png	См. также
0006063.png	Биография
0006064.png	Сюни (династия)
0006065.png	Преподаватели Берлинского университета
0006066.png	Три башни (Гуаита, Честа, Монтале)
0006067.png	Аллергия характеризуется общим или местным воспалительным ответом на аллергены.
0006068.png	Исламские термины
0006069.png	Ссылки
0006070.png	Ссылки
0006071.png	Административное деление
0006072.png	Иррациональная власть
0006073.png	Участие в системе поощрения
0006074.png	ОАО «ВТТП»
0006075.png	пластиковое загрязнение
0006076.png	и условие согласованности
0006077.png	Редуктор давления газа
0006078.png	Типы космических аппаратов
0006079.png	Обезглавленные святые
0006080.png	Тацит
0006081.png	решение о возмещении полностью суммы налога, заявленной к возмещению;
0006082.png	улица Цимбалина
0006083.png	Телевизионные фильмы (1-2 серии)
0006084.png	Рыцарь-командор (1815)
0006085.png	Языки с динамической типизацией
0006086.png	селенгинские буряты
0006087.png	Профессиональные
0006088.png	В структуру института входят 4 кафедры:
0006089.png	Режим дозирования
0006090.png	468 км: прот. без названия (пр.)
0006091.png	фаршер разбивает помидоры лопатой
0006092.png	Предприятия города
0006093.png	Религиозные титулы
0006094.png	Математики Нидерландов
0006095.png	Теле-радио передающий центр
0006096.png	Галущак Борис Савельевич
0006097.png	Вероисповедание
0006098.png	Первые четыре правила касаются участников матча: игроков, судей и маркёров.
0006099.png	7 в группе полуметаллов,
0006100.png	В 1926 году Коростень получил статус города.
0006101.png	Населённые пункты
0006102.png	3 Музыкальные школы,
0006103.png	Население
0006104.png	Мобильный маркетинг.
0006105.png	Музей изобразительных искусств
0006106.png	Зрение
0006107.png	Центр нефтегазового образования
0006108.png	Литература
0006109.png	Основные функции денег
0006110.png	Клариссинки
0006111.png	Альметьевский торгово-экономический техникум
0006112.png	остров в Тихом океане перед южным побережьем Аляски.
0006113.png	Городские поселения Татарстана
0006114.png	Термин и его сокращения образованы от слов куб и метр.
0006115.png	См. также
0006116.png	В культуре
0006117.png	Общая характеристика политики и государственного устройства
0006118.png	См. также
0006119.png	Первая мировая война
0006120.png	См. также
0006121.png	Офицерские чины
0006122.png	См. также
0006123.png	Родившиеся в Сергиевом Посаде
0006124.png	Апрель
0006125.png	Парламентские выборы на Аландских островах.
0006126.png	Примечания
0006127.png	Почётный гражданин города Махачкалы (1 марта 2000)
0006128.png	Литература
0006129.png	Исландское имя
0006130.png	Примечания
0006131.png	Екклесиаст
0006132.png	Кибернетика
0006133.png	Выпускники Российского химико-технологического университета
0006134.png	Новосибирский институт ФСБ России
0006135.png	Ссылки
0006136.png	Победа армии Тилли над армией Кристиана при Люттере. Сражение при Дессау.
0006137.png	Выпускники Театрального института имени Бориса Щукина
0006138.png	Интерпретация
0006139.png	Голландские парусные суда
0006140.png	последний ниспосланный фрагмент Мухаммаду (сура 2 «Корова», аят 281)
0006141.png	Примечания
0006142.png	Железнодорожно-автомобильный мост близ посёлка Зелёный Бор
0006143.png	Малое выходное сопротивление.
0006144.png	Головной мозг как орган позвоночных
0006145.png	Промышленность и связь
0006146.png	1.09.1917-25.11.1917  Российская республика,  Орловская губерния
0006147.png	Примечания
0006148.png	Великие князья Российской империи
0006149.png	Совместно да будем крепить наше достояние.
0006150.png	от Эфира:
0006151.png	Советские космические проекты по изучению Марса
0006152.png	Муза, ранясь шилом опыта, ты помолишься на разум (Дмитрий Авалиани),
0006153.png	Флора Евразии
0006154.png	Словакия вошла в еврозону.
0006155.png	Разработка проекта и процесс создания
0006156.png	В современной культуре
0006157.png	События
0006158.png	Литература
0006159.png	Борьба с Османской империей и Персией
0006160.png	350 км: река Ханюку-Ты-Вис
0006161.png	Интегралы, содержащие только секанс
0006162.png	Хар Эвен, Йоав
0006163.png	Литература
0006164.png	Ссылки
0006165.png	Участие в релизах
0006166.png	Но что ж досталось мне в прекрасных сих местах?
0006167.png	, в 2002 году книга была переведена на английский язык:
0006168.png	Мифы Фессалии
0006169.png	12-й год по эре правления луского князя Чжао-гуна.
0006170.png	Прочее
0006171.png	Выпускники курсов «Выстрел»
0006172.png	Родились
0006173.png	Система заземления, включая заземлители и контур заземления.
0006174.png	Первый канал
0006175.png	Сципион Африканский
0006176.png	Дидану
0006177.png	Общая информация
0006178.png	Литература
0006179.png	Захват турками-османами Белграда.
0006180.png	См. также
0006181.png	в Бразилии капитулировала «конституционная дивизия».
0006182.png	Веймарская республика
0006183.png	Ссылки
0006184.png	Диалекты
0006185.png	Замок магистра Ливонского ордена
0006186.png	Румянцевский музей
0006187.png	Скончались
0006188.png	Поэзия и литература
0006189.png	Примечания
0006190.png	Командиры полков в Великой Отечественной войне
0006191.png	Библиография
0006192.png	Награды
0006193.png	Речная улица
0006194.png	Малая Азия в древнегреческой мифологии
0006195.png	Институт нефтегазового бизнеса (ИНБ)
0006196.png	Операция «Багратион»
0006197.png	Антенор
0006198.png	Телефонная связь
0006199.png	Русская музыкальная культура
0006200.png	Примечания
0006201.png	Литература
0006202.png	Члены КПСС
0006203.png	События
0006204.png	Сокулукский район,
0006205.png	Без точных дат
0006206.png	Даугавпилс (Латвия)
0006207.png	Ссылки
0006208.png	Ренессансные гуманисты
0006209.png	Галерея
0006210.png	Память
0006211.png	Примечания
0006212.png	Барыкин
0006213.png	Языки программирования по алфавиту
0006214.png	Доля городского и сельского населения (без учёта Минска):
0006215.png	Сын Этьена Карбоньера, строителя Петербургского арсенала и Таицкого водопровода.
0006216.png	Примечания
0006217.png	Заслуженные профессора Императорского Санкт-Петербургского университета
0006218.png	Колмогоровская сложность
0006219.png	Смерть
0006220.png	Командующие Петербургским военным округом
0006221.png	«Багровый остров» (пьеса, 1927, в СССР опубликована в 1968 году)
0006222.png	«Публий Корнелий Сципион» Леонардо Винчи (1722 год);
0006223.png	Данные водного реестра
0006224.png	Список русскоязычной литературы по теме «Прионы и прионные болезни»
0006225.png	Не включённые в клуб
0006226.png	Взятие Панурия. Илл и Леонтий казнены.
0006227.png	Марк Хьюз
0006228.png	Японская кухня
0006229.png	Басаргин, Виктор Фёдорович (с 10 февраля 2017)
0006230.png	Сарапульский Благовещенский монастырь
0006231.png	Экономика
0006232.png	Ленинград. Киев. Пушкин. Мурманск
0006233.png	См. также: :Категория:Умершие 12 декабря
0006234.png	Кабинет возглавил председатель Партии реформ Андрус Ансип.
0006235.png	Примечания
0006236.png	Менопауза
0006237.png	Орден Бани, рыцарь большого креста (24.09.1852)
0006238.png	Летательный аппарат
0006239.png	Победители и финалисты
0006240.png	Морской Словарь, М, Военное издательство МО СССР, 1959
0006241.png	Приход к власти Сталина (1928)
0006242.png	Примечания
0006243.png	Эхиноцереус
0006244.png	Получение
0006245.png	Примечания
0006246.png	Ренормализационная группа в физике твердого тела
0006247.png	бронзовый призёр: 1962
0006248.png	Официальная классификация соков
0006249.png	Полуострова Европы
0006250.png	Почётные доктора Софийского университета
0006251.png	Города-побратимы
0006252.png	Нана Беридзе (середина 2010-х)
0006253.png	Персоналии:Философия религии
0006254.png	Базилика Санта-Кроче (Св. Креста). Лечче, Италия
0006255.png	Ржевские (дворянский род)
0006256.png	Подготовка к партизанской войне
0006257.png	Итоги года
0006258.png	Акутугава Рюноске в одноимённом рассказе размышляет о Вечном Жиде.
0006259.png	Гауди, улица
0006260.png	Нагата Хироси. История японского материализма. М., 1990
0006261.png	Танго
0006262.png	Негосударственные
0006263.png	Акварелисты Российской империи
0006264.png	Труды
0006265.png	Лауреаты премии «Гойя»
0006266.png	Интерметаллиды
0006267.png	Аритмия
0006268.png	Станция «Деловой центр»
0006269.png	Ссылки
0006270.png	Кластерная модель ядра
0006271.png	Экологические термины
0006272.png	иностранные награды
0006273.png	Религия
0006274.png	Исполнители старинной музыки
0006275.png	В наркологической практике апоморфином пользуются для лечения алкоголизма.
0006276.png	«Пастушка и трубочист» на музыку Баха
0006277.png	См. также: :Категория:Умершие в 1242 году
0006278.png	Примечания
0006279.png	День Карпа-карполова
0006280.png	Лобненская улица
0006281.png	Автором герба является художник Э.М. Юрьев.
0006282.png	Яков Свердлов
0006283.png	Примечания
0006284.png	Жуков и два Парада Победы
0006285.png	Белгородский строительный колледж.
0006286.png	Группы Ли
0006287.png	Санкт-Петербургское подворье ().
0006288.png	Анализ данных гравитационных детекторов
0006289.png	Ссылки
0006290.png	С 1 июля 1941 года по 31 мая 1944 года финская оккупация.
0006291.png	Памятник отцу
0006292.png	церковь Казанской иконы Божией Матери;
0006293.png	Бахмутский медицинский колледж (ул. В. Носакова)
0006294.png	Андижанский завод «ХлодМонтаж».
0006295.png	Количество жителей Резекне с 1808 по 2015 годы:
0006296.png	Дворянские роды, на гербах которых изображены коронованные львы
0006297.png	Почётные граждане Милана
0006298.png	Рукописи «Деяний» и научные издания
0006299.png	Литература
0006300.png	Примечания
0006301.png	Владимир Путин подписал Земельный кодекс.
0006302.png	Президенты клуба
0006303.png	Библиография
0006304.png	бриллиантовые перстни (1824, 1828, 1828, 1829),
0006305.png	Драгунов Владимир Николаевич
0006306.png	Существует немало вариантов толкования отдельных фраз в песне.
0006307.png	Города, заключившие договор о сотрудничестве с Ростовом:
0006308.png	Произведения
0006309.png	Примечания
0006310.png	Елена Борщёва
0006311.png	Семья
0006312.png	Примечания
0006313.png	Города, названные в честь людей
0006314.png	Аммоний Саккас
0006315.png	Воздушный транспорт
0006316.png	Синтез
0006317.png	Изображения Радужного Тела
0006318.png	История
0006319.png	Портрет В. Кресса, художник А.Сайбединов, 2004
0006320.png	Культура и достопримечательности
0006321.png	Международные организации по стандартизации
0006322.png	Президенты Чили
0006323.png	Появились в 1938 году в СССР
0006324.png	Похороненные на Большеохтинском кладбище
0006325.png	Новомосковск (Россия)
0006326.png	разработке рекомендаций по оптимизации профилактики;
0006327.png	Русская Софиология
0006328.png	На территории России и сопредельных стран выделяют 13 наземных биомов.
0006329.png	Функции
0006330.png	Важнейшие события
0006331.png	Предпосылки
0006332.png	Соотношение сил
0006333.png	Скончались
0006334.png	Закончено строительство Пантеона.
0006335.png	Индуизм и отличительные черты вишнуизма
0006336.png	Голосовой звонок;
0006337.png	Рерих (фамилия)
0006338.png	Городской транспорт
0006339.png	Родившиеся в 1700-е годы
0006340.png	События
0006341.png	Абрикосов, Алексей Алексеевич
0006342.png	Русские писатели первой волны эмиграции
0006343.png	Примечания
0006344.png	Эвакуация промышленности в России
0006345.png	Элементами мировой и региональной системы являются:
0006346.png	Области применения:
0006347.png	Открытый Кубок Донбасса (Украина)
0006348.png	Национальный состав
0006349.png	Национальная премия «Россиянин года» (2007)
0006350.png	Бытовая электроника
0006351.png	Граница (фильм):
0006352.png	Число Чандрасекара
0006353.png	Идеаторный автоматизм
0006354.png	Племена яга разрушили столицу Конго.
0006355.png	горелки (горелок)
0006356.png	Подразделяются на:
0006357.png	Географы Российской империи
0006358.png	География
0006359.png	См. также
0006360.png	Ссылки
0006361.png	География
0006362.png	Список музеев Антверпена:
0006363.png	Кафедра факультетской терапии
0006364.png	Выделяются архитектурные стили:
0006365.png	Об определении
0006366.png	Год семьи в России.
0006367.png	Государственные языки Российской Федерации
0006368.png	Выпускники вузов Варшавы
0006369.png	Воеводы Нижнего Новгорода
0006370.png	Было основано село Бродово.
0006371.png	Полярная ночь и полярный день в городе не наблюдаются.
0006372.png	Примечания
0006373.png	Литература
0006374.png	События
0006375.png	Екатерина Рощина-Инсарова (ум. 1970), русская драматическая актриса.
0006376.png	зажигание от магнето
0006377.png	Церковь Богородицы Паммакаристы (мечеть Фетие-джами)
0006378.png	Велодвижение
0006379.png	В галликанской литургии Вознесение отмечается 18 января.
0006380.png	Ангионевротический отёк Квинке
0006381.png	Наиболее известными являются следующие:
0006382.png	События
0006383.png	Похороненные на Новодевичьем кладбище
0006384.png	20 детских садов,
0006385.png	Иностранные члены Французской академии наук
0006386.png	Ссылки
0006387.png	Правление
0006388.png	Спёртый мат (мат Лусены)
0006389.png	20 октября
0006390.png	песня «Стюардесса по имени Жанна»
0006391.png	Филологи, репрессированные в СССР
0006392.png	(ПЛАН) Радио Маяк (91,0 МГц)
0006393.png	Миссионерский алфавит:
0006394.png	Литература
0006395.png	Положение ордена в Российской Федерации
0006396.png	Киевская губерния существовала (с перерывами) с 1708 года по 1925 год.
0006397.png	турецкий Орден Османие 1-й ст. (1902);
0006398.png	Награды, появившиеся в 1918 году
0006399.png	«Сонеты». Санкт-Петербург, 1999
0006400.png	В Кулинском районе в селениях Хойми, Кая, Цовкра-2.
0006401.png	Антропонимика
0006402.png	Биография
0006403.png	хорошо поддается механической обработке.
0006404.png	Нижнетерские озёра
0006405.png	Франкоязычные писатели Бельгии
0006406.png	В фильме цитируются:
0006407.png	Русские скинхеды
0006408.png	Франция в Первой мировой войне
0006409.png	Спорт
0006410.png	58: Луций Кальпурний Пизон Цезонин и Авл Габиний;
0006411.png	«29 глава Деяний апостолов»
0006412.png	Сквер у Никитского храма
0006413.png	«Электроника (торговая марка)»
0006414.png	История Российская. Том первый на сайте «Руниверс»
0006415.png	Дуальности
0006416.png	двухфотонная эмиссионная или позитронно-эмиссионная томография (ПЭТ);
0006417.png	Рижская (Алексеевская соединительная линия)
0006418.png	Релятивистская механика
0006419.png	В период франкократии был известен как Чериго ().
0006420.png	Фридрих Шлегель. Эстетика. Философия. Критика. В 2-х томах. М., 1983;
0006421.png	Телефильмы, снятые по заказу Гостелерадио СССР
0006422.png	Планеты Солнечной системы
0006423.png	Применение
0006424.png	Февраль
0006425.png	Подборка материалов по проблеме реституции национализированного имущества
0006426.png	ацетона (дегидрированием или неполным окислением)
0006427.png	Историческое краеведение
0006428.png	Ссылки
0006429.png	Инъекция кода
0006430.png	Расположение знака евро и тип разделителя в разных языках
0006431.png	Южный говор
0006432.png	Бюджетная эффективность
0006433.png	Телесериалы
0006434.png	2020-е
0006435.png	«Нет ничего глупее желания всегда быть умнее всех» (Франсуа де Ларошфуко);
0006436.png	Молния Зевса
0006437.png	Авантюристки
0006438.png	Примечания
0006439.png	Форма выпуска
0006440.png	снижение позиций сайта в поисковой выдаче поисковых систем
0006441.png	Революционеры Германии
0006442.png	Кандидаты в президенты США (1988)
0006443.png	мысли о смерти и (или) самоубийстве;
0006444.png	В январе 1910 года испытал аэросани собственной конструкции.
0006445.png	ЕС-1026 производилась в Чехословакии и в СССР не поставлялась.
0006446.png	Конфликт и его разновидности
0006447.png	Климент (Пловдивская область)
0006448.png	Окружной противотуберкулезный диспансер
0006449.png	Участок монтажа
0006450.png	История русской письменности
0006451.png	Примечания
0006452.png	Экономика
0006453.png	Избранные произведения
0006454.png	Ранние годы
0006455.png	Щелкунчик (), 1986 год
0006456.png	Такой прекрасный Хамастан
0006457.png	Осташковская улица
0006458.png	Художественные галереи
0006459.png	Древнеегипетские богини
0006460.png	Папирусные мастерские
0006461.png	Лефортовский рынок (до 2017 года)
0006462.png	Этимология
0006463.png	История деления области
0006464.png	В результате этих мер число «маршруток» за один год сократилось в десять раз.
0006465.png	1981: 704 000 чел.
0006466.png	Владимир Соловьёв
0006467.png	(1996, Албания).
0006468.png	Зоологи Польши
0006469.png	Генеральный план
0006470.png	История
0006471.png	Ядерная физика
0006472.png	Происхождение
0006473.png	Моря России
0006474.png	Переводчики прозы и драматургии на русский язык
0006475.png	Федеральные органы исполнительной власти России
0006476.png	Туркестанская АССР
0006477.png	оз. Тумчаозеро
0006478.png	Примечания
0006479.png	Биологическая роль и воздействие на организм
0006480.png	Название
0006481.png	Кубическая ортогональная:
0006482.png	Интенсивность и экстенсивность труда
0006483.png	Эмиграция
0006484.png	525-й миномётный полк (подполковник Пославский, Пётр Кузьмич).
0006485.png	Орлеанистские претенденты
0006486.png	животноводство
0006487.png	Политические движения
0006488.png	Заречная улица
0006489.png	Железнодорожные станции
0006490.png	Самарские вице-губернаторы
0006491.png	Григорий Зельцер («Охота на дьявола», 2017).
0006492.png	Промузел Пелей
0006493.png	Ссылки
0006494.png	стресса;
0006495.png	Коробов Моисей Иванович - московский дворянин (1695).
0006496.png	Важнейшие морские порты: Джорджтаун, Нью-Амстердам, Эвертон.
0006497.png	Вице-губернаторы
0006498.png	Общее образование
0006499.png	Литература
0006500.png	География
0006501.png	Биография
0006502.png	Поле (физика)
0006503.png	Биогеоценоз, Агроценоз
0006504.png	Иностранные:
0006505.png	Библиография и документы
0006506.png	Церковь Петра и Павла (1825).
0006507.png	Экономика
0006508.png	Награды и звания
0006509.png	Ли «Скрэтч» Перри
0006510.png	Примечания
0006511.png	Православие(даты даны по новому стилю):
0006512.png	Отношение к Большому взрыву
0006513.png	Родились
0006514.png	Литература
0006515.png	Чемпионы Европы
0006516.png	Ссылки
0006517.png	Режим дозирования
0006518.png	Орден «За Честь и доблесть» в номинации «Выдающийся деятель культуры года»
0006519.png	Чехия
0006520.png	Они могут поглотить другой фотон, который ионизирует атом.
0006521.png	В вычислительной технике:
0006522.png	«Временщик» (мини-сериал) (2014)
0006523.png	Многорежимные (с переключением режима на ходу и при приготовлении);
0006524.png	30 августа
0006525.png	Радиоканалы
0006526.png	Литература и источники
0006527.png	Физики по алфавиту
0006528.png	11 марта
0006529.png	Тюркский звук -ш- заменяется на чувашское -л-, пример:
0006530.png	Первые выборы островного Совета депутатов состоялись 15 марта 1925 года.
0006531.png	«Киномакс-Победа» (бывший кинотеатр «Победа», зал на 800 мест).
0006532.png	Примечания
0006533.png	Религиозные
0006534.png	Римское царство
0006535.png	См. также: :Категория:Родившиеся 25 июля
0006536.png	Синагоги
0006537.png	Дейр-эль-Балах ()
0006538.png	Зенитная пушка
0006539.png	Примечания
0006540.png	Лексика
0006541.png	Чемпионы мира по шахматам
0006542.png	психогенные
0006543.png	Официальный сайт Магнитогорского городского Собрания депутатов
0006544.png	26 мая
0006545.png	южножемайтский диалект
0006546.png	Народы Арктики
0006547.png	Корееведы России
0006548.png	События
0006549.png	Параметры, важные для интернационализации и локализации, включают в себя:
0006550.png	См. также
0006551.png	Типы зданий по конструктивной схеме
0006552.png	Экономика
0006553.png	Балетные композиторы русской эмиграции
0006554.png	Сказание о невидимом граде Китеже и деве Февронии (1904)
0006555.png	Действительные члены ВУАН
0006556.png	936 км: без названия, у с. Кукуевский
0006557.png	Текстильное и швейное производства:
0006558.png	Литература
0006559.png	Королевство Греция
0006560.png	Юко Огино (мать)
0006561.png	(расстояние от устья)
0006562.png	Школы
0006563.png	Семья
0006564.png	Президенты, вступившие в должность в 2022 году
0006565.png	Штабс-капитан ()
0006566.png	Гимн Химок
0006567.png	область управления операциями ();
0006568.png	Римский император Аврелиан
0006569.png	Текст «Конвенция об охране всемирного культурного и природного наследия»
0006570.png	Лауреат премии журнала «Дети Ра» (2004)
0006571.png	Реки, впадающие в Балхаш
0006572.png	Псалмы в христианском богослужении
0006573.png	Использованная литература и источники
0006574.png	Ссылки
0006575.png	Гидраты
0006576.png	Литература
0006577.png	Янтарился фумарово,
0006578.png	Родились
0006579.png	Скончались
0006580.png	В искусстве
0006581.png	Административное деление
0006582.png	Коляда (мифология)
0006583.png	Викиучебник и Викиверситет
0006584.png	См. также
0006585.png	Скриптовые языки
0006586.png	АЭС «Ловииса»
0006587.png	процесс выполнения программы с целью нахождения ошибок;
0006588.png	Музыкально-поэтический проект памяти поэта «Поклон Айги» на сайте «Круги»
0006589.png	См. также: :Категория:Умершие в 1459 году
0006590.png	Военачальники Италии
0006591.png	Ссылки
0006592.png	Диксон (Калифорния)
0006593.png	Примечания
0006594.png	Эмбер Бенсон, американская актриса, писатель, режиссёр и продюсер.
0006595.png	ТОО «Торгайский элеватор»
0006596.png	Примечания
0006597.png	В культуре
0006598.png	Планирование и начало строительства
0006599.png	Смоленская государственная сельскохозяйственная академия
0006600.png	20 место
0006601.png	В вышивке данного типа рисунок исходит из отверстий, а не из ткани.
0006602.png	Владимир Васютин
0006603.png	Писатели-фантасты России
0006604.png	Население
0006605.png	Саянский (цветная металлургия Хакасской АО РСФСР),
0006606.png	Фильмы СССР 1956 года
0006607.png	Храмы
0006608.png	Административные единицы, упразднённые в 1976 году
0006609.png	Международные
0006610.png	Гогенцоллерны
0006611.png	В науке
0006612.png	Ианнас
0006613.png	Федерация флаинг диска России
0006614.png	Достижения на Олимпийских играх
0006615.png	Примечания
0006616.png	Указатели сюжетов сказок
0006617.png	Финны
0006618.png	История
0006619.png	См. также
0006620.png	Театры
0006621.png	Шедевры устного и нематериального наследия человечества
0006622.png	Половодье
0006623.png	Население
0006624.png	Отравляющие вещества Списка 1 Конвенции по запрещению химического оружия
0006625.png	Геннадий Акачёнок
0006626.png	Добровольное ордена Ленина спортивное общество профессиональных союзов «Спартак»
0006627.png	Успех на рынке и конкуренция с другими приставками
0006628.png	938,272 088 16(29) МэВ;
0006629.png	Этимология
0006630.png	Поэты Италии
0006631.png	Сысоев Николай. «Меняем Дзержинского на Комаровского».
0006632.png	В США начались продажи хула-хупов.
0006633.png	Ссылки
0006634.png	Персоналии:Русская армия Врангеля
0006635.png	Официальный сайт администрации Надымского района
0006636.png	4) Кутлук-хатун, из племени баргут, мать Чимпая;
0006637.png	Канонизация и почитание
0006638.png	поэтому
0006639.png	Чемпионом СССР по футболу стал московский «Спартак».
0006640.png	Португалия
0006641.png	Венера
0006642.png	22 марта
0006643.png	Идеологии
0006644.png	Председатели КНР
0006645.png	Составные фамилии:
0006646.png	Губкинская
0006647.png	Игорь Данилевский о книге «История российского государства»:
0006648.png	Калевала на русском языке, перевод Эйно Киуру и Армаса Мишина
0006649.png	Литература
0006650.png	Бухарский орден Искандер-Салис с бриллиантами (19.05.1898)
0006651.png	Лира мальтийская
0006652.png	«Селям алейкум, Омарчик!»
0006653.png	Кафедральный собор Александра Невского.
0006654.png	Центральным
0006655.png	См. также: Перепроизводство нефти в 1980-х годах
0006656.png	Образование
0006657.png	Литература
0006658.png	Сорокин, Захар Артёмович
0006659.png	выступление главной команды в Чемпионате России;
0006660.png	активная зона;
0006661.png	Господи, помилуй (трижды), Слава: и ныне,
0006662.png	Санкт-Петербургские адреса
0006663.png	Перцептивная фонетика
0006664.png	Святые родственники
0006665.png	парфюмерии
0006666.png	генерал армии (12.11.1948);
0006667.png	Сенека-младший становится учителем Нерона.
0006668.png	В кино и на телевидении (1970-е и 1980-е годы)
0006669.png	1450051811Я Скоростная радиотелеграфия
0006670.png	Биология
0006671.png	Ссылки
0006672.png	Примечания
0006673.png	Персоналии
0006674.png	Родились
0006675.png	886 км: Большая Пурга (пр.)
0006676.png	Нормандские острова
0006677.png	Примечания
0006678.png	Природный газ
0006679.png	Экономическое значение
0006680.png	Транспорт
0006681.png	А зори здесь тихие (1972)  (2520)
0006682.png	Национальные
0006683.png	Города Гродненской области
0006684.png	История ВОЗ
0006685.png	Двенадцатая ночь
0006686.png	Школа высшей летной подготовки, Ульяновск (1973);
0006687.png	Азиатские танцы
0006688.png	память Нестора, епископа Тримифийского.
0006689.png	Китай:
0006690.png	См. также
0006691.png	Мультпиликация
0006692.png	Не имеет юридического статуса в Монако.
0006693.png	См. список хозяев чемпионата в разделе Все чемпионаты мира.
0006694.png	История Португалии
0006695.png	Возрождение
0006696.png	Музыкальные коллективы, появившиеся в 1984 году
0006697.png	Викканинг
0006698.png	Игроки БК «Миннесота Тимбервулвз»
0006699.png	Залив Малая Нитра
0006700.png	Биография и творчество
0006701.png	Руководство
0006702.png	Биография
0006703.png	Образовательные проекты
0006704.png	Научная библиотека ЮУрГУ
0006705.png	Технические науки
0006706.png	Скульпторы Германии
0006707.png	С автовокзала осуществляются рейсы до заповедника Аскания-Нова.
0006708.png	СМИ «Муниципальное радио Камышина»
0006709.png	Литература
0006710.png	См. также
0006711.png	Орфография
0006712.png	Основатель российского дворянского рода Крузенштернов.
0006713.png	Житие великомученика Евстафия
0006714.png	Микробиологическая промышленность
0006715.png	Примечания
0006716.png	СПК «Победитель»,
0006717.png	Эхиуриды
0006718.png	В Администрации президента России
0006719.png	В этот день на Руси крестьянки пекли овсянички (пирожки из овсяной муки).
0006720.png	Устронь
0006721.png	Биография
0006722.png	См. также
0006723.png	Тибетское правительство в изгнании
0006724.png	Науру
0006725.png	Литература
0006726.png	Детство и обучение в Александрии
0006727.png	В Японии
0006728.png	за запрет деятельности коллекторов
0006729.png	См. также
0006730.png	Силы специальных операций
0006731.png	См. также
0006732.png	Фокида
0006733.png	152155, Россия, Ярославская область, г. Ростов, ул. Достоевского, 1
0006734.png	Сказки и притчи Леонардо да Винчи
0006735.png	Фотосенсор
0006736.png	психофизиология движений и управления вегетативными реакциями;
0006737.png	Семён Бабаевский (ум. 2000), русский советский писатель и журналист.
0006738.png	Другие предложенные типологии
0006739.png	Могила Михаила Бакунина на сайте «Могилы знаменитостей»
0006740.png	В области естественно-научных методов датирования
0006741.png	Ссылки
0006742.png	завладевать престолом: «брат твой выехал, а ты сидиши в Киеве».
0006743.png	Канцлеры Оксфордского университета
0006744.png	Православные храмы города Бежецка
0006745.png	Ранние годы
0006746.png	Замки
0006747.png	Зонирование
0006748.png	Улица Лермонтова
0006749.png	Статьи о некоторых менеджерах буфера обмена можно найти в английской Википедии.
0006750.png	Социальная сфера и культура
0006751.png	Продолжительность жизни
0006752.png	и другие.
0006753.png	Атмосфера, климат и погода
0006754.png	Состав
0006755.png	Ссылки
0006756.png	Озёра Тверской области
0006757.png	Еврейская культура
0006758.png	Православная энциклопедия
0006759.png	«Микаэл Таривердиев и Эльдар Рязанов».
0006760.png	Ссылки
0006761.png	«Маринер-1»
0006762.png	Адвокаты Швейцарии
0006763.png	Ятабэ-хан ()
0006764.png	5 июля 2016 года космический зонд «Юнона», преодолев  (), достиг орбиты Юпитера.
0006765.png	Никитский ботанический сад (Крым)
0006766.png	Иконописцы Древней Руси
0006767.png	Ссылки
0006768.png	Консул (единственный) Флавий Манлий Боэций.
0006769.png	Книги в жизни и творчестве композитора
0006770.png	артиллерийские.
0006771.png	Иранские династии
0006772.png	Листья имеют округлую форму, что снижает площадь испаряющей поверхности.
0006773.png	ДК железнодорожников;
0006774.png	В других областях
0006775.png	«Человек дождя»
0006776.png	Мушкетёр (26.10.1742)
0006777.png	ЭБЛ: Калев (Таллин)
0006778.png	УФ-видимые краски
0006779.png	События
0006780.png	Испания
0006781.png	Персоналии:2-й Украинский фронт
0006782.png	Колокол
0006783.png	Законы логики
0006784.png	Культура
0006785.png	Родились
0006786.png	Примечания
0006787.png	Доказательство существования Бога
0006788.png	Понятия социальной философии
0006789.png	Психологические характеристики рефлексии
0006790.png	Таймырский уголь
0006791.png	Тверская ТЭЦ-4.
0006792.png	Подводные лодки проекта 671РТ «Сёмга»
0006793.png	Статья на сайте «Ярус»
0006794.png	Кедрова, улица
0006795.png	Кальмар
0006796.png	Зенитные установки сухопутных войск
0006797.png	Побратимы
0006798.png	По следующей формуле:
0006799.png	Дебютные альбомы 1967 года
0006800.png	Ульм (), Германия
0006801.png	Словарь
0006802.png	Не тяни тигра за хвост
0006803.png	Подробные фотографии ДВК 3м (корзина, платы, блок питания, клавиатуры)
0006804.png	«Есть предложение. Салехард» рекламно-информационная газета
0006805.png	Убийство Меган Канки.
0006806.png	См. Городские округа
0006807.png	Числа от 1000 и выше
0006808.png	Тавтология
0006809.png	Правило Байеса
0006810.png	Персоналии:Переделкино
0006811.png	Великая Моравия
0006812.png	Переводчики Гомера
0006813.png	Государства и территории, основанные в 1979 году
0006814.png	Реки Южноморавского края
0006815.png	Прикладное исследование.
0006816.png	Советский Союз начал боевые действия в Маньчжурии против Японии.
0006817.png	Фессалия в настоящее время
0006818.png	Эффективная частота системной шины, МГц: 900
0006819.png	15 апреля
0006820.png	Рамочная антенна
0006821.png	Источники:
0006822.png	География Калевалы
0006823.png	Диабетическая нейропатия.
0006824.png	Экономическая и социальная политика
0006825.png	Орден Рутовой короны, большой крест (Королевство Саксония)
0006826.png	19 мая
0006827.png	МК Алжир
0006828.png	Учётный номер с заглавной буквой:
0006829.png	Примечания
0006830.png	Выпускники Колледжа Христа
0006831.png	Калмыковский
0006832.png	Корабли Второй Тихоокеанской эскадры
0006833.png	Детекторный радиоприёмник
0006834.png	2466 км: Дабаан
0006835.png	Головной учебно-исследовательский и методический центр (ГУИМЦ)
0006836.png	Согласные
0006837.png	Спорт
0006838.png	Автономная (вегетативная) нервная система
0006839.png	Охлаждение отработанного топлива.
0006840.png	Белорусский и украинский языки
0006841.png	Фильмы СССР 1972 года
0006842.png	Выпускники Киевского политехнического института (до 1917 года)
0006843.png	Первое правительство Медведева
0006844.png	медаль «Щит Свободы» (Соединённые Штаты Америки)
0006845.png	«Сцены военной жизни»
0006846.png	«Вестсайдская история» (2021)
0006847.png	Математическая статистика
0006848.png	Обеспечение физической и информационной безопасности оборудования и данных.
0006849.png	Фонетика делится на общую, сравнительную, историческую и описательную.
0006850.png	артрозы;
0006851.png	См. также
0006852.png	Создание «Аль-Каиды»
0006853.png	Сердце народное!
0006854.png	Примечания
0006855.png	Описание герба
0006856.png	Ранг военнослужащего.
0006857.png	Книги, фильмы:
0006858.png	Орден Австралии степени компаньона (1982, Австралия).
0006859.png	Почётные доктора Ирландского национального университета
0006860.png	Печорское море
0006861.png	Обзор различных дисциплин
0006862.png	«Красные щиты» (1934)
0006863.png	Расширение
0006864.png	Каста неприкасаемых составляет в Непале около 7 процентов населения.
0006865.png	Бессмертие (даосизм)
0006866.png	Руководство по эксплуатации гражданских аэродромов РФ (РЭГА РФ-94)
0006867.png	Эдгар По в массовой культуре
0006868.png	Матричные инварианты
0006869.png	См. также
0006870.png	Казанский государственный университет культуры и искусств
0006871.png	Красноармейск
0006872.png	Массовые проверки весной 2019 года
0006873.png	Руководители политических партий России
0006874.png	Пример программы
0006875.png	Начало биографии
0006876.png	Биография
0006877.png	Вывод
0006878.png	движение гражданского неповиновения в Индии;
0006879.png	Наука
0006880.png	Орден Святой Анны 2-й степени (24.02.1806)
0006881.png	Нисиноми
0006882.png	Чешиха (левый)
0006883.png	Список правителей Лотарингии
0006884.png	Абердин Линкс
0006885.png	Милетская школа
0006886.png	21 июня
0006887.png	Биография
0006888.png	Особенности строения
0006889.png	ОАО «Броварский шиноремонтный завод»;
0006890.png	В результате сильного землетрясения в Афганистане погибли около 1000 человек.
0006891.png	Комбинаторика слов
0006892.png	Языки Французской Полинезии
0006893.png	Обоснование математики
0006894.png	Церковь Успения Божией Матери,
0006895.png	Красный Кут в Большой Саратовской Энциклопедии
0006896.png	«Россия»
0006897.png	Легенда карты:
0006898.png	Скончались
0006899.png	Гартунг, Валерий Карлович
0006900.png	Экспериментальные подтверждения
0006901.png	Интерактивная карта Липецкой области
0006902.png	Литература
0006903.png	Облако Оорта
0006904.png	Кинематограф
0006905.png	Другие
0006906.png	Нижнеднестровский национальный природный парк
0006907.png	Материалы для освоения украинского языка на мультиязыковом проекте Ильи Франка
0006908.png	Откуда для определителей получается тождество:
0006909.png	Игровая приставка
0006910.png	В Севилье (Испания) открылась всемирная выставка «Экспо-92».
0006911.png	Хисар;
0006912.png	Геология
0006913.png	«Паровоз Генерал» (1926).
0006914.png	Газета «Забайкальская магистраль»
0006915.png	Русское царство
0006916.png	Также в городе существует несколько регбийных команд.
0006917.png	В подчинении Кубинского ханства
0006918.png	Артиллерия резерва главного командования (АРГК)
0006919.png	Родились
0006920.png	Любил, люблю, не разлюблю вовек
0006921.png	Через поколение
0006922.png	Несколько основных классов проявлений бессознательного
0006923.png	а) Александровская бумажная фабрика.
0006924.png	«Вальс» (относится к неопубликованным)
0006925.png	Семейство Епанчиных:
0006926.png	«Киномакс-Буревестник»
0006927.png	тип транспортного протокола;
0006928.png	Ссылки
0006929.png	Олимпиады
0006930.png	Примечания
0006931.png	Конгресс народов Ичкерии и Дагестана
0006932.png	Серебро в Популярной библиотеке химических элементов
0006933.png	Термин
0006934.png	Литература
0006935.png	Городской парк культуры и отдыха «Дружба» (Зелёный мост).
0006936.png	Урал-375, Урал-375С, Урал-375Т
0006937.png	Научно-исследовательское судно «Академик Лаврентьев».
0006938.png	Телевидение
0006939.png	Атака «Человек посередине» при незащищённом соединении
0006940.png	Екатерина Деревщикова
0006941.png	Схоластика
0006942.png	Свойства алгоритмов
0006943.png	Институт технологии
0006944.png	Эстонская военная академия ()
0006945.png	События
0006946.png	Вычитание произвольных чисел
0006947.png	Два исторических романа Чарльза Диккенса.
0006948.png	Громоносец.
0006949.png	Февраль 2002 года
0006950.png	Кегумс
0006951.png	Выпускники Джизус-колледжа (Кембридж)
0006952.png	Давление на ванты: 900 т для самых длинных.
0006953.png	Каркаралинские горы
0006954.png	Экономика
0006955.png	Арханг
0006956.png	Бернусси
0006957.png	Пистолет (после выстрела, использовался как дубинка)
0006958.png	Юбилейная медаль «60 лет Вооружённых Сил СССР»
0006959.png	Изображения на деньгах и марках
0006960.png	А. Хайретдинова  В жерновах русской смуты
0006961.png	Ссылки
0006962.png	Туризм
0006963.png	2-й гвардейский корпус
0006964.png	Боеприпасы
0006965.png	Двор Стуоки-Гуцявичюса
0006966.png	Научные труды
0006967.png	23 марта
0006968.png	Перечень ЖНВЛП
0006969.png	По способу полёта:
0006970.png	Победитель Лиги чемпионов: 2004
0006971.png	Международный туркмено-турецкий университет
0006972.png	Итого:
0006973.png	Спорт
0006974.png	События
0006975.png	Скончались
0006976.png	Первичные источники
0006977.png	История Азербайджана. Баку, 1960
0006978.png	Литература
0006979.png	Родились
0006980.png	События
0006981.png	Б) Количественные
0006982.png	Переименованные населённые пункты Литвы
0006983.png	Крей, Франция
0006984.png	Жидкостная хроматография
0006985.png	Октоберфест
0006986.png	Хор «В молитвах неусыпающую Богородицу» (1893)
0006987.png	сульфены
0006988.png	См. также
0006989.png	Синтезированные химические элементы
0006990.png	Рождения
0006991.png	Серебряный призёр  чемпионата РСФСР 1956
0006992.png	Известные люди
0006993.png	С Лениным в сердце (слова Г. Регистана)
0006994.png	Персоналии по алфавиту
0006995.png	Правительство Ганы высылает из страны 500 тыс. мигрантов.
0006996.png	Шкала оценки Мангеймского индекса перитонита
0006997.png	Витамины и витаминоподобные вещества, обладающие выраженным ноотропным эффектом:
0006998.png	Описание герба города
0006999.png	Проба сил
0007000.png	Путешественники Венецианской республики
0007001.png	Но перед ним возник вопрос: будут ли имя и дескрипция полностью взаимозаменяемы?
0007002.png	Появление наклонно-строчных форматов
0007003.png	Название сохранилось в имени фестиваля Ава-одори (танец Авы).
0007004.png	баргузинский
0007005.png	Рацетамы
0007006.png	Основные издания, выходящие в Пхеньяне:
0007007.png	См. также
0007008.png	См. также
0007009.png	Размножение и развитие
0007010.png	Достопримечательности
0007011.png	Скончались
0007012.png	318 км: Камзас
0007013.png	См. также
0007014.png	Формально идеальный трансформатор описывается с помощью модели четырёхполюсника.
0007015.png	Публикации на русском языке
0007016.png	Смерть епископа Северина.
0007017.png	Молдавское княжество
0007018.png	Повесть «Путь Проклятых»
0007019.png	Ирина Спырля, румынская теннисистка, бывшая седьмая ракетка мира.
0007020.png	Группы блюз-рока из Великобритании
0007021.png	Новости политических партий Украины
0007022.png	Памятник советским воинам-освободителям Таллина («Бронзовый солдат»)
0007023.png	Биография на сайте Миннесотского университета
0007024.png	Поэт Александр Креницын
0007025.png	Мишель Бро (ум. 2013), канадский кинорежиссёр, оператор, сценарист и продюсер.
0007026.png	Новодачная улица
0007027.png	Коэффициенты в разложении  ():
0007028.png	Исполнительная власть
0007029.png	После соответствующей обработки шёлковые ткани приобретают:
0007030.png	Научные экспедиции Российской империи
0007031.png	Предприятия авиационной промышленности СССР
0007032.png	Ссылки
0007033.png	Святой Спиридон.
0007034.png	Ссылки
0007035.png	Туристические достопримечательности
0007036.png	Ссылки
0007037.png	Философы Великобритании
0007038.png	После Великой Отечественной войны
0007039.png	Институт иностранных языков КГБ СССР
0007040.png	Теории гравитации
0007041.png	Экологические термины
0007042.png	Оперы
0007043.png	Члены Государственного совета Российской империи
0007044.png	Обострение конфликта
0007045.png	Дочь Юлия (род. 8 мая 2011).
0007046.png	Печатные издания
0007047.png	Мухаммед Шейбани стал персонажем индийского телесериала 2021 года «Империя».
0007048.png	Семья
0007049.png	История открытия
0007050.png	Правительство
0007051.png	Флаги Казахстана
0007052.png	Славянизмы
0007053.png	См. также
0007054.png	Прочие лесные массивы:
0007055.png	821.14 Греческая литература
0007056.png	История
0007057.png	Создание искусственных опорных «звёзд»
0007058.png	Речь Посполитая, Польша, Великое Княжество Литовское
0007059.png	См. также: :Категория:Родившиеся в 1309 году
0007060.png	Флора и фауна
0007061.png	Собственный король из династии Глюксбургов
0007062.png	Русско-японская война
0007063.png	См. также
0007064.png	В 2015 году Почта России выпустила почтовую марку с изображением УАЗ.
0007065.png	Топоним
0007066.png	Города Пермского края
0007067.png	Лауреаты премии «Небьюла»
0007068.png	Фасонки
0007069.png	Гравитационные телескопы
0007070.png	Представители
0007071.png	События
0007072.png	Почитание
0007073.png	Светочувствительные приборы
0007074.png	Фауна
0007075.png	Консулы: Квинт Элий Туберон (плебей) и Павел Фабий Максим (патриций).
0007076.png	Диммеры, таймеры и др.
0007077.png	Феодосий (сын Маврикия).
0007078.png	Классификация
0007079.png	Государственный университет «Дубна»
0007080.png	См. также
0007081.png	См. также
0007082.png	См. также
0007083.png	Описание
0007084.png	Верхний сад
0007085.png	Почитание Русской православной церковью
0007086.png	Ирбитский центр детского творчества «Кристалл»
0007087.png	Сатья Саи Баба (род. 1926), духовный учитель в Индии, гуру.
0007088.png	Другие
0007089.png	Мера Бореля
0007090.png	Похороненные в Успенском соборе Московского Кремля
0007091.png	Воспоминания о Бартини
0007092.png	Климат
0007093.png	«Чтобы ПИ запомнить, братцы,
0007094.png	Камерная музыка
0007095.png	ещё три ребёнка умерли во младенчестве.
0007096.png	Документальные фильмы
0007097.png	Примечания
0007098.png	Макропроцессор
0007099.png	Литература
0007100.png	Преображенская набережная
0007101.png	Языки Бельгии
0007102.png	Финалы турниров Большого шлема в смешанном парном разряде (2)
0007103.png	Китайские музыкальные инструменты
0007104.png	Виктор Кресс в справочнике «Новый век Томска. Кто есть Кто»
0007105.png	Ссылки
0007106.png	Королевские члены Лондонского королевского общества
0007107.png	Зимой князья Ци и Вэй и чжэнский посол Ю Су провели съезд в Ань-фу.
0007108.png	дезорганизованная речь (например, частое соскальзывание или );
0007109.png	Бобруйск, Белоруссия
0007110.png	Фонетика русского языка
0007111.png	Население
0007112.png	См. также
0007113.png	Согласование целей в иерархических системах. Графы целей.
0007114.png	Тропические циклоны
0007115.png	подачу воздуха в топку котла;
0007116.png	Чэнь Дун ()
0007117.png	В пригороде Гданьска расположен зоопарк.
0007118.png	Военная инфраструктура
0007119.png	Славянофильство
0007120.png	Религия
0007121.png	Физически реализуемые цвета
0007122.png	Белорусский арабский алфавит
0007123.png	Регентство
0007124.png	Оксфорд
0007125.png	История населения
0007126.png	Домашняя короткошёрстная кошка
0007127.png	История развития рок-музыки в мире
0007128.png	Кения (наряду с суахили)
0007129.png	Расширяемая модель серверных элементов управления;
0007130.png	Биография
0007131.png	Болгарские руны
0007132.png	Эдуарду Камавинга
0007133.png	Футболист года во Франции (2): 1998, 2002
0007134.png	Скончались
0007135.png	Скончались
0007136.png	Окончил среднюю школу, школу ФЗУ в городе Дружковка.
0007137.png	Ссылки
0007138.png	См. также
0007139.png	«Нова Доба»;
0007140.png	Дефект  при любой вершине правильного многогранника:
0007141.png	Праздники Киргизии
0007142.png	Внешняя политика и международные отношения
0007143.png	Институт общей и экспериментальной биологии СО РАН
0007144.png	Почётные доктора Будапештского университета
0007145.png	Механические часы
0007146.png	Библейское повествование
0007147.png	18 января
0007148.png	Лечение: проводят симптоматическую терапию. Антидот к эпирубицину неизвестен.
0007149.png	Сайт, посвящённый жизни и творчеству Марины Цветаевой, Рольф Гросс
0007150.png	Пензенский строительный колледж;
0007151.png	Функция «В начало передачи».
0007152.png	Мемуаристы Германии
0007153.png	Репродуктивные особи
0007154.png	Последние годы
0007155.png	Персонализм
0007156.png	Спортивная школа
0007157.png	Сотбис
0007158.png	Общая топология
0007159.png	См. также Атасуский рудный район.
0007160.png	Копия Царь-пушки
0007161.png	Кузяр-бурундук и Инойка-медведь
0007162.png	Муниципалитеты округа Порталегре
0007163.png	Примеры
0007164.png	Примечания
0007165.png	Песни 1885 года
0007166.png	Примечания
0007167.png	Персоналии по алфавиту
0007168.png	Женщины
0007169.png	иврит
0007170.png	Президенты Литвы
0007171.png	Земля кормилица. Москва, 1937. 264 с., 20 000 экз.
0007172.png	Графы Рейтерны, бароны Нолькен (РИ)
0007173.png	Первооткрыватели химических элементов
0007174.png	Коммерческий фридайвинг
0007175.png	Сверхпроводники
0007176.png	Законодательство о политических партиях
0007177.png	Спорт
0007178.png	Примечания
0007179.png	Уличный театр «Легкие крылья»
0007180.png	Ссылки
0007181.png	Период становления и укрепления Государства Израиль (1948-67)
0007182.png	Привидение в инженерном замке (1882)
0007183.png	сезонное хранение.
0007184.png	Период Пуран
0007185.png	1880-е годы
0007186.png	Культура отмены
0007187.png	Первенец Самары
0007188.png	См. также
0007189.png	Графики Великобритании
0007190.png	См. также
0007191.png	См. также
0007192.png	психотерапия:
0007193.png	«Сигнал из космоса» (2009)
0007194.png	Зиганшин К. Боцман, или История жизни рыси (2002)
0007195.png	Титановые белила
0007196.png	«О псах, котах и чертях» (1968)
0007197.png	Сельское хозяйство
0007198.png	Ссылки
0007199.png	Символика
0007200.png	Дискография
0007201.png	Примечания
0007202.png	Джордж Уокер
0007203.png	Сочинения
0007204.png	См. также
0007205.png	Литература
0007206.png	Локализационные компании
0007207.png	См. также
0007208.png	Ссылки
0007209.png	1977 за повесть «Двухсотлетний человек»;
0007210.png	География и климат
0007211.png	Семья Тагоров
0007212.png	Бертольд Брехт, 1966 (Жизнь замечательных людей)
0007213.png	Министры финансов Франции
0007214.png	Последний набег викингов на Францию.
0007215.png	Население
0007216.png	Журнал новейших открытий и изобретений
0007217.png	Дачная улица
0007218.png	Амвросий (Зертис-Каменский), архиепископ Московский.
0007219.png	начало вещания телеканала «Свежий ветер».
0007220.png	Терминология
0007221.png	Водные ресурсы
0007222.png	Детство
0007223.png	Шляхетские роды герба Лелива
0007224.png	Рацлавицкая панорама
0007225.png	ЗАО «Пикалёвские колбасы»
0007226.png	Варшавский 1-й проезд
0007227.png	Литература
0007228.png	Примечания
0007229.png	Ссылки
0007230.png	Женские имена
0007231.png	«Битва книг», (, 1697).
0007232.png	Энергетика
0007233.png	Вывод
0007234.png	Арт-терапия
0007235.png	Филологи Германии
0007236.png	Литература
0007237.png	Список улиц Ачинска
0007238.png	Дети Гедимина
0007239.png	Религиозные
0007240.png	Экологические катастрофы
0007241.png	Члены Саксонской академии наук
0007242.png	«Надзирать и наказывать» (1975)
0007243.png	Сбирко, Д.
0007244.png	Фольклористы СССР
0007245.png	См. также
0007246.png	Ссылки
0007247.png	Статистические регионы Сербии
0007248.png	В качестве тренера
0007249.png	В русском языке точка употребляется:
0007250.png	полная анонимность.
0007251.png	(Сидней, Австралия)
0007252.png	Франц Боас
0007253.png	Улица Мечникова в Нижнем Новгороде
0007254.png	память святого Стефана Щиляновича (1515 год) (Серб.).
0007255.png	Комплексные соединения
0007256.png	парабульбарная (раствор вводится в область под глазным яблоком)
0007257.png	Эталон абсолютного давления
0007258.png	галерея детского художественного творчества.
0007259.png	Похоронен в Дерпте на кладбище Раади.
0007260.png	Литература
0007261.png	Правители Польши
0007262.png	Примечания
0007263.png	Литература
0007264.png	Шахматная композиция
0007265.png	Прочее
0007266.png	Примечания
0007267.png	Ссылки
0007268.png	Погибшие в боях Великой Отечественной войны
0007269.png	Официальный сайт Евангелическо-лютеранской церкви Ингрии
0007270.png	Культура Древней Руси
0007271.png	Кипу индейского вождя Лепитрана, 1772
0007272.png	Анеуплоидия
0007273.png	организованный
0007274.png	В культуре
0007275.png	Русскоязычный портал на Викискладе
0007276.png	Худжандская крепость
0007277.png	547 км: Бохтюга (лв)
0007278.png	Автомобильный транспорт
0007279.png	Руководители
0007280.png	Металлы
0007281.png	«Сказка и миф».
0007282.png	Личный состав был не удовлетворён низкой надёжностью в целом.
0007283.png	Кавалер ордена Дягилева (2007)
0007284.png	Скончались
0007285.png	Староверие в Камбарском заводе.
0007286.png	Орлеанистские претенденты
0007287.png	Литература
0007288.png	Крепости Российской империи
0007289.png	Литература
0007290.png	Скандинавские заимствования
0007291.png	Троллейбусный транспорт
0007292.png	Казнаков Николай Иванович, прапрадед:Фотоальбом
0007293.png	Фильмография
0007294.png	Медики Италии
0007295.png	улица Седова
0007296.png	с помощью нейтронного облучения в реакторах нептуния-237.
0007297.png	Похороны символические
0007298.png	Александровка, улица
0007299.png	орден Белого льва 1-й степени (Чехословакия, 06.06.1945);
0007300.png	Ссылки
0007301.png	Ассимиляция (лингвистика)
0007302.png	Языки Панамы
0007303.png	Ссылки
0007304.png	Восток Калининградской области запланирован под технополисы
0007305.png	Электростанция Самоходная Узкоколейная (ЭСУ)
0007306.png	Ученики
0007307.png	Фотографии Хеврона
0007308.png	Тревожный невроз
0007309.png	Переход к серийному производству
0007310.png	Ссылки
0007311.png	Динамика североатлантического климата
0007312.png	Лестница к вершине автоспорта сегодня представлена такими этапами, как:
0007313.png	Большой коэффициент усиления по напряжению.
0007314.png	Реки Кашинского района
0007315.png	Тугоплавкие (например: Молибден, Вольфрам)
0007316.png	художник Борис Мессерер
0007317.png	Биография на сайте Еврокомиссии
0007318.png	Аксаевское княжество упразднено в 1827 году.
0007319.png	«Клеопатра испытывает на рабе силу яда» (1838),
0007320.png	Второй срок
0007321.png	Символика
0007322.png	Члены Совета Федерации России (с 2000)
0007323.png	Адаптивная система
0007324.png	Тогда в явном виде координаты центра окружности определяются по формулам:
0007325.png	Кирасирские полки Российской империи
0007326.png	Учёные в области информатики Швейцарии
0007327.png	Балтимор, США (1985)
0007328.png	Исторические государства Балкан
0007329.png	Португальская империя
0007330.png	Мемуаристы Германии
0007331.png	Гжель,
0007332.png	Некоторые кремнийорганические соединения
0007333.png	См. также
0007334.png	Формирование коллекции
0007335.png	Впоследствии появлялись различные альтернативные версии:
0007336.png	Происхождение
0007337.png	Преподаватели МГТУ
0007338.png	отдел ЦК КПСС по законодательным инициативам и правовым вопросам
0007339.png	Состав и типы надписей
0007340.png	Стёпкина любовь (1961)
0007341.png	объектно-ориентированная архитектура
0007342.png	Отчёт о деятельности Центрального Склада Её Величества в г. Харбине.
0007343.png	Урало-Забайкальская сводная дивизия.
0007344.png	Здесь:
0007345.png	1 ноября
0007346.png	Реки Татарстана
0007347.png	В сфере образования
0007348.png	Усадьба заводчиков Шамариных (1852)
0007349.png	Канальный уровень
0007350.png	Парадокс масс
0007351.png	Офицер ордена Дракона Аннама (Протекторат Аннам, 1887)
0007352.png	Дачно-Мещёрский 3-й проезд
0007353.png	Примечания
0007354.png	Олег Сапрыкин, российский хоккеист, чемпион мира (2009).
0007355.png	Непапабили, избранные папами римскими
0007356.png	Низкий коэффициент мощности.
0007357.png	Ссылки
0007358.png	Участник Международной благотворительной программы «Новые имена».
0007359.png	История вуза
0007360.png	Хордофоны
0007361.png	Рок-вокалисты Великобритании
0007362.png	Примечания
0007363.png	Распространение джаза
0007364.png	Святые Сирии
0007365.png	Почётные доктора Йельского университета
0007366.png	Виды и типы эстетического знания
0007367.png	Первый поход на Теночтитлан
0007368.png	139 км: река Татар-Велень-Лей (пр)
0007369.png	См. также
0007370.png	АООТ «Нафиса» (предприятие по производству чулочно-носочных изделий)
0007371.png	Другие направления дзэн
0007372.png	На японском языке
0007373.png	Профессиональная и партийная деятельность
0007374.png	Женитьба Гонория на дочери Стилихона Марии.
0007375.png	После Великой Отечественной войны
0007376.png	Литература
0007377.png	Памятники и мемориалы
0007378.png	Третья
0007379.png	Открытая эра
0007380.png	Дочь, замужем Шихабеддином Махмудом (1138).
0007381.png	Климат
0007382.png	Музыка
0007383.png	Литература
0007384.png	Цербст:
0007385.png	Елизавета Туктамышева
0007386.png	Традиционные персонажи опер
0007387.png	Ссылки
0007388.png	Жан-Батист
0007389.png	«Быт войны» В. А. Залгаллер;
0007390.png	Парк на ул. Рязанской
0007391.png	Ссылки
0007392.png	Праздники и памятные дни
0007393.png	Наше время
0007394.png	Этиология и патогенез
0007395.png	Юристы Российской империи
0007396.png	Кайтсёрфинг
0007397.png	Всегда твой. С наилучшими пожеланиями.
0007398.png	Деамбулаторий
0007399.png	Онлайн табло аэропорта Внуково
0007400.png	В ноябре 1917 года его назначили военным губернским комиссаром Москвы.
0007401.png	И через дальние края
0007402.png	Примечания
0007403.png	Биография
0007404.png	Связь и интернет
0007405.png	Управление ошибками
0007406.png	Горловский техникум пищевой промышленности,
0007407.png	После победы ХАМАСа на выборах
0007408.png	Проникновение в Западную Европу и Америку
0007409.png	Чоботовская 8-я аллея
0007410.png	Вильжюифский список
0007411.png	Ассоциативность умножения: .
0007412.png	Финалы челленджеров и фьючерсов в парном разряде (3)
0007413.png	Бобруйская улица
0007414.png	См. также
0007415.png	Преподаватели юридического факультета Пермского государственного университета
0007416.png	Замечания
0007417.png	Мемуаристы Российской империи
0007418.png	Финниан Клонардский (Винниан)
0007419.png	См. также
0007420.png	равенство всех граждан перед законом;
0007421.png	Итоги года
0007422.png	Название
0007423.png	Фенилпропаноиды
0007424.png	Подгорное
0007425.png	Участники французского движения Сопротивления
0007426.png	История
0007427.png	Список задействованных структур
0007428.png	Примечания
0007429.png	См. также
0007430.png	Измир (), Турция (1993).
0007431.png	Строение и физические свойства
0007432.png	29 км: Большая Ватса (лв.)
0007433.png	Японский энцефалит
0007434.png	Карл Поппер
0007435.png	См. также
0007436.png	установка и конфигурирование нового аппаратного и программного обеспечения;
0007437.png	Простые числа
0007438.png	Иудаизм
0007439.png	Примечания
0007440.png	Населённые пункты
0007441.png	Источники
0007442.png	Храм Преподобного Серафима Саровского;
0007443.png	После Второй мировой войны
0007444.png	медали
0007445.png	События
0007446.png	Типичные категории:
0007447.png	Достопримечательности
0007448.png	Генералы от инфантерии (Российская империя)
0007449.png	самолёт впервые перелетел через Эверест.
0007450.png	кражи 478
0007451.png	Решётка (значения)
0007452.png	Разведывательный отдел Генерального Штаба КНА (кор.чонъчхальгук)
0007453.png	Ссылки
0007454.png	События
0007455.png	мавзолей Гумбази-Сейидан (Купол Сейидов);
0007456.png	Ошибки обработки или интерпретации данных;
0007457.png	Тавроктония
0007458.png	Алтайский государственный природный заповедник
0007459.png	Программированное обучение в курсе Теоретическая механика
0007460.png	Алабышевы, князья
0007461.png	Основные финансовые концепции
0007462.png	Примечания
0007463.png	Сучава (жудец)
0007464.png	Общественная деятельность
0007465.png	Ордена Австро-Венгрии
0007466.png	Благотворительная деятельность
0007467.png	Средние специальные учебные заведения
0007468.png	Октябрь
0007469.png	«Начало» (1970)
0007470.png	Николай Пинарский, христианский святой.
0007471.png	Нагревание олова в токе хлороводорода - так получают безводную соль.
0007472.png	Острый стручковый перец из Эспелета
0007473.png	Доходный дом Бахчисарайцева.
0007474.png	Бюджет
0007475.png	Мемориал Славы в Комсомольском парке
0007476.png	Функция полуаддитивна, если  выпукло:
0007477.png	История
0007478.png	Чемпионы мира по быстрым шахматам
0007479.png	Примечания
0007480.png	Чемпион России
0007481.png	Туризм
0007482.png	Аэроклуб имени Анатолия Балуева. Базируется в станице Прочноокопской;
0007483.png	астероид (13010) Германтитов;
0007484.png	Челябинск, Россия
0007485.png	Витебск (Белоруссия), 11 мая 2001 года
0007486.png	Скончались
0007487.png	Садовая-Черногрязская улица
0007488.png	В городе действует около 38 различных музеев.
0007489.png	Извержение Везувия (1861)
0007490.png	Тупиковые железнодорожные станции
0007491.png	Понятие «напряжённость поля»
0007492.png	мемориал в честь сахалинских солдат, погибших в Афганистане и Чечне
0007493.png	Балансирный способ управления
0007494.png	Каванаридзима-хан ()
0007495.png	Юлий Ким на сайте иронической поэзии
0007496.png	В астрономии
0007497.png	Площадь Героев
0007498.png	«Убогий жаворонок»
0007499.png	Работы в музеях мира
0007500.png	История
0007501.png	Библиография
0007502.png	орден Отечественной войны 2-й степени (26.03.1944);
0007503.png	Литература
0007504.png	Ведущими мировыми фьючерсными биржами являются:
0007505.png	Архитектура
0007506.png	Крокус
0007507.png	Скончались
0007508.png	Биография
0007509.png	Присвоенные воинские звания
0007510.png	В своих трудах его использовал известный мистик-визионер Даниил Андреев:
0007511.png	См. также
0007512.png	Примечания
0007513.png	См. также
0007514.png	Сравнительно-историческое языкознание
0007515.png	Выпускники Военной академии имени М. В. Фрунзе
0007516.png	Благовещенский собор (Воронеж)
0007517.png	Справедливость и право
0007518.png	Ссылки
0007519.png	Из архива Барбары Лённквист: Рита Райт.
0007520.png	Король Франции и Наварры
0007521.png	Общее
0007522.png	Энергия
0007523.png	ионное (взаимодействие между ионами);
0007524.png	Валерий Зыков
0007525.png	Арсения Тарковского, улица
0007526.png	Литература
0007527.png	крыши, состоящей из:
0007528.png	Примечания
0007529.png	Текстильная промышленность;
0007530.png	Отечественная война и Заграничная кампания
0007531.png	Дюбель-гвоздь
0007532.png	Экономика
0007533.png	Издания на русском языке
0007534.png	В русских и французских тюрьмах. 1906.
0007535.png	Определение
0007536.png	«Бёрнсова строфа»
0007537.png	Лицо Мэй Уэст, использованное в качестве сюрреалистической комнаты
0007538.png	История Пскова и области
0007539.png	Ипполит Римский Опровержение всех ересей
0007540.png	Важнейшие суры и аяты Корана
0007541.png	Лесосибирский кадетский корпус.
0007542.png	Ссылки
0007543.png	Паросочетания, покрытия и упаковка ()
0007544.png	Консулы Публий Сестий Капитолин Ватикан и Тит Менений Ланат.
0007545.png	Мета-тест Тьюринга
0007546.png	1 октября
0007547.png	Служба в комсомольских органах и органах государственной безопасности
0007548.png	Круг (литое кольцо, которое находится на верхней части тулова);
0007549.png	«Большая фантазия на русские народные песни» для фортепиано с оркестром (1852)
0007550.png	По отношению к власти и праву:
0007551.png	Официальный сайт МО «Гусевский муниципальный район»
0007552.png	Транспорт
0007553.png	3-й студийный альбом «Плацента»
0007554.png	Примечания
0007555.png	История обнаружения
0007556.png	Медаль Генри Дрейпера (1974)
0007557.png	Внешняя торговля
0007558.png	Новости ВКонтакте
0007559.png	«На белой Руси не без добрых людей»,
0007560.png	Карсон Непер и венерианский цикл
0007561.png	России
0007562.png	Американский испанский язык
0007563.png	Награждённые медалью Хьюза
0007564.png	Троллейбус
0007565.png	Коммуникации
0007566.png	Орден «Дустлик» (Узбекистан, 2022).
0007567.png	Отрадная улица
0007568.png	57: Публий Корнелий Лентул Спинтер и Квинт Цецилий Метелл Непот;
0007569.png	Администрация
0007570.png	Фёдор Достоевский
0007571.png	Дезорганизация психической деятельности.
0007572.png	в сквере на набережной Афанасия Никитина
0007573.png	См. также
0007574.png	«Начала» Евклида (1572);
0007575.png	660-е годы до н. э.
0007576.png	Эмблема СС
0007577.png	Мосты через Лебяжью канавку
0007578.png	Населённые пункты
0007579.png	Пищевая промышленность
0007580.png	Энтомологи Германии
0007581.png	Бытовая техника
0007582.png	Знамя полка (1730)
0007583.png	География
0007584.png	Суринамцы-креолы (Суринамцы)
0007585.png	Как и составляющие его нуклоны, ядро имеет собственные моменты.
0007586.png	Примечания
0007587.png	Дворфы
0007588.png	Бейра, Мозамбик
0007589.png	После ухода из профессионального спорта
0007590.png	См. также: :Категория:Родившиеся в 1305 году
0007591.png	Ссылки
0007592.png	Населённые пункты Шахритусского района
0007593.png	На Марсе
0007594.png	Господа офицеры: Спасти императора (Олег Фомин, 2008)
0007595.png	Примечания
0007596.png	Музей истории Витебского народного художественного училища
0007597.png	Историко-культурный комплекс «Запорожская Сечь»
0007598.png	Конфликт с Олегом Митволем
0007599.png	Ксения Хаирова (с 1993 года)
0007600.png	Вклад в филателию
0007601.png	В области родились
0007602.png	Геолого-тектоническое строение
0007603.png	Литература
0007604.png	Ссылки
0007605.png	Работы в музеях мира
0007606.png	«Русский язык» Крижанича
0007607.png	Другие более широкие включенные проблемы:
0007608.png	Гнать, дышать, держать, вертеть
0007609.png	Свободное, если для любых различных  и любого  выполняется .
0007610.png	Литература
0007611.png	Раздел
0007612.png	«Песенка про собачку Тябу» (стихи Д. Сухарева),
0007613.png	1890-е годы: готика и русский стиль
0007614.png	Первомайская улица
0007615.png	373 км: Нижний Инегень
0007616.png	Манифест от 6 августа 1905 года
0007617.png	Труппа
0007618.png	Лазерные материалы
0007619.png	новый
0007620.png	Медицинская техника
0007621.png	Город Прохладный является крупным транспортным узлом.
0007622.png	Учёные в области науки о системах
0007623.png	Консулы Луций Валерий Мессала Аполлинарит и Гай Октавий Аппий Светрий Сабин.
0007624.png	Дело учёных
0007625.png	Административное деление
0007626.png	Памятники архитектуры Тобольска
0007627.png	Города Томской области
0007628.png	Государственные мужи древней Греции в эпоху её распадения. М., 1851.
0007629.png	Нынешняя версия
0007630.png	Схожие образы в чувашской мифологии и соответствия в мифологиях других народов
0007631.png	Путешествие на Восток. М.: Наука, 1986
0007632.png	Награды
0007633.png	Вюртембергский Орден Вюртембергской короны 1-й ст. (13.10.1847);
0007634.png	История Украинской грекокатолической церкви
0007635.png	Родившиеся в Ярославской губернии
0007636.png	Разведчики СССР
0007637.png	Старопольские меры длины
0007638.png	Рабочие клинских заводов активно участвовали в стачечном движении 1905 года.
0007639.png	В фильме 1961 года «Ромул и Рем»  роль Тарпейи играет Орнелла Ванони.
0007640.png	Богословы Российской империи
0007641.png	Стандарт
0007642.png	Цзиньский сановник Чжао У (посмертное имя Вэнь-цзы) получил титул чжэнцина.
0007643.png	российские:
0007644.png	Псков (аэропорт)
0007645.png	Примечания
0007646.png	Богословский спектр
0007647.png	Регулирование продажи, продукции
0007648.png	Мережковские
0007649.png	Чугуев, Украина
0007650.png	Салоники и болгары: история, память, современность
0007651.png	Примечания
0007652.png	Спасо-преображенский храм города Усолье-Сибирское
0007653.png	История
0007654.png	Ранние годы
0007655.png	Литература
0007656.png	Окружность радиуса  с центром в точке :
0007657.png	память преподобных Геннадия (ок. 1516) и Никифора (1557) Важеозерских;
0007658.png	Дом-музей Волконского (Иркутск)
0007659.png	Северная Америка
0007660.png	Филиал ДГПУ. Создан в 1996 году.
0007661.png	Переносы выходных и рабочих дней
0007662.png	В СССР
0007663.png	Уравнение движения
0007664.png	Общую администрацию Консорциума Всемирной паутины осуществляют 3 организации:
0007665.png	детская районная библиотека,
0007666.png	Барельефный фриз
0007667.png	детский билингвизм (первичный, от рождения, естественный, детский);
0007668.png	На 06 ноября 2008 года во фракции состояло 57 депутатов:
0007669.png	Кризис феодализма, «открытие страны»
0007670.png	Египетская система счисления
0007671.png	Служба в морской пехоте
0007672.png	Также:
0007673.png	Литература
0007674.png	Миссисипи:
0007675.png	Населённые пункты воинской доблести Московской области
0007676.png	Чрезвычайный и Полномочный Посол Советского Союза (14 июня 1943).
0007677.png	Ректоры Санкт-Петербургского государственного университета
0007678.png	Скончались
0007679.png	Фираун
0007680.png	Обучение в Москве
0007681.png	Экономика
0007682.png	Нильс Бор сказал как-то: «Из всех физиков у Дирака самая чистая душа».
0007683.png	Волгручей (правый)
0007684.png	В знаменитом фильме ужасов Пункт назначения 2 авария происходит на трассе 23.
0007685.png	Братислава, Словакия (1970)
0007686.png	Иерисская, Святогорская и Ардамерийская митрополия
0007687.png	Средние века
0007688.png	Боллун
0007689.png	Библиография
0007690.png	См. также
0007691.png	Сведения на сайте областной администрации
0007692.png	Политики по алфавиту
0007693.png	Культурология в России
0007694.png	Режим дозирования
0007695.png	Колочской (1413).
0007696.png	Учёные впервые сняли спектр шаровой молнии
0007697.png	Свято-Успенская церковь
0007698.png	См. также: :Категория:Умершие 4 января
0007699.png	Орден Михая Храброго 1-го, 2-го, 3-го классов (4 августа 1945)
0007700.png	Опубликованные сочинения
0007701.png	Мореплаватели Германии
0007702.png	Ссылки
0007703.png	Примечания
0007704.png	Рахукохту
0007705.png	Формирование городских общественных центров
0007706.png	Актёр не дожил всего несколько месяцев до своего 65-летнего юбилея.
0007707.png	Русский перевод
0007708.png	Завещание Петра Великого
0007709.png	Псков (аэропорт)
0007710.png	Маймонид в своей формулировке символа веры подчёркивал:
0007711.png	География
0007712.png	Проект «МакГрэм»
0007713.png	Средства массовой информации
0007714.png	История
0007715.png	Лорды-наместники Ирландии
0007716.png	Варианты
0007717.png	Родились
0007718.png	Ссылки
0007719.png	Репрессированные в Российской империи
0007720.png	История
0007721.png	Политическая география
0007722.png	Фильмография
0007723.png	Образ Скуратова в искусстве
0007724.png	Экспериментальные композиторы
0007725.png	Представительство Тюменского государственного университета
0007726.png	Этнография
0007727.png	Семья
0007728.png	Литература
0007729.png	Клечковского
0007730.png	день отгрузки (передачи) товаров (работ, услуг), имущественных прав;
0007731.png	Скульпторы Санкт-Петербурга
0007732.png	Подставляя это в предыдущее уравнение, получается
0007733.png	Для «камерок» характерны следующие особенности:
0007734.png	Описание программы
0007735.png	В Орлеане умеренный морской климат с мягкой зимой и тёплым летом.
0007736.png	Большие (стационарные)
0007737.png	Основные технические параметры котлов
0007738.png	Казань, Россия
0007739.png	Светлана Артемьева
0007740.png	Сочинения
0007741.png	Ивантеевская улица
0007742.png	С 1868 Хуан жил в Великобритании, там же и умер; похоронен в Триесте.
0007743.png	«Влад Листьев. Вспомнить всё» («Первый канал», 1 марта 2005)
0007744.png	Семья
0007745.png	французский.
0007746.png	Отряд
0007747.png	Красногвардейский район,
0007748.png	которая принимает на входе  и возвращает . Теперь рассмотрим программу
0007749.png	Примечания
0007750.png	отчисления на пенсионные накопления;
0007751.png	Режимы измерения экспозиции
0007752.png	Примечания
0007753.png	История династии
0007754.png	Ссылки
0007755.png	Посёлки городского типа Чувашии
0007756.png	Змей (мифология)
0007757.png	Дефляционная теория истины
0007758.png	орден Святого Александра Невского (Россия), 1897
0007759.png	Военный корабль
0007760.png	статья 9, позволяющая Великобритании открыть в стране почту и телеграф.
0007761.png	Итоги
0007762.png	Взаимодействие участников, исполняющих те или иные роли.
0007763.png	Академики Болгарской академии наук
0007764.png	Совет национальных координаторов (СНК);
0007765.png	Литература
0007766.png	Электролиз солей непредельных карбоновых кислот
0007767.png	Израиль (Арабский язык имеет особый статус)
0007768.png	Персоналии:Рунет
0007769.png	Структура и функции социальных институтов
0007770.png	Наша Марья нашей Дарье двоюродная Парасковья.
0007771.png	Латинские ораторы
0007772.png	Античные писатели, чьи труды дошли до нашего времени
0007773.png	Специфические психоделик-звуки
0007774.png	Кавалер Ордена Почётного легиона (1985).
0007775.png	Субарахноидальное кровотечение
0007776.png	Австралийская мечта
0007777.png	Географическое положение
0007778.png	Начальник Минной дивизии Балтийского флота
0007779.png	К 1850 годам население было около 9000 человек.
0007780.png	Высший совет народного хозяйства
0007781.png	Ружейный переулок
0007782.png	См. также
0007783.png	в России:
0007784.png	Нузальская часовня с усыпальницей последнего аланского царя в с. Нузал,
0007785.png	Переименованные населённые пункты России
0007786.png	Бывшие государства новейшей истории Европы
0007787.png	Кардинал-дьякон с титулярной диаконией Санта-Мария-Горетти Агостино Маркетто;
0007788.png	орден Дружбы народов (30.04.1982)
0007789.png	К еврейскому вопросу (1844)
0007790.png	Антиоксиданты
0007791.png	Царь: Анк Марций.
0007792.png	Родившиеся в Цзянду
0007793.png	Ссылки
0007794.png	См. также
0007795.png	Маршрутное такси
0007796.png	Фотосинтез
0007797.png	Мари-Жозе Кроз, канадская актриса.
0007798.png	Деятельность во второй президентский срок
0007799.png	личностные расстройства,
0007800.png	Татарское на Соколовой горе,
0007801.png	8-я гвардейская общевойсковая армия (Нора);
0007802.png	См. также
0007803.png	Примечания
0007804.png	Лига Наций и роль США
0007805.png	Награждённые Почётной грамотой Правительства Российской Федерации
0007806.png	Палеомагнитный метод
0007807.png	20-й артиллерийский полк СС ()
0007808.png	См. также
0007809.png	Учреждения промышленности, транспорта и энергетики
0007810.png	Построение систем управления знаниями. См. Экспертные системы.
0007811.png	Музыка
0007812.png	Рост Кирова составлял 168 см.
0007813.png	Его геометрия побеждает там, где другие сдаются.
0007814.png	Битва у Пирамид
0007815.png	Блеомицин в форме порошка для инъекций включен в Перечень ЖНВЛП.
0007816.png	Параметры компараторов
0007817.png	Владимир Барышев
0007818.png	Вооружённые силы
0007819.png	Религия
0007820.png	(в пер.)
0007821.png	Детство и семья
0007822.png	три ордена Ленина (29.10.1949, 07.03.1962, 07.03.1974)
0007823.png	Родословное древо
0007824.png	Примечания
0007825.png	Кинетика
0007826.png	Особняки Парижа
0007827.png	Харитонов, Николай Михайлович
0007828.png	Герои второго плана
0007829.png	«Вопросы литературы и эстетики» (1958)
0007830.png	Города Древней Руси
0007831.png	Философы Великобритании
0007832.png	Симметрия вращения
0007833.png	Примечания
0007834.png	Примечания
0007835.png	Математика
0007836.png	Физические свойства
0007837.png	Заднепровский
0007838.png	Кеннеди предстояло стать первым в истории страны президентом-католиком.
0007839.png	Лженаука
0007840.png	Гренландия
0007841.png	Большие грузоподъёмность и дальность беспосадочных полётов.
0007842.png	Ранние годы, образование и карьера
0007843.png	Ссылки
0007844.png	«Телегид»,
0007845.png	Новосильский районный краеведческий музей (Новосиль, ул. К. Маркса, 16)
0007846.png	Лингвистические (разговорный и книжный язык);
0007847.png	Ибо Твоё есть Царство и сила
0007848.png	Мясниковская 1-я улица
0007849.png	Выпускается в виде битартрата.
0007850.png	Финансовая грамотность
0007851.png	Шведский фунт равен 0,425076 кг
0007852.png	Кубок европейских чемпионов: 1988, 1989, 1990
0007853.png	Пропаганда (науки, товара, технологии, религии и так далее).
0007854.png	Классическими примерами систем, использующих блочную графику, являются:
0007855.png	Происхождение названия
0007856.png	Официальный сайт, русская версия
0007857.png	Фантастика в эпоху модернизма
0007858.png	Издания на русском языке
0007859.png	См. также
0007860.png	Члены Баварской академии наук
0007861.png	Сентябрь
0007862.png	предполагаемой или доказанной ВИЧ-инфекцией
0007863.png	Антропогенез
0007864.png	Треугольник.
0007865.png	Кинотеатр «Крым»
0007866.png	Международный институт по вопросам несостоятельности
0007867.png	90,8 МГц «Радио Маяк»;
0007868.png	Хроническая усталость.
0007869.png	Наука и техника
0007870.png	См. также
0007871.png	Обозначения советских кабелей
0007872.png	Ноябрь
0007873.png	Литература
0007874.png	Открытые проблемы
0007875.png	1 293 549 жителей (1 января 2013).
0007876.png	При этом имеют место следующие свойства.
0007877.png	Глэм-рок
0007878.png	Палики. (версия)
0007879.png	Ссылки
0007880.png	В декабре 2018 года закончилось строительство норильского перинатального центра.
0007881.png	Википедия:Персоналии, не категоризованные по месту рождения
0007882.png	Морфология растений
0007883.png	Члены «Единой России»
0007884.png	Суть парадокса
0007885.png	Память
0007886.png	Образование
0007887.png	Примечания
0007888.png	Июньская улица
0007889.png	Центры художественного промысла
0007890.png	Литература
0007891.png	Октоберфест
0007892.png	305 км: водоток падь Каменка
0007893.png	В Мелеузовском районе 96 населённых пунктов.
0007894.png	В 1974 году открылось новое здание аэровокзала.
0007895.png	Ссылки
0007896.png	Члены Российского Пагуошского комитета
0007897.png	(менин) досум «мой друг»; (биздин) шаарыбыз «наш город».
0007898.png	Семья
0007899.png	Подземные хранилища газа (по сост. на 31.12.2017)
0007900.png	Демократическая инициатива Центральной Европы за монархию
0007901.png	Носители фамилии
0007902.png	Прочее
0007903.png	«Космос как предчувствие»
0007904.png	Литература
0007905.png	Кодекс корпоративного поведения
0007906.png	Придворные чины Российской империи
0007907.png	Фильмы о Фридерике Шопене
0007908.png	Источники
0007909.png	Ботаники Германии
0007910.png	Япония
0007911.png	Физическая акустика
0007912.png	Писатели-деревенщики
0007913.png	Экономика
0007914.png	Физиология
0007915.png	Дописьменный период
0007916.png	Территории, зависимые от США
0007917.png	Существуют разные варианты метода аутогенной тренировки:
0007918.png	Факультет глобальных процессов (ФГП) (2005)
0007919.png	Неси (1918).
0007920.png	Классификация
0007921.png	параллельный слалом
0007922.png	Премия Андрея Белого
0007923.png	Россия
0007924.png	!Закладка
0007925.png	Хорчины
0007926.png	Илья Стогов. 4етвертая волна
0007927.png	Факторы риска
0007928.png	В Триполи есть зоопарк, расположенный в зелёной зоне.
0007929.png	Дискография
0007930.png	География
0007931.png	защищать честь и достоинство законными способами,
0007932.png	Данные источников
0007933.png	Актёры США
0007934.png	Подземные организмы:
0007935.png	Младшая Эдда
0007936.png	См. также
0007937.png	Диармайт мак Аэдо Слане,король Бреги.
0007938.png	Никольский А. С., Паровозы серии С, изд. «Виктория», 1997
0007939.png	Члены фракции националистов и умеренно-правых
0007940.png	Библиотека семейного чтения (ул. Кирова, д. 15)
0007941.png	В 1923 году, по другим сведениям в 1931, 1932
0007942.png	Города-побратимы
0007943.png	Выпускники Феррарского университета
0007944.png	Семёновцы
0007945.png	Первые секретари городского комитета ВКП(б), КПСС
0007946.png	Болгары: очерк традиционной народной культуры. София, 1984.
0007947.png	Иовиан
0007948.png	Корнел Салата
0007949.png	актуальностью;
0007950.png	См. также: :Категория:События 3 июля
0007951.png	на других языках
0007952.png	Установлены дипломатические отношения между Казахстаном и Кипром.
0007953.png	Зои Салдана, американская и доминиканская актриса и танцовщица.
0007954.png	Текущий состав
0007955.png	Античное пиратство
0007956.png	Биография на английском языке
0007957.png	Литература
0007958.png	Общие сведения
0007959.png	Астероиды Главного пояса
0007960.png	А. Привалов,
0007961.png	Морфологические особенности
0007962.png	Тумэн «Чингисхан» (Китай, 1998); «Чингисхан» (Монголия, 2000);
0007963.png	Схема выделения равносильна счётному множеству аксиом.
0007964.png	В этой записи:
0007965.png	Булонь:
0007966.png	Дельтаэдры
0007967.png	(в пер.)
0007968.png	«Не искушай» (1825)
0007969.png	Ссылки
0007970.png	Персоналии:Киностудия имени А. Довженко
0007971.png	Ночное золото
0007972.png	Не следует рвать траву.
0007973.png	Энциклопедия туриста
0007974.png	Храм Св. Пророка Илии (Ильинская слобода).
0007975.png	Зенит-2
0007976.png	См. также
0007977.png	памятник в Тампере,
0007978.png	Литература
0007979.png	«Янтарный замок» (1959)
0007980.png	См. также: :Категория:Родившиеся в 1212 году
0007981.png	Памятники архитектуры
0007982.png	Ресторан «Зодиак»
0007983.png	Культура
0007984.png	Статьи о списках
0007985.png	Заказник «Гряда Вярямянселькя»
0007986.png	Услуги кабельного телевидения предоставляет компания «Новлайн».
0007987.png	Методы и разделы комбинаторики
0007988.png	Образование
0007989.png	Стихотворения в прозе (пер. Ф. Сологуба)
0007990.png	Санудо, Марко
0007991.png	80 общеобразовательных учреждений;
0007992.png	улицей Степана Разина в советские годы называлась улица Варварка в Москве
0007993.png	Токио, Япония (1989)
0007994.png	29. Бабушкинский
0007995.png	«Скандал в Богемии»
0007996.png	Дозировка и продолжительность
0007997.png	Память мученика Емилиана Доростольского (363);
0007998.png	Петербургский государственный университет путей сообщения
0007999.png	Либреттисты Российской империи
0008000.png	Языки
0008001.png	Техническая основа
0008002.png	8 октября
0008003.png	Похороненные на Смоленском кладбище Твери
0008004.png	Великий шелковый путь и развитие торговли
0008005.png	Авиационное и радиоэлектронное оборудование
0008006.png	Высокий мост
0008007.png	В химической промышленности
0008008.png	в Бенгалию и Ассам;
0008009.png	Витте, аллея
0008010.png	Сюжет
0008011.png	«Сирена»
0008012.png	Этнография
0008013.png	Персоналии:Безансон
0008014.png	искусственное состаривание
0008015.png	Воздушный змей;
0008016.png	Местный совет Валлетты
0008017.png	Прочее
0008018.png	Литература
0008019.png	Биография
0008020.png	Население
0008021.png	Ирина Скобцева (р. 1927), советская и российская актриса.
0008022.png	Хоккей: «Могилёв»
0008023.png	Австралийские аборигены
0008024.png	Комментарии
0008025.png	ФОТОФАКТ: Города Беларуси. Жлобин
0008026.png	Характерный актёр
0008027.png	Акмолинский лагерь жён изменников Родины
0008028.png	Профессора Корнеллского университета
0008029.png	Список номер один (1917).
0008030.png	Примеры
0008031.png	Литературные воспоминания
0008032.png	Литература
0008033.png	Примечания
0008034.png	Образование
0008035.png	Столицы кантонов Швейцарии
0008036.png	1433 год: количество увеличилось до 30 человек (31, включая сюзерена).
0008037.png	Представлены в 2007 году.
0008038.png	Особенностями данного вида изданий является:
0008039.png	Примечания
0008040.png	Нобелевские лауреаты из России
0008041.png	Христианство в Египте
0008042.png	Тюркские гулямы овладели Газной, порвав с Саманидами.
0008043.png	Медаль Румфорда (1908)
0008044.png	Музей братьев Ткачёвых.
0008045.png	Ссылки
0008046.png	Борьба за звание чемпиона мира
0008047.png	Анасази
0008048.png	Административный статус и органы управления
0008049.png	Индийское письмо (слоговое)
0008050.png	Семья
0008051.png	Боги ацтеков
0008052.png	См. также
0008053.png	Древние восточные церкви могут означать:
0008054.png	Биологическая и физиологическая роль
0008055.png	рука (кисть)
0008056.png	Согласные
0008057.png	См. также
0008058.png	Мигдаль-Оз ()
0008059.png	Ярославский поход Мстиславичей (1149)
0008060.png	Африка
0008061.png	Короли Саксонии
0008062.png	Члены городских комитетов ВЛКСМ
0008063.png	Математики по алфавиту
0008064.png	Чины и звания военной службы
0008065.png	Тукатимуриды
0008066.png	Епископ Михаил (Семёнов) «Святая литургия»
0008067.png	Родившиеся в 1820-е годы
0008068.png	«Узник острова акул» (1936, США)
0008069.png	Примечания
0008070.png	Матчи
0008071.png	См. также
0008072.png	Зеленодольск, Татарстан, Россия (1997)
0008073.png	Чемпионы Европы по хоккею с шайбой
0008074.png	27 марта:
0008075.png	Позиция научных организаций
0008076.png	Храм святителя Николая в Филимонове
0008077.png	Текстильная промышленность.
0008078.png	Дармштадт
0008079.png	Переяславские полковники
0008080.png	Автобусы и маршрутные такси
0008081.png	Эзэн Богд Чингис хааныхаа
0008082.png	В Будапеште открылась сессия Временного национального собрания Венгрии.
0008083.png	: Дарвин
0008084.png	Идея создания электронной библиотеки, по словам Максима Мошкова, родилась так:
0008085.png	Горбунов, Евгений Петрович
0008086.png	2006 год в космонавтике
0008087.png	34 км: Арья (лв)
0008088.png	Футбольные клубы РСФСР
0008089.png	31 октября 1989 года вновь образован Базарносызганский район.
0008090.png	Новый Завет
0008091.png	310 км: река Нерья (пр)
0008092.png	Ресурсы
0008093.png	Примечания
0008094.png	Климат
0008095.png	Два духа
0008096.png	Средняя Кутерьма
0008097.png	История
0008098.png	Международная хоккейная федерация
0008099.png	Ссылки
0008100.png	Лечебное голодание (альтернативная медицина)
0008101.png	Трижды орденом Ленина награждены:
0008102.png	Родились
0008103.png	Почётные доктора Сент-Эндрюсского университета
0008104.png	Известные носители:
0008105.png	Правительство
0008106.png	«Суперсимметрия» Статья в «Физической энциклопедии».
0008107.png	Апрель
0008108.png	Описание и история ордена
0008109.png	Дионисова отрада
0008110.png	Меншиков. Историческая драма в 5 действиях, в стихах. СПб., 1903;
0008111.png	Симптомы и течение
0008112.png	Примечания
0008113.png	Ссылки
0008114.png	Ссылки
0008115.png	Ссылки
0008116.png	Теорема Колмогорова о двух рядах
0008117.png	отношения доверия и вражды
0008118.png	Мильковское сельское поселение,
0008119.png	Примечания
0008120.png	«МТС»;
0008121.png	Похороненные на Литераторских мостках
0008122.png	Невская куртина и Невские ворота
0008123.png	Одесский художественный музей
0008124.png	Выпускники Киевского высшего общевойскового командного училища
0008125.png	Турецко-курдский конфликт
0008126.png	Вспомогательные системы:
0008127.png	Крестьяне-отходники из внутренних областей России
0008128.png	Свойства
0008129.png	Генерал-поручик
0008130.png	Термин
0008131.png	Митрополит Черногории Данила посетил Россию.
0008132.png	История
0008133.png	Выбор столицы Олимпиады
0008134.png	Кузбасский парк. Парк в Ленинском районе города.
0008135.png	Населённые пункты Кингисеппского района
0008136.png	Образование
0008137.png	Источники
0008138.png	Добавлен таймер КР580ВИ53 для генерации звука и других целей.
0008139.png	Нефтегорск в энциклопедии «Мой город»
0008140.png	Вечер на Волге (1888, Государственная Третьяковская галерея)
0008141.png	Причинами апластической анемии могут быть:
0008142.png	Белоруссия
0008143.png	Литература
0008144.png	Литература
0008145.png	Военные
0008146.png	Литература
0008147.png	Размеры
0008148.png	См. также: :Категория:Родившиеся в 1621 году
0008149.png	Оформление щита
0008150.png	Среда выполнения
0008151.png	Экономика
0008152.png	ПОГ «Белоцерковское УВП УТОС»
0008153.png	Расположение шатра и двора
0008154.png	Метинвест-Шиппинг
0008155.png	то есть шар является «наихудшим» в этом смысле телом.
0008156.png	Первый день Интернет2
0008157.png	Индивидуально-авторские неологизмы
0008158.png	Сергей Осипов
0008159.png	7-й год по эре правления луского князя Си-гуна.
0008160.png	Сельское хозяйство
0008161.png	Сейчас в Херсоне есть несколько судоремонтных предприятий:
0008162.png	Население
0008163.png	Халанского (1885).
0008164.png	Примечания
0008165.png	Блез Паскаль
0008166.png	Правители Карфагена
0008167.png	Леонард Пелтиер, активист движения американских индейцев.
0008168.png	Бейкоз, Турция;
0008169.png	См. также: :Категория:Умершие в 1868 году
0008170.png	Чалбачи (л.б.)
0008171.png	Для кривой  с натуральным параметром и кривизной
0008172.png	Городской музей современного искусства () с комнатой писателя Метерлинка.
0008173.png	Павел и Сила основывают первую европейскую общину в Филиппах, в Македонии ()
0008174.png	Центр космической связи «Медвежьи озёра» (ОКБ МЭИ).
0008175.png	Математические глоссарии
0008176.png	В телепередаче «ОСП-студия» Аллу Пугачёву пародировала Татьяна Лазарева.
0008177.png	Кабиры (возможно, сатировская драма)
0008178.png	Самураи по алфавиту
0008179.png	См. также
0008180.png	Демография
0008181.png	Кавалеры ордена Святого апостола Андрея Первозванного
0008182.png	Музыка
0008183.png	Ежегодники «Системные исследования. Методологические проблемы»
0008184.png	дендрологический парк МГУЛ,
0008185.png	Литература
0008186.png	Суп из колбасной палочки
0008187.png	Смерть и наследие
0008188.png	Галерея
0008189.png	Памятная золотая медаль «Манас-1000» (15 августа 1995 года)
0008190.png	Короны маркизов
0008191.png	Телевизионные записи
0008192.png	Музеи
0008193.png	Звания и разряды
0008194.png	Алфавит
0008195.png	См. также
0008196.png	Похороненные на Бусиновском кладбище
0008197.png	См. также: :Категория:Родившиеся в 1505 году
0008198.png	Нейролептики
0008199.png	Примечания
0008200.png	Личность
0008201.png	Баялаг ноёдуудын эрх мэдэлд
0008202.png	Английские поэты
0008203.png	Европейский союз
0008204.png	Стипендиаты Родса
0008205.png	Краткая история популярной музыки
0008206.png	Языки-потомки
0008207.png	Переводчики по алфавиту
0008208.png	Сражение при Рымнике
0008209.png	Майкл Хидс: Теория происхождения приматов поставлена под сомнение
0008210.png	Описание герба города
0008211.png	На английском языке
0008212.png	Давид Кипиани: 1998
0008213.png	Конденсатор
0008214.png	Примечания
0008215.png	Восток-1 (антарктическая станция)
0008216.png	Спорт
0008217.png	Гомельская область
0008218.png	Религиозный состав населения
0008219.png	Это был первый случай публичных противоречий между Ющенко и Тимошенко.
0008220.png	(Италия)
0008221.png	Художники-педагоги
0008222.png	Высшее и профессиональное образование в Лиепае:
0008223.png	Сигналы примирения
0008224.png	Ссылки
0008225.png	Библиография
0008226.png	Известные представители
0008227.png	Аудиогид по крейсеру «Аврора»
0008228.png	Физики России
0008229.png	Письменность
0008230.png	Железноводск. Кавказские Минеральные Воды
0008231.png	Члены Академии деи Линчеи
0008232.png	Важные персоны
0008233.png	Торговля
0008234.png	Черногорская медаль «За военное отличие» (01.05.1878)
0008235.png	В средневековой литературе
0008236.png	Биография
0008237.png	Передача ЭЭГ по телефону недопустима.
0008238.png	Начало правления , седьмого императора из китайской династии Западная Чжоу.
0008239.png	Краковские традиции
0008240.png	Монархисты Российской империи
0008241.png	Западное христианство
0008242.png	Население
0008243.png	ненулевой код ошибки.
0008244.png	Лауреаты премии «Серебряная лента» за лучшую режиссуру
0008245.png	Примечания
0008246.png	Примечания
0008247.png	Биология
0008248.png	Аэропорт
0008249.png	Официальный сайт
0008250.png	Гревенская митрополия
0008251.png	Церковь святой мученицы Варвары (г. Беслан);
0008252.png	Законодательство Ярославской области
0008253.png	В 1548 году послан с Работки к Казани первым воеводой Сторожевого полка.
0008254.png	В Ферраре
0008255.png	Восстания в центральной России
0008256.png	Акимова Нина
0008257.png	Исчезнувший труп
0008258.png	буквы, обозначающие гласные звуки: я, е, ё, ю.
0008259.png	Короли Венгрии
0008260.png	Предлог
0008261.png	Активность в химии.
0008262.png	Пустой список параметров: ()
0008263.png	Территориальное устройство
0008264.png	Измена королевы и начало войны
0008265.png	См. также
0008266.png	Министры внутренних дел Грузии
0008267.png	Литература
0008268.png	металлотермическим методом:
0008269.png	Персоналии: Последний адрес в Санкт-Петербурге
0008270.png	Метрополитен
0008271.png	История
0008272.png	Провозглашена независимость Сомалиленда от Великобритании.
0008273.png	Литература
0008274.png	Персоналии
0008275.png	Неофициальный сайт Андрея Шевченко
0008276.png	Уральская республика
0008277.png	Архитекторы неорусского стиля
0008278.png	Признание
0008279.png	Классификации малых планет
0008280.png	Общий домен верхнего уровня
0008281.png	Зандбергер:
0008282.png	См. также
0008283.png	Спортивные клубы Балашихи
0008284.png	Денацификация
0008285.png	Последствия
0008286.png	Московский методологический кружок
0008287.png	Персоналии по алфавиту
0008288.png	Эффекты светимости
0008289.png	Ирен Схаутен, нидерландская конькобежка, 3-кратная олимпийская чемпионка.
0008290.png	память мученика Максима Румянцева (1928);
0008291.png	Суррогатная запись
0008292.png	ОАО «Донецкая Мануфактура М» (производство махровых изделий),
0008293.png	ФНПЦ Калужский научно-исследовательский радиотехнический институт
0008294.png	Местные организации
0008295.png	Административное деление
0008296.png	Елена Бероева
0008297.png	Примечания
0008298.png	Ор. 9. Фортепианный квартет (1894): партитура.
0008299.png	Сашими
0008300.png	Крупные трагедии
0008301.png	Примечания
0008302.png	Увеличивает минимальную дистанцию фокусировки объектива.
0008303.png	Примечания
0008304.png	См. также
0008305.png	Меньший размер по сравнению с классическим реле, рассчитанным на такой же ток.
0008306.png	Другие достопримечательности
0008307.png	Разновидности барабанов:
0008308.png	Частота в конкретных случаях
0008309.png	«Эволюция Донской природы»,
0008310.png	Название
0008311.png	«Укротитель стальных крыс». Интервью газете «Солидарность» (2008)
0008312.png	Митрополит Макарий (Булгаков). «История Русской Церкви». 12 томов. СПб, 1883.
0008313.png	Конъюнктивит
0008314.png	1 июля 1953 года создан Романовский сельсовет.
0008315.png	Элементы и устройства СВЧ-трактов
0008316.png	Водный туризм в Восточной Сибири
0008317.png	Влияние на репродуктивную систему
0008318.png	Легенда карты:
0008319.png	Флаги-триколоры
0008320.png	Реформа
0008321.png	Обезглавленные святые
0008322.png	15 декабря
0008323.png	Объекты теории графов
0008324.png	См. также
0008325.png	См. Договор об ограничении систем противоракетной обороны
0008326.png	Свойства
0008327.png	Начало немцовской программы «ЗЕРНО», развалившей колхозы и совхозы области.
0008328.png	Квадратное уравнение
0008329.png	Смартизм
0008330.png	НИИ «Центрпрограммсистем»;
0008331.png	Гильберт и уравнения гравитационного поля
0008332.png	Солёные озёра Казахстана
0008333.png	Немецкие поэты
0008334.png	Флора и фауна
0008335.png	Амальтея (спутник)
0008336.png	Баронские роды
0008337.png	См. также
0008338.png	Почётные доктора Индианского университета
0008339.png	Шутеры от первого лица
0008340.png	Праздники России
0008341.png	Примечания
0008342.png	Награды
0008343.png	Выпускники Театра юношеского творчества
0008344.png	Ссылки
0008345.png	в Скандинавии,
0008346.png	Первоконники
0008347.png	Следствие
0008348.png	См. также: :Категория:Умершие в 1177 году
0008349.png	Положительные формы рельефа
0008350.png	«Амурский городской дендрарий»
0008351.png	Биография
0008352.png	Николай Старшинов (р. 1924), русский советский поэт, фронтовик.
0008353.png	Публикации на русском языке
0008354.png	Водные виды спорта
0008355.png	Ароматические амины
0008356.png	Знаки различия
0008357.png	Заслуженный деятель искусств Литовской ССР (1945)
0008358.png	Татарский академический государственный театр оперы и балета в Казани.
0008359.png	Сатана скован на тысячу лет.
0008360.png	В его честь были названы:
0008361.png	Восточнокатолические церкви
0008362.png	Железные дороги СССР
0008363.png	«Плохой хороший человек»
0008364.png	Конструкция
0008365.png	Множественность точек схода. Перспектива как композиционное средство
0008366.png	Движение местных племён в Нумидии.
0008367.png	Люди, чей прах был развеян
0008368.png	Двойная экспоненциальная функция
0008369.png	Высшим юридическим органом является верховный суд Ганы.
0008370.png	Имена месяцев
0008371.png	«Бахтриони» (1892)
0008372.png	курманджи:
0008373.png	РН Циклон-4М, с первой ступенью на основе РН «Зенит»
0008374.png	Инверторы
0008375.png	Христианское богословие
0008376.png	Члены Французской академии
0008377.png	ЧМК-Черняховский мясокомбинат (в мае 2014 года признан банкротом)
0008378.png	В изобразительном искусстве
0008379.png	Официальный сайт
0008380.png	Компании Белоруссии
0008381.png	Ссылки
0008382.png	Антон Кузьмин «Солнце Нико Пиросмани»
0008383.png	с охлаждением кипящим холодильным агентом в конденсаторе-испарителе,
0008384.png	По назначению сетки подразделяются на следующие виды:
0008385.png	Вячеслав Быков 2015
0008386.png	Принципы и методы глубокой очистки веществ
0008387.png	Газета «Площадь Мира»
0008388.png	Примечания
0008389.png	См. также
0008390.png	Персоналии:Успенский собор (Владимир, Россия)
0008391.png	Административное деление
0008392.png	Промышленность
0008393.png	Также существуют иные классификация бюджетов, например:
0008394.png	Цхинвальская детская музыкальная (с эстрадным уклом) «Бонварнон»,
0008395.png	Похороненные на Первом кладбище Иерусалимской и Новой церквей
0008396.png	Пространство Браунера
0008397.png	председатель Отдела внешних церковных связей;
0008398.png	прохаристерии (в связи с прорастанием хлеба),
0008399.png	Штаб-музей Котовского в Тирасполе
0008400.png	Курский колледж культуры.
0008401.png	11 октября
0008402.png	Февраль
0008403.png	Орфанные препараты
0008404.png	Колумбия (округ, Нью-Йорк)
0008405.png	Проектируемый 5450-й проезд
0008406.png	1665 мм: Португалия. Старый стандарт до унификации с Испанией.
0008407.png	См. также
0008408.png	Член Совета Общероссийского правозащитного движения «За права человека»
0008409.png	Ссылки
0008410.png	Климат
0008411.png	А. Шарадкин Краткая история парашютизма в датах
0008412.png	Ссылки
0008413.png	Литература
0008414.png	Примечания
0008415.png	Островский Н. «Как закалялась сталь», 1934
0008416.png	Произведения
0008417.png	Церковь Св. мученика Стефана
0008418.png	Ренессанс
0008419.png	Примечания
0008420.png	мужчины и женщины могут участвовать в одном забеге;
0008421.png	Изображение
0008422.png	Субтропические леса
0008423.png	Оракул
0008424.png	Осознание своего единства с богом
0008425.png	Компиляция кода в исполняемые файлы отсутствует
0008426.png	Основание города Берн в Швейцарии.
0008427.png	Население и национальный состав
0008428.png	Астрономы Германии
0008429.png	Скончались
0008430.png	Литература
0008431.png	История
0008432.png	Объект и предмет политологии
0008433.png	Память
0008434.png	В ноябре 1805 года получил чин генерал-лейтенанта.
0008435.png	Примечания
0008436.png	экономическая география
0008437.png	Сценаристы: Даниэль Томпсон, Клод Пиното
0008438.png	Почётные доктора Йельского университета
0008439.png	Склонение указательных местоимений:
0008440.png	Папа Мартин привезён в Константинополь и сослан в Херсонес.
0008441.png	Образ Медеи в искусстве
0008442.png	Религиозные
0008443.png	Правление
0008444.png	Примечания
0008445.png	Морепродукты
0008446.png	Московское княжество
0008447.png	Майлгун ап Кадваллон, король Гвинеда (ум. 547)
0008448.png	Сертификация
0008449.png	сберегательные банки, специализирующиеся на привлечении средств населения.
0008450.png	Писатели-фантасты Великобритании
0008451.png	Труды
0008452.png	Детские болезни
0008453.png	Греческая эпиграфика
0008454.png	Театральные постановки
0008455.png	Происхождение и эволюция
0008456.png	Прочие сведения
0008457.png	Сыновья:
0008458.png	Изоляты
0008459.png	Комиссия по борьбе с лженаукой
0008460.png	Численность
0008461.png	Развитие и стандартизация языка
0008462.png	Строение
0008463.png	Население
0008464.png	Применение
0008465.png	ветеринария
0008466.png	В ролях
0008467.png	Район сельскохозяйственный, производятся зерновые и продукция животноводства.
0008468.png	Гахаев Михаил Нохаевич
0008469.png	Географические
0008470.png	Мир изобретений Уоллеса и Громита
0008471.png	Английский рожок
0008472.png	Также в , .
0008473.png	Почётные доктора Болонского университета
0008474.png	Именем писателя назван астероид (2448) Шолохов.
0008475.png	оптические телескопы,
0008476.png	Международный линейный коллайдер
0008477.png	В свою очередь они делятся на районы.
0008478.png	Общий метод определения площади
0008479.png	Вестготы перешли Пиренеи. Аланы разгромлены, а вандалы оттеснены в горы Галисии.
0008480.png	Карлики (звёзды)
0008481.png	На русском языке
0008482.png	Таллинская ратуша
0008483.png	Современное употребление слова
0008484.png	Духовная деятельность
0008485.png	«Вертикальные углы равны»;
0008486.png	См. также
0008487.png	Большая советская энциклопедия
0008488.png	Февраль
0008489.png	Фамилия
0008490.png	ВОССТАНИЕ К. КОСИНСКОГО
0008491.png	Директора совхозов
0008492.png	Система образования округа включает в себя:
0008493.png	Примечания
0008494.png	События
0008495.png	Промышленность
0008496.png	См. также: :Категория:Родившиеся 11 сентября
0008497.png	Источники
0008498.png	Нобелевские премии
0008499.png	Скончались
0008500.png	Мечеть «Ляля-Тюльпан» (Черниковка)
0008501.png	Крайние населённые пункты
0008502.png	На 2023 год пост ректора ЛЭИС и СПбГУТ занимали 15 человек:
0008503.png	Муниципально-территориальное устройство
0008504.png	12 мая
0008505.png	См. также
0008506.png	Гэ Сюань, знаменитый даос династии Восточная У.
0008507.png	Литература
0008508.png	«Керчь. ФМ»
0008509.png	На территории Артёма расположен международный аэропорт Владивосток.
0008510.png	Торгер Нергор, норвежский кёрлингист, олимпийский чемпион (2002).
0008511.png	Культура ткани
0008512.png	В искусстве
0008513.png	Смешанный, соответствует поздней латыни.
0008514.png	События
0008515.png	Орден Креста земли Марии 1-й степени (2000, Эстония).
0008516.png	Имперская реформа
0008517.png	Переводчики Виктора Гюго
0008518.png	Аксиома
0008519.png	Обозначения:
0008520.png	Электрон
0008521.png	Стекольная и фарфорофаянсовая промышленность
0008522.png	Усиление таянья Гренландского ледника.
0008523.png	капитан 1-го ранга Екименко Андрей Анатольевич
0008524.png	Существует несколько классификаций субъектов международного права:
0008525.png	61 км: Кишерть
0008526.png	Карца
0008527.png	(затылочное, теменное, лобное, лицевое, подбородочное),
0008528.png	Стихотворный разговорный текст
0008529.png	Группа генеральных инспекторов Министерства обороны СССР
0008530.png	Незарегистрированный брак
0008531.png	Альтернативы венчурному капиталу
0008532.png	Почвы
0008533.png	Биография
0008534.png	Парма, Италия (06.05.2016)
0008535.png	Новый Завет на языке оригинала
0008536.png	Поэтика и язык песни
0008537.png	два ордена Ленина (19 августа 1962 года, 20 июля 1974 года);
0008538.png	Населённые пункты
0008539.png	Озвучивание мультфильмов
0008540.png	! Дата или год написания
0008541.png	Транспорт
0008542.png	Ак-Эне
0008543.png	Универсальные фонологические классификации
0008544.png	Литература
0008545.png	«Торпедо» (ул. Авиаторов, 10, Военный городок)
0008546.png	Начало Венгерской революции.
0008547.png	МегаФон-Владимир
0008548.png	Царевна-лягушка (1971)
0008549.png	Компьютерные игры
0008550.png	По двоичной и троичной записи
0008551.png	Сжатие с потерями
0008552.png	Аспирантура МФТИ
0008553.png	Мекленбург-Шверинский
0008554.png	неустойчивость
0008555.png	Синтезаторы в России
0008556.png	знаки Рюриковичей;
0008557.png	Примечания
0008558.png	Театр «Сфера»
0008559.png	Примечания
0008560.png	обтекатели.
0008561.png	Литература
0008562.png	о быте и нравах жителей Персии.
0008563.png	Автобусы
0008564.png	Утерянные и спорные
0008565.png	Почётные члены Императорского православного палестинского общества
0008566.png	Экономические университеты России
0008567.png	Аквапарк Н2О,
0008568.png	Марина Антиохийская, христианская дева, почитаемая в лике великомучениц.
0008569.png	Ямсовейское нефтегазоконденсатное месторождение
0008570.png	Животноводство
0008571.png	Примечания
0008572.png	Государства в истории Кореи
0008573.png	Литература
0008574.png	Подстроечная отвёртка
0008575.png	Рельеф
0008576.png	Горско-еврейский театр
0008577.png	СНиП 32-03-96. Аэродромы.
0008578.png	В металлургии
0008579.png	Международный турнир по спортивным танцам «Кубок АКИБАНКА» (2011)
0008580.png	Национальный университет Узбекистана
0008581.png	Объявление войны
0008582.png	Примечания
0008583.png	Монеты Белоруссии
0008584.png	Средневековье
0008585.png	Критика
0008586.png	Религиозная реформа в Тоба-Вэй, запретившая даосизм.
0008587.png	Западносредненемецкое наречие
0008588.png	Богемия входит в состав Германии как герцогство.
0008589.png	Выпускники Каирского университета
0008590.png	Синологические работы 1840-х годов
0008591.png	Восстание тайпинов
0008592.png	Обобщение понятий, Ограничение понятий
0008593.png	Галерея
0008594.png	Корпоративная электронная библиотека
0008595.png	Ракета-носитель: «Протон»
0008596.png	Джонс редко устраивал живые выступления. Фактически он дал менее 10 концертов.
0008597.png	Литература
0008598.png	Примечания
0008599.png	Танго-нуэво
0008600.png	Учебно-научный центр типологии и семиотики фольклора
0008601.png	Сюжет
0008602.png	Сопряжённое пространство
0008603.png	История
0008604.png	4 муниципальных округа;
0008605.png	Архитектура
0008606.png	География
0008607.png	Первое поколение
0008608.png	Сегодня это пригород Туниса и объект для туристического паломничества.
0008609.png	Роды млекопитающих
0008610.png	Прибывали послы соседних государств и бии (правители) племён:
0008611.png	15-го ава отмечается праздник Ту бе-Ав.
0008612.png	Города из Списка русских городов дальних и ближних
0008613.png	Примечания
0008614.png	Трейси Бингэм, американская актриса и фотомодель.
0008615.png	Легководолазный костюм 1930-х годов: 1  2
0008616.png	с. Бондовка: 30.Козлов Василий Петрович
0008617.png	Рихард Штраус:
0008618.png	Парк Батлье
0008619.png	Театр
0008620.png	Антенна Вивальди
0008621.png	Орден Святого апостола Андрея Первозванного
0008622.png	Океанографы Российской империи
0008623.png	методы низкочастотного электромагнитного поля;
0008624.png	Технология производства стали
0008625.png	Фотогалерея
0008626.png	Национальные
0008627.png	Местоимения
0008628.png	Ивами
0008629.png	Галерея
0008630.png	Местное самоуправление
0008631.png	Поляки захватили Моравию.
0008632.png	Русская система мер
0008633.png	Литература
0008634.png	Фотообъединение Вузовского клуба
0008635.png	Языковые варианты
0008636.png	Учитываются матчи чемпионатов и кубков СССР и России.
0008637.png	Королевский орден Обеих Сицилий, большой крест (Неаполитанское королевство)
0008638.png	Примечания
0008639.png	Мцхетско-Иверская архиепископия получила статус патриархата
0008640.png	Узбекистан, Румыния и Сенегал установили дипломатические отношения.
0008641.png	Пайк, Джеймс:
0008642.png	Британская поп-музыка
0008643.png	Энергетика
0008644.png	Чиж и Ёж
0008645.png	Междикастерская комиссия по кандидатам в священные ордена;
0008646.png	Топонимы
0008647.png	Уважать женщин и избегать непристойных речей,
0008648.png	Книга Мормона
0008649.png	Здание первой на Кавказе женской гимназии
0008650.png	Зимние Олимпийские игры 2026 года пройдут в Милане.
0008651.png	Деньги Лаоса
0008652.png	Церковь Димитрия Солунского (приблизительно 1770 и 1830) с. Сутка. Действует
0008653.png	Русские поэты
0008654.png	Стоянка в Маниле
0008655.png	ЩУКа съела ацетат,
0008656.png	Крючок для вязки арматуры (крючок для вязки проволоки)
0008657.png	Регулирование
0008658.png	Слобин
0008659.png	Военное духовенство Российской империи
0008660.png	См. также: :Категория:Родившиеся 13 декабря
0008661.png	Предмет регулирования
0008662.png	См. также
0008663.png	Личное состояние
0008664.png	Требования к описываемой системе, примеры
0008665.png	Римское царство
0008666.png	См. также: :Категория:Умершие в 1300 году
0008667.png	Литература
0008668.png	Лингвистические и энциклопедические словари
0008669.png	Литература
0008670.png	Москва
0008671.png	Родились
0008672.png	Евгений Хачериди
0008673.png	Западное влияние и реформы
0008674.png	Боги по алфавиту
0008675.png	Тасование
0008676.png	Доработаны и опубликованы посмертно:
0008677.png	Древнегреческая философия
0008678.png	Общие данные
0008679.png	Редактировал газеты  и ; во втором из них сотрудничал с Карлом Маем.
0008680.png	Конструкторы стрелкового оружия
0008681.png	Подвижной состав железных дорог
0008682.png	Музей-панорама «Освобождение Проскурова»
0008683.png	Коллекция
0008684.png	Охрана границ
0008685.png	Ссылки
0008686.png	См. также
0008687.png	Самоназвание дигорцев
0008688.png	Хентай и законодательство
0008689.png	Биография
0008690.png	Самцы и самки во всех возрастах окрашены одинаково.
0008691.png	Скончались
0008692.png	Население
0008693.png	Плагиат
0008694.png	Президент
0008695.png	В Леванте в это время использовались западно-арамейские языки:
0008696.png	Повторно опубликовано:
0008697.png	Похороненные на Братском кладбище (Москва)
0008698.png	Гидрография
0008699.png	Словари
0008700.png	Марло и Шекспир
0008701.png	Список островных государств
0008702.png	Принципы
0008703.png	Биография
0008704.png	«Мечеть Парижской Богоматери», роман Елены Чудиновой (2005).
0008705.png	Ладины
0008706.png	Знаменская церковь иконы Божией Матери (1720)
0008707.png	Газгольдерная улица
0008708.png	Награды и звания
0008709.png	Происхождение
0008710.png	См. также
0008711.png	где ;
0008712.png	Сотовая связь
0008713.png	Ссылки
0008714.png	Выпускники Колледжа Вильгельма и Марии
0008715.png	Персоналии, чья дата рождения не установлена
0008716.png	(1913, Санкт-Петербург)
0008717.png	Члены Шведской королевской академии наук
0008718.png	Лишение украинского гражданства
0008719.png	Факты
0008720.png	Первая дама Франции
0008721.png	Этимология названия
0008722.png	Представления о небесах
0008723.png	5. Бодхидхарма
0008724.png	При бедном устье ручейка
0008725.png	Автодороги
0008726.png	Геология и рельеф
0008727.png	Примечания
0008728.png	Экономическая свобода
0008729.png	Космический мусор
0008730.png	Обладатели «Золотой бутсы»
0008731.png	Родившиеся в Братиславе
0008732.png	Получение
0008733.png	См. также
0008734.png	Ономасты
0008735.png	Теорема о внешнем угле треугольника.
0008736.png	Их частным случаем выступают:
0008737.png	Трудовая аллея
0008738.png	Мир Англии и Испании.
0008739.png	Лауреаты премии Габриэлы Мистраль
0008740.png	Ливан
0008741.png	Роттердам, Нидерланды
0008742.png	Ссылки
0008743.png	Сирийские арабские военно-воздушные силы (САВВС)
0008744.png	Сноски
0008745.png	Американский релиз
0008746.png	Память святителя Мартина исповедника, папы Римского (655).
0008747.png	Комментарии
0008748.png	Лев в иконописи
0008749.png	Возвращение в гонки с командой «Макларен»
0008750.png	Примечания
0008751.png	Абингдон, Мэриленд
0008752.png	Исторические области Японии
0008753.png	Подсудимый
0008754.png	Скончались
0008755.png	Проблемы Юникода
0008756.png	Егоров, Борис Борисович ()
0008757.png	интроит;
0008758.png	Все грани одинаковы;
0008759.png	Эврином
0008760.png	Русские православные святители
0008761.png	Ход экспедиции
0008762.png	Системный анализ
0008763.png	Множество всех непрерывных функций .
0008764.png	Ссылки
0008765.png	Реки Твери
0008766.png	Именной группой может быть:
0008767.png	месторождение доломита в районе с. Мадаево;
0008768.png	Литература и источники
0008769.png	Ракетная установка Катюша.
0008770.png	Название
0008771.png	В 2008 бронзу Олимпиады принесла штангистка Наталья Давыдова.
0008772.png	Учёба в университете. Литературный дебют
0008773.png	и железной рукой
0008774.png	«Охотники ночного города».
0008775.png	Творчество
0008776.png	Основные понятия
0008777.png	1947 Растленная литература (Дж. Оруэлл «Диккенс, Дали и другие»)
0008778.png	Венская конвенция о гражданской ответственности за ядерный ущерб
0008779.png	Самарская область,
0008780.png	Почётный гражданин города Чебоксары (1996)
0008781.png	Сергей Светлаков, российский комедийный актёр.
0008782.png	Взлётные полосы
0008783.png	Памятники
0008784.png	Боги смерти и загробного мира
0008785.png	Ксеноновая лампа-вспышка
0008786.png	Красное смещение
0008787.png	Захаревич Юрий Иванович (олимпийский чемпион, тяжелоатлет);
0008788.png	Декоративное растение.
0008789.png	Романы Фёдора Достоевского
0008790.png	Память
0008791.png	Мифологический процесс в древнем язычестве (1873)
0008792.png	Административно-территориальное деление РСФСР
0008793.png	В районе расположены:
0008794.png	Члены Союза кинематографистов Узбекистана
0008795.png	Литература
0008796.png	Научное изучение сочинений
0008797.png	Умершие 14 января
0008798.png	Известные люди
0008799.png	Приметы
0008800.png	История
0008801.png	Португалия
0008802.png	Растительность и животный мир
0008803.png	В границах города образован городской округ.
0008804.png	ул. Карельская
0008805.png	Враги
0008806.png	См. также
0008807.png	Народы индоевропейской языковой семьи:
0008808.png	Комментарии
0008809.png	Ссылки
0008810.png	Принцип конкурентного исключения
0008811.png	1774 год в Крыму
0008812.png	Банковский сектор
0008813.png	ПОСТАНОВИЛ:
0008814.png	Модификации правил
0008815.png	Сокол (или ястреб)
0008816.png	Примечания
0008817.png	Список всех стран (ключей массива) можно получить командой
0008818.png	Этимология
0008819.png	Поэты и писатели Воронежа
0008820.png	Примечания
0008821.png	Культуры раннего палеолита
0008822.png	Подвиды
0008823.png	В сфере информационных технологий
0008824.png	Каторга и ссылка
0008825.png	Скончались
0008826.png	Фрекинг
0008827.png	Орден Святого Станислава 1 ст. (1879)
0008828.png	Примечания
0008829.png	Оперные композиторы России
0008830.png	Наука управления
0008831.png	Когнитология
0008832.png	Учебник церковного права (Суворов)
0008833.png	Бой у города Вилькомир
0008834.png	Примечания
0008835.png	Население
0008836.png	Кандалакшский заповедник (также в Карелии)
0008837.png	шёлк горит медленно, издаёт запах горелых перьев;
0008838.png	Первоуральский городской молочный завод
0008839.png	Сквер Памяти Героев
0008840.png	Знакомство Запада с трудами Галена
0008841.png	Открытый чемпионат Франции по теннису,
0008842.png	Городской транспорт
0008843.png	1884 Новый Орлеан (США)
0008844.png	Дилеммы
0008845.png	Комсомольское озеро и парк «Джавони» (Молодость)
0008846.png	Месторождение
0008847.png	Орден Дружбы (2015, Южная Осетия)
0008848.png	Фрагменты поэмы «Шахматы» в Новой Шахматории Семена Губницко
0008849.png	Кваква (южные сото).
0008850.png	Византийские алтарные преграды
0008851.png	«Строгий юноша» (1934, для фильма «Строгий юноша»)
0008852.png	«Средние века» () (1904)
0008853.png	Примечания
0008854.png	Медики Германии
0008855.png	См. также
0008856.png	Майор (29.01.1949)
0008857.png	Церковь Святой Александры
0008858.png	2010-е годы
0008859.png	Дом купца Куттуева
0008860.png	Появление богумильства в Болгарии.
0008861.png	Католицизм
0008862.png	Галерея
0008863.png	В честь Бисмарка при жизни была названа столица штата США Северная Дакота.
0008864.png	Подтверждение и тестирование услуг
0008865.png	Асино и Асиновский район
0008866.png	Музыка
0008867.png	Автомобильный
0008868.png	Административное деление
0008869.png	Коли брусника поспела, так и овёс дошёл.
0008870.png	Кевин Спейси «Конверт» (2012)
0008871.png	Политические партии Литвы
0008872.png	Литература
0008873.png	Список аэродромов экспериментальной авиации России
0008874.png	Ожидаемые события
0008875.png	Декабрь
0008876.png	«Киноповесть» Анастасия Чеховская за сценарий «Отличница»
0008877.png	Ссылки
0008878.png	Партийные информационные издания
0008879.png	Формула Эйлера:
0008880.png	Как выучить азбуку Морзе (портал радиолюбителей)
0008881.png	Во время поездок или отдыха президент также использует резиденции:
0008882.png	мертворождённый сын (26 сентября 1736).
0008883.png	семь медалей и два ордена Австрии и Сирии.
0008884.png	1976  Кит Баркиншоу
0008885.png	Население
0008886.png	Тесты
0008887.png	В Талмуде
0008888.png	Франситан
0008889.png	Галерея банкнот Литвы
0008890.png	Экономика
0008891.png	Сутул, горбат, все поле перешел, все суслоны перечел.
0008892.png	Ссылки
0008893.png	Здания и сооружения Тверского бульвара
0008894.png	Косино
0008895.png	Евреи
0008896.png	Алгебраические структуры
0008897.png	Линкоры Италии
0008898.png	Домский собор (Рига, Латвия)
0008899.png	Автомобильный транспорт
0008900.png	Ошмяны в Российской империи
0008901.png	Отношения с масонами и декабристами
0008902.png	Лучший новичок сезона:
0008903.png	Почётные члены Польского химического общества
0008904.png	Проекция
0008905.png	Лесное хозяйство
0008906.png	Медицина
0008907.png	Завод Голицынский кирпич;
0008908.png	Дионис
0008909.png	Транспорт
0008910.png	Возникновение в Нориче первой общины индепендентов.
0008911.png	Растительность
0008912.png	Биография
0008913.png	Мариниды отнимают у Альмохадов Марракеш; конец династии Альмохадов.
0008914.png	Религиозная тематика
0008915.png	Ещё праздные мысли (1898)
0008916.png	Примечания
0008917.png	Хронология версий
0008918.png	Заряженные элементарные частицы
0008919.png	Оператор: Владимир Николаев
0008920.png	Пожарный спорт
0008921.png	Прогнозы ООН
0008922.png	Населённые пункты
0008923.png	Стр. у Вискарди: 405
0008924.png	немотивированные сущ.: бельё, ботва, хвоя (хвойные деревья).
0008925.png	Религиозные титулы
0008926.png	См. также: :Категория:Праздники 8 декабря
0008927.png	См. также
0008928.png	«Научный коммунизм»
0008929.png	См. также
0008930.png	Карманный персональный компьютер
0008931.png	Антифрикционный чугун:
0008932.png	Примечания
0008933.png	Патриотка (2014)
0008934.png	Герцоги франков
0008935.png	Спасск (Пензенская область)
0008936.png	Такая крутая (2010)
0008937.png	дворец культуры «Октябрь»,
0008938.png	Верхняя Бавария
0008939.png	Произведения искусства
0008940.png	Результаты опроса были следующими:
0008941.png	Причины
0008942.png	Страница, посвящённая посёлку, на сайте города Сарань
0008943.png	Примечания
0008944.png	Владимир Андриянов
0008945.png	Управленцы России
0008946.png	Время
0008947.png	Подбор актёров
0008948.png	Архимед
0008949.png	Родились
0008950.png	Эмблемы хирургии
0008951.png	1830-е годы
0008952.png	См. также
0008953.png	Сюжет
0008954.png	Средства массовой информации
0008955.png	Развлечения
0008956.png	Кавалер (7 декабря 1814);
0008957.png	Поворот к антиутопии
0008958.png	Лялезар базар (6-й микрорайон)
0008959.png	Лейбористская партия (1900).
0008960.png	Открытая эра
0008961.png	Языки Бутана
0008962.png	Почётные граждане Рио-де-Жанейро
0008963.png	Коровка (приток Черёмухи)
0008964.png	Динамическое равновесие
0008965.png	Иудея управляется римским наместником.
0008966.png	Биография
0008967.png	Подведенная мощность первых секций ЦОД составляет 48 МВт
0008968.png	Альпинистская верёвка
0008969.png	актриса Ирина Мазуркевич
0008970.png	Создание Валуйского городского округа
0008971.png	Район образован 5 сентября 1927 года.
0008972.png	В 9 луне чжуский князь прибыл для аудиенции в Лу.
0008973.png	14 февраля
0008974.png	Филологи Нидерландов
0008975.png	368 км: Эндыю (пр.)
0008976.png	Железнодорожный транспорт
0008977.png	В старину на Руси поговаривали: «На Савина сани покинь, телегу подвинь».
0008978.png	Спорт
0008979.png	Медаль «В память объединения Италии»
0008980.png	Орден Ленина ();
0008981.png	Похороненные на кладбище Монпарнас
0008982.png	Численность и регионы проживания
0008983.png	Персонажи
0008984.png	Основанными на логике ответами на фундаментальные вопросы бытия;
0008985.png	Прочие
0008986.png	Патриаршая Епитропия в Газе
0008987.png	Общая характеристика
0008988.png	Орден Святого Станислава 3-й степени с мечами и бантом (11.05.1917)
0008989.png	Граф Нулин (1825),
0008990.png	(Торговец щёлоком; самое длинное в мире слово-палиндром)
0008991.png	Шадринск
0008992.png	Музей истории Витебского народного художественного училища
0008993.png	Волгоград, Россия (2017)
0008994.png	Годичный параллакс и расстояния до звёзд
0008995.png	В составе СССР
0008996.png	103.6 МГц Радио Континенталь (Юрюзань);
0008997.png	электрохимия;
0008998.png	Неметаллы
0008999.png	Топоним
0009000.png	Двоичная система счисления
0009001.png	Территориальное устройство
0009002.png	Возрастает бронепробиваемость подкалиберных снарядов.
0009003.png	Национальные домены верхнего уровня
0009004.png	Период усиления Германии
0009005.png	Композитор: Владимир Косма, Жерар Виар
0009006.png	2320 км: Миндяк
0009007.png	Примечания
0009008.png	Определения образуют с именем единую группу.
0009009.png	На сайте «Русская фантастика»
0009010.png	Эвенкийский и Таймырский автономные округа вошли в состав Красноярского края.
0009011.png	Германские языки заимствовали название железа (, , , , , ) из кельтских.
0009012.png	Улицы посёлка
0009013.png	Отказ от ядерной энергетики
0009014.png	Провинции Пруссии
0009015.png	Универсальная газовая постоянная
0009016.png	См. также
0009017.png	События
0009018.png	Историческое развитие понятия «культура»
0009019.png	В 7 луне, в день цзя-цзы умер луский сановник Гунсунь-цзы.
0009020.png	Пушкинские места
0009021.png	(в пер.)
0009022.png	Известны противоопухолевые антибиотики.
0009023.png	Литературные критики по алфавиту
0009024.png	См. также
0009025.png	Примечания
0009026.png	Исправление ошибок
0009027.png	Голяпин Иван Семёнович с 1 декабря 1927
0009028.png	Капитан (16.05.1960).
0009029.png	деревня Лукинская 101
0009030.png	67 км: Чебиткер
0009031.png	перекраска
0009032.png	Города Российской Федерации
0009033.png	Акционеры
0009034.png	В Гродно в честь Мицкевича названа улица и установлен бюст.
0009035.png	Примечания
0009036.png	Предприятия Санкт-Петербурга
0009037.png	Ор. 37. Литургия св. Иоанна Златоуста, для смешанного хора без сопровождения
0009038.png	Литература
0009039.png	Потенциал, Стандартный электродный потенциал
0009040.png	Теория чисел
0009041.png	Литература
0009042.png	Варианты
0009043.png	Летающие колдуны (под редакцией Азимова,  и Ч. Во)
0009044.png	Населённые пункты Камбарского района
0009045.png	Ссылки
0009046.png	Теорема. В каждом негамильтоновом двусвязном графе имеется тета-подграф.
0009047.png	В 1806 году был избран почётным членом Московского общества испытателей природы.
0009048.png	Патологии
0009049.png	Сферическая система координат
0009050.png	восковой валик (цилиндр)
0009051.png	В настоящее время территория городища объявлена музеем-заповедником.
0009052.png	Родились
0009053.png	Достопримечательности
0009054.png	Консулы Флавий Арбитион и Квинт Флавий Мезий Эгнаций Лоллиан.
0009055.png	Лечение открытого артериального протока
0009056.png	В 11 луне был построен кремль в Лу.
0009057.png	Московский новый юридический институт
0009058.png	Начало периода декретного времени
0009059.png	Национальные домены верхнего уровня
0009060.png	Свойства
0009061.png	Владивостокский государственный университет (филиал)
0009062.png	Бывшие участники
0009063.png	ООО «Востокгеология»
0009064.png	Генерал-адмирал.
0009065.png	История
0009066.png	Гражданская комиссия по правам человека (ГКПЧ)
0009067.png	Энтропия как характеристическая функция
0009068.png	Карьера
0009069.png	Тропическое сельское хозяйство
0009070.png	Восшествие на престол
0009071.png	Церковь Покрова Божией Матери
0009072.png	Цели экспедиции
0009073.png	Джойс Кэри. «Предел» (рассказ)
0009074.png	17 декабря
0009075.png	Литература
0009076.png	См. также
0009077.png	Ссылки
0009078.png	Цифровое телевидение
0009079.png	Литература
0009080.png	Музей истории Лиепайского сообщества евреев
0009081.png	Первые ракеты на вооружении
0009082.png	Положение о порядке осуществления безналичных расчётов физическими лицами в РФ
0009083.png	Транспорт
0009084.png	Порты отправителя и получателя
0009085.png	Высокий КПД;
0009086.png	Тувинская Автономная Советская Социалистическая Республика
0009087.png	предкамера у входа,
0009088.png	Ссылки
0009089.png	Мишкольц (Венгрия)
0009090.png	язык ваи (Сьерра-Леоне)
0009091.png	Чебоксарский институт (филиал) Московского гуманитарно-экономического института.
0009092.png	Телефонная связь
0009093.png	Известные валторнисты
0009094.png	Бетт Мидлер, американская актриса и певица.
0009095.png	Экспорт
0009096.png	Вселенная четырёх богов
0009097.png	Биография
0009098.png	2007 год
0009099.png	Сэйю: Эцуко Кодзакура
0009100.png	В музыке
0009101.png	Преждевременные роды
0009102.png	Волны де Бройля
0009103.png	Бомбардировка Сан-Марино
0009104.png	Примечания
0009105.png	Медиа:
0009106.png	Похороненные на Масличной Горе
0009107.png	Кафедра английского языка для естественных и гуманитарных специальностей
0009108.png	контейнеры международного стандарта (в трюме и на крышках грузового трюма)
0009109.png	Открытие ускорения Вселенной
0009110.png	Культура
0009111.png	Похороненные на кладбище «Улыбышево»
0009112.png	Экономика
0009113.png	Библиография
0009114.png	Термохимия
0009115.png	Малый Лёвшинский переулок, 4 (до 1855), дом не сохранился.
0009116.png	Председатели исполкома и Главы администрации
0009117.png	Станции Московского центрального кольца
0009118.png	Литература
0009119.png	Орден Данеброг (Дания) (1894)
0009120.png	Автомобили по маркам
0009121.png	Биография
0009122.png	Макс Брод. Послесловия и примечания к роману «Замок»
0009123.png	71 Антон Бурдасов 2015
0009124.png	Железнодорожный транспорт
0009125.png	Творчество
0009126.png	Игроки ФК «Волга» Тверь
0009127.png	Отделы
0009128.png	Вятский 4-й переулок
0009129.png	Савченко Иван Иванович
0009130.png	История
0009131.png	Томак
0009132.png	Характеристика отряда хищных
0009133.png	ООО «Волжский хлеб»
0009134.png	Размножение и развитие
0009135.png	На английском
0009136.png	Ленинский
0009137.png	оценка стоимости;
0009138.png	Название
0009139.png	См. также: :Категория:Умершие в 1440 году
0009140.png	В честь Вергеланна назван кратер на Меркурии.
0009141.png	в Ла-Мот основан орден госпитальеров святого Антония
0009142.png	Якутия (наряду с русским)
0009143.png	Примечания
0009144.png	Географическое положение
0009145.png	Евбулей. Эпитет Аида.
0009146.png	Мифы, легенды, заблуждения и их опровержения
0009147.png	Сайты компьютерной тематики
0009148.png	Конфигурация
0009149.png	Проливы по бассейну океана
0009150.png	Города-миллионеры Японии
0009151.png	Эмиль Волк («Сталин», 1992)
0009152.png	Сочинения
0009153.png	Австрийский орден Святого Стефана, большой крест (1860).
0009154.png	«Насильники» («Лентяй», 1912)
0009155.png	Мантия
0009156.png	Официальный сайт муниципалитета на русском языке
0009157.png	Белоруссия
0009158.png	Баксан (173 км)
0009159.png	На русском языке
0009160.png	Стрелча, Болгария
0009161.png	«Кающийся святой Иероним» (1507) (Техника: масло. Материал: дерево.)
0009162.png	В ИИХФ существуют три категории членства:
0009163.png	300-е годы
0009164.png	Мифическая космогония
0009165.png	Кзыл-Юлский, в состав которого вошли:
0009166.png	Примечания
0009167.png	Тональности
0009168.png	Библиография
0009169.png	Культура
0009170.png	Графопостроитель
0009171.png	Этти Хиллесум
0009172.png	Памятник Дмитрию Донскому в Северном Бутове в Москве
0009173.png	Ишемическая болезнь сердца с приступами стенокардии
0009174.png	См. также
0009175.png	Первая мировая война
0009176.png	Скончались
0009177.png	КавказТрансТелеком
0009178.png	Тур Швейцарии
0009179.png	Гесперидий
0009180.png	Конфликт с Ксенией Собчак
0009181.png	Билинейные операторы
0009182.png	В 2018 году городской мотодром принимал Чемпионат Европы по мотоболу.
0009183.png	Исследователи истории Русской церкви
0009184.png	Похороненные в Александро-Невской лавре
0009185.png	Ссылки
0009186.png	Литература
0009187.png	Язык минангкабау иногда рассматривается как диалект малайского.
0009188.png	Председатели ВНС КНДР
0009189.png	Золотая сабля «За храбрость» с алмазами (15.09.1813)
0009190.png	Географическое положение
0009191.png	Антропология права
0009192.png	Рыбинская 2-я улица
0009193.png	Список песен
0009194.png	Витимский болид
0009195.png	21 октября
0009196.png	Упразднённые
0009197.png	Джордж Тэйлор
0009198.png	Преподаватели Санкт-Петербургского горного университета
0009199.png	Зона 1
0009200.png	Канавинский район на сайте Администрации Нижнего Новгорода
0009201.png	Авиакатастрофа в аэропорту Колорадо-Спрингс (США).
0009202.png	МНПЗ:
0009203.png	Изотопы
0009204.png	Парк Зарядье
0009205.png	(Штутгарт, Германия)
0009206.png	Промышленность
0009207.png	Свойства
0009208.png	История административно-территориального деления России
0009209.png	История
0009210.png	Актриса свободно владеет валлийским языком.
0009211.png	3 отдельный учебный танковый полк
0009212.png	Мичуринский государственный аграрный университет.
0009213.png	Биологическая инженерия
0009214.png	Книга стихов Андрея Николева «Елисейские радости»
0009215.png	недописанный роман без названия, т.н. «Неоконченная повесть».
0009216.png	О синтезе элемента на сайте ОИЯИ
0009217.png	Виды и подвиды животных, названные в честь Джеральда Даррелла
0009218.png	Похороненные в Новодевичьем монастыре
0009219.png	См. также
0009220.png	Примечания
0009221.png	Цвета и спектры благородных газов
0009222.png	Примечания
0009223.png	Финансовый кризис
0009224.png	Крупнейшие членистоногие
0009225.png	Тайник
0009226.png	События
0009227.png	Диграфы
0009228.png	Биография
0009229.png	МБУЗ «Стоматологическая поликлиника».
0009230.png	Ссылки
0009231.png	Известные сотрудники
0009232.png	Соборная церковь Свято-Духова монастыря, ул. Аушрос Варту, 10.
0009233.png	Слово на тезоименитство имп. Елизаветы Петровны. М., 1748.
0009234.png	См. также: :Категория:Родившиеся в 1610 году
0009235.png	Возвращение
0009236.png	Состав
0009237.png	Железнодорожный транспорт
0009238.png	Мирзонабот, Алишер (с 2021)
0009239.png	Библиография
0009240.png	Спирин А. С. Биосинтез белков, мир РНК и происхождение жизни
0009241.png	Баварская государственная библиотека
0009242.png	Вторая мировая война
0009243.png	Филиал Кисловодской психиатрической больницы
0009244.png	Верди Дж. «Дон Карлос»
0009245.png	Первая лига
0009246.png	Декрет о трастах
0009247.png	Лаишевский, в состав которого вошли:
0009248.png	См. также
0009249.png	В нумизматике
0009250.png	2 января
0009251.png	на войска и спецслужбы органов НКВД, НКГБ и милиции (Указ от 12.10.1944)
0009252.png	Биография
0009253.png	Биологическое описание
0009254.png	Шэри Хидли, американская актриса.
0009255.png	События
0009256.png	Биография
0009257.png	подверженность болезням (например, сцеплённым с полом).
0009258.png	Список композиций
0009259.png	Религии (2012, оценка):
0009260.png	Учебный процесс
0009261.png	Иллюминированные рукописи по алфавиту
0009262.png	Средние и специальные
0009263.png	Награды
0009264.png	Роберт Штильмарк (р. 1909), советский писатель и журналист.
0009265.png	Примечания
0009266.png	Присоединение города Сухум-Кале к Турции.
0009267.png	Часть четвёртая
0009268.png	Семья
0009269.png	орден Ленина (13.03.1969)
0009270.png	Иллюстрации
0009271.png	Религиозность Клюева
0009272.png	Мифические существа в древнегреческой мифологии
0009273.png	1979 год
0009274.png	Эммаюэль Рива
0009275.png	События
0009276.png	Общероссийский день библиотек.
0009277.png	Основные определения и свойства
0009278.png	Майский переворот в Сербии (1903). Крестьянское восстание в Румынии (1907).
0009279.png	Один в Аравии;
0009280.png	Прометий является радиоактивным элементом. Является проводником.
0009281.png	Волновое уравнение
0009282.png	посёлок Новотагилка;
0009283.png	Бавария во время объединения Германии
0009284.png	Зинин
0009285.png	См. также
0009286.png	Показатели преломления для длины волны 589,3 нм
0009287.png	Литература
0009288.png	См. также
0009289.png	О Боже, во Твоё селенье
0009290.png	Наука
0009291.png	Радиовещание
0009292.png	История Руси 1340 года в иллюстрациях Лицевого летописного свода
0009293.png	Путешественники Германии
0009294.png	два ордена Ленина (31.01.1939; 23.12.1951)
0009295.png	Персоналии:Батальон «Нахтигаль»
0009296.png	Таман-хан, каган Западно-тюркского каганата.
0009297.png	тибетское письмо
0009298.png	Приём патриарха
0009299.png	Составные фамилии
0009300.png	кожный зуд в месте укуса вши
0009301.png	Этимология
0009302.png	Существа в фэнтези
0009303.png	«Бал бабочек», концертная увертюра (Куинс-холл, 1901).
0009304.png	Террористы Сербии
0009305.png	Солженицын А. И. Красное колесо. Узел четвёртый. Март семнадцатого.
0009306.png	Государственные деятели Нигерии
0009307.png	Металлы
0009308.png	Деятели католицизма
0009309.png	Советский период
0009310.png	Падение, суд и казнь
0009311.png	Арбитражный суд Нижегородской области;
0009312.png	Архитекторы Чикаго
0009313.png	Ссылки
0009314.png	17 ноября
0009315.png	Алкелда, англосаксонский святой (приблизительная дата).
0009316.png	Творчество
0009317.png	История алфавита
0009318.png	Воздействие на человека
0009319.png	Определение
0009320.png	Бабурин, Сергей Николаевич
0009321.png	Ссылки
0009322.png	Легкоатлеты на летних Олимпийских играх 2004 года
0009323.png	Статистика
0009324.png	на воздушной подушке (ЭКИП и некоторые др. экспериментальные модели);
0009325.png	компьютерная стеганография,
0009326.png	Владимир Пицек
0009327.png	Шпак Валентина Васильевна
0009328.png	Рыба (маршрутизация)
0009329.png	Муниципальные
0009330.png	Гематрия
0009331.png	Титан
0009332.png	Михаил Рябинин (ум. 1995), советский и российский поэт-песенник.
0009333.png	Пьесы
0009334.png	Молдавия: Бельцы, Комрат
0009335.png	См. также
0009336.png	Ноябрьск (Россия)
0009337.png	Астана
0009338.png	Награды
0009339.png	Крещение болгар
0009340.png	Тренеры ФК «Сантос»
0009341.png	Народы Хорватии
0009342.png	Население
0009343.png	Копенгаген, Дания (2023)
0009344.png	Основная терминология
0009345.png	Памятники
0009346.png	Сэнцань (яп, Сосан)
0009347.png	В математике
0009348.png	Спорт
0009349.png	10 октября
0009350.png	Похороненные на кладбище Пер-Лашез
0009351.png	Джордж Герберт Мид (ум. 1931), американский философ, психолог и социолог.
0009352.png	Летающий паром
0009353.png	Содержание висмута в человеческом организме составляет:
0009354.png	Архитектурные элементы
0009355.png	Литература
0009356.png	Месяц Адар в еврейской истории
0009357.png	Фоторепортаж Галины Трунцовой.
0009358.png	Примечания
0009359.png	Азбука Морзе в проводной телеграфии
0009360.png	Дискретный объектив
0009361.png	Траншей-майор
0009362.png	«Царская невеста» Римского-Корсакова
0009363.png	Памятник погибшим во время блокады Ленинграда.
0009364.png	2707 км: Романовский Ключ
0009365.png	Литература
0009366.png	Герб города
0009367.png	2011 «Она и её мужчины»
0009368.png	Военно-морские силы
0009369.png	Базисная терапия ревматоидного артрита.
0009370.png	Президентство Михаила Горбачёва
0009371.png	Кроме того, из дома Валуа происходило несколько незаконных ветвей:
0009372.png	Министерство обороны (значения)
0009373.png	РТРС-2 (с 27.03.2015)
0009374.png	Сайт Кореличского райисполкома
0009375.png	26 сентября
0009376.png	Национальная кухня
0009377.png	Почётный член Дома Бетховена (Бонн, Германия)
0009378.png	Начало самостоятельной работы
0009379.png	Экология
0009380.png	Критика монорельса
0009381.png	Тренерские
0009382.png	Андское сообщество
0009383.png	Печатные издания
0009384.png	Литература
0009385.png	Обряд
0009386.png	События
0009387.png	Опасности при задержке дыхания
0009388.png	Геоморфология
0009389.png	В городе действуют предприятия и заводы:
0009390.png	Экранизации
0009391.png	Шефы или почётные командиры:
0009392.png	станция Белогорье (п.б.)
0009393.png	В предотвращении беременности
0009394.png	Атласы и карты
0009395.png	Закон СССР о СМИ (запрет цензуры, учреждение трудовым коллективом редакции).
0009396.png	Сочинский филиал Российского государственного социального университета
0009397.png	Достижения
0009398.png	генерал-полковник (28.12.1956)
0009399.png	Методика пальпации лучевого пульса
0009400.png	Фотография на память: Пузырьковая камера
0009401.png	Образование и культура
0009402.png	Литературный гимн
0009403.png	26 ноября
0009404.png	Родившиеся в департаменте Воклюз
0009405.png	В христианстве
0009406.png	Осуждённые за особо опасный рецидив преступления;
0009407.png	Харда (создан в 1998 году)
0009408.png	Формулирование проблемы.
0009409.png	переменным во времени магнитным полем.
0009410.png	память священномученика Петра Решетникова, пресвитера (1918);
0009411.png	Примечания
0009412.png	Утопии в социально-философском измерении
0009413.png	Трактат «Левиафан»
0009414.png	Биография
0009415.png	См. также
0009416.png	Теория малых дел
0009417.png	Шахматисты СССР
0009418.png	См. также
0009419.png	Примечания
0009420.png	Ни пяди земли (не уступить).
0009421.png	Экономика
0009422.png	Солёные озёра Туркменистана
0009423.png	Армения
0009424.png	Рюриковичи по алфавиту
0009425.png	Климат
0009426.png	плавательный бассейн «Парус»;
0009427.png	Примечания
0009428.png	Примечания
0009429.png	элементы , для которых , называются точками перехода нечёткого множества .
0009430.png	Обобщения
0009431.png	В селе имеется 3 улицы: Центральная, Старая, Новая.
0009432.png	Национальные
0009433.png	Комплексный научно-исследовательский институт (г. Грозный)
0009434.png	Ельнинская улица
0009435.png	Культура
0009436.png	Список университетов-членов консорциума
0009437.png	«Федра»
0009438.png	Борьба с магнатами
0009439.png	Кавалеры ордена Двойного дракона
0009440.png	Физические обсерватории
0009441.png	Ссылки
0009442.png	Современность
0009443.png	1.2.2.1. Планёры, дельтапланы, Жесткокрылы, парапланы.
0009444.png	Свойства
0009445.png	Прусский орден Чёрного орла (18 сентября 1875)
0009446.png	Мастодонты
0009447.png	Образовательные учреждения
0009448.png	Апрель
0009449.png	Скай Феррейра, американская певица, автор песен, модель и актриса.
0009450.png	Вымышленные населённые пункты
0009451.png	Государственный природный (зоологический) Щучанский заказник (с 2002 года).
0009452.png	См. также
0009453.png	Органный зал (Костёл).
0009454.png	Перископы продают, как игрушки для детей.
0009455.png	Троичные триггеры
0009456.png	«Анализ с помощью уравнений с бесконечным числом членов» (), 1711
0009457.png	ООО «Первомайская швейная фабрика»
0009458.png	НПО «Простор»
0009459.png	В 2008 году вошла в Высший совет партии «Правое дело»
0009460.png	1271 км: Наяза (пр)
0009461.png	5-е прямоугольное число
0009462.png	Культура
0009463.png	НУЗ Поликлиника «Автомобилист»
0009464.png	Церковные награды:
0009465.png	Именем Миллера названа улица в историческом центре Владикавказа.
0009466.png	газета «Новодвинский рабочий»;
0009467.png	Государственный научно-исследовательский и производственный центр «Природа».
0009468.png	Античность: имя для гетеры
0009469.png	Выпускники Математического факультета Принстонского университета
0009470.png	Выпускники Первого кадетского корпуса
0009471.png	ВАЗ-2801
0009472.png	183 км: Яровка
0009473.png	Биография
0009474.png	Для визуализации графов применяются следующие программные средства:
0009475.png	Планировка и застройка
0009476.png	См. также
0009477.png	«Два Бита»
0009478.png	Официальный сайт бренда
0009479.png	Газета «Вечерний Донецк»
0009480.png	События
0009481.png	Коромо-хан ()
0009482.png	Правители Померании
0009483.png	Народный историко-краеведческий музей ГУО «Мирская средняя школа»
0009484.png	Монумент «Семья».
0009485.png	Проблемы при переименовании файлов
0009486.png	Структура программы
0009487.png	От Фемиды и Зевса:
0009488.png	Население
0009489.png	Другие определения религии:
0009490.png	Борьба за Венгрию
0009491.png	Отрывки кириллической надписи на развалинах церкви в Преславе
0009492.png	Первоисточники
0009493.png	Чикаго (), Иллинойс, США (1989);
0009494.png	Династия Аршакидов
0009495.png	меценат Александр Кращук
0009496.png	Электрическое поле Земли
0009497.png	Лукин, Владимир Петрович
0009498.png	Орден Святого Иоанна Иерусалимского командорский крест
0009499.png	Биби-Ка-Макбара
0009500.png	Додекагональная:
0009501.png	Ссылки
0009502.png	индоевропейская фонологическая система с некоторыми модификациями;
0009503.png	Актёры Австрии
0009504.png	старобаргутский (на котором говорят баргуты Китая).
0009505.png	История возникновения
0009506.png	Опережение
0009507.png	в лакокрасочной и кабельной промышленности;
0009508.png	Средневековый период
0009509.png	Санкции
0009510.png	Мигель Анхель Лотина, испанский футболист и тренер.
0009511.png	8 октября:
0009512.png	Волновое сопротивление
0009513.png	Ссылки
0009514.png	Названия
0009515.png	Здравоохранение и экотуризм
0009516.png	Бань Чао захватил Кашгар.
0009517.png	Произведения
0009518.png	Зигель напечатал:
0009519.png	Музей ракет (пр-кт Александра Поля, д. 2В);
0009520.png	7 апреля
0009521.png	Цебрикова М. К., Мольер, его жизнь и произведения, СПБ, 1888;
0009522.png	пояснительные (то есть, а именно)
0009523.png	Средний возраст
0009524.png	Сход с главной последовательности
0009525.png	В предисловии к переводу он написал:
0009526.png	Кузов
0009527.png	Вступили на престол
0009528.png	Квантовомеханическое описание сути эффекта
0009529.png	Заказники и памятники природы Великоустюгского района
0009530.png	В 1969 году снялся в роли Абдуллы в фильме «Белое солнце пустыни».
0009531.png	Становление Монгольского государства
0009532.png	Города-побратимы
0009533.png	Федеративная Республика Бразилия
0009534.png	Литература
0009535.png	Народы в ирландской мифологии
0009536.png	См. также
0009537.png	Три дня до сентября
0009538.png	См. также
0009539.png	Фильмы Германии 2001 года
0009540.png	Двоично-десятичное кодирование
0009541.png	Персоны года
0009542.png	Церковь Рождества Христова и Николая Чудотворца (православный храм)
0009543.png	опера «Кентервильское привидение» шведского композитора Арне Меллнеса
0009544.png	Техника и строительство
0009545.png	Китайское царство Южная Янь уничтожено войсками Восточной Цзинь.
0009546.png	Золотая медаль имени Низами Гянджеви (Азербайджан, 2015).
0009547.png	Извлечение серебра
0009548.png	Литература
0009549.png	Персонажи «Шахнаме»
0009550.png	Гросс-мессер
0009551.png	память равноапостольного Космы Этолийского, иеромонаха (1779);
0009552.png	Памятник Героям Первой мировой войны (2014, скульптор Салават Щербаков)
0009553.png	Фильмы-боевики Австралии
0009554.png	Богословы Чехии
0009555.png	См. также
0009556.png	Проектируемый 5092-й проезд
0009557.png	Ссылки
0009558.png	Галерея
0009559.png	Биография
0009560.png	ДСК (Домостроительный комбинат)
0009561.png	Ссылки
0009562.png	Нижние дома
0009563.png	Религиозная терминология
0009564.png	Примечания
0009565.png	Саммит 2007 года в Баку
0009566.png	По станциям:
0009567.png	«Записки экспедитора Тайной канцелярии», автор Олег Рясков
0009568.png	Старообрядческий молитвенный дом.
0009569.png	Институт трансляционной биомедицины (с 2015)
0009570.png	Вардан Мамиконян
0009571.png	Физкультура и спорт
0009572.png	Литература
0009573.png	Кинокомедии Франции
0009574.png	Орден Освободителя Сан-Мартина (Аргентина, 1995 год)
0009575.png	Языки
0009576.png	Литература
0009577.png	106,2 МГц Радио Шансон
0009578.png	Жураковские (дворянские роды)
0009579.png	Бабочки. М., Детская литература, 1987 (в соавторстве с Т. Мавриной)
0009580.png	Официальная символика
0009581.png	Выпускники Ковенской гимназии
0009582.png	Большая излучина Дона
0009583.png	Управление доступом
0009584.png	Музей-аптека
0009585.png	Память и старение
0009586.png	Заслуженная артистка РСФСР (1933)
0009587.png	дневные, или булавоусые бабочки,
0009588.png	система библиотек-филиалов;
0009589.png	(в пер.)
0009590.png	Результаты выступлений в Формуле-1
0009591.png	Профессиональные награды, премии и общественное признание:
0009592.png	Примечания
0009593.png	Древняя Греция
0009594.png	Буэнос-Айрес, Аргентина
0009595.png	Кладбища
0009596.png	Фабианский социализм
0009597.png	двуязычные словари лексических параллелей
0009598.png	Почётные доктора Варшавского университета
0009599.png	Также Ульяновск имеет соглашения о сотрудничестве со следующими городами:
0009600.png	Кроули и нацизм
0009601.png	Провозглашение НЭПа
0009602.png	Признаки конфликта
0009603.png	«Митрополит Зосима и дьяк Феодор Васильевич Курицын» 1905;
0009604.png	Армения
0009605.png	См. также
0009606.png	848 км: Нижняя Алабуга
0009607.png	Эдуард Кругляков (р. 1934), советский и российский учёный-физик, академик РАН.
0009608.png	В искусстве
0009609.png	Храм во имя Святителя Николая Чудотворца во Владычной слободе.
0009610.png	Компьютерные игры
0009611.png	Фильмы
0009612.png	Многочисленные дворцы и костёлы
0009613.png	Малое предпринимательство
0009614.png	Свойства
0009615.png	Наполеон
0009616.png	История
0009617.png	География
0009618.png	Аэрофотоаппарат
0009619.png	Сайт районной администрации
0009620.png	Вторичные амины
0009621.png	Числительные
0009622.png	Римское царство
0009623.png	Достопримечательности Загреба
0009624.png	вокально-хореографический ансамбль «Туесок»;
0009625.png	Шелкографическая (трафаретная)
0009626.png	Римское царство
0009627.png	Скончались
0009628.png	Примечания
0009629.png	Спорт
0009630.png	Точка Понселе
0009631.png	Банковские услуги
0009632.png	Поэт Иннокентий Анненский так отзывался о Николае Гумилёве:
0009633.png	Гимн партии большевиков (неофициальный)
0009634.png	Исабела
0009635.png	История герба Аткарска
0009636.png	В ролях
0009637.png	Является главным антигероем фильма «Могила льва»
0009638.png	Государственные деятели Португалии
0009639.png	Клубные рекорды
0009640.png	Сражения 1805 года
0009641.png	Районы
0009642.png	Эпидемия сибирской язвы в Свердловске.
0009643.png	Ссылки
0009644.png	Порты Чёрного моря
0009645.png	Оологические конференции
0009646.png	Скончались
0009647.png	1971 Я бел, любимая (музыка Аркадия Томчина)
0009648.png	Похороненные на Донском кладбище
0009649.png	Культурно-историческое наследие Курортного района Санкт-Петербурга
0009650.png	Баб Шарки («Восточные ворота»)
0009651.png	15 июля
0009652.png	Сексуальный фетиш
0009653.png	«Басни»; «Начальное основание римского права» (1826);
0009654.png	Города из Списка русских городов дальних и ближних
0009655.png	См. также
0009656.png	«Молодая гвардия» (с 1947 по 2014 год)
0009657.png	Простое предложение
0009658.png	Горбуново
0009659.png	1440 км: Речица (лв)
0009660.png	Творчество
0009661.png	Тета, йота
0009662.png	Ссылки
0009663.png	Лук пскемский, он же пиёз-ансур, горный лук
0009664.png	Теория эфира Лоренца
0009665.png	Автомобильное сообщение
0009666.png	Псковская правда
0009667.png	Межнациональная хоккейная лига
0009668.png	Мечеть Баня Баши
0009669.png	Также в городе и районе действуют следующие операторы мобильной связи:
0009670.png	Тайные советники
0009671.png	Хирурги Российской империи
0009672.png	(мост через бухту Золотой Рог)
0009673.png	Определения
0009674.png	Секретариат Антарктического договора
0009675.png	Общественные деятели Германии
0009676.png	Расстрелянные в Венгрии
0009677.png	Жилищно-коммунальные службы
0009678.png	История
0009679.png	Сирийское христианство
0009680.png	Литература
0009681.png	В 2019 году из перечня населённых пунктов была исключена деревня Грачи.
0009682.png	Сайт хомутовского зоопарка
0009683.png	Сокеты Беркли
0009684.png	Интерфейс пользователя
0009685.png	2010-е
0009686.png	На рабочем уровне, как правило, используются английский, немецкий и французский.
0009687.png	последнее заседание Президиума Верховного Совета СССР.
0009688.png	бесшовное воспроизведение файлов (без пауз, );
0009689.png	001.2 Взаимосвязь отдельных научных дисциплин
0009690.png	История
0009691.png	Параметры колец Сатурна
0009692.png	Храм Михаила Архангела,
0009693.png	Примечания
0009694.png	Выборы 1992 и возобновление войны
0009695.png	Статистика
0009696.png	Подберезская волость
0009697.png	Василий Казаков (р. 1898), маршал артиллерии, Герой Советского Союза.
0009698.png	Примечания
0009699.png	Ставропольский государственный цирк (1746 мест)
0009700.png	Скончались
0009701.png	Барометры принято распределять на жидкостные и механические.
0009702.png	Вальденберг В. Э. Закон и право в философии Гоббеса. М., 1900.
0009703.png	Биография
0009704.png	22 км: Быстрая
0009705.png	Биография
0009706.png	История
0009707.png	В качестве выражения может быть
0009708.png	Художники-портретисты Франции
0009709.png	Общество и культура
0009710.png	Тищенко-Романченко П. Певец Атлантиды и Лемурии.
0009711.png	В музыке
0009712.png	Биография
0009713.png	Литература
0009714.png	События
0009715.png	Посвящение в казаки
0009716.png	Органические соединения
0009717.png	Улица Баржевиков
0009718.png	Сирийский кризис
0009719.png	Евгения Брик (р. 1981), российская актриса.
0009720.png	Возвращение верующим
0009721.png	Официальный сайт ВФЛА
0009722.png	Адвокаты по алфавиту
0009723.png	Джон Уизерспун
0009724.png	Одиночный разряд
0009725.png	Награды
0009726.png	Версия гимна 1989 года Тодора Скаловский
0009727.png	В изобразительном искусстве
0009728.png	Культура
0009729.png	Михаил Васильевич
0009730.png	Химическое оружие
0009731.png	Оперные композиторы Италии
0009732.png	Депутаты Совета Национальностей от Башкирской АССР
0009733.png	Юрий Ряшенцев
0009734.png	Доктор технических наук (1967), профессор (1969).
0009735.png	Помимо стадиона в городе существует ряд спортивных комплексов:
0009736.png	Шевченковский;
0009737.png	Вулканические острова Италии
0009738.png	Модель «ключ-замок»
0009739.png	Биография
0009740.png	Журнал «Безопасность труда в промышленности» - официальное издание Ростехнадзора
0009741.png	Применение у ацтеков
0009742.png	Климат
0009743.png	Источники
0009744.png	отравления
0009745.png	Религиозные
0009746.png	Импринтинг
0009747.png	Маврикий (наряду с английским)
0009748.png	(где мы выполнили замену фиктивных индексов), поэтому установите
0009749.png	Графики России
0009750.png	семинарскими (учебными, школьными),
0009751.png	Театры
0009752.png	События в Киренаике
0009753.png	Год Российской Федерации в Азербайджанской Республике.
0009754.png	Наибольшие поступления импорта из стран ЕС приходятся на:
0009755.png	См. также: Моральный релятивизм, Моральный нигилизм
0009756.png	Производители программного обеспечения России
0009757.png	Осенью в Лу принесли жертву для испрошения дождя.
0009758.png	Фамилия
0009759.png	Ранние годы
0009760.png	Родившиеся в 1802 году
0009761.png	Первоуральский металлургический колледж.
0009762.png	Каталонцы
0009763.png	Родились
0009764.png	См. также: :Категория:Родившиеся в 1360 году
0009765.png	Столицы исторических государств
0009766.png	Около 1200 года произошёл контакт между полинезийцами и коренными американцами.
0009767.png	1990-е годы
0009768.png	Администрация муниципального района Миякинский район Республики Башкортостан
0009769.png	См.также
0009770.png	сотник;
0009771.png	Рейтинги ОФБУ
0009772.png	На русском языке
0009773.png	Уэстон-Крик (): заселён в 1969 году. 8 районов.
0009774.png	См. также
0009775.png	Расчёт винтовых соединений
0009776.png	Латинские философы
0009777.png	Примечания
0009778.png	Семья
0009779.png	Орден Ленина: 1973 (вручён спортивному обществу ЦСКА в честь 50-летия).
0009780.png	Вымирающие языки
0009781.png	Выставочный зал в здании городского Дома культуры.
0009782.png	Литература
0009783.png	Нападение саксов на Гессен.
0009784.png	Текущие исследования в области систем пользовательского ввода
0009785.png	Отличие языческой глоссолалии от «иных языков» христианства
0009786.png	Тормозной режим
0009787.png	См. также: :Категория:Родившиеся в 1096 году
0009788.png	Историки по алфавиту
0009789.png	память священномученика Сергия Орлова, пресвитера (1937).
0009790.png	Орден Святого Георгия 1-го класса (Россия, 8 октября 1813)
0009791.png	Парк Берёзовая роща (Козий парк)
0009792.png	Персоналии по алфавиту
0009793.png	Складные тримараны
0009794.png	Падуги ()
0009795.png	Улица в Свислочи.
0009796.png	Острый эозинофильный лейкоз
0009797.png	Фундаментальные физические понятия
0009798.png	Командор Савойского Военного ордена (3.10.1860)
0009799.png	Населённые пункты района Лемесос
0009800.png	278 станиц и 32 хутора
0009801.png	См. также
0009802.png	Благоевград, Болгария
0009803.png	Фортепианный концерт (1944)
0009804.png	Техника
0009805.png	Путь из немец в хазары
0009806.png	Скончались
0009807.png	Литература
0009808.png	Примечания
0009809.png	Художественный фильм «Код 46»
0009810.png	Планетная номенклатура
0009811.png	Погрузочно-разгрузочные работы
0009812.png	Геология
0009813.png	Награды Р. Харири
0009814.png	Пример пересчета координат вектора при смене базиса
0009815.png	Ссылки
0009816.png	Китай
0009817.png	Ссылки
0009818.png	На    в Чеченской Википедии насчитывается  статьи.
0009819.png	Дважды Герой Советского Союза (1962, 1970).
0009820.png	Цианотис
0009821.png	См. также
0009822.png	Реинкарнация
0009823.png	Общественный внутригородской транспорт
0009824.png	Литература
0009825.png	Лазерное шоу (представление) на концертах и дискотеках;
0009826.png	См. также: :Категория:Родившиеся 21 августа
0009827.png	Сентябрь
0009828.png	Мелодии станции Сиверская
0009829.png	Пассажирские вагоны ВП750 производства: КМЗ
0009830.png	Население
0009831.png	Физический интерфейс
0009832.png	История
0009833.png	Внутриполитические проблемы
0009834.png	И. Иванова Горный рельеф
0009835.png	День Матфея. Матвей. Змеесос коров.
0009836.png	Женская сборная Украины по футболу
0009837.png	Математические методы анализа сложных систем;
0009838.png	служба организации пассажирских перевозок;
0009839.png	Аденома гипофиза
0009840.png	Барро М. Б., Мольер, его жизнь и литературная деятельность, СПБ, 1891;
0009841.png	В живописи
0009842.png	Лавка купцов Молчановых
0009843.png	«Ас-Салам».
0009844.png	Примечания
0009845.png	Садовник и господа (, 1872)
0009846.png	Поговорки и приметы
0009847.png	Указатели.
0009848.png	Объекты культурного наследия
0009849.png	Апрель
0009850.png	Ссылки
0009851.png	Промышленность
0009852.png	Для ландшафтов с гумидным климатом типична болотная растительность.
0009853.png	Холодная война:
0009854.png	Стабильные элементарные частицы
0009855.png	Научная карьера
0009856.png	Театр «На Перовской»
0009857.png	Литература
0009858.png	Янссон Туве, площадь
0009859.png	Репертуар
0009860.png	Филлобии (обитатели травостоя)
0009861.png	Второе совершенное число.
0009862.png	Примечания
0009863.png	Именины
0009864.png	Деревянные кремли, которые частично сохранились
0009865.png	Эдинбургский замок
0009866.png	Северо-Западный административный округ:
0009867.png	См. также
0009868.png	Нюрнберг 80 (сегодня Нюрнберг Айс Тайгерс, после 3-го места во 2-й Бундеслиге)
0009869.png	сепсис;
0009870.png	Учреждено Российское телеграфное агентство (РОСТА).
0009871.png	Чёрно-белые фильмы СССР
0009872.png	Наука и технологии
0009873.png	Персоналии по алфавиту
0009874.png	Википедия:Персоналии, не категоризованные по месту рождения
0009875.png	Ссылки
0009876.png	Ссылки
0009877.png	История гидродинамики
0009878.png	Примечания
0009879.png	Последствия
0009880.png	Создание ВРК
0009881.png	Оптический компьютер
0009882.png	Население
0009883.png	Этимология
0009884.png	Титаник столкнулся с айсбергом.
0009885.png	Неограниченные возможности вывода любой дополнительной информации в поле зрения;
0009886.png	спорная между Россией и Украиной территория, де-факто в составе России
0009887.png	Желтоярово (п.б.)
0009888.png	Кредит (образование)
0009889.png	Качин Дмитрий Иванович
0009890.png	Хозяйственное использование
0009891.png	Население
0009892.png	Литература
0009893.png	Пространственные отношения
0009894.png	На территории города издаются:
0009895.png	Ссылки
0009896.png	Промыслы
0009897.png	называется рядом Фурье элемента  по ортогональной системе .
0009898.png	Первая футуристическая выставка в Петрограде в 1915 году называлась «Трамвай В».
0009899.png	Достижения
0009900.png	Трихобазалиома
0009901.png	Картины
0009902.png	Александр стал персонажем ряда игр:
0009903.png	Библиография
0009904.png	Атмосфера
0009905.png	Инженеры СССР
0009906.png	Основан город Сан-Франциско.
0009907.png	Экономика
0009908.png	Математики по алфавиту
0009909.png	Президенты, вступившие в должность в 2010 году
0009910.png	Нефть
0009911.png	Примечания
0009912.png	Биографии
0009913.png	Литература
0009914.png	Предел Роша
0009915.png	Транспорт
0009916.png	Курьяновская 4-я улица
0009917.png	1) основного производственного персонала;
0009918.png	Среди погибших был польский писатель Тадеуш Доленга-Мостович.
0009919.png	писатель Валерий Калугин
0009920.png	О личности, борьбе и учении Махатмы Ганди
0009921.png	Почаевская (1559);
0009922.png	если бы (Если бы не война!);
0009923.png	Сёстры:
0009924.png	Творчество
0009925.png	Литература
0009926.png	Литературная деятельность
0009927.png	Семаков, Михаил Петрович (1976)
0009928.png	Численность, расселение, возрастная и гендерная структура
0009929.png	Согласные
0009930.png	коматозные состояния.
0009931.png	Клондайк
0009932.png	Троада в древнегреческой мифологии
0009933.png	Государственные награды:
0009934.png	Обуда, Венгрия
0009935.png	102. Иоанну Тобольскому, свт.
0009936.png	Таким образом, изменение действия можно записать в виде
0009937.png	Ферромагнетики
0009938.png	Объекты, названные в честь Ивана Франко
0009939.png	Тобой мы гордимся, тебе мы верны,
0009940.png	Гидрология
0009941.png	Классификация
0009942.png	Владимир Фетин (наст. фамилия Феттинг; ум. 1981), советский кинорежиссёр.
0009943.png	Характеристика
0009944.png	Символическое значение
0009945.png	атопический дерматит;
0009946.png	Московский театр юного зрителя
0009947.png	Эстония
0009948.png	Научные центры
0009949.png	Электрическая пишущая машинка
0009950.png	Примечания
0009951.png	первые заместители и заместители председателя Совета Министров СССР
0009952.png	Гипербола (из  «переход; чрезмерность, избыток; преувеличение»):
0009953.png	(«Бункер», 1981).
0009954.png	Биография
0009955.png	Физическое моделирование
0009956.png	Память преподобного Зосимы, епископа Сиракузского (около 662 года).
0009957.png	Белорусская мифология
0009958.png	Расстрелянные во Франции
0009959.png	Личная жизнь
0009960.png	МАЗ-303
0009961.png	Администрация
0009962.png	Цинциннати, США (с 18 сентября 1989)
0009963.png	Среднее геометрическое является средним Колмогорова при .
0009964.png	Синергетика в контексте теории систем
0009965.png	См. также
0009966.png	Центр начинающего предпринимательства «Бизнес-инкубатор» МГИМО
0009967.png	Вероятностные тесты простоты
0009968.png	Климат
0009969.png	Православные богословы
0009970.png	В 6 луне войско Сун воевало с Тэн.
0009971.png	Начальник Генерального штаба: генерал-майор Мохаммад Багери
0009972.png	Натальная карта в астрологии
0009973.png	Электронные музыкальные коллективы Канады
0009974.png	Пятый итальянский поход
0009975.png	Бытовая техника
0009976.png	Вайфер (князь Беневенто).
0009977.png	Рекордсмен чемпионатов Европы по количеству голов в одном чемпионате: 9 голов
0009978.png	Скончались
0009979.png	Цифровая звукозапись
0009980.png	См. также
0009981.png	инженерно-технические воинские формирования :
0009982.png	Похороненные в Александро-Невской лавре
0009983.png	Лётчик-космонавт СССР (10 декабря 1990).
0009984.png	Браки, дети и династические связи
0009985.png	При внутримышечных инъекциях возможны следующие осложнения:
0009986.png	Новое время
0009987.png	В марте 1991 года съёмки проходили в московском театре «Сфера».
0009988.png	Примечания
0009989.png	Орден Ленина
0009990.png	Вид со спутника
0009991.png	Литература
0009992.png	Другие почётные звания
0009993.png	Галерея
0009994.png	Примечания
0009995.png	Примечания
0009996.png	Область применения
0009997.png	Альберт Филозов в программе «Театральная площадь»
0009998.png	Литература
0009999.png	См. также