0000000.png	1999: Рюэй-Мальмезон,
0000001.png	Бог Вечности нас, здешних, там исполнит
0000002.png	Футболисты Испании
0000003.png	Основные сведения
0000004.png	Репрессированные в СССР
0000005.png	Имя «Трофим» используется как название и часть названия.
0000006.png	В городе имеются музеи:
0000007.png	Моисей
0000008.png	См. также: :Категория:События 29 сентября
0000009.png	В 1885 году деревня насчитывала 114 дворов.
0000010.png	Астероиды, пересекающие орбиту Марса
0000011.png	Памятник воинам-землякам, погибшим в Великой Отечественной войне;
0000012.png	обретение мощей преподобного Иова Почаевского, игумена (1659);
0000013.png	Споры о туберкулёзе крупного рогатого скота
0000014.png	Достопримечательности центра города:
0000015.png	Ежи Платер
0000016.png	Ссылки
0000017.png	Характеристика творчества
0000018.png	География
0000019.png	Солнечная система
0000020.png	индофеноловые красители, производные индофенола;
0000021.png	Сентябрь
0000022.png	«Тахмасиб»
0000023.png	Медаль «В память 800-летия Москвы»
0000024.png	Осада Триполи.
0000025.png	Родились
0000026.png	: «Суть Времени»
0000027.png	Табакокурение
0000028.png	История
0000029.png	Деревья выражений:
0000030.png	Винницкий филиал Харьковского национального университета внутренних дел
0000031.png	События
0000032.png	Реакция и оценки учёных
0000033.png	с Вельским районом Архангельской области,
0000034.png	Примечания
0000035.png	Образование связей между основаниями
0000036.png	Норадреналин как лекарственное средство
0000037.png	Эксплуатация (экономика)
0000038.png	Награды
0000039.png	Литература
0000040.png	Здание первой городской библиотеки-читальни;
0000041.png	Русские националисты
0000042.png	Премьера в Театре «Без вывески»
0000043.png	Философия
0000044.png	Акрисий
0000045.png	Уголовное дело
0000046.png	Административное деление
0000047.png	Населённые пункты Междуреченского городского округа
0000048.png	Пафос
0000049.png	Урбанизация
0000050.png	Местное самоуправление
0000051.png	Воинское кладбище «Аллея Гордовцев» (г. Ломоносов, Краснофлотское шоссе, 16);
0000052.png	Лауреат муниципальной акции «Одессит года».
0000053.png	Скандинавский;
0000054.png	Литература
0000055.png	в «Известиях общества любителей естествознания, антропологии и этнографии»:
0000056.png	Премьер-министры Португалии
0000057.png	правильные начала;
0000058.png	Вывод программы
0000059.png	Достопримечательности
0000060.png	Именины
0000061.png	Единственным видом общественного транспорта Артёма является автобус.
0000062.png	Редкие и исчезающие животные
0000063.png	Автодорога , связывающая областные центры Иваново и Ярославль.
0000064.png	Часть первая. Расплата
0000065.png	Художественные переводы
0000066.png	Есть сорт сирени «Михаил Шолохов».
0000067.png	Метрополитенский район
0000068.png	Резервная
0000069.png	Буддийская тантра
0000070.png	Каменск-Шахтинский
0000071.png	Далее описаны основные свойства операции умножения на числовых множествах .
0000072.png	Правление в Германии
0000073.png	Философия
0000074.png	Похороненные на кладбище Форест-Лаун
0000075.png	Всё Евангелие утверждает, что рай там, где Иисус Христос (, , ).
0000076.png	Военачальники Русского государства
0000077.png	Александр Лабзин
0000078.png	Налог
0000079.png	?? («Великое зарево», 1938)
0000080.png	Вирджил Фокс (р. 1912), американский органист.
0000081.png	«Прикладная Механика и Техническая Физика»,
0000082.png	Мира, улица
0000083.png	Факторы некроза опухоли
0000084.png	Именины
0000085.png	Последствия изменения уровня моря
0000086.png	Дисперсия волн
0000087.png	Войны начала века
0000088.png	Показания
0000089.png	Леворадикальные террористические организации
0000090.png	различные игры;
0000091.png	российская и мировая история;
0000092.png	Системотехника
0000093.png	Прочее
0000094.png	Действительные статские советники
0000095.png	Сочинения в 2 томах (1984)
0000096.png	Особые указания
0000097.png	Рыбинский филиал Международной академии бизнеса и новых технологий
0000098.png	1997 Клиффорд Саймак. Город (внутренняя рецензия)
0000099.png	Территориальные управления
0000100.png	307 км: Мартыновка (длина 90 км)
0000101.png	Рупорно-параболическая антенна
0000102.png	Сульпиций Квириний, легат Сирии, надзирает за обложением Иудеи налогами.
0000103.png	грузин (али),
0000104.png	Внемли с улыбкой голос мой,
0000105.png	Артиллеристы Великой Отечественной войны
0000106.png	Усиление кимаков на Иртыше, их война с гузами.
0000107.png	Генераторный газ
0000108.png	Краевой клинический госпиталь для ветеранов войн
0000109.png	предотвратил создание враждебной для СССР коалиции Германии, Англии и Франции.
0000110.png	87-я стрелковая дивизия
0000111.png	15 квартал (население 11,1 тыс. чел., 2016);
0000112.png	Мандомбе (с 1978) в Анголе, Конго и ДРК
0000113.png	Кусачки
0000114.png	На русском
0000115.png	Дагестанский профессионально-педагогический колледж
0000116.png	Рикша
0000117.png	Латинские философы
0000118.png	Различают следующие виды фармакотерапии:
0000119.png	См. также
0000120.png	актёр Влад Демченко
0000121.png	Данилин, Юрий Николаевич (17.06.2004, 821)
0000122.png	М. Леско о Суркове в «Крестьянке»
0000123.png	Элементы фортификационных сооружений
0000124.png	Артисты балета по алфавиту
0000125.png	Томми Смит
0000126.png	См. также
0000127.png	Произведения
0000128.png	Репертуар певицы состоит из:
0000129.png	Отсюда:
0000130.png	«ТТК-Урал»,
0000131.png	Источники
0000132.png	Виды радикализма
0000133.png	Двигатель и трансмиссия
0000134.png	Медики Франции
0000135.png	Применение у детей
0000136.png	Организмы, испускающие биолюминесцентное свечение
0000137.png	Участники Отечественной войны 1812 года
0000138.png	Ингушский научно-исследовательский институт гуманитарных наук имени Чаха Ахриева
0000139.png	Замки и крепости
0000140.png	Полный синтез
0000141.png	Отрадное
0000142.png	Распространение
0000143.png	Череп и Кости
0000144.png	Умершие в 2002 году
0000145.png	Выпускники Фрунзенского военного авиационного училища
0000146.png	Подкастеры России
0000147.png	Исторические флаги
0000148.png	Дважды Герой Советского Союза (19 августа 1962 года, 20 июля 1974 года);
0000149.png	Рок-музыканты СССР
0000150.png	История
0000151.png	Географическое положение
0000152.png	«Исповедание христианской веры армянской церкви» (СПб., 1799).
0000153.png	Народные депутаты СССР от КПСС
0000154.png	Экология
0000155.png	Марийский государственный театр оперы и балета имени Эрика Сапаева
0000156.png	Княжество Шварцбург-Рудольштадт
0000157.png	Балмасова Татьяна Петровна
0000158.png	Комбинат хлебопродуктов им. Кирова
0000159.png	Клубная карьера
0000160.png	запись на боковой стороне колоды карт, расположенных в условленном порядке;
0000161.png	По степени кооперации игроков:
0000162.png	Письменность
0000163.png	Коммунистическая характеристика Махно 1919 г и другие факты
0000164.png	В литературе
0000165.png	Филологи Хорватии
0000166.png	В свадебной церемонии
0000167.png	Закрыто Всесоюзное объединение «Торгсин».
0000168.png	См. также
0000169.png	Диапазон 122,25 ГГц (вторичная);
0000170.png	По половозрастным признакам
0000171.png	Воркута (городской округ).
0000172.png	(в пер.)
0000173.png	Члены Зала славы научной фантастики и фэнтези
0000174.png	Географическое положение
0000175.png	Токсическое действие
0000176.png	Аккредитация организаций, оказывающих услуги в области охраны труда
0000177.png	Культура
0000178.png	Органы власти
0000179.png	Культура
0000180.png	Населённые пункты
0000181.png	Населённые пункты
0000182.png	Именины
0000183.png	Снова в России
0000184.png	называет Гумилёва одним из предшественников фолк-хистори.
0000185.png	Университетские города Венгрии
0000186.png	«А ЛУНА КАНУЛА» (Андрей Вознесенский),
0000187.png	1998 Роман «Нам здесь жить» (в соавторстве с Андреем Валентиновым; в 2 книгах)
0000188.png	Атмосфера физическая
0000189.png	Почётные доктора Университета штата Огайо
0000190.png	Пасвальский район
0000191.png	Ссылки
0000192.png	Православие
0000193.png	на русском языке
0000194.png	В астрономии
0000195.png	Лауреаты Премии британского независимого кино за общий вклад
0000196.png	Церковь Богородицы Паммакаристы (мечеть Фетие-джами)
0000197.png	Иммерсионная литография
0000198.png	Оборудование для физических экспериментов
0000199.png	Национальный состав
0000200.png	Награды
0000201.png	Крупнейшие библиотеки:
0000202.png	Хутоу, Жаохэ и другие.
0000203.png	Генетическая дактилоскопия
0000204.png	Военная служба
0000205.png	Южно-Русское месторождение
0000206.png	Пример фиксированного массива на Си
0000207.png	Наиболее старый работающий реактор в России (более 48 лет):
0000208.png	См. также
0000209.png	Энергия ионизации  (),  ().
0000210.png	Фантастические фильмы 1947 года
0000211.png	Квага из мультсериала «Чёрный плащ» тоже стилизуется под клоуна.
0000212.png	Гелиоцентрическая система Коперника
0000213.png	Прага, Чехия
0000214.png	Режим дозирования
0000215.png	Хирурги по алфавиту
0000216.png	Орден Трудового Красного Знамени 1943
0000217.png	События
0000218.png	Примечания
0000219.png	Увлечение авиацией
0000220.png	Прижизненная критика
0000221.png	Макс Морлок (р. 1925), немецкий футболист, чемпион мира (1954).
0000222.png	Аппаратное обеспечение:
0000223.png	Пудлингование
0000224.png	Внутреннее управление
0000225.png	Правители
0000226.png	Памятник Курманжан-датки
0000227.png	20 октября
0000228.png	Пожертвования
0000229.png	Примечания
0000230.png	История
0000231.png	255 км: река без названия (пр)
0000232.png	Католическая церковь
0000233.png	Прудный переулок
0000234.png	Примечания
0000235.png	Военные столкновения
0000236.png	немецкий
0000237.png	Страницы значений:Тёзки
0000238.png	Цифровой звук
0000239.png	Завоевание Киренаики
0000240.png	Княжеские роды России (Рюриковичи)
0000241.png	Композитор: Андрей Петров
0000242.png	Еретики
0000243.png	мобильные телефоны со стикером,
0000244.png	В южной Азии (Пакистан) существовала неолитическая культура Мергарх.
0000245.png	2-я премия Международного конкурса скрипачей им. Г. Венявского (Варшава, 1935)
0000246.png	События
0000247.png	Вход Господень в Иерусалим ()
0000248.png	Институт биологии, экологии и агротехнологий
0000249.png	Пролайф
0000250.png	Примечания
0000251.png	региональные органы государственной власти
0000252.png	Преступники России
0000253.png	Ладынина, Марина Алексеевна
0000254.png	Американский университет,
0000255.png	Праздники и памятные дни
0000256.png	См. также
0000257.png	Притоки Оби
0000258.png	Натурфилософы
0000259.png	Преподавательская деятельность
0000260.png	Кондуктометр;
0000261.png	Районные центры Ханты-Мансийского автономного округа
0000262.png	Парламент и правительство Фарер
0000263.png	аксиально-плунжерные насосы
0000264.png	См. также: :Категория:Умершие в 1420 году
0000265.png	физическая;
0000266.png	Примечания
0000267.png	Жанры рок-музыки
0000268.png	Персонажи «Божественной комедии»
0000269.png	Основные события
0000270.png	Любое линейно связное пространство связно.
0000271.png	Препараты второй линии для лечения рассеянного склероза
0000272.png	Инженер-капитан (15.09.1964).
0000273.png	Города Вологодской области
0000274.png	Аддитивность. Для произвольных чисел
0000275.png	Атмосфера
0000276.png	Михаил Леонтьев (с 1999 года, ведущий авторского комментария «Однако»)
0000277.png	Семья
0000278.png	Филологическая
0000279.png	Газета «Южная Осетия»;
0000280.png	См. также
0000281.png	Другие определения
0000282.png	Игумены, архимандриты, наместники и настоятели Соловецкого монастыря
0000283.png	Несвижское гетто
0000284.png	Описания гербов
0000285.png	Память
0000286.png	Внешнеэкономические связи
0000287.png	Григорианский календарь
0000288.png	Синхронные триггеры с динамическим тактированием
0000289.png	Районы Саратовской области
0000290.png	Этимология
0000291.png	ПАО «Калужский двигатель» (ПАО «КАДВИ»);
0000292.png	Кругликов Назар Максимович - московский дворянин (1695).
0000293.png	Судоходство
0000294.png	Исход в Джунгарию (1771 г.)
0000295.png	Аллотропные формы углерода
0000296.png	В творчестве
0000297.png	сухость во рту, носу и горле
0000298.png	Похожие стили
0000299.png	Региональные вкладки общефедеральных изданий
0000300.png	История и этнография
0000301.png	Различные способы данности исключают друг друга.
0000302.png	Применение
0000303.png	Терминальная стадия.
0000304.png	См. также
0000305.png	Литература
0000306.png	социально-экономические отношения или производственные отношения;
0000307.png	692 км: Средний Утяк
0000308.png	События
0000309.png	Планирование внедрения управления услугами ()
0000310.png	Курорт
0000311.png	Скончались
0000312.png	Троицкий собор
0000313.png	Родились
0000314.png	Португальский Орден Башни и Меча ()
0000315.png	Центральный отдел
0000316.png	Петровац
0000317.png	Детство
0000318.png	Физические теории
0000319.png	Родились
0000320.png	В музыке
0000321.png	Телевидение
0000322.png	Новосибирский городской драматический театр «На левом берегу»
0000323.png	Абазины
0000324.png	Блеомицин (противоопухолевое средство, антибиотик)
0000325.png	11 октября, 13 октября, 14 октября
0000326.png	Антагонисты пуринов
0000327.png	Примечания
0000328.png	Викинги оккупировали Гебридские острова.
0000329.png	Кредитные организации;
0000330.png	Дом творчества писателей «Переделкино»
0000331.png	Ссылки
0000332.png	орден Трудового Красного Знамени (02.03.1944)
0000333.png	Упразднённые населённые пункты
0000334.png	Литература
0000335.png	Отзыв лицензий
0000336.png	Законы логики
0000337.png	Железнодорожный транспорт
0000338.png	Екатерининский парк
0000339.png	Общая масса: 1,4 кг;
0000340.png	Вопросы безопасности
0000341.png	Большая разница
0000342.png	Вороной (кубические иррациональности, единицы кубических полей),
0000343.png	Примечания
0000344.png	Показания
0000345.png	Город Несебыр стал греческой колонией.
0000346.png	Ссылки
0000347.png	российские
0000348.png	Официальный сайт правительства Британских Виргинских Островов
0000349.png	Распространённые колеи
0000350.png	Кондак, или песнь на Рождество Христово. Творение св. Романа Сладкопевца
0000351.png	Глисон, Генри Аллан (младший)
0000352.png	А. Платонов. «Река Потудань».
0000353.png	Глеб Горбовский «Неве», «После войны», «Фонарики» и другие стихотворения
0000354.png	Участники Днепровско-Карпатской операции
0000355.png	Орден Святой Анны 1-й степени (2 декабря 1819, Российская империя)
0000356.png	золотистого стафилококка (2005)
0000357.png	Доктора медицинских наук
0000358.png	В светской культуре
0000359.png	Примечания
0000360.png	Чередование фонем
0000361.png	Архитектура Первого Болгарского царства.
0000362.png	См. также
0000363.png	Сочинения
0000364.png	Форкиды
0000365.png	Победы (4)
0000366.png	Магнитофон в искусстве
0000367.png	Дагестанский государственный технический университет
0000368.png	В России
0000369.png	Мокшане
0000370.png	Описание
0000371.png	Сентро
0000372.png	23 января
0000373.png	См. также
0000374.png	Роберт де Феррерс, 2-й граф Дерби (ум. 1160);
0000375.png	См. также
0000376.png	открытость
0000377.png	Независимая Украина
0000378.png	Станкосиб
0000379.png	Фильмография
0000380.png	Русские поэты
0000381.png	Электрохимическая термодинамика
0000382.png	Кавалеры Польского знака отличия за военное достоинство
0000383.png	Инфракрасная астрономия
0000384.png	Литература
0000385.png	4 июля
0000386.png	Праздники
0000387.png	Советские военные специалисты в Испании
0000388.png	Соотношение с другими учениями и доктринами
0000389.png	Всего на территории города действует несколько христианских учреждений:
0000390.png	орден Трудового Красного Знамени (01.03.1965)
0000391.png	Тиберий победил лангобардов у устья Эльбы.
0000392.png	Виды бана
0000393.png	Памятник сотрудникам мытищинской милиции, участникам Великой Отечественной войны
0000394.png	Иссоп, он же гисоп, сусоп, юзефка, синий зверобой
0000395.png	Разновидности кварца
0000396.png	Уступы
0000397.png	Пост Президента УЕФА Мишель Платини покинул 14 сентября 2016 года.
0000398.png	См. также
0000399.png	Водоснабжение и водоотведение
0000400.png	Выпуклая оболочка  равна пересечению всех полупространств, содержащих .
0000401.png	Литература
0000402.png	Государство Хулагуидов в Азербайджане
0000403.png	Наталья Ветлицкая, российская эстрадная певица.
0000404.png	Потомки вольноотпущенников Эмилиев:
0000405.png	Религия
0000406.png	Антивоенные активисты США
0000407.png	Наиболее привлекательные объекты для туристов:
0000408.png	Чемпионат России
0000409.png	Товарищу Троцкому, народному комиссару иностранных дел.
0000410.png	Примечания
0000411.png	Квартеты
0000412.png	См. также
0000413.png	Действующие лица и исполнители:
0000414.png	По клиническому течению выделяются следующие стадии самопроизвольного выкидыша:
0000415.png	Этимология
0000416.png	Осада Дураццо.
0000417.png	Климат
0000418.png	В Санкт-Петербург прибыл английский посланник Джеймс Харрис.
0000419.png	Артисты, известные под псевдонимами
0000420.png	История Русской церкви
0000421.png	Родились
0000422.png	Литература
0000423.png	Три, четырнадцать, пятнадцать
0000424.png	Философские диалоги
0000425.png	Грибы Северной Америки
0000426.png	Снежные
0000427.png	Грузооборот порта:
0000428.png	Критика
0000429.png	Обладатели приза Луи Деллюка
0000430.png	Организация богослужений
0000431.png	Век вернёт золотой на Латинские пашни, где древле
0000432.png	Ссылки
0000433.png	Биография
0000434.png	Примечания
0000435.png	Роман «Маскарад»Терри Пратчета во многом обыгрывает изначальное произведение.
0000436.png	Поэзия Кирсанова в музыке
0000437.png	Примечания
0000438.png	Енсегей бойлы ер Есим
0000439.png	Туризм
0000440.png	История
0000441.png	Система оценивания
0000442.png	Министры финансов Российской Федерации
0000443.png	Религия
0000444.png	Рамси
0000445.png	В филателии
0000446.png	Кодекс корпоративного поведения
0000447.png	Орден Святой Анны 1-й степени (1911)
0000448.png	Филиал МГУ в Ташкенте
0000449.png	Ссылки
0000450.png	Такси
0000451.png	Литература
0000452.png	Су-35С
0000453.png	Транспорт
0000454.png	Мигель Анхель
0000455.png	Примечания
0000456.png	Примечания
0000457.png	Территория
0000458.png	Скончались
0000459.png	Кафедра «Мировые процессы в недропользовании» АО «Росгеология»;
0000460.png	Депутаты Совета Союза от Курской области
0000461.png	электромагнитная
0000462.png	Фонетика и фонология
0000463.png	Гражданское право;
0000464.png	Шубинский переулок
0000465.png	Столица Дербентского эмирата
0000466.png	Озеро Байкал. Чивыркуйский залив. Иркутский комбинат бытового обслуживания.
0000467.png	Весовые категории
0000468.png	13 ноября
0000469.png	пранлукаст
0000470.png	Вненаучные знания могут быть:
0000471.png	Следует круг торгов
0000472.png	Художники итальянского Возрождения
0000473.png	Лауреаты мемориальной премии Джона В. Кэмпбелла
0000474.png	Гражданская война в России: Штурм аула Гимры (Дагестан), (1920; Красная Армия)
0000475.png	Документальные фильмы о Ворошилове
0000476.png	Демонстрация литовской молодёжи в Вильнюсе и Каунасе.
0000477.png	Транспорт и связь
0000478.png	Лицинии Крассы
0000479.png	Примечания
0000480.png	Дмитрий.
0000481.png	Экономическая власть
0000482.png	Приход к власти
0000483.png	Гвардейские полки Российской империи
0000484.png	Религиозные деятели Литвы
0000485.png	Как катализатор при полимеризации стирилена.
0000486.png	Сухумский округ (с 1883 года);
0000487.png	Железнодорожный транспорт
0000488.png	Православие
0000489.png	медаль «За укрепление братства по оружию» (Народная Республика Болгария);
0000490.png	Ссылки
0000491.png	Смесь:
0000492.png	Собственно языки бодо-гаро;
0000493.png	Религиозно-философские взгляды
0000494.png	Национальный состав
0000495.png	Ниже представлен список городов и территорий-побратимов Бобруйска:
0000496.png	Литература
0000497.png	Борис Парамонов Сапоги всмятку: бренд «БАКУНИН»
0000498.png	Ричард Клайдерман (наст. имя Филипп Паже), французский пианист, аранжировщик.
0000499.png	Личная жизнь
0000500.png	Название происходит от искажённого , что означает просто «крокодил».
0000501.png	«Пласа Колония»;
0000502.png	См. также
0000503.png	Путеводитель по Венгрии
0000504.png	История наблюдений
0000505.png	В квантовой физике
0000506.png	Расширение границ биосферы и выход в Космос.
0000507.png	Литература
0000508.png	Вавилония
0000509.png	озеро Виктория на улице Мунчештской (дом 788 на берегу озера)
0000510.png	Здание Князе-Михайловской домовой церкви
0000511.png	Литература по анестезиологии, реанимации и интенсивной терапии
0000512.png	Галилео Галилей
0000513.png	Собственная проводимость
0000514.png	Список
0000515.png	1956 Биография П. Б. Струве
0000516.png	Биография
0000517.png	Источники и литература
0000518.png	В ролях
0000519.png	Фильмы о Москве
0000520.png	Эрмитаж
0000521.png	10 сентября
0000522.png	См. также
0000523.png	Народная этимология
0000524.png	Ссылки
0000525.png	Реагирует со спиртами, фенолами, карбоновыми кислотами с образованием солей.
0000526.png	Согласные
0000527.png	«Бахчисарайский фонтан» Б. Асафьева
0000528.png	Экономика
0000529.png	Литература
0000530.png	Суздальские (средняя ветвь от Василия).
0000531.png	«Бумажные фонари» (1896), Государственная Третьяковская галерея.
0000532.png	временными,
0000533.png	Михитарьянц Григорий Оганесович
0000534.png	деканы ФРТК
0000535.png	Члены Американской академии искусств и наук
0000536.png	Мозг в культуре
0000537.png	Литература
0000538.png	Япония
0000539.png	Районные центры Тюменской области
0000540.png	Протестантские богословы
0000541.png	Собиратели личных библиотек, переданных в государственные собрания
0000542.png	Биография
0000543.png	ВКФ в Москве (1958, Поощрительный диплом, фильм «Павел Корчагин»).
0000544.png	Чистка зубов сиваком;
0000545.png	консультативно-диагностический центр здоровья для детей
0000546.png	Марисса Макмэхон, американская актриса и кинопродюсер.
0000547.png	История и развитие
0000548.png	Внутренняя организация
0000549.png	Крупнейшие города
0000550.png	Флоренция, Италия
0000551.png	Библиография
0000552.png	Кладбище «Заволжское» (Новый Город);
0000553.png	Комментарии
0000554.png	Скопческая песня Селиванова своим «детушкам»:
0000555.png	Дворянские роды, на гербах которых изображены пять страусовых перьев
0000556.png	Зе Луиш
0000557.png	См. также
0000558.png	Источник
0000559.png	Реки Ульяновской области
0000560.png	267 км: Васасуля
0000561.png	Моги К. Предсказание землетрясений. М.: Мир, 1988. 382 с.
0000562.png	Ссылки
0000563.png	оперы
0000564.png	Смысл
0000565.png	События
0000566.png	Телесериал
0000567.png	Отличия в использовании
0000568.png	Члены Шведской королевской музыкальной академии
0000569.png	Примечания
0000570.png	(обл.)
0000571.png	Родившиеся в Климовичском уезде
0000572.png	В сигиллатии
0000573.png	Высшая категория (несколько осей высшего порядка)
0000574.png	Дипломаты Российской империи
0000575.png	Большое турне Н. Вирта по России (2005)
0000576.png	Справочные указатели
0000577.png	Члены Национальной академии наук США
0000578.png	Рыцари-бакалавры
0000579.png	Семья
0000580.png	Литература
0000581.png	Борий (107).
0000582.png	Ссылки
0000583.png	В изобразительном искусстве
0000584.png	Малаховка фигурирует во многих советских фильмах.
0000585.png	Примечания
0000586.png	Игроки ФК «Ювентус»
0000587.png	Вязкость и содержание воды
0000588.png	Литература
0000589.png	Населённые пункты Сокольского района (Вологодская область)
0000590.png	Политики по алфавиту
0000591.png	Официальный сайт ПФК «Крылья Советов»
0000592.png	Александровская церковь
0000593.png	Литература
0000594.png	Суперлига Грузии: Энергия Рустави
0000595.png	Похороны
0000596.png	Гидрография
0000597.png	разрушение кристаллической решётки вследствие выбивания атомов из узлов;
0000598.png	Советские войска освобождают город Калинин.
0000599.png	Полтавскому государственному педагогическому институту;
0000600.png	Лекарственная терапия
0000601.png	Гендерные различия
0000602.png	«Голос Экибастуза»
0000603.png	Альфаро Сикейрос, Хосе Давид
0000604.png	Аналоговые компьютеры
0000605.png	Химический состав
0000606.png	Участники матчей всех звёзд НХЛ
0000607.png	Дело милиционеров Правобережного РОВД
0000608.png	Джигит, Соломон Давидович (с 06.11. 1918 до апреля 1919-го)
0000609.png	Культура
0000610.png	Ссылки
0000611.png	Сэйю: Риэ Танака
0000612.png	Алгоритмы и структуры данных
0000613.png	Стандартное нормальное распределение
0000614.png	Биография
0000615.png	Примечания
0000616.png	Железнодорожные вокзалы Санкт-Петербурга
0000617.png	Литература
0000618.png	Севилья. Строительство Большой Главной мечети города ибн Адабасом.
0000619.png	Ироническая эстетика Зольгера
0000620.png	Кубок ГДР по футболу
0000621.png	детская школа искусств;
0000622.png	Городское благоустройство
0000623.png	Почётные члены РАХ
0000624.png	Эвклаз
0000625.png	События
0000626.png	Описание технологии
0000627.png	Официальный сайт Волжской городской Думы
0000628.png	Запуск скрипта
0000629.png	Бои за Вознесенск (2022)
0000630.png	История
0000631.png	Особенности
0000632.png	Институт физики
0000633.png	Село Орехово
0000634.png	Отношения бон и тибетского буддизма
0000635.png	Перестают кусаться комары, но начинаются утренники.
0000636.png	География
0000637.png	В недрата на Родопите Путевые заметки (1892)
0000638.png	Государственное устройство
0000639.png	Примечания
0000640.png	Сокращения
0000641.png	Финляндия и Эстония установили дипломатические отношения.
0000642.png	События
0000643.png	Литература
0000644.png	Кронос
0000645.png	Регионы Западной Сибири
0000646.png	Памятник Константину Иванову (на Красной площади)
0000647.png	Средневековье: страны ислама
0000648.png	Ссылки
0000649.png	Почётные доктора Ливерпульского университета
0000650.png	Ссылки
0000651.png	Литература
0000652.png	Блокировка. На некоторых моделях вилок кнопка блокировки вынесена на руль.
0000653.png	Годы ученичества
0000654.png	Спортивные объекты
0000655.png	Эволюция идей
0000656.png	Упоминается в книге Идрис Шаха «Суфизм».
0000657.png	В походах был:
0000658.png	Средства массовой информации
0000659.png	Джозеф Смит в Миссури
0000660.png	Мечети
0000661.png	Частота нежелательных явлений
0000662.png	Электрогорск
0000663.png	См. также
0000664.png	Другая терминология
0000665.png	Возникновение урагана
0000666.png	Инфинитив
0000667.png	Страница Владимира Эрля на сайте «Вавилон»
0000668.png	К концу 1950 года действуют больница, родильный дом, поликлиника.
0000669.png	Ростовщичество
0000670.png	Ахундова М. «История Фредди Меркьюри» (2005).
0000671.png	Майкопская плита
0000672.png	Действующие
0000673.png	Элимаида и Персида отпадают от Парфянского царства.
0000674.png	Источники
0000675.png	Содержание
0000676.png	Тамека Эмпсон, английская актриса.
0000677.png	Умершие от голода
0000678.png	В культуре
0000679.png	Понятие секты в буддизме и индуизме
0000680.png	Томатоуборочный комбайн
0000681.png	См. также
0000682.png	В 1872 году при пицундской православной церкви открыт мужской монастырь.
0000683.png	Глины
0000684.png	Кулишки
0000685.png	Ссылки
0000686.png	Кратер на Луне
0000687.png	Население
0000688.png	Кораблекрушения 1941 года
0000689.png	Полная библиография Александра Башлачёва на сайте ФантЛаб
0000690.png	Национальный институт статистики
0000691.png	Население
0000692.png	См. также
0000693.png	Побочное действие
0000694.png	Моравия:
0000695.png	Железный закон олигархии
0000696.png	память мученицы Феодоры девы и мученика Дидима воина (304)
0000697.png	В других областях
0000698.png	1960-е
0000699.png	См. также
0000700.png	ОРТ-Планета;
0000701.png	Челюскин:
0000702.png	Богини подземного царства
0000703.png	Библская (Бруммана)
0000704.png	«Иллюзионист» (2010, французско-британский мультфильм Сильвена Шоме)
0000705.png	"Нитрино"  (парк)
0000706.png	Крупнейшие спортивные сооружения города:
0000707.png	Альтернативное мнение
0000708.png	начался учредительный съезд избирательного блока Единство (Медведь).
0000709.png	Комаровский берег
0000710.png	Литература
0000711.png	Тадеуш Бур-Коморовский (р. 1895), командир Армии крайовой.
0000712.png	Системы кондиционирования и вентиляции
0000713.png	Радиостанции
0000714.png	Эсхатологическое учение Церкви: Материалы конференции. М., 2005.
0000715.png	Питомник зубробизонов
0000716.png	умственные формации (самскара)
0000717.png	Ссылки
0000718.png	управляющим органом является кинематическая система рычагов, кулачков и валов.
0000719.png	Практическая транскрипция
0000720.png	Книдарий и гребневиков могут объединять в один тип (кишечнополостные).
0000721.png	См. также
0000722.png	Притоки Шатт-эль-Араба
0000723.png	Память
0000724.png	Литература
0000725.png	История
0000726.png	гидросамолёты
0000727.png	163 км: река Волдомица
0000728.png	Иностранные члены Национальной академии наук США
0000729.png	Синологи России
0000730.png	Первая чешская книга, переведенная на мировые языки!
0000731.png	История
0000732.png	Премьер-министры Индии
0000733.png	Колин Маккалоу: «Поющие в терновнике» (роман)
0000734.png	Ташкентская топонимика
0000735.png	Частота инфекционных заболеваний
0000736.png	3 магазина «Бристоль»,
0000737.png	Здравоохранение
0000738.png	Четырёхугольники
0000739.png	Ссылки
0000740.png	Памятник погибшим в Великой Отечественной войне в селе Дияшево (1978).
0000741.png	Цикл стихов «Отзывы истории»
0000742.png	Выпущено несколько стартовых колод и соответствующих серий бустеров:
0000743.png	Храм Покрова Пресвятой Богородицы;
0000744.png	квартира в Перми,
0000745.png	Адреса в Ленинграде
0000746.png	Денис Лактионов
0000747.png	Фармакокинетика
0000748.png	Национальные
0000749.png	Таланты и поклонники (2011)
0000750.png	Выпускники Николаевской военной академии
0000751.png	Дом художественного творчества.
0000752.png	Окружности
0000753.png	Справочник такси города Златоуст
0000754.png	Войны Черногории
0000755.png	Биографы
0000756.png	Алиса в Зазеркалье (фильм, 2016)
0000757.png	Религиозные деятели Швеции
0000758.png	Альбомы альтернативного рока
0000759.png	Гайдар А. «Школа», 1930
0000760.png	Представления о Гермесе. Функции. Культ
0000761.png	Лечебные учреждения
0000762.png	«Нектон-Бета» (США)
0000763.png	программа модернизации энергетического комплекса
0000764.png	Примечания
0000765.png	Орден Ленина (1967).
0000766.png	События
0000767.png	Персонажи «Божественной комедии»
0000768.png	Среднее годовое количество осадков составляет 350 мм.
0000769.png	сайт «Журнальный зал»
0000770.png	Муниципально-территориальное устройство
0000771.png	Награды
0000772.png	Послы Испании в Великобритании
0000773.png	Интуриста,
0000774.png	Исчезнувшие народы
0000775.png	Животноводство
0000776.png	Рулетка;
0000777.png	В составе Австро-Венгрии
0000778.png	Евгений Дулык
0000779.png	Ссылки
0000780.png	Дополнительное образование
0000781.png	Географическое положение
0000782.png	Похороненные на кладбище Пер-Лашез
0000783.png	улица Владимира Великого в Ивано-Франковске
0000784.png	РНК-интерференция
0000785.png	Таксоны, описанные Ричардом Оуэном
0000786.png	Литература
0000787.png	Угол полный численно равен двум развёрнутым углам или четырём прямым углам.
0000788.png	Лицеи, ПТУ, Колледжи
0000789.png	Примечания
0000790.png	Ссылки
0000791.png	Число
0000792.png	в Лисинском учебном лесничестве
0000793.png	Детский отдых
0000794.png	Для неоднородных материалов существует координатная зависимость
0000795.png	Члены ПЕН-клуба
0000796.png	пропионовая ацидемия
0000797.png	«Радиоэлектроника, телекоммуникации и нанотехнологии» (РТН)
0000798.png	Литература
0000799.png	Результаты
0000800.png	Сводные издания
0000801.png	кольца Нептуна
0000802.png	Награды и звания
0000803.png	Математики по алфавиту
0000804.png	Биография
0000805.png	Международный год языков коренных народов
0000806.png	Список депутатских объединений
0000807.png	, между «Брага» и «Витория Гимарайнш»
0000808.png	Лодзь (Польша, до 2022)
0000809.png	Литература
0000810.png	Наука
0000811.png	Но как попасть в Граалево братство?
0000812.png	Директора Высших курсов сценаристов и режиссёров
0000813.png	См. также
0000814.png	Календарь фаз Луны
0000815.png	Гамкрелидзе, Реваз Валерианович
0000816.png	малопрогредиентная шизофрения;
0000817.png	Выборгская городская больница,
0000818.png	Каждая позиция классификатора структурно состоит из трёх блоков:
0000819.png	См. также
0000820.png	Ссылки
0000821.png	Примечания
0000822.png	Армянская могучая кучка
0000823.png	Наследие
0000824.png	«Лилла Венеда» (, 1839)
0000825.png	Был библиотекарем и хранителем нумизматического музея в Модене.
0000826.png	Капитал
0000827.png	использовать в коммерческих целях;
0000828.png	три ордена Суворова 1-й степени (9.10.1943, 12.09.1944, 27.04.1945)
0000829.png	повышенное потоотделение
0000830.png	пгт. Тургенево - 4453
0000831.png	Домициан носил победный титул «Германский» с 83 года.
0000832.png	История сайта
0000833.png	Происхождение Мирового океана
0000834.png	Юрий Ибраев
0000835.png	Шарль
0000836.png	математика, которой можно постичь частично разумом и частично органами чувств.
0000837.png	Киноактрисы Франции
0000838.png	Энергетика
0000839.png	Вице-губернаторы Огайо
0000840.png	Центральная Греция
0000841.png	Скульптурная композиция «Флора Чувашии» (при входе в ботанический сад)
0000842.png	Иностранные консульства
0000843.png	Манга Хокусая
0000844.png	Социально-экономические показатели
0000845.png	Бабы (значения)
0000846.png	Возраст и детская мастурбация
0000847.png	Йозеф Тисо
0000848.png	ООО «КЖБИ»
0000849.png	Небесная сфера
0000850.png	На золотом стуле,
0000851.png	Литература
0000852.png	Эмина Яхович, сербская поп-певица, автор песен, модель и актриса.
0000853.png	Языки Словакии
0000854.png	Городской стадион в микрорайоне. Аринино.
0000855.png	Творчество
0000856.png	Рама побеждает Равану
0000857.png	Кольцо главных идеалов
0000858.png	Память
0000859.png	Должны ли мы говорить то, что думаем, и думать то, что говорим?
0000860.png	Чёрный чай
0000861.png	2008 Сарагоса (Испания)
0000862.png	Ева Синельникова
0000863.png	«Карьероуправление»
0000864.png	Участники Крестового похода 1239 года
0000865.png	Мир с Центральными державами и австро-германская оккупация Украины
0000866.png	Примеры
0000867.png	Ташаузский (Азатлык) базар (10-й микрорайон)
0000868.png	Луис Смит, британский гимнаст, 4-кратный призёр Олимпийских игр.
0000869.png	Древнегреческие философы
0000870.png	Математическая логика
0000871.png	Имперские легионы
0000872.png	Программирование
0000873.png	Лечение
0000874.png	Хуэйкэ (яп, Эка)
0000875.png	Теория палеолитической непрерывности
0000876.png	Поддерживаются русский и английский синтаксис команд.
0000877.png	Международный институт алюминия
0000878.png	Примечания
0000879.png	Образ Изабеллы в искусстве
0000880.png	Телефонная связь
0000881.png	В формуле для разности фаз только первый член зависит от времени:
0000882.png	Литература
0000883.png	Военные округа
0000884.png	Влияние
0000885.png	Фильмы студии «Межрабпомфильм»
0000886.png	Распространение
0000887.png	Учреждения
0000888.png	Физико-географическое положение
0000889.png	Вторая мировая война: советские войска заняли Мемель (Клайпеду).
0000890.png	Блог пресс-службы «Норильского никеля»
0000891.png	Сэйю: Кояма Юка.
0000892.png	Национальные
0000893.png	Локомотивы
0000894.png	Простые эфиры
0000895.png	Ядовитые вещества
0000896.png	Ларраньяга
0000897.png	По способу и носителю отображения:
0000898.png	Лекционный курс гидравлики
0000899.png	Литература
0000900.png	Административное деление
0000901.png	Курбанов, Абдулхалик Шамилович (21.03.2004, 815)
0000902.png	Примечания
0000903.png	медаль ЦК КПРФ «90 лет Великой Октябрьской социалистической Революции»;
0000904.png	Календари Хань
0000905.png	Бронзовая скульптура «Золотая рыбка». Установлена в устье реки Витьбы
0000906.png	Разработка алгоритмов
0000907.png	Гостиница «Галакт»
0000908.png	лица, отправленные за границу на обучение;
0000909.png	Управление персоналом
0000910.png	Творчество
0000911.png	Облепиховый сквер
0000912.png	Бюст Гиппократа во дворе КГМУ
0000913.png	Тевтонский период
0000914.png	Удостоенные Особого упоминания Пулитцеровской премии
0000915.png	История и общая характеристика
0000916.png	Примечания
0000917.png	Ссылки
0000918.png	СТС (до сентября 2006 года вещал телеканал ТВ Центр)
0000919.png	Гродненский областной Дом ребёнка
0000920.png	Колледж Казахского университета технологии и бизнеса
0000921.png	В ролях
0000922.png	Электричество
0000923.png	История исследования Солнечной системы
0000924.png	Период фактической независимости. Формирование антидудаевской оппозиции
0000925.png	Кириллицей:
0000926.png	Леонор Афонсу, сеньора Педроган
0000927.png	Образование
0000928.png	Абстрактность
0000929.png	Транспорт
0000930.png	Варнава (на Кипре);
0000931.png	Армия
0000932.png	Стационарная связь
0000933.png	Организация
0000934.png	Закаспийский гепард
0000935.png	История
0000936.png	См. также
0000937.png	Хронология основных событий
0000938.png	Венера (космическая программа)
0000939.png	Если ничего подобного рядом с числом нет, то это - десятичное значение.
0000940.png	Литература
0000941.png	Ссылки
0000942.png	Гауссова кривизна
0000943.png	Философы Германии
0000944.png	Персонажи Ветхого Завета
0000945.png	Испанские художники барокко
0000946.png	Дополнительное образование и профессиональная ориентация
0000947.png	Дьяченко, Андрей Александрович (16.03.2016, 1054)
0000948.png	Примечания
0000949.png	Персоналии по алфавиту
0000950.png	Генерал внутренней службы 1-го ранга
0000951.png	См. также
0000952.png	Основан первый в Индонезии буддийский храм чанди Каласан в Прамбанане.
0000953.png	Жизнь в США
0000954.png	Музей Первого Президента Республики Казахстан.
0000955.png	В истории папства историками могут быть выделены следующие периоды:
0000956.png	Литература
0000957.png	Рянилинн,
0000958.png	Граф Одо Парижский провозглашён королём западных франков
0000959.png	Заключённые тюрьмы Мокотув
0000960.png	Станции
0000961.png	Экономика
0000962.png	Невозможность съёмки с электронной фотовспышкой на коротких выдержках;
0000963.png	Западный административный округ
0000964.png	Минская улица
0000965.png	Город расположен на реке Аган и её притоках Агрнъёган и Нёхысъяун.
0000966.png	Театральная работа
0000967.png	Лингвогеография
0000968.png	На посту президента
0000969.png	Панкратов, Алексей Станиславович (04.03.2022)
0000970.png	В соответствии с уставом РПР-ПАРНАС:
0000971.png	Ссылки
0000972.png	вовлечение в эту работу общественных организаций, интеллектуалов, журналистов;
0000973.png	Кредитный дефолтный своп
0000974.png	Примечания
0000975.png	Жодино (), Белоруссия
0000976.png	Жители Дома писательского кооператива
0000977.png	Достопримечательности
0000978.png	Услуги обычного такси оказывает более 100 таксомоторных компаний.
0000979.png	Генерал-адъютанты (Российская империя)
0000980.png	Божественный Принцип
0000981.png	младшая провинция Исэ ()
0000982.png	Рыжков, Николай Иванович
0000983.png	«Эльбрус-3-1»
0000984.png	Признаки налога
0000985.png	Гайдуцкий отряд во главе с Бабой Новаком напал на Софию.
0000986.png	Библиография
0000987.png	музей-заповедник «Московский Кремль»;
0000988.png	Ссылки
0000989.png	Ссылки
0000990.png	Документальные фильмы
0000991.png	Спорт
0000992.png	Художественная гимнастика
0000993.png	Казаки (повесть)
0000994.png	Судовая энергетическая установка
0000995.png	Древний мир
0000996.png	Алексей Дударев (ум. 2023), советский и белорусский драматург, сценарист.
0000997.png	Поэты России
0000998.png	Противостояние Жээнбекова и экс-президента Атамбаева
0000999.png	Кобылин Фёдор Васильевич - наместник в Яме Запольском (1578).
0001000.png	Примечания
0001001.png	Императрица Гэммэй, 43-я императрица Японии.
0001002.png	Китай
0001003.png	См. также: :Категория:Родившиеся 29 января
0001004.png	Памятник П. И. Климуку и М. Гермашевскому
0001005.png	Православие
0001006.png	В честь Аркадии назван астероид (1020) Аркадия, открытый в 1924 году.
0001007.png	Примечания
0001008.png	«Исаака и Иакова»
0001009.png	В 1954 году в Москве были изданы его избранные произведения.
0001010.png	Языки Пакистана
0001011.png	о. Искусственный
0001012.png	Правители
0001013.png	Вещественные;
0001014.png	память святого ;
0001015.png	4-я Ватутинская улица
0001016.png	Участник чемпионата мира 2002 и чемпионата Европы 2004.
0001017.png	Театры и концертно-зрелищные учреждения
0001018.png	Государственный музей истории Тимуридов
0001019.png	Орден Святой Анны 1-й степени (1830)
0001020.png	Простота хранения отработавшего топлива;
0001021.png	Марши по алфавиту
0001022.png	Биография
0001023.png	Центры регионов Франции
0001024.png	евритмия (уравновешенность);
0001025.png	Рассчитывается пассажирооборот каждого конкретного транспортного предприятия.
0001026.png	В 2019 году МФТИ открыл  в Чжэнчжоу (Китай).
0001027.png	Мирная улица (рабочий посёлок Киевский)
0001028.png	актриса Ольга Остроумова
0001029.png	Восстанавливаемость
0001030.png	Известные гравёры
0001031.png	Модели, не вышедшие на рынок
0001032.png	Королевский дом Афганистана
0001033.png	Письменность
0001034.png	Статские советники
0001035.png	Примечания
0001036.png	Немые фильмы СССР
0001037.png	Майна
0001038.png	Эпилепсия лобной доли
0001039.png	Генерал армии (Чехословакия)
0001040.png	кафедра общей физики
0001041.png	См. также
0001042.png	Озеленение
0001043.png	Конструкторы Германии
0001044.png	своеобразного растительного мира;
0001045.png	Ссылки
0001046.png	Музеи Калининграда
0001047.png	См. также: :Категория:Родившиеся в 1249 году
0001048.png	Консулы Флавий Аниций Авхений Басс и Флавий Антиох.
0001049.png	Удалённость от моря
0001050.png	См. также: :Категория:Умершие в 1418 году
0001051.png	Модуль памяти
0001052.png	См. также
0001053.png	Мангиан
0001054.png	Ссылки
0001055.png	Показания
0001056.png	Энциклопедия ГЛБТ
0001057.png	Сеть радиально-базисных функций
0001058.png	Флигель у нижних ванн (1901, архитектор Н. Дмитриев).
0001059.png	Отношение равномощности множеств.
0001060.png	Феофил (Горенковский), киевский преподобный, юродивый.
0001061.png	См. также: :Категория:Родившиеся в 1467 году
0001062.png	Семья, личная жизнь
0001063.png	Т. 3. Поэмы;
0001064.png	Гербы с шляхетскими коронами
0001065.png	Семейство
0001066.png	ДНК 5.0, 6.8
0001067.png	Статьи о языке африкаанс и африканерах на ЮАР.ру
0001068.png	Диссиденты Литвы
0001069.png	Умерла 25 января 1946 года. Похоронена на Новом кладбище в Нейи (Франция).
0001070.png	История
0001071.png	Крайние населённые пункты:
0001072.png	Статьи, начинающиеся со слова «сто»
0001073.png	Симптомы дефицита и избытка
0001074.png	Полномочные представители президента Российской Федерации в СЗФО
0001075.png	Бизнес-технологии
0001076.png	17 декабря 2011 года Самоа вступило в ВТО.
0001077.png	Средние века
0001078.png	Награды
0001079.png	Города Португалии
0001080.png	ханами (любование цветами, является основой искусства икебаны),
0001081.png	Фармакологическое действие и применение
0001082.png	Предыстория
0001083.png	Комбинированные энергоустановки
0001084.png	Умершие в Париже
0001085.png	из  следует ;
0001086.png	для любых ненулевых  существуют  такие, что  и  или .
0001087.png	Реки Симферопольского района
0001088.png	Ссылки
0001089.png	Продолжительность жизни
0001090.png	Имеющиеся электронные версии книг в Российской государственной библиотеке
0001091.png	Похороненные на кладбище Тестаччо
0001092.png	Мельбурн
0001093.png	Библиография
0001094.png	Выпускники Военной академии Генерального штаба
0001095.png	Абрамов Николай Викторович
0001096.png	Дозировка
0001097.png	Финикс (1991)
0001098.png	Персоналии
0001099.png	Лем как читатель
0001100.png	Пьют куриный помёт или кладут под подушку дохлую курицу.
0001101.png	Издание содержит полный список всех губернаторов и генерал-губернаторов.
0001102.png	Философы Германии
0001103.png	Осторожность следует соблюдать при лечении больных с гиперурикемией.
0001104.png	Туризм
0001105.png	Выставка достижений трех революций.
0001106.png	Кит Примо, канадский хоккеист, чемпион мира (1997).
0001107.png	Толочко П. П. Древнерусский феодальный город. К., 1989.
0001108.png	Ссылки
0001109.png	Узкоколейная железная дорога Мещерского торфопредприятия
0001110.png	Династии Австрии
0001111.png	Парниковые газы
0001112.png	Почётные доктора Манитобского университета
0001113.png	Музыка к трагедии Нестора Кукольника «Князь Холмский» (1842)
0001114.png	16:50 Командир подлодки передаёт радиограмму: «Готовлю к эвакуации 69 человек».
0001115.png	Доклад о состоянии городов мира (ООН), на английском языке
0001116.png	Владимир Чернышёв. «Белый дом, чёрный дым» (2013, НТВ)
0001117.png	кроме того, курсируют пригородные маршруты:
0001118.png	Пример:
0001119.png	Росэлектроника
0001120.png	Примечания
0001121.png	Лауреаты Царскосельской художественной премии
0001122.png	Биография
0001123.png	Самым крупным в мире каботажным флотом обладает Греция.
0001124.png	Другое:
0001125.png	Инсигнии
0001126.png	История
0001127.png	Цимотехнические заметки (Зап. Южно-русск. Общ. технол., 1897);
0001128.png	Карташовский бор (139 га)
0001129.png	Клиа точны бытия
0001130.png	Действовали местные телеканалы «СТВ-Шарья», «ШАРЬЯ ТВ», «ТелеШарья».
0001131.png	См. также
0001132.png	Другие
0001133.png	Лолита Бородина, актриса театра и кино.
0001134.png	Вооружённые силы
0001135.png	Вклад в науку
0001136.png	Деятели культуры и искусства, репрессированные в СССР
0001137.png	Вайда красильная ()
0001138.png	Авария на Большом адронном коллайдере.
0001139.png	Итальянская кампания
0001140.png	Здравоохранение
0001141.png	Архитектура
0001142.png	Журамт эв хамт намуудын
0001143.png	гнойный;
0001144.png	Роджер Эберт (ум. 2013), американский кинокритик и телеведущий.
0001145.png	Умершие от колоректального рака
0001146.png	Фотометрия
0001147.png	Площадь города
0001148.png	Мифы о Гефесте
0001149.png	Разгуляй, площадь
0001150.png	В декабре 1800 года русский император написал Наполеону Бонапарту:
0001151.png	Высшие училища
0001152.png	Источники
0001153.png	В искусстве
0001154.png	Иностранные члены Академии моральных и политических наук
0001155.png	Новорижское шоссе
0001156.png	Финансовый анализ
0001157.png	Во внешней среде
0001158.png	Со стороны системы свертывания крови: геморрагии.
0001159.png	Инфекционная больница.
0001160.png	Боги неба и атмосферных явлений
0001161.png	изучение в связи с национальной историей взаимодействовавших с хазарами народов
0001162.png	История
0001163.png	Праздники и памятные дни
0001164.png	Храм святых апостолов Петра и Павла (1772, перестроен в 2003 году)
0001165.png	нет процедурных (корректирующих) слоёв и эффектов (стилей) слоёв
0001166.png	Алгоритмически неразрешимые задачи
0001167.png	Библиография
0001168.png	См. также
0001169.png	Государственное устройство
0001170.png	В США
0001171.png	Здравоохранение
0001172.png	Навязчивая мастурбация
0001173.png	Бронзовый призёр чемпионата России: 2004
0001174.png	Козеев, Константин Мирович (10.04.2002, 753)
0001175.png	углового ускорения и коэффициента теплоотдачи в физике;
0001176.png	армяне
0001177.png	С постройкой Симбирска в городе существовали следующие кладбища:
0001178.png	Хоккейная команда «Энергия»
0001179.png	Ссылки
0001180.png	Пищевая промышленность
0001181.png	Эмилио Фернандес (ум. 1986), мексиканский кинорежиссёр, актёр и сценарист.
0001182.png	Умершие 9 ноября
0001183.png	Речи христолюбивому воинству Донскому. СПб., 1845
0001184.png	Издательство
0001185.png	Примечания
0001186.png	8 районов, включающие:
0001187.png	Имитации из пластических материалов
0001188.png	Примечания
0001189.png	и другие спектакли.
0001190.png	Литература
0001191.png	Экспоненциальная запись
0001192.png	Атлас автомобильных дорог Саратовской области. Саратов, 2000.
0001193.png	Поиски секрета греческого огня
0001194.png	Сдвоенный дроссель
0001195.png	В Европе наиболее активны три следующих производителя:
0001196.png	Фармакодинамика
0001197.png	Америка
0001198.png	началась приостановка работы правительства США, самая длительная в истории.
0001199.png	По химическому составу чугуны делятся на легированные и нелегированные.
0001200.png	Название
0001201.png	Память
0001202.png	Примечания
0001203.png	фортепианный
0001204.png	Совкомбанк
0001205.png	Телевизор
0001206.png	. Институт генплана Москвы
0001207.png	Рассмотрим сумму косинусов:
0001208.png	Курорты Львовской области
0001209.png	Подъём на Белуху с юга по простейшему пути
0001210.png	Внешняя политика
0001211.png	События
0001212.png	Церковь пророка Св. Гелиаша
0001213.png	Параку,
0001214.png	Графический интерфейс пользователя
0001215.png	Якорь Матросова
0001216.png	Когда армия Салах ад-Дина прибыла к Тиру, она нашла город хорошо защищенным.
0001217.png	Присоединение к Франции Лотарингии.
0001218.png	Примечания
0001219.png	две ПУ РН «Циклон-3» (пл. 32);
0001220.png	Ссылки
0001221.png	Владимирова Е. Соломин Ю. От адъютанта до Его Превосходительства. М., 1999.
0001222.png	Автомобильный транспорт:
0001223.png	См. также
0001224.png	10-й год по эре правления луского князя Чжао-гуна.
0001225.png	Участники Второго крестового похода
0001226.png	Литература
0001227.png	На монетах и банкнотах
0001228.png	Орден Святой Анны 2 степени (1896)
0001229.png	Музей моделей транспорта
0001230.png	сионистский режим надо «стереть с лица земли»;
0001231.png	Добровольные распределенные вычисления
0001232.png	Заболевания прямой кишки
0001233.png	Плодовые деревья
0001234.png	Правители России и Советского Союза, биографическо-хронологический справочник
0001235.png	Память
0001236.png	Игроки ФК «Торпедо» Москва
0001237.png	Терминология
0001238.png	Количество былин
0001239.png	См. также
0001240.png	Руссо принадлежит несколько музыкальных произведений, в том числе опер.
0001241.png	«Арифметика для морского кадетского корпуса» (СПб., 1852);
0001242.png	Примечания
0001243.png	Опиоиды
0001244.png	Примечания
0001245.png	Ясенево
0001246.png	Издания
0001247.png	Реки Гвардейского района
0001248.png	Корнелии Сципионы
0001249.png	Полоцкое воеводство (без поветов);
0001250.png	Внеальбомные песни
0001251.png	Ссылки
0001252.png	Англосаксонские руны
0001253.png	Улица Жуковского, д. 7, кв. 42.
0001254.png	Президент Пакистана:
0001255.png	Похороненные на Городском кладбище Самары
0001256.png	Нахождение в природе
0001257.png	Ссыльные в Тобольске
0001258.png	Внутреннее сердце
0001259.png	Литургический румынский язык
0001260.png	Сентябрь
0001261.png	Дисахариды
0001262.png	Родившиеся в Квидзыне
0001263.png	Авл Вителлий, консул-суффект текущего года;
0001264.png	Крату
0001265.png	См. также
0001266.png	Награды
0001267.png	адсорбер с развернутой шихтой;
0001268.png	Золотая медаль «За труды по освобождению крестьян» (17 апреля 1861 года)
0001269.png	Самолёты «ЯК» широко представлены в фалеристике
0001270.png	Канку-дай
0001271.png	кацбальгер;
0001272.png	Осетинские этюды (в трёх частях).
0001273.png	Сноски
0001274.png	Почётный гражданин села Порецкое Чувашской Республики (1992)
0001275.png	Комментарии
0001276.png	Легенда карты:
0001277.png	Музеи
0001278.png	Примечания
0001279.png	Берн (наряду с немецким)
0001280.png	МКФ анимационных фильмов в Варне (1979, гран-при, фильм «Конёк-Горбунок»);
0001281.png	Серебряно-кадмиевый аккумулятор
0001282.png	концерт для скрипки с оркестром;
0001283.png	Лётчики Великой Отечественной войны
0001284.png	1896  Под лунным светом
0001285.png	Луис Энрике
0001286.png	Московский государственный университет (1980)
0001287.png	Литература
0001288.png	Немцы в СССР
0001289.png	Вариации и обобщения
0001290.png	Получение
0001291.png	Соматолиберин
0001292.png	Потери
0001293.png	Наиболее известны его работы:
0001294.png	Алгоритм :
0001295.png	Удвоение согласных
0001296.png	Упразднённые населённые пункты
0001297.png	География
0001298.png	Принцип действия поршневой паровой машины показан на иллюстрации.
0001299.png	7 средних общеобразовательных школ;
0001300.png	Примечания
0001301.png	Пацифисты
0001302.png	Памятники Великой Отечественной войны в России
0001303.png	Институт народов Севера
0001304.png	Гидроскелет
0001305.png	Правление
0001306.png	Где испытания сердцам
0001307.png	10-е простое число.
0001308.png	Награды
0001309.png	Борисоглебский монастырь
0001310.png	Резервные, молодёжные и юношеские команды
0001311.png	Кавалеры золотого оружия «За храбрость»
0001312.png	Лучший футболист первого дивизиона России (3): 2005, 2006, 2010
0001313.png	Некоторые характеристики и свойства фононов
0001314.png	Население
0001315.png	Взаимоотношения с СССР
0001316.png	Аль-Ханса, известнейшая арабская поэтесса из племени бану сулайм.
0001317.png	Уильям Стайрон (р. 1925), американский писатель, лауреат Пулитцеровской премии.
0001318.png	«Убить пересмешника»
0001319.png	В романе Марианны Алфёровой «Соперник Цезаря»;
0001320.png	Тюменский театр кукол;
0001321.png	Степень свободы выражения грамматических значений
0001322.png	См. также
0001323.png	История
0001324.png	Героев и скромных, и смелых! -
0001325.png	В католической церкви
0001326.png	Животные, описанные в 1822 году
0001327.png	Государственный музей тайваньской истории
0001328.png	Ядерный полигон
0001329.png	Орден Святой Анны 2-й степени с мечами (1874);
0001330.png	Лауреаты Нобелевской премии по экономике
0001331.png	Заслуженный артист РФ (1995). Лауреат Государственной премии СССР (1991).
0001332.png	Образ Ясира Арафата в кино
0001333.png	Международная деятельность
0001334.png	Книга Бытия повествует о сотворении мира и образовании евреев в качестве семьи.
0001335.png	Народный танец в Испании
0001336.png	Глубина, в различных областях:
0001337.png	См. также: :Категория:Родившиеся 24 апреля
0001338.png	Известные носители
0001339.png	Победители Открытого чемпионата Франции по теннису
0001340.png	Разработка
0001341.png	восстановление спортсменов после тренировочных и соревновательных нагрузок;
0001342.png	Групповая социализация
0001343.png	Ссылки
0001344.png	Бухарское ханство
0001345.png	Пусть солнце свободы тут
0001346.png	Литературоведение
0001347.png	по готовности;
0001348.png	Праведный Иоанн Сербский (Бранкович)
0001349.png	на официальном канале Одесской киностудии
0001350.png	Памятник Подтёлкову и Кривошлыкову.
0001351.png	Ментон (), Франция (с 1966 года)
0001352.png	Ссылки
0001353.png	Напитки и десерты
0001354.png	Структура проекта в хранилище
0001355.png	Исполнительная власть
0001356.png	Географические координаты
0001357.png	Конструктивисты
0001358.png	Ссылки
0001359.png	Херсон
0001360.png	Литература
0001361.png	Внешняя политика
0001362.png	Рабочее время
0001363.png	Рафаэль Мартос Санчес, испанский певец, киноактёр.
0001364.png	Хоккейные клубы России
0001365.png	Колбасный салат по-швейцарски
0001366.png	Уравнения Максвелла (электромагнетизм)
0001367.png	В 5 луне луский гун был болен и не выходил в новолуние четыре раза.
0001368.png	Неоднократно удостоенные Нобелевской премии
0001369.png	20 канонов Никейского собора
0001370.png	Теория языка программирования
0001371.png	Аллея Славы, ул. Юнг Северного флота
0001372.png	сокращения трудоёмкости проектирования и планирования;
0001373.png	Кельтеминарская культура
0001374.png	Вентиляторы
0001375.png	АЛЕКСАНДР ИВАНОВИЧ ЗАГОРОВСКИЙ
0001376.png	центр дополнительного образования детей и молодежи (улица 40 лет БССР, 14)
0001377.png	500 миль Индианаполиса
0001378.png	делать и распространять копии произведения и отдельных частей его содержимого,
0001379.png	См. также
0001380.png	Саубхагья-упанишада (Ригведа)
0001381.png	Долговременная потенциация
0001382.png	Примечания
0001383.png	Похороненные на кладбище Пер-Лашез
0001384.png	Реставрация Мэйдзи
0001385.png	19 ноября
0001386.png	Смерть и похороны
0001387.png	Примечания
0001388.png	Абстрагирование
0001389.png	Общественные радиостанции на английском языке
0001390.png	С 1 июня 2020 года Каргопольский район преобразован в муниципальный округ.
0001391.png	Подходы к постановке задачи
0001392.png	По состоянию на 2013 год
0001393.png	Калуга, Россия, с 2019
0001394.png	Примечания
0001395.png	Отношение к Ельцину за рубежом
0001396.png	Ссылки
0001397.png	(в пер.)
0001398.png	Цари Аргоса Темен, Кейс (полулегендарные).
0001399.png	Список трудов в каталоге РГБ.
0001400.png	Культура Древней Греции
0001401.png	Города Древней Месопотамии
0001402.png	Танатология
0001403.png	Родились
0001404.png	См. также
0001405.png	Крупнейшие жертвователи «Яблока» в 2020 году:
0001406.png	Верхнепышминская централизованная библиотечная система
0001407.png	Казахский академический драматический театр имени Ж. Шанина
0001408.png	Ссылки
0001409.png	По типу привода:
0001410.png	Колемин Филат Варламович - стряпчий (1692).
0001411.png	кинотеатр «Кино-Культ»;
0001412.png	Дагестан (наряду с русским и другими языками Дагестана)
0001413.png	Ссылки
0001414.png	История
0001415.png	См. также
0001416.png	Памятник Ленину (Совхозная улица)
0001417.png	Горные лыжи
0001418.png	Минеральные добавки для цементов
0001419.png	Общественная деятельность
0001420.png	Ссылки
0001421.png	"Седьмой континент"
0001422.png	Ссылки
0001423.png	См. также: :Категория:Умершие 5 сентября
0001424.png	Именем Белинского названы мыс, река и близлежащий посёлок на Сахалине.
0001425.png	Голубые озёра
0001426.png	Похоронен в Москве на Кунцевском кладбище (10 уч.).
0001427.png	Музыковеды Франции
0001428.png	Примерами классов критичности являются:
0001429.png	«Эхо Москвы» являлось информационно-разговорной радиостанцией.
0001430.png	Дерево Фибоначчи
0001431.png	Станислав Ростоцкий, советский кинорежиссёр (ум. в 2001).
0001432.png	Культура
0001433.png	Деагол, хоббит нашедший кольцо
0001434.png	аутогенная тренировка.
0001435.png	Симпатические чернила
0001436.png	Порты России
0001437.png	Черные глаза
0001438.png	География Эстонии
0001439.png	Враги
0001440.png	Циклы цивилизаций
0001441.png	Априоризм (Новая философская энциклопедия)
0001442.png	Ссылки
0001443.png	О сюжете одноимённой книги см. также Сюжет книги «Код да Винчи»
0001444.png	Глагол
0001445.png	Запад. Феномен западнизма. М., 1995.
0001446.png	Также рассказывалось о походе Гильгамеша в Ливан за кедровым лесом.
0001447.png	линогравюра,
0001448.png	Война в Восточном Тиморе
0001449.png	образ объединения множеств равен объединению образов:
0001450.png	Популярность
0001451.png	Послевоенный период
0001452.png	Киев, Украина
0001453.png	Династический орден Альбрехта Медведя
0001454.png	Дипломаты Германии
0001455.png	Противопоказания
0001456.png	Наблюдатели Генеральной Ассамблеи ООН
0001457.png	Исследования и экспертиза в области Арктической урбанистики.
0001458.png	Дубровская 2-я улица
0001459.png	о «битве див» (начиная с Шакиры)
0001460.png	Мемуаристы Великобритании
0001461.png	очков среди защитников:  Дмитрий Красоткин, 214
0001462.png	Города-побратимы
0001463.png	Педомантия
0001464.png	Кемеровская область
0001465.png	Религия
0001466.png	Средние специальные учебные заведения:
0001467.png	Метрополитен
0001468.png	Мотор-компрессор
0001469.png	Публицисты Польши
0001470.png	Обладатель Кубка немецкой лиги (6): 1997, 1998, 1999, 2000, 2004, 2007
0001471.png	Депортации казаков в 1920-х годах
0001472.png	Умершие в 1873 году
0001473.png	Награды иностранных государств
0001474.png	Хань и Хунну:
0001475.png	Литература
0001476.png	Калининский район Тверской области
0001477.png	Примечания
0001478.png	Павел Бубельников на сайте Михайловского театра
0001479.png	Примечания
0001480.png	Вентспилс, Латвия (7 июня, 2008)
0001481.png	События
0001482.png	в кино
0001483.png	Авиапамятники и экспонаты музеев
0001484.png	Ссылки
0001485.png	Генерал-майор авиации (30.10.1968).
0001486.png	Выпускники Йельского университета
0001487.png	Выгостровская набережная
0001488.png	Культура Древней Греции
0001489.png	Хазарейцы
0001490.png	Скульптура «Истра-река» (на площади Дружбы, у Молодёжного центра);
0001491.png	Ружена
0001492.png	Примечания
0001493.png	Почётные доктора Каунасского технологического университета
0001494.png	Конец империи
0001495.png	Уотерс так комментировал перемены в концепции новой постановки:
0001496.png	Текущие члены
0001497.png	Расселение
0001498.png	Похороненные в Толгском монастыре
0001499.png	Литература
0001500.png	Орден Слона (Дания, 3 апреля 2001 года).
0001501.png	Герцоги Испании
0001502.png	Часовой пояс
0001503.png	1 территория Антарктики, на которую претендует Новая Зеландия:
0001504.png	Собрания сочинений
0001505.png	МКБ-5
0001506.png	Космические корабли серии «Спейс шаттл»
0001507.png	синдрома Шихана (апоплексии гипофиза);
0001508.png	Наиболее распространённые варианты измерения длины судна:
0001509.png	Ефремов, Герберт Александрович.
0001510.png	Одноклеточные и многоклеточные организмы
0001511.png	Администрация города
0001512.png	Телепнев Никифор Васильевич - московский дворянин (1636-1640).
0001513.png	Примечания
0001514.png	Срок службы трансформатора может быть разделён на две категории:
0001515.png	мекленбургский  2-й ст. (06.1877);
0001516.png	Тепловозы в СССР
0001517.png	Балканы бронзового века
0001518.png	Опасность слева, а может, и справа
0001519.png	Примечания
0001520.png	Улицы и дороги
0001521.png	Выпускники Ревельской домской школы
0001522.png	Высотное строительство
0001523.png	Ученики
0001524.png	Награждённые медалью «За исключительные заслуги»
0001525.png	Почтовые марки
0001526.png	Ссылки
0001527.png	Фильмы о Луне
0001528.png	«Недремлющее Око»
0001529.png	Гимнастическая улица
0001530.png	Картинная галерея Айвазовского с биографией
0001531.png	Почётные жители
0001532.png	Театр народной музыки и танца «Забава»
0001533.png	Простые числа
0001534.png	Ссылки
0001535.png	Образование и наука
0001536.png	Латиноамериканцы в США
0001537.png	География
0001538.png	Временное правительство Индии (1915)
0001539.png	Аллергия на индометацин, аспирин или другие НПВП
0001540.png	Христианская антииудейская литература
0001541.png	Соединения азота по алфавиту
0001542.png	Захер-Мазох Леопольд. Дидро в Петербурге.
0001543.png	Например, вероятность  оказаться монохромным в  не больше
0001544.png	Асимптомный нейросифилис
0001545.png	регистрация дыхания;
0001546.png	Премьер-министры, вступившие в должность в 2020 году
0001547.png	Память
0001548.png	(обл.)
0001549.png	События
0001550.png	Устройство
0001551.png	Города-побратимы
0001552.png	Литература
0001553.png	совершенные числа, для которых сумма собственных делителей равна самому числу.
0001554.png	Университеты
0001555.png	11 апреля:
0001556.png	Энтропия и теплота квазистатического (равновесного) процесса
0001557.png	Коммутативность:
0001558.png	Некоторые методы распознавания графических образов
0001559.png	Семья
0001560.png	География и климат
0001561.png	География
0001562.png	Награды и номинации
0001563.png	Промышленность
0001564.png	Посольство КНР, ул. Гулямова, 79
0001565.png	на русском языке
0001566.png	Медицина
0001567.png	Депутаты Афганистана
0001568.png	Александр Иванов
0001569.png	Брюс Бокслейтнер, американский актёр телевидения, кино и озвучивания.
0001570.png	Строение и физиология
0001571.png	Александр Дюма-отец. Двадцать лет спустя
0001572.png	Примечания
0001573.png	История Тибета
0001574.png	Литература
0001575.png	На русском
0001576.png	Обработка файлов, загружаемых на сервер;
0001577.png	Тела в виде икосаэдра
0001578.png	С механической работой
0001579.png	Казачьи дивизии имели следующий состав:
0001580.png	Исторические деятели
0001581.png	Фидонет
0001582.png	Гарибальди. Краткая литературная энциклопедия. Т. 2, 1964.
0001583.png	Двадцать тысяч льё под водой
0001584.png	Смертные жёны Зевса
0001585.png	«Актёры итальянской комедии в Париже за последние два столетия» (; 1879),
0001586.png	Хабаровская духовная семинария
0001587.png	См. также
0001588.png	от заболеваний органов дыхания;
0001589.png	По объёму промышленного производства доли отраслей составляют:
0001590.png	Роман Ерёменко
0001591.png	Система управления
0001592.png	Впервые в космосе космонавт из Вьетнама и из Азии.
0001593.png	День таможенника Абхазии (27 сентября)
0001594.png	Профессора Корнеллского университета
0001595.png	Роман Полански (1991),
0001596.png	Участники Второй мировой войны
0001597.png	Трагедия «Франц фон Зиккинген» Ф. Лассаля.
0001598.png	город Жданов, ныне Мариуполь (1978)
0001599.png	Античность и Древний Восток
0001600.png	Хребет Академии Наук
0001601.png	Биография
0001602.png	Распределение населения Берна по возрастным группам по данным 2013 года:
0001603.png	Примечания
0001604.png	Литература
0001605.png	Разновидности
0001606.png	Документалистика
0001607.png	Имитации золота
0001608.png	Примечания
0001609.png	Академика Понтрягина, улица
0001610.png	Несостоявшиеся супруги российских монархов
0001611.png	в Краснодаре есть улица им. Болотникова и переулок Болотникова
0001612.png	Авторы памятников и мемориалов
0001613.png	Создатели картины
0001614.png	См. также
0001615.png	ОАО «Тверской вагоностроительный завод»
0001616.png	Прочее
0001617.png	Грозненский русский драматический театр имени М. Ю. Лермонтова;
0001618.png	Примеры:
0001619.png	Индия (наряду с хинди и ещё 21 язык)
0001620.png	Газета «Фортуна» (издаётся с 1998 года),
0001621.png	Столицы периферий Греции
0001622.png	Иностранные:
0001623.png	Галерея
0001624.png	Воздушный транспорт
0001625.png	Хлебобулочный проезд
0001626.png	Экономика
0001627.png	Исторический очерк
0001628.png	Связь
0001629.png	Сводные данные по ООПТ федерального значения
0001630.png	Гильбертово пространство
0001631.png	Почвы
0001632.png	Копыльские, князья
0001633.png	52 Сергей Широков 2017
0001634.png	Почётные граждане Вупперталя
0001635.png	памятники: Владимиру Ленину, Георгию Елизову,множество памятных досок.
0001636.png	Сентябрь
0001637.png	Жан Расин, трагедия «Митридат» (1673).
0001638.png	Британские командиры Наполеоновских и Революционных войн
0001639.png	Ссылки
0001640.png	Патриарх
0001641.png	У Чикаго 29 городов-побратимов:
0001642.png	Материаловедение
0001643.png	Литературная деятельность
0001644.png	Персоналии:Атеизм
0001645.png	Господа
0001646.png	Безопасность на море
0001647.png	Аксёненко, Николай Емельянович
0001648.png	Издания
0001649.png	Фракции
0001650.png	Лица, подвергнутые санкциям со стороны Австралии в связи с конфликтом на Украине
0001651.png	Электронный контроль тягового усилия на колесе
0001652.png	В других странах
0001653.png	Ссылки
0001654.png	Населённые пункты
0001655.png	Литература
0001656.png	Традиционное письмо
0001657.png	Примечания
0001658.png	Производные диафенилпирролидона: фенотропил.
0001659.png	Стадия инкубации;
0001660.png	гуморальная теория (Гиппократ, Гален)
0001661.png	Ссылки
0001662.png	на японском языке
0001663.png	Примечания
0001664.png	Населённые пункты Сонковского района
0001665.png	Ссылки
0001666.png	Двигательный режим
0001667.png	В кинематографе
0001668.png	Транспорт
0001669.png	Самоорганизация наночастиц и самоорганизующиеся процессы
0001670.png	Раввины Швейцарии
0001671.png	Скончались
0001672.png	См. также
0001673.png	имени или наименования правообладателя;
0001674.png	В августе 2012 года был осуждён на четыре года тюрьмы по обвинению в коррупции.
0001675.png	СМИ и связь
0001676.png	Поэты России
0001677.png	Геннадий Марфин (119)
0001678.png	Жолква, Украина
0001679.png	Примечания
0001680.png	Примечания
0001681.png	Церковь Параскевы Пятницы на Лужке
0001682.png	Далеко от своей деревушки,
0001683.png	Источники
0001684.png	Классификация германских племён
0001685.png	Реки Харьковской области
0001686.png	Кудринский переулок
0001687.png	Ярополч-Залесский
0001688.png	государственные и муниципальные унитарные предприятия,
0001689.png	Достижения в карьере
0001690.png	Список телеканалов аналогового эфирного вещания:
0001691.png	Теорема о равнобедренном треугольнике.
0001692.png	Выпускники Лейденского университета
0001693.png	Герберт фон Караян (ум. 1989), австрийский дирижёр.
0001694.png	Литература
0001695.png	Родились
0001696.png	Праздники и памятные дни
0001697.png	Снегоочиститель узкоколейный
0001698.png	Концертные записи
0001699.png	Бартер
0001700.png	Морское право
0001701.png	Биография
0001702.png	Русские мужские имена
0001703.png	Адвокаты Великобритании
0001704.png	ЦНИИШВ (ЦНИИ по переработке штапельных волокон);
0001705.png	Память
0001706.png	Лауреаты мемориальной премии Джона В. Кэмпбелла
0001707.png	В 2015 году в ТРЦ «Тау Галерея» открылся 8-зальный кинотеатр «Синема парк».
0001708.png	В июне 1941 года СССР депортировал из Латвии 15,5 тысяч человек.
0001709.png	Гётеборг, Швеция
0001710.png	Ссылки
0001711.png	Навевая сказочные сны.
0001712.png	Примечания
0001713.png	Литература
0001714.png	Ферт-оф-Тей
0001715.png	Родившиеся 18 января
0001716.png	Экспериментальные подтверждения ОТО
0001717.png	Эпоха Просвещения
0001718.png	Выражение для меры относительной организованности запишется следующим образом:
0001719.png	Наше отечество - самая ценная вещь
0001720.png	Инфляция
0001721.png	Усть-Большерецкий муниципальный район
0001722.png	Книга памяти Янаульского района
0001723.png	16 февраля
0001724.png	Коэффициент  в законе Кулона остаётся постоянным с точностью до 15.
0001725.png	Описание
0001726.png	Взятие штурмом и разрушение город Памплона войсками Аль-Мансура.
0001727.png	Приорат «Лайбах» (Словения)
0001728.png	В год выходит 250 номеров газеты.
0001729.png	Основные события
0001730.png	Сражения русско-шведских войн
0001731.png	Северо-Западный федеральный округ
0001732.png	«Зоопарк»
0001733.png	Существуют следующие женские праздники:
0001734.png	Биография
0001735.png	Парадоксы специальной теории относительности
0001736.png	Ленинский
0001737.png	Биография
0001738.png	Биография
0001739.png	Злоупотребление солью
0001740.png	Устаревшие таксоны животных
0001741.png	Известные уроженцы
0001742.png	Интеррексы Гай Сульпиций и Марк Фабий.
0001743.png	Россия
0001744.png	Списки астронавтов США
0001745.png	26 ноября:
0001746.png	Узбекистан
0001747.png	«Я куплю тебе дом»
0001748.png	Иваново
0001749.png	Слегка недостаточные числа
0001750.png	Сивиллины книги
0001751.png	«Необычный почтальон»
0001752.png	Астральные, солярные и лунарные мифы
0001753.png	Это выражение может быть также переписано в виде:
0001754.png	Литература
0001755.png	Примечания
0001756.png	Электронный бизнес
0001757.png	Моноцентрические:
0001758.png	Философ и богослов
0001759.png	Лучшая работа режиссёра
0001760.png	Участники Первой чеченской войны
0001761.png	Шариш
0001762.png	Налоговая ставка
0001763.png	купить Опцион колл
0001764.png	В представлении о новизне.
0001765.png	Специальность «теология» в современной России
0001766.png	Заместители министра культуры Российской Федерации
0001767.png	Примечания
0001768.png	Ссылки
0001769.png	Хмельницкий национальный университет
0001770.png	Официальная страница
0001771.png	конституционный
0001772.png	Примечания
0001773.png	Рецензия на книгу .
0001774.png	События
0001775.png	Геоэтика
0001776.png	Умершие от миеломной болезни
0001777.png	Консерванты
0001778.png	Как банки могут отменять совершённые транзакции?
0001779.png	Основные характеристики топлива
0001780.png	Литература
0001781.png	Прохоровское поле
0001782.png	Достопримечательности
0001783.png	Захват карфагенянами Кадиса.
0001784.png	Библиография
0001785.png	Музыкальные клавиатуры
0001786.png	Также
0001787.png	Ижица и связанные с ней буквы в старославянской азбуке
0001788.png	1 музейный центр;
0001789.png	Галапагосские острова
0001790.png	Где-то стонет колокольчик,
0001791.png	Родившиеся в 1754 году
0001792.png	Современные работы
0001793.png	«Оборона Севастополя»
0001794.png	12 Библиотек
0001795.png	Персоналии по алфавиту
0001796.png	Артерии:
0001797.png	Естественные системы единиц
0001798.png	Персонажи мистификаций
0001799.png	Влассенбрук
0001800.png	Инженеры Франции
0001801.png	Соединение с другими протоколами
0001802.png	Орден Томаша Гаррига Масарика 2 степени (1991; в память).
0001803.png	(«Лида Баарова», 2016).
0001804.png	Ссылки
0001805.png	События
0001806.png	Оперные композиторы Швейцарии
0001807.png	Закончила работу антарктическая станция Советская.
0001808.png	Второе столкновение с Антонием. Битва при Акции и завоевание Египта
0001809.png	Слепки
0001810.png	См. также: :Категория:Родившиеся в 1483 году
0001811.png	Анна Семенович, российская фигуристка, эстрадная певица, актриса, телеведущая.
0001812.png	Епископы Клойнские
0001813.png	серийные
0001814.png	Главы государств
0001815.png	Саксонские генерал-фельдмаршалы
0001816.png	Примечания
0001817.png	История
0001818.png	СПК «Новая жизнь»,
0001819.png	Абстракционизм
0001820.png	Промышленное производство
0001821.png	Худжанд, Таджикистан (3 июня 2000 года)
0001822.png	бокс-арена
0001823.png	Особенности и эффективность лечения педофилии у несовершеннолетних лиц
0001824.png	«Электроника ВМ-24»
0001825.png	Происхождение
0001826.png	Орден Святой Анны 1-й степени (1879)
0001827.png	Белки
0001828.png	В отношении китайцев, незадолго до Даманского конфликта Андропов отмечал:
0001829.png	Известные носители
0001830.png	Музеи Калининграда
0001831.png	Главспецнефтестрой
0001832.png	Авария на запуске станции «Мир»
0001833.png	Семья
0001834.png	Британский университет менеджмента в Ташкенте
0001835.png	Отмена воеводского правления
0001836.png	Обладатели Южного банта
0001837.png	См. также
0001838.png	Интервью программе «Избранное» (2007) на интернет-телеканале «Искусство ТВ»
0001839.png	Древнегреческие поэты
0001840.png	закономерности;
0001841.png	Институт русского языка и культуры
0001842.png	ФГУ «Краснодарский архитектурно-строительный техникум»;
0001843.png	Каталан (сеньор Монако).
0001844.png	Внутренняя миграция
0001845.png	Лауреаты премии «Небьюла»
0001846.png	Участники Парада Победы
0001847.png	Эрозионные формы рельефа
0001848.png	Легализация абортов
0001849.png	Персоналии:Рыбинск
0001850.png	Статья в Словаре бельгийских художников
0001851.png	Параллельный мир
0001852.png	Ссылки
0001853.png	Свойства
0001854.png	Оптические диски
0001855.png	Русло
0001856.png	Примечания
0001857.png	Примечания
0001858.png	Большой Крест ордена Спасителя (Греция, 1999)
0001859.png	Примечания
0001860.png	Национальные
0001861.png	Памятники в честь Героев Советского Союза, уроженцев Миллерова.
0001862.png	Признак делимости на делитель степени основания системы счисления
0001863.png	Иррациональными являются:
0001864.png	Правовые вопросы
0001865.png	Отказаться от идеи брака.
0001866.png	снижение лобового сопротивления,
0001867.png	Кокбурн, Австралия
0001868.png	Примечания
0001869.png	Район на архивных и современных картах
0001870.png	Сообщения и их атрибуты
0001871.png	Историки Чехии
0001872.png	Члены РСДРП
0001873.png	Праздники и памятные дни
0001874.png	Дополнительная
0001875.png	Обладатель Суперкубка Англии (2): 2001, 2006
0001876.png	запорожские казаки нападают на Варну, где разбивают турецкий флот.
0001877.png	Принцип работы
0001878.png	Форты на берегу Финского залива:
0001879.png	От основания турнира до Первой мировой войны
0001880.png	Дифференциальная психология
0001881.png	Литература
0001882.png	Сноски
0001883.png	Сценаристы СССР
0001884.png	Лесли Кэй, американская актриса, фотомодель и кастинг-директор.
0001885.png	Йезд (дважды)
0001886.png	рамная
0001887.png	Литература
0001888.png	Библиография
0001889.png	Литература
0001890.png	Ортогональность важна, но естественность важнее.
0001891.png	Скачков Александр Афанасьевич
0001892.png	Герцоги Орлеанские
0001893.png	Колыбельная для брата. Повесть (1978)
0001894.png	Языки России
0001895.png	Дом, в котором родился Армин Мюллер-Шталь;
0001896.png	Комментарии
0001897.png	Январь
0001898.png	Ссылки
0001899.png	Маронийская и Комотинийская митрополия
0001900.png	Задачи тысячелетия
0001901.png	Чьеу Минь-выонг, третий правитель государства Намвьет;
0001902.png	Искусство
0001903.png	Одним из известных жителей города был Бенджамин Франклин.
0001904.png	Здания и сооружения, заложенные в 1818 году
0001905.png	Треугольник равнобедренный. См. Равнобедренный треугольник.
0001906.png	Спутники Сатурна
0001907.png	См. также: :Категория:Умершие 11 мая
0001908.png	Достопримечательности
0001909.png	Электромобили.
0001910.png	Старая Коломна,
0001911.png	Столицы африканских государств
0001912.png	Термодинамика
0001913.png	Избранные труды
0001914.png	Полковые воеводы
0001915.png	Учебно-научный центр тренажеров в энергетике (УНЦТ)
0001916.png	Новгород в Смутное время
0001917.png	медали СССР,
0001918.png	Ссылки
0001919.png	Лишённые или отказавшиеся от гражданства России
0001920.png	Ссылки
0001921.png	Различным концепциям соответствует свой терминологический аппарат.
0001922.png	Армения
0001923.png	Хазары изгнаны из Закавказья.
0001924.png	Лариса Олейник, американская актриса театра, кино и телевидения.
0001925.png	Источники и литература
0001926.png	(расстояние от устья)
0001927.png	Расхождения с традиционной христианской мыслью
0001928.png	Писатели-соцреалисты
0001929.png	География
0001930.png	Чулымцы
0001931.png	Районные центры Ивановской области
0001932.png	Запрет
0001933.png	Председатели Саратовской областной думы
0001934.png	Переименованные населённые пункты России
0001935.png	Можайск, Россия, 2001 год
0001936.png	Литература
0001937.png	Пика (пик; ) имеет сходящиеся клином рабочие края.
0001938.png	Монографии
0001939.png	«Разводят огонь, рядом с огнём они греются. Сушат одежду»
0001940.png	Графы Богарне
0001941.png	Волк и Кукушка
0001942.png	Буйруки Кызылбаша
0001943.png	Римский-Корсаков, Николай Андреевич
0001944.png	Основные характеристики
0001945.png	Хронология основных событий
0001946.png	Биография
0001947.png	Возрождение термина «Таврика» после падения Крымского Ханства
0001948.png	Биография
0001949.png	См. также
0001950.png	Еженедельная рекламная газета «АИСТ» (последнее упоминание в 2003 году)
0001951.png	Попечение осуждённых
0001952.png	390 км: Тайдон (длина 110 км)
0001953.png	Лос-Анджелес (), США
0001954.png	Примечания
0001955.png	Этноним
0001956.png	Британский орден Подвязки ()
0001957.png	Районные центры Дагестана
0001958.png	Владимир Андреев
0001959.png	Литература
0001960.png	Отношения с матерью
0001961.png	Примечания
0001962.png	Исландский язык
0001963.png	Эрнест Хемингуэй об искусстве писать в интервью Арнолду Сэмюэлсону
0001964.png	Электричество
0001965.png	Примечания
0001966.png	Национальный Университет «Одесская юридическая академия»,
0001967.png	17 июля 2020 года принято новое деление области на 4 района:
0001968.png	Ксения Соло, латвийская актриса.
0001969.png	Скончались
0001970.png	Ссылки
0001971.png	Мурал к юбилею Владимира Короткевича
0001972.png	«ТМК» (Тутаевская механическая компания)
0001973.png	Этимология
0001974.png	Почётные граждане Усть-Каменогорска
0001975.png	Похороненные на Донском кладбище
0001976.png	География Чили
0001977.png	Памяти досточтимого хазрета Сунчалея (1915).
0001978.png	вам не снится ли,
0001979.png	Тепловое излучение
0001980.png	Тим Макгро
0001981.png	Роберт Энке (совершил самоубийство в 2009), немецкий футболист.
0001982.png	Ссылки
0001983.png	Примечания
0001984.png	526-й армейский миномётный полк
0001985.png	Финалист (6): 1998, 1999, 2000, 2002, 2009, 2013
0001986.png	Распад Югославии: Словения и Хорватия были признаны рядом западных стран.
0001987.png	Национальный состав
0001988.png	Климат
0001989.png	Мужские имена
0001990.png	Армия состоит из двух пехотных бригад, военно-морских и военно-воздушных сил.
0001991.png	Кухня
0001992.png	Российские императоры
0001993.png	Литераторы, известные под псевдонимами
0001994.png	Биография
0001995.png	Обезглавленные в Англии
0001996.png	Достопримечательности
0001997.png	И, как беглянка, теперь ищет убежище в нём.
0001998.png	Противопоказания
0001999.png	Ньютоний
0002000.png	«Апология Сократа»
0002001.png	Публицисты Италии
0002002.png	Прочие
0002003.png	Феминизм в России
0002004.png	Общества
0002005.png	Зона Бриллюэна
0002006.png	Князь Юрий Московский убит в Орде Дмитрием Грозные Очи.
0002007.png	Советская власть
0002008.png	В культуре
0002009.png	Население
0002010.png	Роман Джона Бэнвилла Кеплер, переведённый на русский язык в 2008 году.
0002011.png	Ссылки
0002012.png	Религия
0002013.png	Зимёнки, 165
0002014.png	593 км: Решётка (правый)
0002015.png	Конференции
0002016.png	Князья Щенятевы
0002017.png	Примечания
0002018.png	Примечания
0002019.png	Ссылки
0002020.png	Книги
0002021.png	Задачи МСЭ
0002022.png	аттриторы
0002023.png	Владимир
0002024.png	Союз журналистов России.
0002025.png	Для конькового стиля передвижения
0002026.png	Казнённые на оккупированной территории СССР
0002027.png	Фильмография
0002028.png	Самый тяжёлый гранитный блок: около 35 т; расположен над входом в «Камеру царя»
0002029.png	Персоналии по алфавиту
0002030.png	Население
0002031.png	Аскетизм
0002032.png	Первый участок
0002033.png	Гармония гласных
0002034.png	Этимология
0002035.png	Замечания
0002036.png	Химера
0002037.png	Иеромонахи
0002038.png	«Принимай нас, Суоми-красавица»
0002039.png	Лев Мей. «Песня про боярина Евпатия Коловрата» (1859)
0002040.png	Иллюстрация применения
0002041.png	Треугольник
0002042.png	Русский язык
0002043.png	Ссылки
0002044.png	Лауреаты Литературной премии Эстонской ССР имени Юхана Смуула
0002045.png	Способы противодействия манипуляциям в СМИ:
0002046.png	Погибшие в войнах и вооружённых конфликтах
0002047.png	См. также
0002048.png	Примечания
0002049.png	Промышленность
0002050.png	память благоверного князя Сербского Лазаря (1389);
0002051.png	Музыкальный театр Гейдельберга.
0002052.png	В регионе действуют шесть метеорологических станций Росгидромета.
0002053.png	Моря России
0002054.png	Операционная деятельность
0002055.png	Обобщение вещественных чисел
0002056.png	Ссылки
0002057.png	Изобретения СССР
0002058.png	Российская империя
0002059.png	См. также
0002060.png	Все грани являются правильными многоугольниками;
0002061.png	Князья Галицко-Волынские
0002062.png	Спорт
0002063.png	Биография
0002064.png	Топильче (гидропарк)
0002065.png	Следствия
0002066.png	17 января
0002067.png	Нельзя придерживать шар ногой во время крокетного удара.
0002068.png	Луговая улица (деревня Рогозинино)
0002069.png	Литература
0002070.png	ознобы;
0002071.png	Хронология поселений
0002072.png	Официальный сайт города Псков
0002073.png	Победы (1)
0002074.png	Дмитрий Константинович:
0002075.png	Программы
0002076.png	Открытые сцены
0002077.png	В настоящий момент существует четыре зарубежных типа вентилей:
0002078.png	Люксембуржцы
0002079.png	(с 1976 года)
0002080.png	Реактор с жидкометаллическим теплоносителем
0002081.png	Политики по алфавиту
0002082.png	или частным коммерческим предприятием.
0002083.png	Ссылки
0002084.png	Рекордсмены по продолжительности полёта
0002085.png	Православие
0002086.png	См. также
0002087.png	Италия
0002088.png	Константинопольским патриархом стал Геннадий Схоларий.
0002089.png	Применение
0002090.png	Церковная история Евагрия, схоластика и почетного префекта. СПб., 1853. 544 стр.
0002091.png	Наука и образование
0002092.png	Ссылки
0002093.png	Преподаватели Вильнюсского университета
0002094.png	имеет
0002095.png	Персоналии
0002096.png	Течение болезни
0002097.png	Скорбященская церковь
0002098.png	Литература
0002099.png	Установлены дипломатические отношения между Казахстаном и Венгрией.
0002100.png	Бендер (дважды)
0002101.png	Тире отбивается пробелами по следующим правилам:
0002102.png	Оперные композиторы Бельгии
0002103.png	Русские мужские имена
0002104.png	Поддержка полноэкранного сглаживания: да.
0002105.png	Заправки на предприятиях
0002106.png	Бывшие еврейские местечки Украины
0002107.png	Известие о последствиях прививания овцам коровьей оспы и овечьих шолудей.
0002108.png	западный персидский язык (западный фарси, собственно фарси);
0002109.png	Память
0002110.png	Бывшие столицы
0002111.png	Советский Писатель
0002112.png	Система мер в Великом княжестве Литовском
0002113.png	Украинский унион
0002114.png	Геологические обнажения
0002115.png	Лепреконов-карликов
0002116.png	История
0002117.png	Широкополосный доступ в Интернет в Черкесске предоставляют следующие провайдеры:
0002118.png	Достопримечательности
0002119.png	Эдвард, герцог Эдинбургский (2006)
0002120.png	Фармакокинетика
0002121.png	Иов Многострадальный
0002122.png	Политология
0002123.png	13-й год по эре правления луского князя Вэнь-гуна.
0002124.png	Сетевые кабели
0002125.png	Низкотемпературные состояния
0002126.png	Самоорганизация наночастиц и самоорганизующиеся процессы
0002127.png	Участники Крымской войны (Франция)
0002128.png	Дика (Правда)
0002129.png	Рождение наследника и переход на сторону орлеанской партии
0002130.png	Магистратуры Древнего Рима
0002131.png	Ионистор
0002132.png	Латинизмы
0002133.png	Баббл-чай  (напиток с добавлением желе)
0002134.png	Устройство современной театральной сцены
0002135.png	Академические музыканты Австрии
0002136.png	Примечания
0002137.png	Состав раствора в ампулах
0002138.png	Первая мировая война
0002139.png	Беорнвульф (король Мерсии).
0002140.png	адмиралы Анжу и Бедердинов,
0002141.png	Развитие Агады
0002142.png	бумагу и картон
0002143.png	Руджер Иосип Бошкович
0002144.png	Московский институт предпринимательства и права
0002145.png	Вынгапур
0002146.png	Клара Боу (ум. 1965), американская актриса, звезда немого кино.
0002147.png	Бесо Гулодрава (2005)
0002148.png	1374 библиотеки
0002149.png	Географическое положение
0002150.png	Тритий имеет период полураспада . Реакция распада трития имеет следующий вид:
0002151.png	Саарбург. Сладкие фантазии у водопада
0002152.png	Южно-Камчатский заказник
0002153.png	2020 год
0002154.png	Линейное пространство над полем  является модулем над .
0002155.png	Памятные и коллекционные монеты
0002156.png	Большое депрессивное расстройство, часто называемое клинической депрессией.
0002157.png	Писатели Хорватии
0002158.png	Данные Департамента статистики о городе Нарва:
0002159.png	Личная жизнь
0002160.png	Революция 1848 и приход к власти
0002161.png	Молекулярная эволюция
0002162.png	См. также
0002163.png	Исполнительная власть
0002164.png	См. также
0002165.png	Современность
0002166.png	266 км: без названия, против с. Анисимово (лв.)
0002167.png	Когда надо указать произношение малоизвестного слова, например: река Олёкма.
0002168.png	Памятник Барклаю-де-Толли на площади Ленина. Открыт 31 марта 2007 года.
0002169.png	Футбольные клубы РСФСР
0002170.png	Особенность Викицитатника
0002171.png	Стихи А. А Маркова на сайте «Поэзия Московского университета»
0002172.png	Прохоровское поле;
0002173.png	Литературное наследие
0002174.png	6 января
0002175.png	Раннее царство
0002176.png	Примечания
0002177.png	Флорентийская мозаика
0002178.png	Музыкальные фестивали
0002179.png	Великая Отечественная война
0002180.png	Языки богослужений
0002181.png	Населённые пункты
0002182.png	Герои Труда (СССР, звание 1927 года)
0002183.png	Национальный состав
0002184.png	Высшие государственные органы империи Тан
0002185.png	Грузовые авиаперевозчики
0002186.png	Поддержка веб-браузерами
0002187.png	Воздушное сообщение
0002188.png	Униполярный генератор
0002189.png	Совместный фильм с Тео ван Гогом
0002190.png	Проливы Великобритании
0002191.png	Иван Гончаров
0002192.png	Алкалоиды
0002193.png	География и гидрология
0002194.png	анонимного автора.
0002195.png	запись местных преданий, воспоминаний старожилов;
0002196.png	Команда АУ СН ЦПСК «Химки» по регби
0002197.png	3 Дома детского творчества (в Атаманове, Кузедееве и Сосновке),
0002198.png	Сочинения
0002199.png	История ордена
0002200.png	Награждённые медалью Хьюза
0002201.png	«ЦУМ-Кино»
0002202.png	Большая церковь
0002203.png	Парафраз этой молитвы сделал А. С. Пушкин .
0002204.png	Погружение и всплытие батискафов
0002205.png	История космонавтики
0002206.png	Полтавский район
0002207.png	См. также
0002208.png	Виктор Сурков
0002209.png	См. также
0002210.png	Городской историко-художественный музей г. Искитима;
0002211.png	Бюст на Аллее Героев Московского парка Победы (Санкт-Петербург).
0002212.png	Премьер-министры, вступившие в должность в 2005 году
0002213.png	Галерея
0002214.png	Эктесис
0002215.png	Список объектов всемирного наследия ЮНЕСКО в СССР
0002216.png	Энкопрез
0002217.png	Джини Фрэнсис, американская телевизионная актриса.
0002218.png	Половцова, Варвара Николаевна
0002219.png	Лицом к лицу (1924)
0002220.png	Румынский Орден Звезды Румынии ()
0002221.png	Можно упомянуть следующие медицинские учреждения Котора:
0002222.png	Местная группа,
0002223.png	При совместном применении с леводопой возможен взаимный антагонизм.
0002224.png	Мужские имена
0002225.png	Чёрное море в искусстве
0002226.png	Разделы генетики
0002227.png	Домашнее моление
0002228.png	Носители фамилии
0002229.png	СДЮСШОР им. Федулова
0002230.png	Остров Маргит
0002231.png	Сайт Амвросианского института священной музыки (ит)
0002232.png	Русофильство
0002233.png	Музеи, галереи:
0002234.png	Источники
0002235.png	Происхождение
0002236.png	Дополнительные кнопки
0002237.png	Содержание углекислого газа в крови человека приблизительно таково:
0002238.png	яркость-контраст;
0002239.png	Важнейшие события
0002240.png	Настоятельница: игумения Елисавета (Кривошеева)
0002241.png	Биография
0002242.png	Известные гравёры
0002243.png	Железы желудка
0002244.png	Анатолий Егоров, 1977
0002245.png	Милетская школа:
0002246.png	Искусство
0002247.png	Кроме того, камнем преткновения зачастую являются:
0002248.png	Ссылки
0002249.png	Литература
0002250.png	старшая провинция Тотоми ()
0002251.png	Ссылки
0002252.png	10 июня
0002253.png	Оснащение
0002254.png	Левски, Болгария
0002255.png	Награды
0002256.png	В культуре
0002257.png	Воинские звания
0002258.png	Шон Уэйанс, американский актёр, продюсер.
0002259.png	299 км: Иксашка (лв)
0002260.png	«Лунная рапсодия» (слова Наума Лабковского)
0002261.png	ГУП РК Феодосийский оптический завод
0002262.png	иные федеральные законы, содержащие нормы гражданского процессуального права.
0002263.png	Литература
0002264.png	Этимология
0002265.png	; День финансовых и экономических работников.
0002266.png	Орудие труда
0002267.png	Ковчег
0002268.png	Имел орден Св. Станислава 1-й степени (05.01.1820).
0002269.png	Художники-портретисты Англии
0002270.png	Население
0002271.png	Второй вариант определения
0002272.png	Галерея
0002273.png	Команды (годы участия в лиге)
0002274.png	Малое предпринимательство
0002275.png	История
0002276.png	посёлок Тыелга;
0002277.png	лаборатория фотоники и квантовых технологий, апрель 2022 года;
0002278.png	Англичане
0002279.png	Литература
0002280.png	Розанов А. Ю. Что произошло 600 миллионов лет назад. Москва, Наука, 1986.
0002281.png	Сущность критерия
0002282.png	Орловский реставрационно-строительный техникум
0002283.png	Формат для визуализации документа
0002284.png	Статистика
0002285.png	Преподаватели Парижского университета
0002286.png	Страница на сайте ИВР РАН
0002287.png	Оружие
0002288.png	В поэзии
0002289.png	Город основан в 1771 году.
0002290.png	Амур (Любовь)
0002291.png	Паразиты
0002292.png	Похороненные на Ваганьковском кладбище
0002293.png	система связи, ЗАС и телекодовая аппаратура;
0002294.png	1806 год и реформы
0002295.png	Кардинал-дьякон с титулярной диаконией Санта-Мария-ин-Виа-Лата Фортунато Фрецца.
0002296.png	Антидепрессанты
0002297.png	Московская община буддистов Тхеравады
0002298.png	Интернет-сайты
0002299.png	Претенденты на трон Испании
0002300.png	Примечания
0002301.png	Единицы измерения расстояния
0002302.png	Король свевов Теодемир переходит в ортодоксальную веру.
0002303.png	Биография
0002304.png	Примечания
0002305.png	Приазовский государственный технический университет (г. Мариуполь).
0002306.png	проверка полученной информации
0002307.png	В стихотворениях сборника чувствуется сильное влияние Верлена.
0002308.png	Приморский краевой академический драматический театр имени Горького
0002309.png	Порядок исчисления налога (статья 166 НК РФ)
0002310.png	Университетские города Германии
0002311.png	Физико-географическая характеристика
0002312.png	Зимой чуский посол Цзяо прибыл в Лу с визитом.
0002313.png	Повести на русском
0002314.png	Хеновеса
0002315.png	Вычислительная сеть
0002316.png	В настоящее время через Суматру строится платная автомобильная дорога.
0002317.png	По спектру
0002318.png	История административно-территориального формирования
0002319.png	Теодор Фонтане в переводе Д. Щедровицкого
0002320.png	Назминский хребет
0002321.png	Фильтры оптические
0002322.png	Педагоги России
0002323.png	Карта городской черты с названиями улиц и номерами домов.
0002324.png	Женат, имеет троих детей и четверых внуков. Погиб в 2014 году 9 сентября
0002325.png	9 сентября
0002326.png	Словарь Жизни
0002327.png	262 км: ручей Малая Якшенка (лв)
0002328.png	Сергиево-Посадский мясокомбинат;
0002329.png	372 попавших в плен (большинство вернулись в Испанию в 1954 году).
0002330.png	Размеры знака ордена
0002331.png	История
0002332.png	Карьера
0002333.png	Дом-музей музыкальной культуры имени композитора Александра Спендиарова
0002334.png	Модельный ряд марки
0002335.png	Электрическая мощность
0002336.png	На европейских языках
0002337.png	См. также
0002338.png	Примечания
0002339.png	Хронология вознесений
0002340.png	(в пер.)
0002341.png	Скончались
0002342.png	Измир, Турция
0002343.png	Женат, имеет сына и дочь.
0002344.png	Казачья служба
0002345.png	Ван Цзи, китайский поэт времен империи Тан.
0002346.png	Летняя аллея
0002347.png	блаженный Максим Московский;
0002348.png	Военное кладбище в Киле
0002349.png	Патриарший экзархат Иерусалима и Аммана.
0002350.png	См. также
0002351.png	Венгерский поход
0002352.png	28 марта
0002353.png	Коршунов, Сергей Иванович (09.11.1993, 054)
0002354.png	Исупов Пётр Дементьевич - жилец, каширский помещик (1697).
0002355.png	Разыскивается жена
0002356.png	События
0002357.png	Был старшим сыном Иовиана. Иовиан назначил его консулом вместе с собой.
0002358.png	Двое детей: сын Андрей (род. 1968) и дочь Татьяна Никифорова (род. 1974).
0002359.png	Примечания
0002360.png	Ректоры
0002361.png	Литература
0002362.png	Скончались
0002363.png	Большинство учённых считают абазгов предками современных абхазов и абазин.
0002364.png	Город Набатея становится частью римской провинции Аравия.
0002365.png	Литература
0002366.png	Костопольская мебельная фабрика
0002367.png	Федра (1927)
0002368.png	«Тайная Книга Иоанна»
0002369.png	Закавказье
0002370.png	Главой города является Гришкина Людмила Ивановна.
0002371.png	Музей утраченного быта
0002372.png	шлюз доступа к каналам данных.
0002373.png	Антропогенез
0002374.png	Меценаты Великобритании
0002375.png	Выпускники Школы Гротон
0002376.png	(в пер.)
0002377.png	Тюрко-татарские государства
0002378.png	От осуществления своей деятельности дилер может получать доход в виде:
0002379.png	Национальный состав
0002380.png	12 октября
0002381.png	Прицел
0002382.png	Биография
0002383.png	Транспорт «Фабрициус» (бывший грузовой пароход «Саида»).
0002384.png	Мужские монастыри
0002385.png	Примечания
0002386.png	Пизденково, Пиздино, Пиздоклеин починок, Пиздюрино;
0002387.png	Персоналии по алфавиту
0002388.png	Термин употребляется по отношению к православным и древневосточным церквям.
0002389.png	2005 «Волны»
0002390.png	Семья
0002391.png	Топографические карты
0002392.png	На Сицилии около 650 тысяч гектаров отведено под посевное сельское хозяйство.
0002393.png	Предки
0002394.png	Причиной возникновения поляризации волн может быть:
0002395.png	1709 км: Сардай
0002396.png	Процедуры проведения конклава
0002397.png	Учёные СССР
0002398.png	Электролиз солей непредельных карбоновых кислот
0002399.png	Урбанизация
0002400.png	Обозначения:
0002401.png	Сергей Шевкуненко, актёр советского кино и криминальный авторитет.
0002402.png	Экономика
0002403.png	Примечания
0002404.png	Отрасли промышленности
0002405.png	Лига (единица длины)
0002406.png	Футунанцы
0002407.png	Некоторые виды матричных норм
0002408.png	Прочее
0002409.png	Медаль им. Николая Коперника Польской академии наук.
0002410.png	Литература
0002411.png	В Ленинграде создан Геологический институт АН СССР.
0002412.png	Примечания
0002413.png	В русском языке
0002414.png	К функциям общественного мнения относятся:
0002415.png	Памятник Вещему Олегу и молодому Игорю в Любече.
0002416.png	Примечания
0002417.png	Клубы ВХЛ
0002418.png	История
0002419.png	Литература
0002420.png	Скончались
0002421.png	Ментон (), Франция (с 1966 года)
0002422.png	Городской фестиваль-праздник авторской песни «Витебский листопад»
0002423.png	МБУК «Калужский дом музыки»
0002424.png	Выпуклое метрическое пространство
0002425.png	Гипомания
0002426.png	Естественные системы единиц
0002427.png	26 сентября
0002428.png	Московский ( чел.),
0002429.png	Геологи Германии
0002430.png	Литература
0002431.png	Состав АГНКС
0002432.png	Первые секретари Закавказского крайкома ВКП(б)
0002433.png	См. также
0002434.png	Балкано-романские языки
0002435.png	Другое
0002436.png	21 декабря
0002437.png	Польские бургомистры города:
0002438.png	Жанры кино
0002439.png	Принципы гештальтизма
0002440.png	Ссылки
0002441.png	2 городских округа,
0002442.png	Страны в составе Великобритании
0002443.png	Выпускники Средней школы Северного Куинси
0002444.png	Анимация и манга
0002445.png	Историческая справка
0002446.png	Взрастай, народ, расцветай,
0002447.png	В 1667 году принимал участие в Соборе по делу патриарха Никона.
0002448.png	Королева-консорт Великобритании
0002449.png	Кафедра автоматизации технологических процессов
0002450.png	Волгодонская епархия
0002451.png	При возникновении ошибки, для которой не найден подходящий обработчик ошибок
0002452.png	, музей науки.
0002453.png	См. также
0002454.png	аудиальный (музыка);
0002455.png	Писатели России по алфавиту
0002456.png	Литература
0002457.png	Уравнения Максвелла
0002458.png	Брисбен
0002459.png	Примечания
0002460.png	Монголосфера
0002461.png	История
0002462.png	Население
0002463.png	ЭСБЕ в культуре
0002464.png	Сокращения в болгарском языке
0002465.png	Последняя попытка лечения и смерть
0002466.png	Возвращение на Землю
0002467.png	Детский мат
0002468.png	Увы, ждет смерть злодея,
0002469.png	Литература
0002470.png	и двусторонних главных идеалов элемента  кольца  соответственно.
0002471.png	«Ирландия в 1834 году» и другие книги о путешествиях.
0002472.png	Эпидемиология в мире
0002473.png	иранистика (в том числе таджиковедение)
0002474.png	Религиозные символы друзов
0002475.png	Действительные государственные советники Российской Федерации 1-го класса
0002476.png	Умершие от туберкулёза
0002477.png	Морской порт
0002478.png	Фестиваль «Прокофьевская весна»
0002479.png	В соответствии с Берлинским договором укрепления Рущука были уничтожены.
0002480.png	Писатели романтизма
0002481.png	Персоны года
0002482.png	Публицистика
0002483.png	гидродинамика;
0002484.png	Биография
0002485.png	Безопасность
0002486.png	Арабский язык
0002487.png	Дмитрий (Митрич) Дроздецкий
0002488.png	Культура Вьетнама
0002489.png	География
0002490.png	Похороненные на кладбище Баньё
0002491.png	Курфюрсты
0002492.png	В том числе:
0002493.png	Нулевой километр
0002494.png	Завоевания Хименеса де Кесады в Колумбии и цивилизации Чибча
0002495.png	Запуск скрипта
0002496.png	История
0002497.png	Имеется морское сообщение.
0002498.png	Достопримечательности
0002499.png	История Средиземноморья
0002500.png	Англиканство
0002501.png	Прохладно-ладно
0002502.png	Падение Томаса-Генри
0002503.png	Федеральные территории:
0002504.png	Военное управление Вооружёнными силами осуществляет Генеральный штаб.
0002505.png	Семейство
0002506.png	Уфологические организации
0002507.png	Центр экономической истории
0002508.png	Экономические учения, направления и школы
0002509.png	Триумф и трагедия Менахема Бегина Ссылка проверена 25.12.2006.
0002510.png	См. также
0002511.png	Ссылки
0002512.png	Новодевичий проезд
0002513.png	Благотворители России
0002514.png	Ссылки
0002515.png	Города
0002516.png	Чурюк
0002517.png	Литература
0002518.png	румынский Орден Михая Храброго 3-й степени(1917)
0002519.png	Консулы Тиберий Клавдий Матерн и Марк Аппий Атилий Брадва Регилл Аттик.
0002520.png	Этимология
0002521.png	Награды
0002522.png	Материя
0002523.png	Климовский лакокрасочный завод;
0002524.png	Владимир Редин
0002525.png	Родились
0002526.png	Усадьба после революции
0002527.png	Иврит, еврейская литература и культура
0002528.png	Осуждённые пожизненно в Греции
0002529.png	Внучка Мария (род. 5 июня 2001).
0002530.png	Стихи в переводе на английский
0002531.png	Мюльхаузен, Тюрингия, Германия (1995)
0002532.png	Изменения рейтинга
0002533.png	Свойства
0002534.png	орден Ленина;
0002535.png	Биография на сайте НИИ социальных систем
0002536.png	Биография
0002537.png	Примечания
0002538.png	См. также: :Категория:Родившиеся в 1541 году
0002539.png	Официальная символика
0002540.png	По состоянию различают:
0002541.png	Антон Хреков (2001)
0002542.png	Фильм Вероники Строгановой «Хибины»
0002543.png	Война в Западной Сахаре
0002544.png	Ссылки
0002545.png	Биография
0002546.png	Международный конкурс имени Арама Хачатуряна
0002547.png	Октябрьская улица (деревня Большое Покровское)
0002548.png	В структуру Минюста России входят:
0002549.png	Награды
0002550.png	Александр Петрив, украинский стрелок из пистолета, олимпийский чемпион (2008).
0002551.png	Ли Со Ён, первый космонавт Южной Кореи, вторая азиатская женщина-космонавт.
0002552.png	Командный чемпионат, проводившийся в интернете.
0002553.png	См. также
0002554.png	Последующая карьера
0002555.png	2. Энцефалографии (изменение импульсов мозга при заболеваниях головного мозга)
0002556.png	Местное самоуправление
0002557.png	Лауреаты премии «Золотой граммофон»
0002558.png	Белоруссия
0002559.png	Сатурн
0002560.png	Применение
0002561.png	Присуждение
0002562.png	Орден Розы (Бразилия, 1886)
0002563.png	Другая общественная деятельность
0002564.png	Экватор
0002565.png	Всё это характеризует Таджикистан как страну горного и экологического туризма.
0002566.png	Уравнение энергии
0002567.png	Прохождение теста веб-браузерами
0002568.png	Этимология
0002569.png	Писатели золотого века Нидерландов
0002570.png	Творчество
0002571.png	Географические названия
0002572.png	Бартангский с центром в селении Бартанг
0002573.png	Путь к славе
0002574.png	Состав
0002575.png	Примечания
0002576.png	Влияние
0002577.png	Шахты (Россия)
0002578.png	Примечания
0002579.png	Рельеф
0002580.png	Выпускники Павловского военного училища
0002581.png	Свиток королевского пергамента чёрного верховенства
0002582.png	Генетическая модификация
0002583.png	Среднее профессиональное образование
0002584.png	Учебно-научный центр прикладной этнологии при кафедре этнологии
0002585.png	Циклопы
0002586.png	Реки Черниговской области
0002587.png	почётный член Санкт-Петербургского политехнического института,
0002588.png	История
0002589.png	Харьковский рынок
0002590.png	Продукты
0002591.png	Хрюнхент
0002592.png	Имена Тома Бомбадила
0002593.png	Примечания
0002594.png	Лечение
0002595.png	Игры патриотов (фильм, 1992, по книге Тома Клэнси (1987)
0002596.png	Арьергард
0002597.png	Сфинкс без загадки
0002598.png	Февраль
0002599.png	Информационный портал Грайворонского района
0002600.png	На этом отрезке дороги множество отдельных фрагментов лежат в траве.
0002601.png	И слёзы сполна пролились в английских домах по павшим.
0002602.png	06 июня состоялся вылет первого рейса на остров Родос (Греция);
0002603.png	Примечания
0002604.png	Физико-географическая характеристика
0002605.png	Одесский национальный морской университет,
0002606.png	Селектор классов
0002607.png	Топоним
0002608.png	Тайные советники
0002609.png	Аутогемотрансфузия
0002610.png	Похороненные на Новодевичьем кладбище
0002611.png	Начинают темнеть ночи.
0002612.png	Рельеф и геологическое строение
0002613.png	Ссылки
0002614.png	Центральная улица
0002615.png	которое имеет решение с небольшими числами  и может быть решено как .
0002616.png	Права и обязанности сторон в связи с предъявлением рекламаций
0002617.png	Основные улицы города
0002618.png	Мемристорные свойства нанотрубок
0002619.png	Ссылки
0002620.png	количественная часть закона математически очевидно некорректна:
0002621.png	Медаль «50 лет Монгольской Народной Революции» (Монголия, 1971)
0002622.png	Ссылки
0002623.png	Биография
0002624.png	Карты Пятигорска
0002625.png	На золотом кони
0002626.png	Список угольных шахт и разрезов России.
0002627.png	Теория конвергенции
0002628.png	Фрески по алфавиту
0002629.png	«Парень из преисподней» (1974)
0002630.png	Политические итоги
0002631.png	История
0002632.png	Культы в произведениях Лавкрафта
0002633.png	Мищенко, Евгений Фролович
0002634.png	Снегоочистители на базе автомобиля ЗИЛ-157.
0002635.png	Ссылки
0002636.png	Кемеровский областной театр кукол имени Аркадия Гайдара
0002637.png	Историки по алфавиту
0002638.png	Собиратели гравюр
0002639.png	Архипенков, Владимир Трофимович
0002640.png	Детские писатели по алфавиту
0002641.png	Дипломаты Российской империи
0002642.png	Примечания
0002643.png	Классификация
0002644.png	рекомендуется использовать немоноширинный шрифт
0002645.png	Список рек по полноводности
0002646.png	Гражданский кодекс
0002647.png	Продолжение мора. Третий лектистерний. Устроены сценические игры.
0002648.png	Пушкино (с 2012)
0002649.png	Художественная проза
0002650.png	Мексиканская империя
0002651.png	Дари;
0002652.png	Источники шума
0002653.png	События
0002654.png	Сын, знаменитый властитель Итаки, мне выколол глаз мой.
0002655.png	Семья
0002656.png	Кроме Гомера филолог работал над текстами Гесиода, Анакреона и Пиндара.
0002657.png	Жильё
0002658.png	Литература
0002659.png	Депутаты пятого Сейма Латвии
0002660.png	Родились
0002661.png	Пригородные межмуниципальные маршруты:
0002662.png	Определение
0002663.png	Города Древней Руси
0002664.png	, Италия.
0002665.png	Пример линейного уравнения с параметром:
0002666.png	Полезные ископаемые
0002667.png	Председатели СПС
0002668.png	Аналогично теореме о гомоморфизме групп существует теорема о гомоморфизме колец:
0002669.png	В 1736 году остров унаследовала семья Мюррей.
0002670.png	Сочинитель и разбойник
0002671.png	Прибрежный район;
0002672.png	Институт энергетики и автоматизации
0002673.png	Кипр завоёван Птолемеями.
0002674.png	В настоящее время эта версия исторически имеет больше всего сторонников.
0002675.png	Политика
0002676.png	Литература
0002677.png	История
0002678.png	Квазигеоид
0002679.png	Интерсубъективность
0002680.png	Барокко в интерьере
0002681.png	Католические: Джером, Джузеппина, Менгольд, Стефан, Ювенций.
0002682.png	Фантастические комедии США
0002683.png	Структура
0002684.png	Борис Дуров (р. 1937), советский и российский кинорежиссёр и сценарист.
0002685.png	Конструктор авиационной техники
0002686.png	Издания для детей
0002687.png	Консулы: Публий Валерий Публикола (во 2-й раз) и Тит Лукреций Триципитин.
0002688.png	Учёба в Москве
0002689.png	Налоговый скандал и отъезд из Швеции
0002690.png	Изобразительное искусство
0002691.png	Грузинские поэты
0002692.png	Районы до 17 июля 2020 года
0002693.png	Ковроткачество
0002694.png	Изобразительное искусство
0002695.png	Философы искусства
0002696.png	Литература
0002697.png	Литература
0002698.png	Авиация
0002699.png	Полифем (циклоп). От Фоосы.
0002700.png	Представительство Томского государственного университета
0002701.png	Юго-Осетинский государственный университет им. А. Тибилова,
0002702.png	Сибирский государственный медицинский университет в г. Томске
0002703.png	Натуризм
0002704.png	Происхождение
0002705.png	Достопримечательности
0002706.png	промышленные
0002707.png	Городские округа Тверской области
0002708.png	мертворождённая дочь (ум. 7 октября 1794)
0002709.png	Скиллий. Эпитет Зевса на Крите.
0002710.png	Состав
0002711.png	Среди средне-специальных учебных заведений города:
0002712.png	Зарегистрированные выставки
0002713.png	Известен природный минерал цинкит, состоящий в основном из оксида цинка.
0002714.png	Население
0002715.png	Интересные факты
0002716.png	Сублимационные принтеры
0002717.png	Ирис на сайте Энциклопедия декоративных садовых растений.
0002718.png	Виталий Миколенко
0002719.png	Установлены дипломатические отношения между Арменией и Ираном.
0002720.png	Сенаторы от штата Миссури
0002721.png	Языки Средиземья
0002722.png	По целевому назначению
0002723.png	Модуль без кручения
0002724.png	Примеры:
0002725.png	Классификация
0002726.png	Филиал РГОУ путей сообщения
0002727.png	Ссылки
0002728.png	Бенгальский язык
0002729.png	Роман Эдуардович Маслов
0002730.png	Доньи-Поло
0002731.png	Восстание шерифа Мекки
0002732.png	См. также
0002733.png	Недостатки
0002734.png	Ссылки
0002735.png	Склоны долины могут быть высокими или низкими, крутыми или пологими.
0002736.png	Объекты Национального реестра исторических мест в Юте
0002737.png	Сборники
0002738.png	Тамбовской (1692).
0002739.png	Песни
0002740.png	См. также
0002741.png	Северная Америка
0002742.png	Административное деление
0002743.png	память священномученика Николая Троицкого, пресвитера (1945).
0002744.png	Алматинский плодоконсервный завод
0002745.png	Население
0002746.png	Малая улица
0002747.png	знак номера или параграфа и число;
0002748.png	Реки Ивановского района Ивановской области
0002749.png	Десятичная запись числа переходит сама в себя при повороте на
0002750.png	Наброски книги Галины Заходер
0002751.png	Амерсфорт
0002752.png	Особенно просты концы дерева:
0002753.png	Деканы Императорского Московского университета
0002754.png	Ссылки
0002755.png	462 км: река Нижняя Тойма
0002756.png	Психология масс и инженерия согласия
0002757.png	Награды
0002758.png	Флора и фауна
0002759.png	В дальнейшем классификацию уточнил , выделив четыре разновидности полиморфизма:
0002760.png	Примечания
0002761.png	Достопримечательности
0002762.png	Обобщённые формулировки
0002763.png	: Гродно
0002764.png	См. Умершие в Ульяновске
0002765.png	Семья
0002766.png	Скорость записи
0002767.png	В 1940 году мехмат состоял из 17 кафедр:
0002768.png	Пайка в печах
0002769.png	Председатели Президиума Верховного совета СССР
0002770.png	Похороненные в Киево-Печерской лавре
0002771.png	1905 Проблема власти
0002772.png	Могила
0002773.png	Пешечный эндшпиль (теория с диаграммами)
0002774.png	На виртуальный файл изменение тегов не влияет, поскольку они из него исключены.
0002775.png	Обучение
0002776.png	Флаг штата Идель-Урал
0002777.png	Прочие продукты-аналоги
0002778.png	Примечания
0002779.png	История партии
0002780.png	Официальный российский сайт
0002781.png	Примечания
0002782.png	Дачно-Мещёрский 1-й проезд
0002783.png	Фонология
0002784.png	На влагалище производятся следующие операции:
0002785.png	Судебная власть
0002786.png	История интерпретаций понятия
0002787.png	Фильмография
0002788.png	Усиливает миорелаксирующее действие курареподобных препаратов.
0002789.png	География
0002790.png	«Немецкий театр и реформенный вопрос» (1877),
0002791.png	Изобразительное искусство СССР
0002792.png	Депутаты Верховного Совета СССР 9-го созыва
0002793.png	Официальный сайт населённого пункта
0002794.png	История ломографии
0002795.png	Подполковник (28 декабря 1973).
0002796.png	Резонансные события
0002797.png	георгиевские ленты на бескозырках у нижних чинов
0002798.png	Примечания
0002799.png	Природные смолы
0002800.png	Спортивный инвентарь
0002801.png	Этнология
0002802.png	Трнава, Словакия (с 19 апреля 2013 года)
0002803.png	Назревание войны
0002804.png	«Радио Ваня» (ПЛАН) (89,3 МГц)
0002805.png	Основы оркестровки (1913)
0002806.png	Игумены Русской православной церкви
0002807.png	Памятники и прочее:
0002808.png	Космонавт 3-го класса (19.05.1999)
0002809.png	Официальный сайт серии «ФРАМ»
0002810.png	После войны
0002811.png	Выпускники Московского государственного университета леса
0002812.png	Примечания
0002813.png	Образование
0002814.png	консул 1-го класса (с 8 августа 1847 года);
0002815.png	Магнитно-резонансная томография
0002816.png	Санкции
0002817.png	В 2007 на экраны вышел фильм режиссёра Джеймса Хута «Чёртов мобильник».
0002818.png	Ялта () (с 2008 года)
0002819.png	Гурко, Владимир Иосифович: «Смелый финансист».
0002820.png	Додинастический период
0002821.png	Беременность и лактация
0002822.png	В СССР город Ворошилов Приморского края переименован в Уссурийск.
0002823.png	Георгий Маджарашвили, Жизнь и Деятельность Св. Фомы, Патриарха Иерусалимского
0002824.png	Море в конце переулка (1976)
0002825.png	Куколд
0002826.png	В Священных Писаниях
0002827.png	Употребляемые аббревиатуры
0002828.png	Биография
0002829.png	с использованием разных конвенций определения бизнес дней.
0002830.png	Примечания
0002831.png	Выпускники военных вузов
0002832.png	Ссылки
0002833.png	Здравоохранение
0002834.png	2.0 Аксиома пары
0002835.png	Города Баден-Вюртемберга
0002836.png	Прежние передачи на 100,5
0002837.png	Китайское государство Западная Шу завоёвано войсками династии Лю Сун.
0002838.png	Первый вице-губернатор
0002839.png	Увлечение шахматами
0002840.png	Молдавия,
0002841.png	Населённые пункты, награждённые орденом Республики (ПМР)
0002842.png	Стоимость строительства
0002843.png	(1) Система векторов  линейно зависима тогда и только тогда, когда .
0002844.png	Кроме сыновей, известны также две дочери Теодориха:
0002845.png	133 км: Ускала (пр)
0002846.png	Лауреаты национальной премии «Серебряный Лучник»
0002847.png	Ссылки
0002848.png	Крест Храбрых
0002849.png	Н. Садур «Чудная баба. Ехай»
0002850.png	Разновидности
0002851.png	Названия звёзд
0002852.png	Похороненные на Королевском кладбище в Аммане
0002853.png	Примечания
0002854.png	Ссылки
0002855.png	См. также
0002856.png	Вайкунтха
0002857.png	В марте 2020 года МФТИ открыл курсы по спортивному программированию.
0002858.png	Сражения по алфавиту
0002859.png	, самая смертоносная метель в истории.
0002860.png	Исходные  полей можно переписать в виде:
0002861.png	Народный артист Азербайджанской ССР, 19 апреля 1972 года
0002862.png	Литература
0002863.png	История
0002864.png	Когнитивные психологи
0002865.png	память священномученика Михаила Белороссова, пресвитера (1920);
0002866.png	Ссылки
0002867.png	Егор Титов
0002868.png	Шотландия
0002869.png	Будапешт, Венгрия
0002870.png	Друцкие-Соколинские-Гурко-Ромейко
0002871.png	Джастин Трюдо, премьер-министр Канады с 2015 г.
0002872.png	Мультфильмы с музыкой Гребенщикова:
0002873.png	Дмитрий Муляр («Государыня и разбойник», 2009)
0002874.png	События
0002875.png	Происхождение
0002876.png	Деканами факультетов были назначены:
0002877.png	Конструктивизм в музыке
0002878.png	Авиационные термины
0002879.png	События
0002880.png	Политика невмешательства
0002881.png	Гунны:
0002882.png	1363 км: Тирлян (пр)
0002883.png	См. также: :Категория:Умершие 9 марта
0002884.png	гносеология изучает отношение «субъект-объект»;
0002885.png	Литература
0002886.png	Орден Почёта (2007)
0002887.png	Литература разных народов
0002888.png	Энергия
0002889.png	Известные уроженцы и жители
0002890.png	Ссылки
0002891.png	Мятеж Семёнова (Забайкалье);
0002892.png	Примечания
0002893.png	Определение
0002894.png	Кол-во витков: 120
0002895.png	Электрифицированные железные дороги переменного тока
0002896.png	См. также
0002897.png	Шенк умер в 1306 году, ибо в 1307 году его брат Лютольд упоминается без Конрада.
0002898.png	Хурриты
0002899.png	Генетическая обусловленность некоторых психозов
0002900.png	Они могут поглотить другой фотон, который ионизирует атом.
0002901.png	Колледж радиоэлектроники имени П. Н. Яблочкова
0002902.png	Химия как наука
0002903.png	Манганин
0002904.png	Примечания
0002905.png	Степень двойки
0002906.png	История создания
0002907.png	В Восточной церкви
0002908.png	Дискография
0002909.png	Деспотизм
0002910.png	Колодец-журавль
0002911.png	Некроз может возникнуть из-за внешних или внутренних факторов.
0002912.png	Профессиональные
0002913.png	Примечания
0002914.png	Почётные доктора Ягеллонского университета
0002915.png	Латинские историки
0002916.png	Японский самолёт
0002917.png	Дофины Оверни
0002918.png	Всё коренное население Вьетнама ().
0002919.png	Ссылки
0002920.png	Внебрачные дети
0002921.png	Золотой
0002922.png	Примечания
0002923.png	Выпускники Туринского университета
0002924.png	Эпидемические заболевания
0002925.png	История
0002926.png	Этимология
0002927.png	Ссылки
0002928.png	Финалист: 1992
0002929.png	Взлетная масса: 7536 кг
0002930.png	Немезоциклонные
0002931.png	«Гусевские вести»
0002932.png	Скончались
0002933.png	Городища в станице Степной
0002934.png	В сентябре 1827 года Чарышский округ переименован в Бийский.
0002935.png	Достопримечательности
0002936.png	Синтерра-Юг
0002937.png	Мюнценберг
0002938.png	Ссылки
0002939.png	Ссылки
0002940.png	Динамика численности населения:
0002941.png	«Кинетограф» и «Синематограф»
0002942.png	Резервный проезд
0002943.png	Примечания
0002944.png	Словари
0002945.png	Противорвотные средства
0002946.png	Куркино
0002947.png	Государственное профессиональное образовательное учреждение г. Кемерово
0002948.png	Население
0002949.png	администрация Центрального административного округа.
0002950.png	Чкаловская РТПС (с. Чкаловское)
0002951.png	Почётные доктора Вестфальского университета имени Вильгельма
0002952.png	Официальный сайт города Бежецка
0002953.png	Ронское дерби, между «Олимпик Лион» и «Сент-Этьен»
0002954.png	Многофазный переменный ток
0002955.png	Документальные фильмы, снимавшиеся в Черновцах
0002956.png	Автомобильный мост близ посёлка Кормиловка
0002957.png	Подготовка к сражению
0002958.png	Экранизации
0002959.png	Международные
0002960.png	Взаимоотношения КГБ и КПСС
0002961.png	модель с постоянной периодичностью заказа,
0002962.png	11 библиотек с книжным фондом 361,1 тыс. книг;
0002963.png	Другие значения
0002964.png	К основным составным частям троллейбуса относят:
0002965.png	Юпитер, крупнейшая планета (для детей)
0002966.png	Коррекция продолжающихся потерь воды и электролитов.
0002967.png	См. также: :Категория:Родившиеся в 1608 году
0002968.png	Достопримечательности Карелии
0002969.png	Организмы производят потомков больше, чем может выжить;
0002970.png	Барнетт Ньюман
0002971.png	Литература
0002972.png	В культуре
0002973.png	Агроэкология
0002974.png	Публичный имидж
0002975.png	«Путь к изобилию»;
0002976.png	Скорость ветра
0002977.png	Кембридж входит в «золотой треугольник» английских университетов.
0002978.png	Регистрационные знаки транспортных средств в СССР
0002979.png	Религия
0002980.png	Именины
0002981.png	Владимир Бесчастных
0002982.png	Хоральная синагога;
0002983.png	История
0002984.png	Август Кекуле открыл во время сна формулу бензола.
0002985.png	Яблоко
0002986.png	Институт регистрации и процедура перерегистрации
0002987.png	В настоящий момент идут более детальные разработки проекта.
0002988.png	Национальные
0002989.png	Название
0002990.png	Определения к последней теореме
0002991.png	Современная жизнь обители
0002992.png	Губернские предводители дворянства
0002993.png	Штаты и союзные территории
0002994.png	Великая Социалистическая Народная Ливийская Арабская Джамахирия
0002995.png	Западноевропейские переводы
0002996.png	См. также
0002997.png	Первые жители переехали в новый Мост в январе 1965 года на улицу Поджатецка.
0002998.png	Андрес Скотти
0002999.png	Графы Баранцовы (РИ)
0003000.png	Михайловский
0003001.png	Каменец-Подольская епархия
0003002.png	Ссора с Афаретидами. Гибель
0003003.png	Евстигнеева, улица
0003004.png	Писатели Испании
0003005.png	Абсолютная величина
0003006.png	Литература
0003007.png	Персоналии:Дзержинск (Нижегородская область)
0003008.png	Переименованные населённые пункты России
0003009.png	Связь с другими науками и явлениями культуры
0003010.png	Гимназия имени Вильдермут ()
0003011.png	Гармония гласных
0003012.png	По типу работы конструкции
0003013.png	Память
0003014.png	Примечания
0003015.png	История
0003016.png	Литература
0003017.png	Орден народного героя
0003018.png	Оперные дирижёры
0003019.png	Классификация
0003020.png	Александр Иванович
0003021.png	Культурный вклад
0003022.png	Общественные науки
0003023.png	Александр Ягья
0003024.png	Условия
0003025.png	Традиционная культура
0003026.png	Теоретико-музыкальная
0003027.png	16 марта
0003028.png	Литература
0003029.png	Литература
0003030.png	Сила трения:
0003031.png	Рациональные функции от нескольких переменных (комплексных или вещественных)
0003032.png	Интересные факты
0003033.png	Высота: 6,4 м
0003034.png	Перечень исторических поселений федерального значения:
0003035.png	Топоним
0003036.png	Двойные фамилии
0003037.png	Дом культуры «Красная поляна»
0003038.png	Мемуаристы России
0003039.png	Художники Российской империи
0003040.png	Перезахороненные
0003041.png	Населённые пункты
0003042.png	Сергей Светлаков - шоумен, телеведущий, актер, продюсер, сценарист
0003043.png	Противопаркинсонические средства
0003044.png	Критика
0003045.png	Мушкеты
0003046.png	Квентин Тарантино (2004),
0003047.png	Сентябрь
0003048.png	Дагестанская академия образования и культуры (ДАОК). Образована в 1993 году.
0003049.png	Латинские заимствования
0003050.png	Изделия из бумаги
0003051.png	Общественные деятели России
0003052.png	Поварская улица
0003053.png	Гербовник Анисима Титовича Князева;
0003054.png	поплавковые;
0003055.png	Литература
0003056.png	Орден Трёх звёзд 2-й степени (Латвия, 2019)
0003057.png	Память
0003058.png	Маздаясна (почитателем Мазды)
0003059.png	670 км: без названия
0003060.png	Она отвлекает людей от проблем и возможностей их частной жизни
0003061.png	Транспорт, энергетика и инфраструктура
0003062.png	Фунтовое пожертвование
0003063.png	Символы
0003064.png	спермацет добывается из спермацетового масла кашалотов;
0003065.png	Еврейские писатели
0003066.png	Литература
0003067.png	Евромайдан и российско-украинская война
0003068.png	Бард, Мария
0003069.png	Зинаида Евгеньевна
0003070.png	Сергей Бунтман
0003071.png	Гермиона
0003072.png	В других областях
0003073.png	Институт физико-химических технологий и материаловедения (ИФХТиМ)
0003074.png	Башкортостан
0003075.png	Железнодорожный транспорт в Мурманской области
0003076.png	производная Пеано;
0003077.png	Примечания
0003078.png	Диаминомонокарбоновые: лизин, аргинин, несут в растворе положительный заряд
0003079.png	Район в киноискусстве
0003080.png	Связанные определения
0003081.png	Животный мир
0003082.png	Примечания
0003083.png	Лингвогеография
0003084.png	Примечания
0003085.png	Подземные миры индийской мифологии
0003086.png	Аусеклис (наст. имя Микелис Крогземис; р. 1850), латышский поэт, переводчик.
0003087.png	Статус языков Карелии
0003088.png	Сауксой
0003089.png	Компьютерные технологии
0003090.png	Астрономы Италии
0003091.png	Описание местности
0003092.png	мкр. «Новое Пушкино» (в стадии строительства)
0003093.png	Казахстана
0003094.png	Философы Византии
0003095.png	Кольца Ньютона
0003096.png	Мэн Гэлофэн (Наньчжао)
0003097.png	Недостатки
0003098.png	Фильм «Циклоп» (2008), в роли Тиберия Эрик Робертс.
0003099.png	Представители президента России в регионах
0003100.png	В кинематографе
0003101.png	Австралийский вариант английского языка
0003102.png	Злое число
0003103.png	Белгородский цемент;
0003104.png	Юбилейная медаль «30 лет Советской Армии и Флота» (1948)
0003105.png	Теннис в филателии
0003106.png	«Чистые пруды»
0003107.png	(Эйлер, 1747)
0003108.png	Общие инфекции, особенно с тяжелой интоксикацией и гипертермией.
0003109.png	С включением обмоток треугольником
0003110.png	Виген Кочарян: Право на самоопределение в современном международном праве.
0003111.png	В культуре
0003112.png	Фенхель, он же аптечный укроп, волошский укроп
0003113.png	Члены Эдинбургского королевского общества
0003114.png	АБС-пластик
0003115.png	Озвучивание
0003116.png	МиГ-35
0003117.png	Анархизм
0003118.png	Владимир Чижевский (р. 1899), советский авиаконструктор.
0003119.png	Кокандское ханство завоёвано Российской империей.
0003120.png	Основан Барселонский университет.
0003121.png	К лету 1938 года все национальные формирования РККА были расформированы.
0003122.png	27 октября
0003123.png	Гарнитура включает в себя несколько начертаний:
0003124.png	Источники
0003125.png	Официальное интернет-представительство в России
0003126.png	К дельта-функции можно применить преобразование Фурье:
0003127.png	Сенаторы Российской империи
0003128.png	Ограничения:
0003129.png	Федерация спортивного преферанса России
0003130.png	Демократическая инициатива Центральной Европы за монархию
0003131.png	Родились
0003132.png	Галерея
0003133.png	Аэрография
0003134.png	«У Геркулесовых столбов» (2013)
0003135.png	Память
0003136.png	ТРЦ Оранжерея
0003137.png	Для перечисленных множеств чисел справедливо следующее выражение:
0003138.png	Художники и литераторы в Тарусе
0003139.png	Современные исторические исследования
0003140.png	Итальянский язык
0003141.png	Конгруэнтность (геометрия)
0003142.png	Алабина, Инна Ильинична (с 1966 года)
0003143.png	История
0003144.png	Население
0003145.png	Твёрдость
0003146.png	Монеты по алфавиту
0003147.png	Кожемякин, Дмитрий Сергеевич (12.03.2000, 562)
0003148.png	Сведенборгиане
0003149.png	Пионерский в энциклопедии «Мой город»
0003150.png	Сольные альбомы
0003151.png	Видеоигры
0003152.png	Генерал-полковники (Российская Федерация)
0003153.png	Биография
0003154.png	Монофелитство
0003155.png	Глюкагонома;
0003156.png	За время разгона корабль достигнет скорости:
0003157.png	Бытовая техника
0003158.png	Тунеядство
0003159.png	Ветеринарная хирургия
0003160.png	Продолжение научной работы
0003161.png	ОМОН «Бастион» по г. Санкт-Петербургу и Ленинградской области
0003162.png	Примечания
0003163.png	Официальный сайт
0003164.png	бухгалтером, не являющимся главным;
0003165.png	Некоторые физические константы получаются безразмерными.
0003166.png	Целинный район
0003167.png	Следующий вопрос:
0003168.png	На Западном фронте
0003169.png	Пётр Дамиани
0003170.png	Улицы
0003171.png	Греческий текст и английский перевод Годли
0003172.png	Храм Святых Апостолов Петра и Павла.
0003173.png	Кожино
0003174.png	Примечания
0003175.png	Стамбульское землетрясение (1509).
0003176.png	Экономический анализ
0003177.png	14-е простое число.
0003178.png	Литература
0003179.png	Спящий лев (1709)
0003180.png	Национальный авиационный университет
0003181.png	Куфея
0003182.png	Автомобильная заправочная станция
0003183.png	Награды по алфавиту
0003184.png	Комитет по операциям
0003185.png	С теплотой вспоминала о Масхадове правозащитница Елена Боннэр:
0003186.png	Вопреки объявленью готовый к услугам
0003187.png	Изображён на английской почтовой марке 1966 года.
0003188.png	Историческая справка
0003189.png	Начало продаж
0003190.png	Преподаватели Лейпцигского университета
0003191.png	Литература
0003192.png	Районы
0003193.png	Чеховская набережная
0003194.png	См. также
0003195.png	Фильмы Бориса Дурова
0003196.png	относительная простота управления правами администраторов сети;
0003197.png	повышенная температура тела;
0003198.png	Скончались
0003199.png	Примечание. Населённые пункты перечислены в алфавитном порядке
0003200.png	История Бельгии
0003201.png	Появились в 1932 году на Украине
0003202.png	Спортивные клубы Новокузнецка
0003203.png	Аркалыкский дворец культуры (бывший ДК «Горняк»)
0003204.png	Спектр алгебры
0003205.png	2020 Дубай (ОАЭ)
0003206.png	Второй брак
0003207.png	детский туризм;
0003208.png	Город
0003209.png	Общая теория относительности
0003210.png	Средние учебные заведения
0003211.png	Генерал армии (Чехословакия)
0003212.png	Отдельные издания
0003213.png	Скифия и Кавказ в древнегреческой мифологии
0003214.png	Клубные
0003215.png	Выпускники Эстонской академии художеств
0003216.png	12 Кубанская казачья дивизия
0003217.png	Кантата «Родные поля» (1949)
0003218.png	Смерть
0003219.png	Крупные города
0003220.png	Музей военной формы Владимира Опалева
0003221.png	Дом Сикорского (1890-е).
0003222.png	Бозе-газ
0003223.png	Лаос и Казахстан установили дипломатические отношения.
0003224.png	Картингисты
0003225.png	Палермо
0003226.png	Распространение
0003227.png	Литература
0003228.png	Термодинамика
0003229.png	Первые роли: «Выход тигра» и «Миллион Мэдигана»
0003230.png	Статистика
0003231.png	Храм Святого Архистратига Михаила над Ореандой
0003232.png	Кондоминиум (международное право)
0003233.png	Свентская волость
0003234.png	Города
0003235.png	Образование города Ворсма.
0003236.png	Оскорбление
0003237.png	До 1970 года в Ватикане существовало четыре вида вооружённых сил:
0003238.png	Ссылки
0003239.png	Сенатская площадь со спутника
0003240.png	Православие
0003241.png	Религиозные
0003242.png	События
0003243.png	Камералисты
0003244.png	Участие в боевых действиях на Северном Кавказе
0003245.png	Каршита не знают и не почитают теленгиты и северные алтайцы.
0003246.png	Органы власти области
0003247.png	Выпускники Военной академии США
0003248.png	Анна Герман
0003249.png	Дворец культуры имени 40-летия Октября
0003250.png	Здание цирка Жюля Верна 1889 года, сочетание неоклассицизма и историзма
0003251.png	-- однострочный комментарий
0003252.png	Примечания
0003253.png	Ссылки
0003254.png	Прусская армия
0003255.png	Ссылки
0003256.png	Анатолий Рясов. Человек со слишком большой тенью
0003257.png	Общий показатель фертильности
0003258.png	История
0003259.png	Двор Даукантаса
0003260.png	торговый центр «Абсолют»;
0003261.png	Достопримечательности
0003262.png	Парадигмы программирования
0003263.png	Эффективная частота системной шины, МГц: 900
0003264.png	Примечания
0003265.png	Россия
0003266.png	Примечания
0003267.png	Природа
0003268.png	Аоки Бункё
0003269.png	Обожествлённые монархи
0003270.png	- День профсоюзов
0003271.png	Права на понижение версии
0003272.png	Похороненные на кладбище Порте-Санте
0003273.png	Человек без имени
0003274.png	В технике
0003275.png	Музыка
0003276.png	Моторная функция пищевода
0003277.png	Тренерская карьера
0003278.png	Советский период
0003279.png	Депутаты «Народного Сейма» Латвии
0003280.png	Биография
0003281.png	Описание игры
0003282.png	Химические методы
0003283.png	Персоналии:Пушкин
0003284.png	Средние специальные учебные заведения
0003285.png	«Страстная площадь ночью», 1928, ГРМ
0003286.png	Литература
0003287.png	Пергамское царство
0003288.png	запускаемые со дна морей и океанов во всплывающих капсулах: «Скиф»;
0003289.png	Функции биллинга
0003290.png	Транспорт
0003291.png	Ссылки
0003292.png	Футбольные клубы по алфавиту
0003293.png	См. также
0003294.png	Литература
0003295.png	Новосибирск, Россия.
0003296.png	Альтернативные источники питания
0003297.png	Коллегия исполняет тройную функцию:
0003298.png	Пацифисты
0003299.png	Польша
0003300.png	Аквапарк «Дельфин»
0003301.png	Монс Сельмерлёв, шведский певец, победитель конкурса «Евровидение-2015».
0003302.png	1900-е
0003303.png	Сообщества
0003304.png	Интересные факты
0003305.png	РАПИРА
0003306.png	См. также
0003307.png	Черкизово (село)
0003308.png	Референдум о переходе на летнее время в Квинсленде (1992)
0003309.png	Средневековая мифология
0003310.png	Род Радзивиллов получают титул князей Римской империи.
0003311.png	Упоминается в легендах в связи со сватовством Альвиса к асам.
0003312.png	Книги Березовского
0003313.png	Читинское торгово-кулинарное училище (ЧТКУ)
0003314.png	От князя Дмитрия Евдокия Дмитриевна родила восемь сыновей и четыре дочери:
0003315.png	Эффект Черенкова
0003316.png	Фрески Симоне Мартини в церкви св. Франциска в Ассизи.
0003317.png	Больницы
0003318.png	Пограничные реки
0003319.png	Заказники и памятники природы Великоустюгского района
0003320.png	Роль обожествления в политике
0003321.png	Угрешский 3-й проезд
0003322.png	Примечания
0003323.png	Скончались
0003324.png	Александр Мальцев
0003325.png	Развёртывание
0003326.png	орден Св. Владимира 2-й степени
0003327.png	Ссылки
0003328.png	Северный городок;
0003329.png	В 7 луне, в день цзя-цзы умер луский сановник Гунсунь-цзы.
0003330.png	Биография
0003331.png	В культуре
0003332.png	История
0003333.png	Католические: Лаура, Адольф.
0003334.png	Деление книг Пятикнижия
0003335.png	Великие князья нижегородско-суздальские
0003336.png	В механике сплошных сред и классической теории поля
0003337.png	Двенадцать апостолов
0003338.png	Боярские роды
0003339.png	Сюжет
0003340.png	лаборатория когнитивных исследований инженерной школы, март 2022 года;
0003341.png	337 км: Бизь
0003342.png	7 октября
0003343.png	События
0003344.png	Ароматические: фенилаланин, тирозин, триптофан,
0003345.png	официальные
0003346.png	Автомобильный
0003347.png	Современное состояние
0003348.png	В альбом Илличевскому
0003349.png	Шодуар, Станислав Иванович
0003350.png	Литература
0003351.png	Литература
0003352.png	Результаты изоляции жизни в горах
0003353.png	См. также: :Категория:Умершие 13 декабря
0003354.png	(копия)
0003355.png	«Динамо» (Киев)
0003356.png	Возникновение термина
0003357.png	Биологическое значение
0003358.png	Вооружённые силы и полиция
0003359.png	филиал Саратовского государственного университета
0003360.png	Фармакологическое действие
0003361.png	Населённые пункты с численностью населения более 6 тысяч человек
0003362.png	Примечания
0003363.png	Мощь Великого
0003364.png	По способу воздействия на цель снаряды делятся на:
0003365.png	Узкоколейные железные дороги Ленинградской области
0003366.png	При  дисперсия отсутствует.
0003367.png	Лидеры СССР и первые руководители Российской Федерации
0003368.png	Фильмы
0003369.png	Через Чебоксары проходят две федеральные автомагистрали:  Волга и  Вятка.
0003370.png	Участие в Русском походе 1812 года
0003371.png	Проверка для экзопланет
0003372.png	Список трудов в каталоге РГБ.
0003373.png	Обучение
0003374.png	Реки, впадающие в Азовское море
0003375.png	Щёлочи
0003376.png	Литература
0003377.png	Мемориал «Ликвидаторам Чернобыля».
0003378.png	Эллинистические философы
0003379.png	Этим требования военного ведомства к проекту были ограничены.
0003380.png	Цианотипия (1842 год);
0003381.png	Союз обороны Эстонии
0003382.png	Писатели Франции
0003383.png	Происхождение
0003384.png	Русский вопрос и институт будущего
0003385.png	Хранение
0003386.png	Цветоделение
0003387.png	Гашиш в Энциклопедии наркотических средств
0003388.png	Паровая машина
0003389.png	Цель игры
0003390.png	Спорт
0003391.png	23 марта
0003392.png	Файл:
0003393.png	«Смерть» Бога, «смерть» субъекта, «смерть» автора
0003394.png	Муравьева Ирина
0003395.png	Примечания
0003396.png	Владимир Васютин
0003397.png	Я ждал её, как ждут стихийных бедствий,
0003398.png	Епархия Непорочного Зачатия Пресвятой Девы Марии в Прудентополисе
0003399.png	Прочее
0003400.png	Историки по алфавиту
0003401.png	Шайво, Терри
0003402.png	Стыковочный отсек
0003403.png	Регулярный сезон
0003404.png	Протоколы транспортного уровня
0003405.png	Сосланные в Нарым
0003406.png	О программе «Сегодня» на сайте НТВ
0003407.png	Преступления против здоровья, чести и нравственности
0003408.png	Издания источников
0003409.png	По характеру движения выделяют лавины:
0003410.png	Члены Шведской королевской музыкальной академии
0003411.png	Районные центры Гомельской области
0003412.png	Дополнительная литература
0003413.png	Алгоритмы факторизации
0003414.png	Биография
0003415.png	Литература
0003416.png	Роберт
0003417.png	Ватикан
0003418.png	в Каире открылась Библиотека Александрина.
0003419.png	Вандализм в отношении работ Репина
0003420.png	Творчество
0003421.png	В капсулах
0003422.png	Семье писателя принадлежало четыре сотни крепостных душ.
0003423.png	Бывшие столицы Японии
0003424.png	Роль глутаминовой кислоты в кислотно-щелочном балансе
0003425.png	Образование
0003426.png	Трэбл-джига
0003427.png	Похороненные на Новодевичьем кладбище
0003428.png	Радиус описанной окружности квадрата равен половине диагонали квадрата:
0003429.png	Кастет
0003430.png	Свято-Троицкий собор.
0003431.png	Получение цветных отпечатков
0003432.png	Выпускники МГТУ
0003433.png	Замечания
0003434.png	На Форуме поставлена «Капитолийская волчица».
0003435.png	День необычной музыки.
0003436.png	Ссылки
0003437.png	Список городов на Западном берегу реки Иордан и в Секторе Газа
0003438.png	Литература
0003439.png	Европейский союз и третьи организации
0003440.png	Умная Эльза ()
0003441.png	на других языках
0003442.png	Устав Эвенкийского автономного округа
0003443.png	Этимология
0003444.png	Болгары захватили всю Фракию. Арабы овладели Мидией.
0003445.png	Возвратный тиф
0003446.png	Зелёная линия (Кипр)
0003447.png	Россия
0003448.png	Дурнева, Нина Николаевна,
0003449.png	Память и оценки
0003450.png	Философы Древней Армении
0003451.png	Физики по алфавиту
0003452.png	Руководство общества
0003453.png	Пацифисты
0003454.png	Солилоквий
0003455.png	Святые по алфавиту
0003456.png	географико-энциклопедический (1859)
0003457.png	Ссылки
0003458.png	определение размера членских взносов и других платежей;
0003459.png	Газета «Благовест»: «Монастырь в Беслане»
0003460.png	дифференциальных уравнений,
0003461.png	Производители локомотивов США
0003462.png	Диалектология
0003463.png	«7 канал»
0003464.png	Рынок ценных бумаг
0003465.png	Вооружённые силы
0003466.png	Бронзовый век
0003467.png	Европа в каменном веке
0003468.png	Сигизмунд Навроцкий (ум. 1976), украинский советский кинорежиссёр и сценарист.
0003469.png	Выпускники Виленской духовной семинарии
0003470.png	36 сельских поселений.
0003471.png	Собор Псково-Печерских святых
0003472.png	КОНЕЦ
0003473.png	Примечания
0003474.png	Литература
0003475.png	Факультет экономики
0003476.png	Старшие офицеры:
0003477.png	Литейные латуни
0003478.png	Ссылки
0003479.png	Если хочешь быть счастливым (1974)
0003480.png	См. также
0003481.png	Название
0003482.png	4 августа
0003483.png	Август
0003484.png	Образ героя часто встречается в произведениях художников эпохи классицизма:
0003485.png	«Уралочка» (1943)
0003486.png	память святой ;
0003487.png	Память преподобномученицы Евдокии (Павловой), послушницы (1939 год);
0003488.png	Описание полёта
0003489.png	дуговой разряд
0003490.png	пневматическое оборудование;
0003491.png	Аппликативное программирование
0003492.png	Основные издания, выходящие в Пхеньяне:
0003493.png	См. также
0003494.png	в Петрограде расстреляна мирная демонстрация рабочих и солдат.
0003495.png	Обучение с учителем:
0003496.png	Физкультурно-оздоровительный комплекс "Метеор".
0003497.png	Литература
0003498.png	Особо охраняемые природные территории
0003499.png	49 общеобразовательных учреждений,
0003500.png	Международные вспомогательные языки
0003501.png	Ссылки
0003502.png	История вооружений
0003503.png	Национальные
0003504.png	Реактивные двигатели
0003505.png	Биография
0003506.png	Присвоено следующим лицам:
0003507.png	Население
0003508.png	«Эфиопика» Гелиодора
0003509.png	Примечания
0003510.png	или просто
0003511.png	Бог (ода)
0003512.png	Мом (Злословие и Глупость);
0003513.png	Полёты космических кораблей «Союз»
0003514.png	Современные исследователи:
0003515.png	Махаяна
0003516.png	Нервная система
0003517.png	Манчестер Сторм ( 96- 03)
0003518.png	Сагарматха:
0003519.png	Источники
0003520.png	Хранение данных
0003521.png	Ислам
0003522.png	Последние годы
0003523.png	Католические святые
0003524.png	Литература
0003525.png	Академия художеств
0003526.png	Силы вьетнамских коммунистов взяли под контроль Хюэ.
0003527.png	некоторые языки малочисленных народов Севера Азии.
0003528.png	Примечания
0003529.png	Арман Жан дю Плесси де Ришельё стал кардиналом.
0003530.png	Военная служба до знакомства с генералом Бонапартом
0003531.png	Маршала Ерёменко, улица
0003532.png	Карты оружия, брони и способностей героев.
0003533.png	Национальный состав
0003534.png	Огнеупорные материалы
0003535.png	См. также: :Категория:Родившиеся в 1165 году
0003536.png	Австрийский фунт равен 0,56001 кг (использовался также в Баварии)
0003537.png	Избранные Эфиры Владимира Соловьёва
0003538.png	Факты
0003539.png	Принципы датировки
0003540.png	Населённые пункты
0003541.png	В Пакистане введено чрезвычайное положение и начата мобилизация.
0003542.png	Трофика и динамика численности саранчовых
0003543.png	Издательства России
0003544.png	Грузовые автомобили
0003545.png	Ссылки
0003546.png	Биография Михая Бабича
0003547.png	Сканер
0003548.png	от заболеваний органов дыхания;
0003549.png	Партисипативная демократия
0003550.png	Образование
0003551.png	Биология человека
0003552.png	Вклад в культуру
0003553.png	интерстициально-васкулярный;
0003554.png	История
0003555.png	Информатика
0003556.png	Западная Ялта
0003557.png	Полюдов Камень
0003558.png	Адольф Гитлер
0003559.png	прав человека;
0003560.png	См. также: :Категория:Родившиеся в 1685 году
0003561.png	Список глав государств в 776 году
0003562.png	Почётные доктора Университета Базиликаты
0003563.png	Примечания
0003564.png	Известные носители
0003565.png	Генетическая генеалогия
0003566.png	определение конкретных путей реализации требований Устава;
0003567.png	См. также
0003568.png	Генерал-губернатор (Италия):
0003569.png	Предки
0003570.png	Кфар-Эльдад ()
0003571.png	Состав группы
0003572.png	«Два богатыря» (1989, озвучил Павел Смеян)
0003573.png	Город Романов-Борисоглебск
0003574.png	Экономика
0003575.png	Национальный состав
0003576.png	Примечания
0003577.png	Другие названия праздника
0003578.png	Отделения гестапо на оккупированных территориях
0003579.png	Конец государства Канем-Борно
0003580.png	Русалка и Зелёная ночь (в соавторстве со Станиславом Буркиным)
0003581.png	136 км: Дусканья
0003582.png	Ссылки
0003583.png	Авария на Чернобыльской АЭС произошла, когда на часах было 23 минуты.
0003584.png	История музыки
0003585.png	Карпы (народ)
0003586.png	Боги по алфавиту
0003587.png	Хикикомори
0003588.png	Астрономическая осень наступает позже календарной:
0003589.png	Форма выпуска: таблетки по 0,25 г.
0003590.png	Географическое положение
0003591.png	Примечания
0003592.png	Версия 3.14.
0003593.png	Награды
0003594.png	Тропическое сельское хозяйство
0003595.png	лесоавиационные работы;
0003596.png	Общая ситуация на российском рынке электронной коммерции
0003597.png	Литература
0003598.png	Программное обеспечение
0003599.png	Битола, Северная Македония
0003600.png	Ссылки
0003601.png	Видеотерминалы
0003602.png	Телокактус
0003603.png	Менеджер паролей
0003604.png	В Сонковском районе 182 населённых пункта.
0003605.png	Этимология, история, мифология
0003606.png	7 февраля:
0003607.png	Ядерно-техническое обеспечение и безопасность:
0003608.png	Снежинка
0003609.png	Примечания
0003610.png	Андрей Федьков
0003611.png	Примечания
0003612.png	См. также: :Категория:Праздники 7 июня
0003613.png	Российская Федерация
0003614.png	См. также
0003615.png	«Пропеллер»
0003616.png	НАЧОУ ВПО «Современная гуманитарная академия» (ПФ);
0003617.png	Хранение
0003618.png	ВКФ в Москве (номинация «Первый приз среди комедий», 1958)
0003619.png	Профсоюзы
0003620.png	Источники
0003621.png	Примечания
0003622.png	Ссылки
0003623.png	Александр Радулов, российский хоккеист, двукратный чемпион мира (2008, 2009).
0003624.png	Наёмники Древней Греции
0003625.png	Крапивин Владислав Петрович в Электронной библиотеке тюменского писателя
0003626.png	Классификация высоковольтных выключателей
0003627.png	Вахмистр (16 мая 1793 года);
0003628.png	Жена: Екатерина Ивановна Зарина.
0003629.png	Метаболизм
0003630.png	проспект Наставников и улица Потапова
0003631.png	Славянофилы
0003632.png	Основные труды
0003633.png	В праздник вечером
0003634.png	Католицизм
0003635.png	вокруг этой трапеции можно описать окружность;
0003636.png	Медаль «В память 250-летия Ленинграда» (1957)
0003637.png	Религия
0003638.png	Радиус кривизны
0003639.png	Актуальная карта доступной для посещения территории острова
0003640.png	харачин
0003641.png	Физиология
0003642.png	Архивные кадры
0003643.png	Избранные психологические труды
0003644.png	И мы плывем, пылающею бездной
0003645.png	Международный колледж современных технологий
0003646.png	Французский орден Святого Духа ()
0003647.png	Скончались
0003648.png	Западный Буг
0003649.png	Население
0003650.png	Атмосфера Нептуна
0003651.png	Библиография
0003652.png	Князев Анатолий Борисович (1956) - заслуженный врач Российской Федерации
0003653.png	Роли в театре
0003654.png	1977 год.
0003655.png	Технический персонал
0003656.png	Приз «Золотая гитара» на фестивале в Сан-Ремо, Италия (1985).
0003657.png	Широкое развитие в мире получил детский конный спорт.
0003658.png	Реформация и контрреформация
0003659.png	Т. 5. Проза;
0003660.png	Люблин, Польша
0003661.png	Не оказался Жидом.
0003662.png	В качестве маршевых двигателей могут использоваться:
0003663.png	Чанша
0003664.png	М.: Детиздат ЦК ВЛКСМ, 1940. (Рис. К. Ротова)
0003665.png	Зоонозы
0003666.png	Посёлок пансионата «Южный»
0003667.png	Почётные граждане Гейдельберга
0003668.png	Департамент многостороннего экономического сотрудничества и специальных проектов
0003669.png	Литература
0003670.png	Кабальное холопство
0003671.png	Факультет философии
0003672.png	Проблема границ краеведения
0003673.png	Вечная память
0003674.png	На самом гребне перевала.
0003675.png	География
0003676.png	Ссылки
0003677.png	Цао Цзе (евнух), дворцовый евнух при ханьских императорах Шунь-ди.
0003678.png	Космические корабли серии «Союз»
0003679.png	Император Хэйдзэй, 51-й император Японии.
0003680.png	Список спецификаций
0003681.png	лёгкость перехода между частями речи;
0003682.png	Центральный банк как собственник
0003683.png	Танцы
0003684.png	После полётов
0003685.png	253 км: река Жиргода
0003686.png	Примечания
0003687.png	Новейшее время
0003688.png	Общественное устройство Древнего Рима
0003689.png	Преподаватели Национальной школы хартий
0003690.png	русский промышленник, меценат Вильгельм Столль.
0003691.png	Бельгийская литература
0003692.png	Теория гравитации Лесажа
0003693.png	Преподаватели Йенского университета
0003694.png	Должности Российской империи
0003695.png	Орден Почёта
0003696.png	Саксен-Кобург-Готский орден Эрнестинского дома 1-й ст.
0003697.png	Акафист Успению Пресвятой Богородицы
0003698.png	Флаги с изображением созвездий
0003699.png	два ордена Ленина (10.04.1945);
0003700.png	Городской сайт
0003701.png	Педагогическое значение
0003702.png	Военизированные организации Украины
0003703.png	См. также
0003704.png	Многочлены
0003705.png	Полное собрание русских летописей.
0003706.png	Этногенез румын
0003707.png	644 км: без названия
0003708.png	Дополнительные файловые фильтры;
0003709.png	Является главным антигероем фильма «Могила льва»
0003710.png	Кинотеатры
0003711.png	Чемпионы мира
0003712.png	Фарбер Яков Иосифович
0003713.png	Примечания
0003714.png	Эксплуатация и угнетение
0003715.png	Стандартная схема полёта РН «Протон-М» с РБ «Бриз-М»
0003716.png	Генерал-адмиралы (Российская империя)
0003717.png	Литература
0003718.png	Умершие от перитонита
0003719.png	Этиопатогенез
0003720.png	Отношения с Малайзией
0003721.png	Ссылки
0003722.png	Тензорные операции
0003723.png	Герб города
0003724.png	Геркулес (межорбитальный буксир)
0003725.png	технические средства.
0003726.png	Исламские философы
0003727.png	Газпром Арена
0003728.png	Библиография
0003729.png	Районная санитарно-эпидемиологическая станция;
0003730.png	четыре детских сада.
0003731.png	Сценаристы анимации
0003732.png	Ссылки
0003733.png	Отрезок обычно обозначается :
0003734.png	Митрополия
0003735.png	Гюльденштедт восклицал:
0003736.png	891 км: Елизаровка
0003737.png	Математические проблемы
0003738.png	Примечания
0003739.png	Примечания
0003740.png	Томография
0003741.png	Ярцевские Поляны-3, улица
0003742.png	Другие
0003743.png	В районе работает 85 учреждений культуры. Всего 22 народных коллектива.
0003744.png	Население
0003745.png	Филиал Московского социально-гуманитарного института (МГСГИ)
0003746.png	Реки Бранденбурга
0003747.png	Путешественники-исследователи
0003748.png	История
0003749.png	Видео
0003750.png	через ячейки памяти;
0003751.png	Фамилия
0003752.png	См. также
0003753.png	«Честь имею!» (1987)
0003754.png	Литература
0003755.png	Чукотско-камчатские (По версии С.А Старостина)
0003756.png	Православие
0003757.png	ангелы вокруг Трона Аллаха:
0003758.png	Спутник
0003759.png	Свято-Троицкий собор (Шарыпово)
0003760.png	Литература
0003761.png	Ульяновский моторный завод (УМЗ)
0003762.png	Литература
0003763.png	Лазерные материалы
0003764.png	Литература
0003765.png	Примечания
0003766.png	Аварин
0003767.png	Солигорск, Белоруссия
0003768.png	Медаль «50 лет Победы в Великой Отечественной войне 1941-1945 гг.»
0003769.png	Национальные
0003770.png	Описание
0003771.png	Шахматная школа (Курс лекций для шахматистов-разрядников) (1976)
0003772.png	Ранее существовало «АТМ» (Алчевское Телевидение Металлургов).
0003773.png	Полный список игроков ФК «Кубань», о которых есть статьи в Википедии, см. тут.
0003774.png	Выход
0003775.png	Образ Антония в культуре, искусстве и историографии
0003776.png	История
0003777.png	Российско-польские отношения
0003778.png	См. также
0003779.png	Биография
0003780.png	Режиссёр: Сергей Снежкин
0003781.png	Писательницы России
0003782.png	2-кратный обладатель Кубка СССР
0003783.png	Городской форум Ханты-Мансийска
0003784.png	Москвич (между улицами Ленина, Дружбы и Победы)
0003785.png	Города Древней Руси
0003786.png	Алексей Вронский
0003787.png	Генерал-майоры (Российская империя)
0003788.png	Упоминание Верховного Существа в документах Французской Революции ()
0003789.png	Биографические сведения  на сайте «Летопись Московского университета»
0003790.png	Родившиеся в Риме
0003791.png	Население
0003792.png	«Чайковцы»
0003793.png	Мультипликаторы СССР
0003794.png	Учреждена премия по экономике памяти Альфреда Нобеля (1969).
0003795.png	Писатели Франции
0003796.png	Хрущёвская оттепель
0003797.png	Признание и награды
0003798.png	Медальный зачёт
0003799.png	Минеральные ресурсы
0003800.png	По номенклатуре ЮНЕСКО биофизика является разделом биологии и имеет код 2406.
0003801.png	Социальная гигиена и организация здравоохранения
0003802.png	Судоходство
0003803.png	Похороненные на Евфросиньевском кладбище
0003804.png	Ссылки
0003805.png	Труды
0003806.png	Взрывное извержение вулкана Везувий.
0003807.png	Примечания
0003808.png	Мемуаристы Российской империи
0003809.png	Слюнин, «Промысловые богатства Камчатки, Сахалина, Командорских островов»;
0003810.png	Средняя температура:
0003811.png	Клинковое оружие
0003812.png	Литература
0003813.png	Литература
0003814.png	Китайская Народная Республика, до 1961
0003815.png	См. также: :Категория:Умершие в 1860 году
0003816.png	Структура и командование
0003817.png	Военное дело
0003818.png	Белорусско-литовские (западнорусские) летописи
0003819.png	Общая симптоматика характеризуется развитием интоксикационного синдрома:
0003820.png	Запись инициалей
0003821.png	Фобии
0003822.png	Гуманитарная помощь со стороны КНР
0003823.png	Достопримечательности
0003824.png	События
0003825.png	Улан-Удэ, Россия
0003826.png	Фрейд о гомосексуальности
0003827.png	Статьи
0003828.png	Системы торговли
0003829.png	Лёгкий наркотик разрешён по новым законам Голландии.
0003830.png	Флаг города Донецк
0003831.png	Расстрелянные в РСФСР
0003832.png	Центры художественного промысла
0003833.png	«Деяния Иоанна»
0003834.png	Приёмная дочь
0003835.png	три ТК подготовки КА и РН;
0003836.png	Примечания
0003837.png	УПА в Чехословакии
0003838.png	Ореоцереус
0003839.png	Технология пайки без припоя
0003840.png	Бенилюкс
0003841.png	Золотые пески становятся одним из главных курортов области
0003842.png	Последняя формула справедлива также для произвольных .
0003843.png	Культура
0003844.png	Чувашская мифология
0003845.png	принципы, определяющие основы землепользования;
0003846.png	Ссылки
0003847.png	Мачты
0003848.png	1-й Прибалтийский фронт
0003849.png	Музыканты
0003850.png	Скончались
0003851.png	День народного единства
0003852.png	телефильм «Борджиа» (, Великобритания, 1981), в роли Энн Луиз Ламберт.
0003853.png	Городища Краснодарского края
0003854.png	См. также
0003855.png	Коллекция
0003856.png	Соперники играют одновременно две партии на обычной шашечной доске:
0003857.png	Примечания
0003858.png	Метеорология
0003859.png	01.04.16 Физика атомного ядра и элементарных частиц
0003860.png	Санкт-Петербургский научный центр РАН
0003861.png	Карибский кризис 1962 года
0003862.png	Орден Святого Владимира 2-й ст. (06.12.1908);
0003863.png	Писатели по алфавиту
0003864.png	Субтропический пояс
0003865.png	Энергетика
0003866.png	Этимология
0003867.png	Ссылки
0003868.png	История
0003869.png	Первый полёт
0003870.png	Шанхай является городом-побратимом следующих городов:
0003871.png	Истории Бобруйской крепости в рубрике «В поисках утраченного»
0003872.png	Фторорганические соединения
0003873.png	Истрорумыны
0003874.png	ДОЛ Центра анимационной педагогики «Зеленая улица» (с. Боровое);
0003875.png	«Жаворонок» (из цикла «Прощание с Петербургом»)
0003876.png	Примечания
0003877.png	Автобусный транспорт
0003878.png	История
0003879.png	Для случая  она принимает простой вид
0003880.png	Ягуар
0003881.png	чжэнский гун прибыл в Цзинь с просьбой ввести в столицу чжоуского вана.
0003882.png	Сказки папируса Весткар
0003883.png	Ноябрьская улица
0003884.png	Творчество
0003885.png	Эндшпиль
0003886.png	Умирающие и воскресающие боги
0003887.png	Народные комиссары текстильной промышленности СССР
0003888.png	221 км: Атерь
0003889.png	Ссылки
0003890.png	Редакторы газет
0003891.png	Вифлеем, Палестинская автономия
0003892.png	Орбитальная станция «Мир» на российском астрономическом портале
0003893.png	Литература
0003894.png	История Армении
0003895.png	Функция перетарки (преобразования формы упаковки)
0003896.png	Вторичное костное небо, которое позволяет животному есть и дышать одновременно.
0003897.png	В честь горгоны Медузы назван астероид (149) Медуза, открытый в 1875 году.
0003898.png	Формула Лейбница для медианы тетраэдра;
0003899.png	Откуда уравнения движения:
0003900.png	Роман Абрамович, российский предприниматель и политик.
0003901.png	Самые большие известные простые близнецы:
0003902.png	Педагоги Германии
0003903.png	Имена по культуре
0003904.png	См. также
0003905.png	В еврокубках
0003906.png	В Казани Герою установлен бюст.
0003907.png	Население
0003908.png	Перезахороненные
0003909.png	«Летучая мышь» И. Штраус
0003910.png	Императоры Запада
0003911.png	Биография
0003912.png	Ссылки
0003913.png	Музыка
0003914.png	Комментарии
0003915.png	Литература
0003916.png	663 км: Медянка (пр)
0003917.png	29 августа
0003918.png	Преподаватели Высших курсов сценаристов и режиссёров
0003919.png	Аутсорсинг
0003920.png	История
0003921.png	Выпускники Военно-дипломатической академии
0003922.png	Ссылки
0003923.png	Китай
0003924.png	Винницкий троллейбус
0003925.png	Председатели Агентств Республики Казахстан
0003926.png	Женский гандбольный клуб «АГУ-Адыиф» (суперлига).
0003927.png	Источники
0003928.png	Примечания
0003929.png	Зимой в городе открываются два катка: на площади Ленина и в Парке Победы
0003930.png	Великая Отечественная война
0003931.png	Лесная улица
0003932.png	Размножение
0003933.png	Храм Сергия Радонежского на Куликовом поле
0003934.png	С 1968 по 2002 год директором музея был Георгий Бутиков.
0003935.png	Выпускники Гарвардского университета
0003936.png	Моряки Первой мировой войны (Германия)
0003937.png	Появились в 1963 году в СССР
0003938.png	Пуэрто-риканский испанский
0003939.png	Права человека
0003940.png	Компоненты полового возбуждения
0003941.png	Благодаря этим единицам, можно выделить пять групп сказок:
0003942.png	Ковариация двух независимых случайных величин  и  равна нулю.
0003943.png	Контовт (1441)
0003944.png	Стадия 4: расщепление фруктозо-1,6-бисфосфата
0003945.png	Сенаторы Российской империи
0003946.png	Физика сплошных сред
0003947.png	События
0003948.png	с. Чернышово: 12.Степанников Фёдор Евграфович
0003949.png	Религия
0003950.png	Второзаконие уделяет много внимания запрещённому Иошияху поклонению звёздам;
0003951.png	Профессора королевской академии Або
0003952.png	Поэтический язык
0003953.png	Основные партии (по результатам выборов в декабре 2010):
0003954.png	Чемпион мира: 1990
0003955.png	Новосёлов, Евгений Геннадиевич (08.10.2010, 969)
0003956.png	Аниме
0003957.png	4 апреля
0003958.png	Красногвардейский район образован в 1973 году из части Калининского района.
0003959.png	Происхождение названия
0003960.png	6 августа отмечается День независимости Ямайки.
0003961.png	Кристаллы кубической сингонии
0003962.png	Главнокомандующие Восточной армией (Великобритания)
0003963.png	Синагоги
0003964.png	Физика поверхности
0003965.png	Режим дозирования
0003966.png	Похороненные в Баварии
0003967.png	Состав биомассы Земли примерно таков:
0003968.png	Проектируется нефтеперерабатывающий завод мощностью до 150 тысяч тонн бензина.
0003969.png	См. также: :Категория:Умершие в 1978 году
0003970.png	детско-юношеский центр;
0003971.png	Официальные результаты выборов
0003972.png	История
0003973.png	Литература
0003974.png	Литература
0003975.png	Студийный микрофон;
0003976.png	О. Расинэ. Орнамент всех времен и стилей. Т. 1-2. М., Белый город, 2007, 719 с.
0003977.png	лактация (грудное вскармливание).
0003978.png	Средние величины
0003979.png	Приобретённый день
0003980.png	Символы города
0003981.png	Факты
0003982.png	7 января
0003983.png	Экономика
0003984.png	Светоний
0003985.png	Экология
0003986.png	грампластинка
0003987.png	Литература
0003988.png	Примечания
0003989.png	«Парусные корабли мира»
0003990.png	Выдающиеся натурфилософы
0003991.png	Документальный фильм Ипполог о МЗИК
0003992.png	Примечания
0003993.png	Лето 2023
0003994.png	прочее
0003995.png	Функции проблемного обучения
0003996.png	Главные редакторы «Морского сборника»
0003997.png	Выпускники 6-й Тифлисской мужской гимназии
0003998.png	Политика
0003999.png	Пражский зоопарк и ботанический сад с тропической оранжереей в Трое.
0004000.png	Творчество
0004001.png	-ет (для четырёхчленного цикла),
0004002.png	Лучший сценарий
0004003.png	Паулу Лукамба
0004004.png	Родились
0004005.png	Боги по алфавиту
0004006.png	Ссылки
0004007.png	«М.видео»
0004008.png	Пабло Пикассо (основатель кубизма): «Авиньонские девицы» (1907).
0004009.png	Урочище Ляпуниха
0004010.png	Деньги Руанды
0004011.png	Звание «Почётный гражданин Санкт-Петербурга» (2007 год).
0004012.png	Гинекологи Российской империи
0004013.png	Административно-территориальное устройство
0004014.png	Ссылки
0004015.png	Новая утопия
0004016.png	в частных случаях более низкая цена.
0004017.png	Ссылки
0004018.png	Бакинского государственного университета (2006)
0004019.png	Война Босин
0004020.png	Жилой дом, Хлебозаводская улица
0004021.png	Каталог федеральных и региональных трасс России
0004022.png	ББК В1 или 22.1
0004023.png	4 марта:
0004024.png	Инфанты Португалии
0004025.png	Ссылки
0004026.png	Примечания
0004027.png	Внутренняя политика
0004028.png	Возникновение
0004029.png	Местоимения имеют категории лица, числа и инклюзивности:
0004030.png	Геноцид черкесов
0004031.png	Учёные СССР
0004032.png	Ссылки
0004033.png	широкополосный доступ в Интернет,
0004034.png	Классификация
0004035.png	Послы Российской империи в Пруссии
0004036.png	От Пушкина к Чехову. М., 1997;
0004037.png	Выпускники Белорусской сельскохозяйственной академии
0004038.png	Утраченные церкви:
0004039.png	Ссылки
0004040.png	Прекращение поддержки
0004041.png	Музей Шпренгеля
0004042.png	Маркграфы Мейсена
0004043.png	Глинская
0004044.png	В будущем Малое Магелланово Облако будет поглощено нашей Галактикой.
0004045.png	Титул «Почётный гражданин города Одинцово» носят пять человек:
0004046.png	Обладатели Колдер Трофи
0004047.png	Мельница 1336 года (ныне жилой дом, ул. Партизанская)
0004048.png	Списки с икон Божией Матери: Владимирская, Боголюбская и Максимовская.
0004049.png	Источники:
0004050.png	Ссылки
0004051.png	Мино-Оварийская равнина (Япония)
0004052.png	Электронная плотность
0004053.png	Разработка криминалистических средств и методов борьбы с преступностью.
0004054.png	Искусство Тибета
0004055.png	Города-побратимы
0004056.png	Теория «текстового движения»
0004057.png	Исторические даты
0004058.png	КРИВИЧИ
0004059.png	Резонансные частоты ЯМР в металлах выше, чем в диамагнетиках (найтовский сдвиг).
0004060.png	Венгрия
0004061.png	Выпускники Оренбургского государственного педагогического университета
0004062.png	Учреждения культуры
0004063.png	Размер подсети фиксирован.
0004064.png	Применение
0004065.png	Обладатель Суперкубка Италии (5): 1988, 1992, 1993, 1994, 2004
0004066.png	Примеры
0004067.png	Волынский профессиональный колледж культуры и искусств имени Игоря Стравинского
0004068.png	Орден Звезды Иерусалима (Палестинская национальная администрация, 2014).
0004069.png	Памятники
0004070.png	Демографическая статистика с 1932 года
0004071.png	Киргизия
0004072.png	Компьютерное аппаратное обеспечение
0004073.png	В области расположены следующие крупные предприятия:
0004074.png	Примечания
0004075.png	Квебекское сепаратистское движение
0004076.png	Создание в Париже Центрального комитета республиканской национальной гвардии.
0004077.png	На Длугом Тарге находятся многие памятники эпохи Ренессанса:
0004078.png	Преподаватели МГИМО
0004079.png	Украинские
0004080.png	ОАО «АРКТИКГАЗ»,
0004081.png	Примечания
0004082.png	История
0004083.png	Латинские философы
0004084.png	ободочная кишка () с её подотделами:
0004085.png	Примечания
0004086.png	Кенафоуборочный комбайн
0004087.png	В 1940 году местные органы власти сохраняют лояльность режиму Виши во Франции.
0004088.png	Новый Коломенский мост
0004089.png	Основные работы
0004090.png	Центральный комитет КПК, состоящий из:
0004091.png	Культурные герои
0004092.png	Происхождение
0004093.png	Выпускники Университета Витовта Великого
0004094.png	География
0004095.png	Официальные и неофициальные названия токсикомании
0004096.png	Фонтаны
0004097.png	Окислительно-восстановительные реакции
0004098.png	Анархисты России
0004099.png	Доходы населения
0004100.png	Исторические области Армении
0004101.png	Второе правительство Фрадкова
0004102.png	Функционируют мебельный цех (на базе бывшего мехцеха) и пельменный цех.
0004103.png	Население
0004104.png	Чаще всего, выделяют следующие признаки:
0004105.png	6 августа 2012 года в честь Прокофьева назван кратер на Меркурии.
0004106.png	См. также
0004107.png	Опасность для окружающей среды
0004108.png	Социальный состав
0004109.png	Наука
0004110.png	Наука
0004111.png	Экономика
0004112.png	Экспрессионизм и фовизм
0004113.png	История и реконструкция Рабоче-Крестьянской Красной Армии
0004114.png	В советском законодательстве
0004115.png	Кентау. Город, похожий на призрак
0004116.png	Собрание сочинений В. Жуковского (различные изд.);
0004117.png	Формы государственного правления
0004118.png	79 км: Юга (правый)
0004119.png	Интервью Владислава Каськива
0004120.png	Наргис (наст. имя Фатима Абдул Рашид; ум. 1981), индийская киноактриса.
0004121.png	Североамериканские фондовые биржи
0004122.png	Вице-президенты Республики Абхазия
0004123.png	Король
0004124.png	Климат
0004125.png	ЧМК-Черняховский мясокомбинат (в мае 2014 года признан банкротом)
0004126.png	Киберготы
0004127.png	Литература
0004128.png	История компьютерных игр
0004129.png	Культурные герои
0004130.png	Ссылки
0004131.png	Цель управления проектом и успешность проекта
0004132.png	Скончались
0004133.png	Исполнение Карлоса Гарделя
0004134.png	Биография
0004135.png	Лужайки, где пляшут скворечники. Роман Безлюдных Пространств (1998)
0004136.png	Восстановление государственности в западном Картли и в Армении.
0004137.png	Награды и звания
0004138.png	город Сибай;
0004139.png	Прототип судьбы:
0004140.png	Баран-непомнящий (1885)
0004141.png	Успенский В. «Война с саламандрами» (первая постановка)
0004142.png	Сеннит из плетеного кокосового волокна в традиционном доме на Фиджи .
0004143.png	Обращение Георга Соэги к исследованиям Египта
0004144.png	Отрицательные оценки
0004145.png	1898 Омаха (США)
0004146.png	Литература
0004147.png	Домены второго уровня
0004148.png	Кроме того, в городе работают несколько частных клиник:
0004149.png	Фазово-контрастная микроскопия,
0004150.png	3 дочери
0004151.png	Ссылки
0004152.png	Национальные персонификации
0004153.png	Трансурановые элементы
0004154.png	Грузинский купон (купон лари)
0004155.png	Некоторые работы
0004156.png	Растворим в спиртах и эфирах. Ядовит.
0004157.png	См. также
0004158.png	Общеуниверситетские кафедры
0004159.png	Джон Кейдж (ум. 1992), американский композитор-авангардист.
0004160.png	Покраска башни
0004161.png	Управа района Измайлово
0004162.png	Бессимптомная стадия
0004163.png	Ротор Дарье
0004164.png	В современной Русской Православной Церкви
0004165.png	Местоимения
0004166.png	Биография
0004167.png	Сфера Римана
0004168.png	китайский квартал.
0004169.png	в то время как в самой точке функция обращается в нуль.
0004170.png	Музеи электротранспорта
0004171.png	Кубок «Русской классики»
0004172.png	Память
0004173.png	Адвокаты Индии
0004174.png	Академика Курчатова, площадь
0004175.png	В религиях
0004176.png	Генератор Чисел Бернулли
0004177.png	«Халт»
0004178.png	Фараон Псаммут.
0004179.png	23 декабря
0004180.png	Тепловентилятор
0004181.png	Модная фотография
0004182.png	См. также
0004183.png	Порядки величины (длина)
0004184.png	Награды
0004185.png	Планетология
0004186.png	15 марта 2022 года санкции против него были введены и Европейским союзом:
0004187.png	Химическая промышленность
0004188.png	Особенности гиперсенсибилизации:
0004189.png	Реки Вологды
0004190.png	См. также
0004191.png	Источники
0004192.png	Образование
0004193.png	Лучший футболист России по версии «Спорт-Экспресс»: 1998, 2000
0004194.png	Заслуженный профессор МГУ
0004195.png	Преобразователи:
0004196.png	Примечания
0004197.png	Камбоджа
0004198.png	А. С. Шварц, Род расслоённого пространства, Тр. ММО (1962) 11, 99--126 ГИФМЛ
0004199.png	Митрофаниевское кладбище;
0004200.png	бисопролол
0004201.png	Периодика
0004202.png	Патологические состояния диагностируемые в сперматограмме включают:
0004203.png	Констанцский собор
0004204.png	Лютеранство
0004205.png	Опубликовал:
0004206.png	Топологические пространства функций
0004207.png	Жёны и дети
0004208.png	Философы по алфавиту
0004209.png	Медики Российской империи
0004210.png	Комментарии
0004211.png	Литература
0004212.png	Члены Совета при Президенте РФ по культуре и искусству
0004213.png	Козловка в энциклопедии «Мой город»
0004214.png	Технологический университет Таджикистана
0004215.png	Умершие от сепсиса
0004216.png	Награды иностранных государств
0004217.png	Архангельский
0004218.png	Гражданская война в Сальвадоре
0004219.png	Семья
0004220.png	Примечания
0004221.png	Применение в медицине
0004222.png	Почётные граждане Милана
0004223.png	Эгоцентризм
0004224.png	Литература
0004225.png	Сексуальность человека
0004226.png	Компьютерный юмор
0004227.png	1904 Сент-Луис (США)
0004228.png	См. также
0004229.png	Горловой мешок большой, сильно растягивающийся.
0004230.png	Мозаики и фрески Софии Киевской. Фотоальбом. Киев, Мистецтво, 1975.
0004231.png	Первый пилотируемый облёт Луны.
0004232.png	Компании, торговые марки
0004233.png	Международный университет Астана
0004234.png	Болезнь Пейрони
0004235.png	Большой крест ордена Возрождения Польши (1984).
0004236.png	Намеченные места посещения
0004237.png	Преподобные Русской Церкви
0004238.png	Историческая справка по Костроме и Костромской области
0004239.png	Датировка и история написания Вед
0004240.png	Дно песчаное, плавно уходящее в глубину.
0004241.png	Зефир (ветер)
0004242.png	Доказательство
0004243.png	Научная деятельность
0004244.png	Член Парламента
0004245.png	Философский пессимизм
0004246.png	Нефть
0004247.png	См. также
0004248.png	Ссылки
0004249.png	Олли Йокинен, финский хоккеист, трёхкратный призёр Олимпийских игр.
0004250.png	Рогожская Застава, площадь
0004251.png	Идрисиды в Фесе
0004252.png	М. Заньковецкой в г. Нежине (1993)
0004253.png	Даосизм
0004254.png	Города Белгородской черты
0004255.png	Айшварья Рай, индийская актриса.
0004256.png	Биография
0004257.png	Просветители
0004258.png	Городской драматический театр «Галёрка»
0004259.png	Кинокомедии 1988 года
0004260.png	Примечания
0004261.png	Первая поездка в США
0004262.png	Типы шкал
0004263.png	Ингушский государственный драматический театр,
0004264.png	Медный.
0004265.png	Действительные тайные советники
0004266.png	память благоверного царевича Димитрия, Угличского и Московского (1591);
0004267.png	Численность, динамика, возрастная и гендерная структура
0004268.png	Ядерная химическая технология
0004269.png	Турнир, посвящённый Дню образования Тюменской области (2): 2018, 2021
0004270.png	После НАСА
0004271.png	Орден Трудового Красного Знамени (27.06.1956)
0004272.png	Капитан (14 апреля 1793 года);
0004273.png	Фильмография
0004274.png	ООО «Манометр» (производство приборов давления)
0004275.png	Сотовая связь
0004276.png	Именем писателя названы:
0004277.png	Греческие философские термины
0004278.png	подземные воды
0004279.png	Примечания
0004280.png	Юрий Ковтун
0004281.png	Внеземная жизнь
0004282.png	Персоналии:Театр «Ленком»
0004283.png	«» (документальный телефильм, США, 2013).
0004284.png	Протрептик
0004285.png	Поддержка
0004286.png	Чаще всего «парадокс» формулируется следующим образом:
0004287.png	Реки Эстремадуры
0004288.png	Театр-студия «Человек»
0004289.png	Ссылки
0004290.png	«Первая корзина», или политико-военное измерение:
0004291.png	Портнягин, Денис Олегович (08.12.2017)
0004292.png	Цемесская роща
0004293.png	Источники
0004294.png	История монастыря до 1744 года
0004295.png	История
0004296.png	Гражданская война в США
0004297.png	Текст молитвы
0004298.png	иностранные:
0004299.png	Литература
0004300.png	Католическая церковь празднует именины 4 июля и 22 февраля.
0004301.png	«Три миссии университета»
0004302.png	Гномы
0004303.png	Трансгуманизм
0004304.png	Октябрьская ЖД Московское 611 км дорога, проезд
0004305.png	Биология
0004306.png	Специальный диплом ежегодной художественной премии «Петрополь» (2020)
0004307.png	память праведного Филарета Милостивого (792);
0004308.png	2-местные (встречаются чаще всего)
0004309.png	См. также
0004310.png	См. также
0004311.png	Месторождения
0004312.png	Основание города Коломбо на Шри Ланке (Цейлоне).
0004313.png	Причины завершения процесса:
0004314.png	1813 год
0004315.png	Сайт Яльчикского сельского поселения
0004316.png	(Палермо, Италия)
0004317.png	Аффинная длина графика  функции  задаётся как
0004318.png	Сайты США
0004319.png	андрология,
0004320.png	Цитаты о помещиках
0004321.png	Примечания
0004322.png	Уигхарт становится архиепископом Кентерберийским.
0004323.png	Латиноамериканская кухня
0004324.png	6-я серия
0004325.png	Примечания
0004326.png	Яблоко
0004327.png	архонт-эпоним Эвэнет в Афинах
0004328.png	Русские мужские имена
0004329.png	Ссылки
0004330.png	Изменение устья
0004331.png	не существует инъективного отображения  во множество натуральных чисел ;
0004332.png	Издатель «Тайной истории» Прокопия (Юрьев, 1899).
0004333.png	Ссылки
0004334.png	В Саратове есть 87-я гимназия имени 13-й гвардейской дивизии генерала Родимцева.
0004335.png	Внешность
0004336.png	Герой Лентул
0004337.png	ООО «Дмитровтеплосервис» (котельные города и района)
0004338.png	И выпотрошит из тебя всё нутро,
0004339.png	Биоинженерия
0004340.png	Рок-группы России
0004341.png	Энергия
0004342.png	за сокращение числа субъектов России до 40 и переквалификацию их в губернии
0004343.png	Примечания
0004344.png	Смоленская областная филармония.
0004345.png	Крис Эверт
0004346.png	лёгкая промышленность:
0004347.png	Панорамы города Подольска
0004348.png	Источники в структуре ООН
0004349.png	Природные ресурсы
0004350.png	31 марта
0004351.png	-- Теперь сложение таблиц - корректная операция
0004352.png	Литература
0004353.png	За всё время своего существования Агентством реструктуризирован 21 банк.
0004354.png	Реки, впадающие в Ботнический залив
0004355.png	Соло-гитаристы
0004356.png	Распад Австро-Венгерской Империи (1918)
0004357.png	Продолжительность
0004358.png	Полёты
0004359.png	Шостак, Джек
0004360.png	Задар, Хорватия (2018)
0004361.png	Клеанф первым из стоиков обратился к Гераклиту.
0004362.png	Торжественно открыт Беломорканал.
0004363.png	Просодия
0004364.png	Рыбное хозяйство
0004365.png	Примечание 3 к классам: Классы пишутся сразу после обозначения вредных веществ.
0004366.png	Скончались
0004367.png	Быкова, Людмила Всеволодовна (2003)
0004368.png	Совет народных депутатов
0004369.png	Флажолет (приём игры в музыке)
0004370.png	Общепринятые сокращения
0004371.png	Ссылки
0004372.png	Предки
0004373.png	Графит как золотосодержащее сырьё
0004374.png	Образование
0004375.png	Татьяна Вечеслова (ум. 1991), балерина, народная артистка РСФСР.
0004376.png	Личная жизнь
0004377.png	Столицы, не являющиеся местом пребывания высших органов власти
0004378.png	Служба Ивану Грозному.
0004379.png	Писатели славянского фэнтези
0004380.png	ОАО «АРКТИКГАЗ»,
0004381.png	Россия
0004382.png	Статистика и описание
0004383.png	История вопроса об антропогенезе
0004384.png	Медаль «50 лет Вооружённых Сил СССР»
0004385.png	Первооткрыватели спутников планет Солнечной системы
0004386.png	Знамя труда
0004387.png	Переднеазиатский;
0004388.png	способ оценки на основе постоянного роста дивидендов;
0004389.png	Похороненные на Даниловском мусульманском кладбище
0004390.png	История
0004391.png	Вахдат-3
0004392.png	Государства в истории Казахстана
0004393.png	Байкал. Комплект из 12 открыток. Москва, Советский художник, 21.02.1967.
0004394.png	В России
0004395.png	Конструкторы ракетно-космических систем
0004396.png	Примечания
0004397.png	Награждённые Золотой медалью Конгресса
0004398.png	Доминиканцы Германии
0004399.png	сфероиды (каменные ядра).
0004400.png	Растворы электролитов
0004401.png	Международные
0004402.png	См. также
0004403.png	Состав муниципалитета
0004404.png	В разное время Троице-Сергиевой лавре принадлежало несколько скитов и подворий:
0004405.png	литературная премия губернатора Свердловской области (1999)
0004406.png	Персоналии по алфавиту
0004407.png	Колоннада Аполлона
0004408.png	7 июня
0004409.png	Твой Бежецк (группа ВКонтакте)
0004410.png	Наиболее известные фантастические произведения
0004411.png	См. также
0004412.png	Причины возникновения
0004413.png	Влияние мирового финансового кризиса 2008 года на экономику города
0004414.png	Дмитрий Мережковский
0004415.png	Каскадирование и банки фильтров
0004416.png	Премия «Ника» в номинации «Честь и достоинство» за 2006 год
0004417.png	Второй (суборбитальный) полёт
0004418.png	Красноярский речной порт,
0004419.png	Генетика
0004420.png	Октябрьская улица
0004421.png	«Сочинения», 2001. Сборник. М., Локид-Пресс
0004422.png	Гуманисты Италии
0004423.png	Символика
0004424.png	Достопримечательности
0004425.png	Губерния 33
0004426.png	Награды, появившиеся в 2003 году
0004427.png	Статистический сборник итогов Всероссийской переписи населения 2010
0004428.png	Персоналии:Брест
0004429.png	Метилфенидат может вызывать привыкание.
0004430.png	ЗАО «Заволжский завод гусеничных тягачей»;
0004431.png	Электрон
0004432.png	Критика
0004433.png	Звуковой барьер
0004434.png	Реки в России
0004435.png	простота тегирования может привести к плохо применённым тегам
0004436.png	Обер-кригскомиссар (31.12.1759)
0004437.png	Ватикан, Монако, Сан-Марино
0004438.png	Языки функционального программирования
0004439.png	Принт-серверы
0004440.png	Пример
0004441.png	Измайловский полк  на сайте Вдоль Фонтанки-реки: гвардия в Петербурге
0004442.png	Ботаническое описание
0004443.png	Александр Строев, российский актёр театра и кино, заслуженный артист России.
0004444.png	Является ярой болельщицей клуба Арсенал.
0004445.png	Биография
0004446.png	Собор Святого Вардана (армянская апостольская церковь)
0004447.png	Союз ТМ-6
0004448.png	1871 год. Оба Мекленбурга входят в состав Второго Рейха.
0004449.png	Родились
0004450.png	Несколько лет, в 1820-х годах, Гааз преподавал в Медико-хирургической академии.
0004451.png	Города Согда
0004452.png	Революционеры Франции
0004453.png	По иным основаниям
0004454.png	Религиозные
0004455.png	Образование
0004456.png	История
0004457.png	Реформы правописания
0004458.png	Нарва, Эстония
0004459.png	Братьев Бромлей, улица
0004460.png	Скончались
0004461.png	Объективная реальность
0004462.png	Примечания
0004463.png	Литература
0004464.png	Депутаты Верховного Совета Литовской ССР 12-го созыва
0004465.png	Авторство
0004466.png	Подтекст
0004467.png	Муравьи и человек
0004468.png	Переводы сочинений на русский язык
0004469.png	22 ноября
0004470.png	Ссылки
0004471.png	Российская империя
0004472.png	Россия
0004473.png	Интервью
0004474.png	Как полный квадрат гауссовых целых
0004475.png	События
0004476.png	Информационная безопасность
0004477.png	Литература
0004478.png	Примечания
0004479.png	Тепловое излучение
0004480.png	Академики Болгарской академии наук
0004481.png	См. также Тонатиу.
0004482.png	Городище Унсатрапис (на месте замка Инстербург)
0004483.png	Русский перевод:
0004484.png	Памятник погибшим во время блокады Ленинграда.
0004485.png	Василий Калинов
0004486.png	Архитектура
0004487.png	Посольство из Кахети в Москве. Представляло также Имерети, Гурию и Менгрелию.
0004488.png	Великобритания
0004489.png	Внешняя политика
0004490.png	Исторические
0004491.png	туя складчатая.
0004492.png	Книга первая. Хронометр (Остров Святой Елены)
0004493.png	Среднее геометрическое взвешенное.
0004494.png	6-й год по эре правления луского князя Инь-гуна.
0004495.png	Тель-Авив (), Израиль
0004496.png	Преподаватели Смоленского государственного университета
0004497.png	Субстратные явления
0004498.png	Троцкисты Мексики
0004499.png	Полиамиды
0004500.png	Комментарии
0004501.png	булагаты
0004502.png	Ирина Архипова (р. 1925), оперная певица, народная артистка СССР.
0004503.png	Различия в орфографии и транскрипции на русском языке
0004504.png	Эллинистическое искусство
0004505.png	Морская экспедиция монголов из Кантона к Виджайе, столице Чампы.
0004506.png	Туризм и рекреационный бизнес
0004507.png	3-я Валуевская улица (деревня Верхнее Валуево)
0004508.png	Башня.
0004509.png	Примечания
0004510.png	язык ваи (Сьерра-Леоне)
0004511.png	Символ семёрки
0004512.png	География Таймырского Долгано-Ненецкого района
0004513.png	Хронология путешествия
0004514.png	Памятник Курманжан-датки
0004515.png	Вхождение сленга в язык
0004516.png	память преподобного Антония Оптинского (1865);
0004517.png	Противоположная теорема;
0004518.png	Культ
0004519.png	Утрехтский мирный договор
0004520.png	Органы местного самоуправления
0004521.png	К механическим музыкальным инструментам относятся шарманка, карильон.
0004522.png	Ссылки
0004523.png	Улетели (1916).
0004524.png	Лариса Хавкина, «Комсомольская правда»:
0004525.png	Литература
0004526.png	Санкции
0004527.png	Медаль Короля
0004528.png	Словари
0004529.png	Ввиду отсутствия письменных памятников восстанавливается компаративистикой.
0004530.png	Абсолютная истина
0004531.png	Фёдор Черенков
0004532.png	35. Вецдаугава,
0004533.png	Выпускники Военной академии Генерального штаба
0004534.png	Анна Самохина, советская и российская актриса театра и кино, певица (ум. 2010).
0004535.png	Взаимоотношения
0004536.png	55 км: Бетька (пр)
0004537.png	Абулхайр-хан, Шейбани-хан и Тимуриды
0004538.png	См. также
0004539.png	Лауреаты Международной премии по фантастике
0004540.png	Премьер-министры Малайзии
0004541.png	4 июня
0004542.png	Антивозрастные вещества
0004543.png	Факультет информационных технологий и программирования
0004544.png	Реки районов республиканского подчинения Таджикистана
0004545.png	Похороненные на Новодевичьем кладбище
0004546.png	«Интер» (2003)
0004547.png	Миссисипи
0004548.png	А1: бензол;
0004549.png	Почётные доктора Вестфальского университета имени Вильгельма
0004550.png	Фотиния Самарянка
0004551.png	Примечания
0004552.png	Церковь Параскевы Пятницы (1772)
0004553.png	Чемпионат мира 1994
0004554.png	Население
0004555.png	Парочка (, 1843)
0004556.png	Эпидемиология
0004557.png	Виваха
0004558.png	Персоналии:Выборг
0004559.png	Таджикцемент
0004560.png	Перенос краски
0004561.png	См. также
0004562.png	Мишель Фуко (ум. 1984), французский философ, историк культуры.
0004563.png	«Опыты и наблюдения» (1844)
0004564.png	альфа-распада;
0004565.png	Звание Героя Украины
0004566.png	Саксонский фельдмаршал
0004567.png	Но когда на Введение оттепель, то говорили:
0004568.png	Примечания
0004569.png	Хорезмийцы
0004570.png	Банки
0004571.png	Слависты России
0004572.png	Примечания
0004573.png	Второй немаловажной достопримечательностью является здание Виндзорской ратуши.
0004574.png	Позиция ЕСПЧ по правам человека является явно устаревшей;
0004575.png	Общественная и политическая деятельность
0004576.png	День рождения (2012)
0004577.png	Высоковская волость (создана в 1896 году)
0004578.png	Историко-художественный музей (ул. Ванеева, д. 5 «А»).
0004579.png	См. также: :Категория:Умершие в 859 году
0004580.png	1986 Ванкувер (Канада)
0004581.png	Статьи о А. Горкине
0004582.png	Политическая история
0004583.png	Комментарии
0004584.png	События
0004585.png	Список интегралов от логарифмических функций
0004586.png	Словарь и разговорник языка дроу
0004587.png	Методы измерения АД и возрастные нормы у детей
0004588.png	См. также
0004589.png	Преонное дегенеративное состояние материи
0004590.png	Критика
0004591.png	Образ жизни
0004592.png	Сенатская комиссия в Греции вступилась за спартанцев. Волнения в Коринфе.
0004593.png	Примечания
0004594.png	Районные центры Вологодской области
0004595.png	Глэм-метал-группы США
0004596.png	Военно-морские силы
0004597.png	Территориальное устройство
0004598.png	Строительство Пон-дю-Гара в Ниме (Галлия).
0004599.png	также
0004600.png	Использование мелодии
0004601.png	См. также
0004602.png	Проект «Кислород»
0004603.png	Культура
0004604.png	Население
0004605.png	День памяти и скорби
0004606.png	Конные
0004607.png	колоннада;
0004608.png	Из сборника «Гранатовый домик» (1891):
0004609.png	«Испытание»
0004610.png	Примечания
0004611.png	Транспортная улица (Москва) (на границе с Люберцами?)
0004612.png	По характеру движения ценных бумаг (первичный, вторичный).
0004613.png	Индивидуалистический анархизм
0004614.png	Примечания
0004615.png	«Власть страха»  (США) Филиппа Нойса)
0004616.png	Комментарии
0004617.png	Кубок Президента Республики Татарстан по спортивному и боевому самбо
0004618.png	Военный крест (Франция, 1944)
0004619.png	Приказ о запрете непосредственного обращения норвежцев к королю Дании.
0004620.png	Переводил стихотворения Хафиза и Виктора Гюго.
0004621.png	Херсонская телебашня
0004622.png	Родились
0004623.png	Норби спускается на Землю (1988)
0004624.png	Генерал-адъютанты (Российская империя)
0004625.png	Автобусное сообщение
0004626.png	Открытки на темы флоры и фауны.
0004627.png	Достопримечательности
0004628.png	1 Философия. Психология
0004629.png	Брянский кооперативный техникум;
0004630.png	Средняя Азия
0004631.png	Топонимы
0004632.png	12-е треугольное число.
0004633.png	Рок-группы СССР
0004634.png	Консулы Флавий Константин и Флавий Руф.
0004635.png	Танах с несколькими еврейскими апокрифами
0004636.png	Театр
0004637.png	ЦИММЕРМАН Аполлон Эрнестович
0004638.png	Центробежное ускорение
0004639.png	Награды
0004640.png	История создания надсата
0004641.png	Ратлам
0004642.png	Эпоха раннего средневековья
0004643.png	Горный (пеший) туризм
0004644.png	События
0004645.png	Странами Антанты признаны Латвия, Литва и Эстония.
0004646.png	Русские эмигранты пятой волны в Швейцарии
0004647.png	В химии
0004648.png	Награды
0004649.png	Сложные системы могут быть вложенными
0004650.png	Завершение карьеры
0004651.png	Лауреаты Нобелевской премии из США
0004652.png	Метод науки
0004653.png	Международные общества
0004654.png	Цитаты о тщеславии святых Отцов.
0004655.png	Дмитрий Савкин
0004656.png	Автогонщики Новой Зеландии
0004657.png	Борьба за центр в Полуоткрытых началах может принимать различные формы.
0004658.png	Трёхмерные дефекты
0004659.png	Методы лечения
0004660.png	Официальный сайт Европейского Центробанка. Монеты евро Португалии
0004661.png	Память
0004662.png	Исследования
0004663.png	Ливия
0004664.png	заболевания всего организма;
0004665.png	Смутное время
0004666.png	Дагестанский музей изобразительных искусств имени П. С. Гамзатовой
0004667.png	поля скорости, если рассматривается уравнение Стокса;
0004668.png	События
0004669.png	Баур много работал в инженерных областях:
0004670.png	Железнодорожные
0004671.png	Языковы
0004672.png	Похороненные в Киево-Печерской лавре
0004673.png	Сандуновский переулок
0004674.png	Иностранные члены Саксонской академии наук
0004675.png	Премия имени И. М. Губкина
0004676.png	Правители Ангальт-Кётена
0004677.png	Примечания
0004678.png	Галерея
0004679.png	Показания
0004680.png	Писатели Москвы
0004681.png	Институт военно-технического образования (ИВТОБ )
0004682.png	Высоцкий. Спасибо, что живой
0004683.png	Сирийский
0004684.png	индивида,
0004685.png	Экономика
0004686.png	Литература
0004687.png	Шестидесятники
0004688.png	Ссылки
0004689.png	СПК «Николаевский»,
0004690.png	в Осло с Нобелевской речью выступил Михаил Горбачёв.
0004691.png	Преподаватели Главного педагогического института
0004692.png	Трезвучия
0004693.png	Музыкальная школа
0004694.png	Маккавеи
0004695.png	Почётные доктора Университета Конкордия
0004696.png	Лауреаты премии «Хрустальная Турандот»
0004697.png	Калужское шоссе
0004698.png	Насилие над женщинами
0004699.png	Россия и США подписали соглашение о строительстве МКС.
0004700.png	Сравнительная таблица основных параметров планет и карликовых планет
0004701.png	Оборона Гирсово
0004702.png	Офшорные зоны для Казахстана
0004703.png	Принимал активное участие в разработке плана и подготовке:
0004704.png	Экранизации
0004705.png	Командующие Тихоокеанским флотом
0004706.png	Похороненные на Введенском кладбище
0004707.png	гепатолентикулярная дегенерация
0004708.png	Сущёвский Вал
0004709.png	Этиопатогенез
0004710.png	Игроки-рекордсмены
0004711.png	Споры по поводу географических названий
0004712.png	Фильмы
0004713.png	Примечания
0004714.png	История создания
0004715.png	Терско-Малкинский (Кабардино-Балкария, в том числе г. Майский и Прохладный)
0004716.png	Потомки:
0004717.png	Примечания
0004718.png	Ислам
0004719.png	Ивангородская крепость
0004720.png	В металлургии для производства чистых металлов: титана, олова, тантала, ниобия.
0004721.png	Суворовский проспект
0004722.png	московский областной медицинский колледж,
0004723.png	Праздники и памятные дни
0004724.png	Критика и оценки диалектики
0004725.png	Кодекс Хаммурапи (Вавилон).
0004726.png	Патогенез и патогистология
0004727.png	Достопримечательности
0004728.png	Шуйский городской социально-культурный комплекс
0004729.png	Сочинения
0004730.png	Харима-Нада (Харимское море)
0004731.png	Синтезированные химические элементы
0004732.png	Магеллан
0004733.png	Основные периодические издания
0004734.png	Мировая линия
0004735.png	Образование в России
0004736.png	Химико-термическая обработка сталей
0004737.png	История возникновения
0004738.png	Прямоугольная система координат на плоскости
0004739.png	Чемпион Аргентины: Метрополитано 1981
0004740.png	Современные эфирные радиостанции:
0004741.png	Населённые пункты
0004742.png	Государственно-политическое устройство
0004743.png	Обер-прокуроры Святейшего правительствующего синода
0004744.png	Упадок Детройта
0004745.png	Междугородный транспорт
0004746.png	Названия
0004747.png	Этимология и использование терминов
0004748.png	Городская администрация
0004749.png	Вормсский конкордат и его значение
0004750.png	Центры субъектов федерации: Владимир, Рязань, Москва.
0004751.png	Национальные символы
0004752.png	Люберецкий комбинат строительных материалов и конструкций
0004753.png	Исторические области Ирана
0004754.png	локомотивное депо
0004755.png	Ботаническое описание
0004756.png	Императорский Московский университет
0004757.png	История символов химических элементов
0004758.png	Известные уроженцы города
0004759.png	С 1936 года Балашов в составе Саратовской области.
0004760.png	Побочные эффекты и лекарственное взаимодействие
0004761.png	Выпускники Оксфордского университета
0004762.png	Храм святого Алексия (санаторий «Ключики»);
0004763.png	Хири-моту
0004764.png	Промышленность
0004765.png	Велодвижение
0004766.png	Владимирский храм;
0004767.png	микротрещины, царапины;
0004768.png	Примечания
0004769.png	Художники-педагоги
0004770.png	Город Тырново (Болгария) захвачен турками.
0004771.png	В 2012 году была ликвидирована текстильная фабрика (КУПП «Виттекс»).
0004772.png	Программистский сленг
0004773.png	В 9 луне сунский сановник Цзы Ай бежал в Лу.
0004774.png	Почётные звания:
0004775.png	Бывшие субъекты Российской Федерации
0004776.png	Остзейское дворянство
0004777.png	Участники записи
0004778.png	4 июня:
0004779.png	Авторы Православной богословской энциклопедии
0004780.png	Отражатель
0004781.png	Ссылки
0004782.png	Академическая гребля
0004783.png	Жилище
0004784.png	Исследование Сатурна
0004785.png	Преподаватели Санкт-Петербургского государственного университета
0004786.png	Среднее образование
0004787.png	Читинский и Петровск-Забайкальский (с 25 декабря 2014)
0004788.png	Ссылки
0004789.png	Биологическая роль и воздействие на организм
0004790.png	Лорды-наместники Ирландии
0004791.png	«Дюна: Леди Каладана» (2021)
0004792.png	География и экология
0004793.png	Посёлок Лобня. Город Лобня
0004794.png	Литература
0004795.png	Память
0004796.png	Фольклор
0004797.png	Шкаторины
0004798.png	Железный крест 2-го класса (1918, Германия (Пруссия))
0004799.png	Азербайджан
0004800.png	Фотографии Юпитера
0004801.png	Литература
0004802.png	Декартовы координаты
0004803.png	Память святой Каталины Томас;
0004804.png	Абу Бакр аль-Багдади, лидер террористической организации Исламское государство.
0004805.png	Примечания
0004806.png	Рубцовский медицинский колледж;
0004807.png	Ссылки
0004808.png	Литература
0004809.png	Новый Южный Уэльс (Австралия)
0004810.png	1229 км: Бугарикта
0004811.png	Гранж
0004812.png	урочище «Чермжа»;
0004813.png	английского языка и литературы;
0004814.png	Чины и звания
0004815.png	Дух всюду сущий и единый,
0004816.png	Может производить эмерджентные явления
0004817.png	детско-юношеская спортивная школа,
0004818.png	Трансовое расстройство
0004819.png	Сенполия (узамбарская фиалка)
0004820.png	Казнённые во Вторую мировую войну
0004821.png	Денотация
0004822.png	Графы Орловские (Италия)
0004823.png	Художественные фильмы
0004824.png	Хемоинформатика
0004825.png	Мероприятия, регулярно проводимые с 1973 года
0004826.png	Ссылки
0004827.png	Курский соловей;
0004828.png	Россия
0004829.png	Список учебных заведений профессионального образования Ярославской области
0004830.png	См. также
0004831.png	Консулы Марк Эмилий Лепид (патриций) и Гай Попилий Ленат (плебей).
0004832.png	Противопоказания
0004833.png	Кодирование числами
0004834.png	См. также
0004835.png	Архимандриты Русской православной церкви
0004836.png	Литература
0004837.png	Медики России
0004838.png	Священные города христианства
0004839.png	Понятия и термины в Библии
0004840.png	Примечания
0004841.png	Предыстория
0004842.png	Хакеры
0004843.png	Сценарии, определённые в рамках групповой политики
0004844.png	Гамильтонова система
0004845.png	Малая Грузинская улица
0004846.png	Депутаты Государственной думы Российской Федерации от одномандатных округов
0004847.png	Виды артефактов:
0004848.png	Примечания
0004849.png	Проведение военно-морских парадов определяется корабельными Уставами.
0004850.png	Мост в деревне Гать
0004851.png	Рекомендуемые учебники
0004852.png	Инерциальная система отсчёта
0004853.png	Гри-гри (талисман)
0004854.png	Архив Пасхальных яиц
0004855.png	Русские женские имена
0004856.png	Гражданская казнь
0004857.png	История
0004858.png	Рюриковичи по алфавиту
0004859.png	Сферы использования заимствований
0004860.png	Римская республика
0004861.png	Распад гуннской державы.
0004862.png	Акмеизм
0004863.png	Банковский сектор
0004864.png	Влияние и наследие
0004865.png	Гербы с изображением хлопчатника
0004866.png	См. также
0004867.png	Персоналии:Таганрог
0004868.png	См. также
0004869.png	См. также
0004870.png	Немецкие войска заняли Лиепаю.
0004871.png	Исследователи Африки
0004872.png	Автомобильные номера Ивано-Франковской области УССР
0004873.png	Мика Хаккинен, финский автогонщик, двукратный чемпион «Формулы-1».
0004874.png	Ария Барейкис, американская актриса.
0004875.png	Люди, связанные с городом
0004876.png	Примечания
0004877.png	Происхождение и образование
0004878.png	Новое направление
0004879.png	Выпускники Полтавской гимназии
0004880.png	Примечания
0004881.png	Остаточное тепловыделение
0004882.png	Экономика
0004883.png	Символика
0004884.png	: Цзинань
0004885.png	Гимнастика:
0004886.png	рефал-переменные одного из нескольких предопределённых типов;
0004887.png	Умершие в 132 году до н. э.
0004888.png	Топоним
0004889.png	Примечания
0004890.png	Летом в Цао был убит некий сановник.
0004891.png	Деменция
0004892.png	Фоторяд
0004893.png	Города Шёлкового пути
0004894.png	Биография
0004895.png	Сторонники ненасилия
0004896.png	Работы, опубликованные Линнеем в Нидерландах
0004897.png	Медаль «10 лет Комитета по делам воинов-интернационалистов» (2003)
0004898.png	Биография
0004899.png	2020-е
0004900.png	расстройства питания
0004901.png	Древнееврейские
0004902.png	Падение и трансформация авторитарных режимов
0004903.png	См. также: :Категория:Умершие 11 марта
0004904.png	Появились в 1966 году в СССР
0004905.png	Площади
0004906.png	Классификация монсеньоров
0004907.png	Леонора (1393)
0004908.png	Примечания
0004909.png	В популярной культуре
0004910.png	Лауреат премии МВД России (1997)
0004911.png	Происхождение
0004912.png	Волчий перекат, 1913
0004913.png	фильмы: «Кето и Котэ», «Иные нынче времена»;
0004914.png	Задачи криминалистики
0004915.png	В состав Северной Америки включают также многочисленные острова: Гренландия,
0004916.png	Природа
0004917.png	Литература
0004918.png	Ссылки
0004919.png	Америка
0004920.png	Баба-Тонка
0004921.png	4. «Остров» (часть города между текущим и пересохшим руслом реки Медведицы);
0004922.png	Литература
0004923.png	Арханг
0004924.png	торговый центр «Абсолют»;
0004925.png	Характер государственности русских земель
0004926.png	Боги опьянения
0004927.png	Президенты Всемирного банка
0004928.png	Биткул
0004929.png	В Новгороде обнаружена первая берестяная грамота.
0004930.png	В еврокубках
0004931.png	В литературе, философии и музыке
0004932.png	Петрушевский Д. М. Общество и государство у Гомера. М., 1913.
0004933.png	Сражения Наполеоновских войн
0004934.png	Таможня
0004935.png	«Кубок Открытия ВХЛ»
0004936.png	Литература
0004937.png	память мученицы Маргарет Клитроу (1586).
0004938.png	Москва, Физматлит, 2003.
0004939.png	Коллекция документов и фотографий
0004940.png	Династии исламских правителей
0004941.png	881 км: Лёнва
0004942.png	Степень трансцендентности
0004943.png	Семёновское
0004944.png	Источники
0004945.png	Цифровая фотография
0004946.png	Черноморская кордонная линия
0004947.png	Основная профессия
0004948.png	Не отвергай смиренной дани,
0004949.png	Партия за настоящую демократию
0004950.png	Опиоиды
0004951.png	Внешнеторговый оборот
0004952.png	Фермерская улица
0004953.png	Нагаса
0004954.png	«7 самураев»
0004955.png	Писатели-маринисты
0004956.png	Курсы кафедры «Проблемы теоретической физики» МФТИ
0004957.png	Издания
0004958.png	Примечания
0004959.png	Волгоградская область
0004960.png	Вторая империя
0004961.png	Среди известных уроженцев Коломыи:
0004962.png	Бисексуальная теория
0004963.png	Религия
0004964.png	Искусственный геном
0004965.png	См. также
0004966.png	Религиозные деятели Византии
0004967.png	Поэты Германии
0004968.png	Предпосылки создания аппарата
0004969.png	Умершие в местах лишения свободы
0004970.png	Поэты Италии
0004971.png	«Поэты годов», Новосибирск, 1965
0004972.png	«Древняя» академия
0004973.png	Кавалеры золотого оружия «За храбрость»
0004974.png	Царь: Тулл Гостилий.
0004975.png	Конструкция летательных аппаратов
0004976.png	Международная премия Ким Ир Сена (29 марта 2012 года).
0004977.png	Сайт Московского научно-практического центра спортивной медицины.
0004978.png	Медаль «За Одру, Нису и Балтику»
0004979.png	Дорожные знаки Израиля
0004980.png	Конец государства Ава в Бирме.
0004981.png	Подпрапорщик (Подхорунжий),
0004982.png	«Логическое исчисление» (1848);
0004983.png	Рекорды
0004984.png	Скопье, Северная Македония (1995)
0004985.png	Аллея Славы защитников Отечества
0004986.png	Младописьменные языки
0004987.png	Эвенкийский и Таймырский автономные округа вошли в состав Красноярского края.
0004988.png	сношения с московским царём и крымским ханом в ущерб Речи Посполитой;
0004989.png	Боливия
0004990.png	Институт лазерных технологий
0004991.png	Об этой истории повествуется в Коране в суре «Аль-Бакара»:
0004992.png	Награды и звания
0004993.png	Промзоны
0004994.png	Дочери
0004995.png	Иностранные члены Лондонского королевского общества
0004996.png	Концертная деятельность
0004997.png	Скончались
0004998.png	Ампир
0004999.png	Римское право
0005000.png	Отрицание догмата Троицы (антитринитаризм)
0005001.png	Мельничный омут
0005002.png	Орден Золотого руна (Испания, 17.09.1850)
0005003.png	Сорочинский район,
0005004.png	Ссылки
0005005.png	Традиция
0005006.png	См. также
0005007.png	Примечания
0005008.png	Литература
0005009.png	В музыке и кино
0005010.png	Предыстория и значение
0005011.png	Суда, задействованные в Арктике
0005012.png	Николоямская набережная
0005013.png	Литература
0005014.png	Рекордные трансферы
0005015.png	Доктринальный период
0005016.png	Хлебопечение
0005017.png	Легасов, Валерий Алексеевич (18.09.1996, 347)
0005018.png	Гибель
0005019.png	Рейхспфенниги
0005020.png	Винцент Крихмайр, австрийский горнолыжник, двукратный чемпион мира.
0005021.png	Транспорт
0005022.png	кто обожествляет своим сердцем вещи,
0005023.png	Безналичные расчёты
0005024.png	Выживающие Берега скелетов
0005025.png	Потомки Александра Кошеля
0005026.png	Волжскрезинотехника
0005027.png	Цитаты
0005028.png	Почётные члены Русского географического общества
0005029.png	История
0005030.png	Материнская плата
0005031.png	Народы и этническая история
0005032.png	Не путать с городом Богородицк Тульской области.
0005033.png	Горнолыжный шлем;
0005034.png	При свадьбе молодожёны должны наступить на 41 зло и принять 41 доброту;
0005035.png	Книги для детей
0005036.png	См также Список пусковых участков и новых станций Киевского метрополитена
0005037.png	Журнал полезных изобретений
0005038.png	В китайском календаре используется 60-летний цикл.
0005039.png	Биография
0005040.png	События
0005041.png	Ортега-и-Гассет Х. Идеи и верования
0005042.png	Журналисты по алфавиту
0005043.png	Системы жизнеобеспечения космических кораблей и космических скафандров
0005044.png	Почётные члены Петербургской академии наук
0005045.png	«Биологическая медицина и биотехнология»
0005046.png	Гимн Химок
0005047.png	Ссылки
0005048.png	Взаимоотношения народных комиссариатов СССР с республиканскими органами
0005049.png	Ссылки
0005050.png	Видеоклипы
0005051.png	«Подслушано Бугуруслан»
0005052.png	Июль 1882 года
0005053.png	Дуэт: «Уж вечер» (Лиза и Полина)
0005054.png	Семена
0005055.png	История
0005056.png	Католические: Григорий, Фидель.
0005057.png	Харасами
0005058.png	Биография
0005059.png	См. «Ианнуарий (святой)».
0005060.png	(По направлению от нулевого меридиана на восток)
0005061.png	Неизученные области
0005062.png	Книги
0005063.png	Журналисты Армении
0005064.png	Кадет
0005065.png	См. также
0005066.png	Ссылки
0005067.png	Литературные произведения Кюи
0005068.png	Мценск входит в туристический маршрут «Бирюзовое кольцо России»
0005069.png	Расширение действующего и постройку второго грузового терминала;
0005070.png	инкапаситанты (несмертельного действия):
0005071.png	Абстрактное и конкретное
0005072.png	Реляционные
0005073.png	9 января
0005074.png	Покорение Северо-Западного прохода
0005075.png	Филологи Германии
0005076.png	Политическая карьера
0005077.png	Мирный договор римлян с галлами.
0005078.png	Канадоведение
0005079.png	Ссылки
0005080.png	Дотком
0005081.png	Западные славяне
0005082.png	Антенна с косекансной диаграммой направленности
0005083.png	Северо-Казахстанский областной историко-краеведческий музей
0005084.png	Народы Арктики
0005085.png	Основан город Ставрополь.
0005086.png	Эволюция бюстгальтера
0005087.png	Винесса Шоу, американская киноактриса и модель.
0005088.png	Иконописные подлинники дают такое описание внешности пророка Моисея:
0005089.png	Основные понятия классической Форт-системы
0005090.png	Средняя общеобразовательная школа.
0005091.png	Примечания
0005092.png	Килуновка
0005093.png	Медаль «10 лет Афганской революции» (1988);
0005094.png	26 сентября
0005095.png	См. также: :Категория:Умершие 21 января
0005096.png	В термодинамике
0005097.png	Терриконная,
0005098.png	Константинопольская
0005099.png	Политкорректность
0005100.png	специальные войска;
0005101.png	В губернии родились
0005102.png	Болеслав Прус,
0005103.png	Города Древней Руси
0005104.png	Примечания
0005105.png	Появление скрипки в её современном виде.
0005106.png	Библейские тексты
0005107.png	Борьба с апокрифами после Рождества Христова
0005108.png	Парк культуры и отдыха «Гульшан»
0005109.png	Конструкторы бронетехники
0005110.png	Сайт Амвросианского института священной музыки (ит)
0005111.png	Колледжи
0005112.png	Личная жизнь
0005113.png	Источники:
0005114.png	Рост случайного прохожего
0005115.png	Биография
0005116.png	География
0005117.png	Несколько первых центрированных шестиугольных чисел:
0005118.png	Пассажиры «Философских пароходов»
0005119.png	Достопримечательности
0005120.png	Родившиеся в 1596 году
0005121.png	Эдуард Чёрный Принц, принц Уэльский
0005122.png	Умершие в 1877 году
0005123.png	Ноябрь
0005124.png	Франко-прусская война
0005125.png	Источники
0005126.png	Марокканская стена
0005127.png	Посольство в Персию
0005128.png	СУБД с непосредственной записью
0005129.png	Наука
0005130.png	Примечания
0005131.png	Месяц Элул и трубление в Шофар
0005132.png	Свет во тьме
0005133.png	сборник стихотворений (, Ревель, 1788)
0005134.png	Скончались
0005135.png	Мы признаём мудрость туземных народов мира, как хранителей земли и её ресурсов.
0005136.png	Архивные копии
0005137.png	Финляндия
0005138.png	Азеркины
0005139.png	Литература
0005140.png	История деления области
0005141.png	Герои России и СССР
0005142.png	Некоторые латинские тексты
0005143.png	Биография
0005144.png	и французской (Николя Мальбранш)
0005145.png	Гипотетические материи
0005146.png	Звенигородский 2-й переулок
0005147.png	Гетто в Кореличах
0005148.png	История
0005149.png	Президентские выборы 2004
0005150.png	Французский орден Почётного легиона ()
0005151.png	Сюжет
0005152.png	Столица
0005153.png	Семья
0005154.png	События
0005155.png	События
0005156.png	Директора ФСНП
0005157.png	Праздники ноября
0005158.png	Регионы
0005159.png	Награды и звания
0005160.png	Окуляры для телескопов.
0005161.png	Контр-адмиралы (Российская империя)
0005162.png	Серебряный призёр: 2002
0005163.png	Литература
0005164.png	Истоки
0005165.png	Литература
0005166.png	В медицине и косметологии
0005167.png	Культура
0005168.png	Карьеры и отвалы горных пород на боросиликатном месторождении
0005169.png	Адмиралы Первой мировой войны
0005170.png	Метафизика
0005171.png	антенно-фидерные системы;
0005172.png	Два ордена «Знак Почёта» (1971, 1979)
0005173.png	Футболисты Грузии
0005174.png	Описание полёта
0005175.png	Биография
0005176.png	Куба, Египет, Сирия, Ангола, Афганистан, Чечня.
0005177.png	Литература
0005178.png	Футбольные соревнования в России
0005179.png	Особо охраняемые природные территории
0005180.png	Происхождение слова
0005181.png	Иммунорегулирующее действие
0005182.png	Антон Хехенбергер, слесарь, род. 28 сентября 1902.
0005183.png	Полиненасыщенные жирные кислоты
0005184.png	Следующие футболисты становились чемпионами мира, являясь игроками «Реала»:
0005185.png	В пространства скифов, в дикую пустую дебрь.
0005186.png	Арабские географы
0005187.png	Высшая школа информатики и менеджмента «Коперникус»;
0005188.png	Умершие в 47 году до н. э.
0005189.png	Солдаты Армии США
0005190.png	Молдавский язык
0005191.png	Философские взгляды
0005192.png	Отдел общественных учреждений;
0005193.png	Диагноз
0005194.png	Простые вещества
0005195.png	Население
0005196.png	Поэты России
0005197.png	Примечания
0005198.png	Леонов, Юрий Юрьевич
0005199.png	Математика
0005200.png	Преподаватели Санкт-Петербургского политехнического университета
0005201.png	Псевдокод
0005202.png	Преподаватели Марбургского университета
0005203.png	Медаль «70 лет Вооружённых Сил СССР» (1988 год)
0005204.png	Брестская область (18 районов);
0005205.png	Список депутатских объединений
0005206.png	Социальная сфера
0005207.png	Национальное образовательное учреждение
0005208.png	Дурово
0005209.png	Регионы
0005210.png	Общественные деятели Российской империи
0005211.png	Хронология биеннале
0005212.png	Вертолётчиков, улица
0005213.png	Первая Иудейская война (70).
0005214.png	КТ-перфузия
0005215.png	18 февраля
0005216.png	Поляризуемость
0005217.png	Охотники
0005218.png	Отрицательная абсолютная температура
0005219.png	Ссылки
0005220.png	Используется как пропеллент.
0005221.png	Биография
0005222.png	Примечания
0005223.png	увольнением работников, за исключением компенсации за неиспользованный отпуск;
0005224.png	Щелочные металлы
0005225.png	Опера Николо Антонио Дзингарелли (1798)
0005226.png	Планировка и застройка города
0005227.png	Нестабильные элементарные частицы
0005228.png	Эйлер представил статью на Конференции Петербургской академии наук;
0005229.png	Примечания
0005230.png	Семья
0005231.png	Профессии сферы услуг
0005232.png	Литература
0005233.png	Активный
0005234.png	Уотербери, США
0005235.png	Физико-географическая характеристика
0005236.png	Естественный ареал
0005237.png	Силлимановская лекция (1962)
0005238.png	Нурекская ГЭС мощностью в 3000 МВт;
0005239.png	Томашевский Б. Писатель и книга. 1928.
0005240.png	См. также
0005241.png	Джессалин Гилсиг, канадская киноактриса
0005242.png	Киноактёры США
0005243.png	См. также: :Категория:События 27 июля
0005244.png	События
0005245.png	Сан-Марино
0005246.png	Памятники архитектуры
0005247.png	География
0005248.png	Первая серия
0005249.png	Из этого можно сделать вывод, что в перфекте спрягается лишь глагол-связка.
0005250.png	Норманны завоевали греческие владения в Италии.
0005251.png	Советские главы
0005252.png	«Третье послание апостола Павла к Коринфянам»
0005253.png	что на четвёртый день осады войска подошли к крепости на ружейный выстрел.
0005254.png	Математика
0005255.png	Палантиры в музыке
0005256.png	Воевода
0005257.png	Ковариантная запись уравнения Дирака для свободной частицы выглядит так:
0005258.png	Полнократные числа
0005259.png	Официальный сайт района
0005260.png	Туризм
0005261.png	Варианты
0005262.png	Хулиганство и законодательство Украины
0005263.png	Удельная теплоёмкость обычно обозначается буквами  или , часто с индексами.
0005264.png	Биография
0005265.png	Элимаида и Персида отпадают от Парфянского царства.
0005266.png	Футбольный клуб «Авангард»
0005267.png	Ссылки
0005268.png	Уличная сеть
0005269.png	Аполлоническое и дионисийское
0005270.png	Похороненные на Федеральном военном мемориальном кладбище
0005271.png	Учебные заведения, расформированные в 1832 году
0005272.png	Революционеры Венесуэлы
0005273.png	(стр. значений)
0005274.png	1 доллар;
0005275.png	Скептицизм в средневековой философии и философии Нового Времени
0005276.png	В честь Белла названа логарифмическая единица измерения бел.
0005277.png	Агранулоциты
0005278.png	в мае 2011 года был начат выпуск бронемашин «Дидгори»;
0005279.png	См. также
0005280.png	, или кавказская белка
0005281.png	1938 год.
0005282.png	По технике выполнения (характеру процесса)
0005283.png	Стерлинг (), США;
0005284.png	Первый полёт
0005285.png	Рассказы
0005286.png	Ссылки
0005287.png	Политико-административное устройство
0005288.png	Апрель
0005289.png	Боро:
0005290.png	Литература
0005291.png	Корсун, Иван : 1928 (пред. райисполкома)
0005292.png	Дума муниципального образования город Новоалександровск.
0005293.png	открытие металлов (катионов),
0005294.png	Композиторы по алфавиту
0005295.png	Семья
0005296.png	Майор (19.01.1980).
0005297.png	Армянские монастыри
0005298.png	Свободные реализации и ремейки
0005299.png	Переводчики с французского языка
0005300.png	Генрих Плантагенет становится герцогом Нормандии.
0005301.png	Теория археологии
0005302.png	Примечания
0005303.png	Климат
0005304.png	Ферментативный гидролиз крахмала
0005305.png	Областные центры России
0005306.png	Религия
0005307.png	Применение
0005308.png	Лырев : январь 1931 (пред. райисполкома)
0005309.png	Примечания
0005310.png	Победа Афин над Фивами. Присоединение Платей к Аттике.
0005311.png	Другое
0005312.png	Шестидесятилетия Октября, проспект
0005313.png	15-го ава отмечается праздник Ту бе-Ав.
0005314.png	Пирамидальные числа определяются следующим образом:
0005315.png	Морозов Аркадий Иванович
0005316.png	Примечания
0005317.png	Комментарии
0005318.png	Людвик Свобода
0005319.png	Способы предотвращения
0005320.png	Члены Лондонского королевского общества
0005321.png	Классификация по материалам изготовления
0005322.png	Награды и почетные звания
0005323.png	Примечания
0005324.png	Родились
0005325.png	Ссылки
0005326.png	Кауен (Каунас, Литва)
0005327.png	В 2012 году в Туркменистане насчитывалось 39 печатных изданий.
0005328.png	«Мариупольское время»
0005329.png	Спорт
0005330.png	Аккреция в магнитном поле
0005331.png	Дворец водных видов спорта;
0005332.png	Выпускники Санкт-Петербургского политехнического университета
0005333.png	Викторов, Григорий Петрович (деревня Алтуховка)
0005334.png	Лётчик-космонавт СССР (1962).
0005335.png	Население
0005336.png	Высшие учебные заведения
0005337.png	Возможен также ещё один вариант:
0005338.png	ТРК «Калуга 21 Век»;
0005339.png	1 победа «Куньлунь Ред Стар» Пекин 2017
0005340.png	Применение
0005341.png	См. также
0005342.png	Аэропорты Карагандинской области
0005343.png	Исидор, митрополит новгородский
0005344.png	Антона Чехова, сквер
0005345.png	Ссылки
0005346.png	По времени проведения тестирования
0005347.png	Профессор Лейпцигской консерватории и выдающийся исполнитель
0005348.png	Современные споры
0005349.png	326 пропавших без вести
0005350.png	Персоналии:Пустозерск
0005351.png	Синонимические импликации выражения в русском языке
0005352.png	Лаборатории и центры:
0005353.png	Бесконечность
0005354.png	Азорский антициклон
0005355.png	Местная буддийская организация «Путь Будды» (ул. Аганичева, д. 36).
0005356.png	Соревнование автомобилей в классе
0005357.png	Фармакокинетика
0005358.png	Литература
0005359.png	1818 год
0005360.png	Исторический очерк
0005361.png	2334 км: Большой Патом
0005362.png	Культурные аспекты
0005363.png	Примечания
0005364.png	Свиридов Г. В. «Крестьянские песни» (первая театрализованная постановка)
0005365.png	Эпикурейцы Древнего Рима
0005366.png	Ойген Финк. Игра как символ мира (1960)
0005367.png	Литература
0005368.png	Населённые пункты
0005369.png	доктора философии
0005370.png	Население
0005371.png	Катер-тральщик
0005372.png	Царь: Анк Марций.
0005373.png	Путешественники Великобритании
0005374.png	Сюжет
0005375.png	Награды
0005376.png	Работы Мудрова
0005377.png	Вождь гузов принял ислам, но под угрозой смещения отрёкся.
0005378.png	Ссылки
0005379.png	Примечания
0005380.png	Кожевников А. Я. Нервные болезни и психиатрия. 1883.
0005381.png	Сражение при Ипсе
0005382.png	Октябрь
0005383.png	Отдельно стоит упомянуть реакцию оксилительного карбохлорирования:
0005384.png	Брест-Куявский мир
0005385.png	Хромогенный фотоматериал
0005386.png	Церковь Успения Божьей Матери (развалины).
0005387.png	Депутаты Верховного Совета Азербайджанской ССР 1-го созыва
0005388.png	Член ВКП(б) с 24 октября 1931 года.
0005389.png	Святые и блаженные Католической Церкви
0005390.png	Копейщики
0005391.png	Алексей Миранчук
0005392.png	В Воскресенском районе 84 населённых пункта.
0005393.png	Изобретение лаун-тенниса
0005394.png	румынская медаль «За воинскую доблесть» (1878)
0005395.png	Торговля
0005396.png	Оригинальная серия:
0005397.png	Туризм
0005398.png	Ссылки
0005399.png	Межгосударственная премия СНГ «Звезды Содружества» (2015)
0005400.png	Примечания
0005401.png	Литература
0005402.png	Военачальники Древней Руси
0005403.png	Географическая привязка
0005404.png	Биография
0005405.png	Просодия
0005406.png	Убийство короля вандалов Гундерика испанцами.
0005407.png	Сотник (20.03.1865)
0005408.png	Краткая история
0005409.png	Пищевая промышленность и быт
0005410.png	Значение и признание
0005411.png	Характеристики ЭЭГ
0005412.png	Инженер-майор (18.06.1969).
0005413.png	Искусственные языки
0005414.png	Литература:
0005415.png	Риск употребления некачественного кедрового ореха
0005416.png	Список лиц, имеющих право на выплату дивидендов
0005417.png	Элементы научного метода
0005418.png	Декабрь
0005419.png	Промышленная автоматика
0005420.png	Платоновская академия в Кареджи
0005421.png	Прочее
0005422.png	Румыния провозглашена королевством.
0005423.png	Древнейшая история
0005424.png	Алканы образуют гомологический ряд.
0005425.png	Колониальные деньги Германской империи
0005426.png	Рок-музыка 2000-х годов
0005427.png	Зеркальное отражение (рассказ) (1972)
0005428.png	Архивные данные о деятельности Сталинских наркомов
0005429.png	Литература
0005430.png	Праздники и памятные дни
0005431.png	107.9 Радио 7 на семи холмах
0005432.png	Германские хроники
0005433.png	Третий рейх
0005434.png	Примечания
0005435.png	Гидроксиды
0005436.png	Роза Люксембург (р. 1871), немецкая коммунистка, теоретик марксизма, публицист.
0005437.png	Эхоическая память
0005438.png	Бассейн Рузы
0005439.png	Философы Российской империи
0005440.png	Определение
0005441.png	Ссылки
0005442.png	Древнейшая история
0005443.png	Квартеты
0005444.png	Алгебры
0005445.png	Россия
0005446.png	Библиография
0005447.png	В последние годы жизни преподавал в Техасском университете.
0005448.png	Примечания
0005449.png	Промышленность
0005450.png	Моря России
0005451.png	Народы Канады
0005452.png	Экология
0005453.png	Финляндия (Евангелическо-лютеранская церковь Финляндии)
0005454.png	Другие элементы управления
0005455.png	Монархисты Российской империи
0005456.png	Академики Российской академии кинематографических искусств «Ника»
0005457.png	2-я буква всегда С (силикагель);
0005458.png	История Пскова
0005459.png	Эдуард Зиверс умер 30 марта 1932 года в городе Лейпциге.
0005460.png	Драматурги Великобритании
0005461.png	Теократия
0005462.png	Флора Евразии
0005463.png	Члены-корреспонденты АН СССР
0005464.png	Пиридины
0005465.png	Другие конфессии
0005466.png	Примечания
0005467.png	падение авторитета власти.
0005468.png	Примечания
0005469.png	Малярийные комары
0005470.png	Сводные издания
0005471.png	Офицер ордена «За заслуги перед Итальянской Республикой» (12 июля 2000)
0005472.png	Музыка
0005473.png	Оружие по алфавиту
0005474.png	«Камень без меча»
0005475.png	Декабрь
0005476.png	Аллергические реакции: кожная сыпь, зуд, эритема, бронхоспазм.
0005477.png	Ирано-иракская война
0005478.png	Культурологи Великобритании
0005479.png	Ссылки
0005480.png	Инженеры-электромеханики
0005481.png	Япония предъявила ультиматум Германии.
0005482.png	Официальный статус
0005483.png	ООО «Шиханыэлектросвязь»;
0005484.png	Романская группа
0005485.png	Наша Маша и волшебный орех (мультфильм, 2009)
0005486.png	Математика, логика:
0005487.png	Химические свойства
0005488.png	География
0005489.png	сбросов нормативно-чистых продувочных вод из пруда охладителя;
0005490.png	Ссылки
0005491.png	Международные
0005492.png	Нерд-культура
0005493.png	1 февраля 1963 года Терновский район переименован в Энгельсский район.
0005494.png	Память о Барклае-де-Толли
0005495.png	Фантастические комедии
0005496.png	Персоналии
0005497.png	Императорские театры Российской империи
0005498.png	Биография
0005499.png	Развитые стороны:
0005500.png	О памятнике природы см. Андома-гора
0005501.png	Как и в идо, прилагательные полностью неизменяемы.
0005502.png	Командор саксонского военного ордена Святого Генриха (7 июня 1808 года)
0005503.png	Город Басра упоминается в романе Агаты Кристи «Встреча в Багдаде».
0005504.png	Завоевание Дуани Муюном Цзюнем.
0005505.png	Псков и Ганза
0005506.png	Участники матчей всех звёзд НХЛ
0005507.png	Джакарта (с 1990 года)
0005508.png	Карьера функционера
0005509.png	для окисления спиртов в присутствии алкоголятов алюминия по Оппенауэру
0005510.png	Артиллеристы Великой Отечественной войны
0005511.png	История
0005512.png	Сэмюэл Колмен родился 4 марта 1832 года в городе Портленде (штат Мэн).
0005513.png	Современность
0005514.png	Населённые пункты
0005515.png	Ель в культуре
0005516.png	Франсишку Афонсу, генерал правительственных войск Анголы
0005517.png	Ольга Спицына (меццо-сопрано)
0005518.png	Происхождение
0005519.png	Академия «Торпедо»
0005520.png	Собственники и руководство
0005521.png	Без точных дат
0005522.png	Житие Владимира
0005523.png	Применение
0005524.png	См. также
0005525.png	Рынок труда
0005526.png	Волостной крестьянский суд.
0005527.png	Литература
0005528.png	1-я экспедиция
0005529.png	В культуре
0005530.png	Пьесы
0005531.png	Московская центральная церковь евангельских христиан-баптистов
0005532.png	Литература
0005533.png	Фосфатидилинозитол
0005534.png	Персоны года
0005535.png	Ссылки
0005536.png	Медаль «50 лет Монгольской Народной Армии» (1971)
0005537.png	Кто есть кто в кыргызской науке, Бишкек, 1997.
0005538.png	Произведения
0005539.png	Родившиеся в 1750 году
0005540.png	Межрегиональный событийный туристский фестиваль «Русская закваска» (конец мая).
0005541.png	События
0005542.png	Примечания
0005543.png	Семья
0005544.png	Средние специальные учебные заведения
0005545.png	Префектура Хоккайдо
0005546.png	Житомирское детство Владимира Короленко
0005547.png	Исчезнувшие крепости
0005548.png	Национальный состав
0005549.png	10 сентября, 12 сентября
0005550.png	Убитые политики
0005551.png	Подвижной состав:
0005552.png	Энциклопедия коммун Франции
0005553.png	Славянский филиал Новороссийского медицинского колледжа
0005554.png	Галилео Галилей
0005555.png	Депутаты Верховного Совета Украинской ССР 3-го созыва
0005556.png	Крикалёв, Сергей Константинович (11.04.1992, 001)
0005557.png	Кафедра дизайна и арт-менеджмента
0005558.png	Куба либре: (ром, кока-кола, лимон и лёд).
0005559.png	Административное деление
0005560.png	Пунцагийн Жасрай стал премьер-министром Монголии.
0005561.png	улица Князя Владимира в Петропавловской Борщаговке
0005562.png	Теория полей
0005563.png	Февраль 1801 года
0005564.png	Турбаза «Цна»
0005565.png	Норвежские писатели
0005566.png	ОАО Гагаринский Светотехнический завод
0005567.png	Император Судзаку, 61-й Император Японии.
0005568.png	Работа без торрент-клиента
0005569.png	См. также
0005570.png	Костанайский педагогический колледж.
0005571.png	География
0005572.png	Ссылки
0005573.png	В Бангладеш оппозиционные партии победили на парламентских выборах.
0005574.png	Макроэкономика
0005575.png	Аберрация (биология)
0005576.png	Химические свойства спиртов
0005577.png	Трудовая деятельность в СССР
0005578.png	Свободное программное обеспечение
0005579.png	Завершение завоевания Альмохадами Южной Испании.
0005580.png	Полеев
0005581.png	Люцифер
0005582.png	Увлечение инерциальных систем отсчёта
0005583.png	Памятник
0005584.png	Родились
0005585.png	Наталья Кирилловна Нарышкина (3 ребёнка):
0005586.png	Егорьевск,
0005587.png	Предметы материальной культуры Старого Света
0005588.png	световое излучение
0005589.png	Шахрай Сергей Михайлович
0005590.png	См. также
0005591.png	Проскуровский (УВО);
0005592.png	В России
0005593.png	Институт международных отношений:
0005594.png	Ссылки
0005595.png	С параллельным возбуждением
0005596.png	Национальный состав
0005597.png	Сейчас женат на трёхкратной чемпионке по блицу гроссмейстере Екатерине Лагно.
0005598.png	Церковь Василия Блаженного
0005599.png	Библиография
0005600.png	Пасха.
0005601.png	Русские поэты
0005602.png	Примечания
0005603.png	Теченьем времени превечный,
0005604.png	См. также
0005605.png	струнные электроды. Чаще используются в колоннах и крепятся в центральной части.
0005606.png	Почётные доктора Университета инков Гарсиласо де ла Вега
0005607.png	Униполярный транзистор
0005608.png	Хозяйственное значение
0005609.png	Дай накормить приходящего голодным,
0005610.png	Ха-шомер ха-цаир
0005611.png	Наталья Штурм, российская певица.
0005612.png	Международные отношения
0005613.png	Жилина, Словакия (2011)
0005614.png	Санаторий «Долина нарзанов»
0005615.png	Члены Коммунистической партии Германии
0005616.png	Раздел, посвящённый ММТС, на форуме «Наш транспорт».
0005617.png	Среда разработки программ.
0005618.png	Музыка и танцы
0005619.png	Список аксумских царей
0005620.png	Голландец Исаак Масса писал, что Бельский положил яд в царское лекарство.
0005621.png	Источники
0005622.png	Экологическая роль
0005623.png	Ссылки
0005624.png	Память
0005625.png	Перечисления
0005626.png	Меценаты Великобритании
0005627.png	Главы Москвы
0005628.png	Стихи (один стих) часа,
0005629.png	Гласные
0005630.png	Урал Камилович Рашитов
0005631.png	Дмитрий Николаевич
0005632.png	Города Саратовской области
0005633.png	Шоу-театр «Пингвины»
0005634.png	Национальный состав
0005635.png	Авиакатастрофа Ил-18 под Ленинградом
0005636.png	Внутреннее тепло
0005637.png	«Днепр»
0005638.png	Видеоигры и развлечения
0005639.png	фотографы Ансель Адамс, Доротея Ланж, Синди Шерман;
0005640.png	Официальный сайт Минюста России
0005641.png	Исаака Дунаевского, улица
0005642.png	Структура МСЭ
0005643.png	Зубовский бульвар
0005644.png	28 февраля:
0005645.png	Аристон из Пеллы. Диалог Паписка и Иасона (не сохранилась)
0005646.png	Лучший фильм
0005647.png	Миклош Рожа (ум. 1995), американский композитор венгерского происхождения.
0005648.png	В 1708 году город Иркутской был включён в состав учреждённой Сибирской губернии.
0005649.png	17 февраля
0005650.png	Листья имеют округлую форму, что снижает площадь испаряющей поверхности.
0005651.png	Российский объединённый союз христиан веры евангельской
0005652.png	Литература
0005653.png	Литература
0005654.png	Городец
0005655.png	Чемпионом Италии по футболу стал миланский «Интернационале».
0005656.png	Производство продукции животноводства в динамике за ряд лет: мясо, молоко.
0005657.png	Женщины-экономисты
0005658.png	Влияние на архитектуру
0005659.png	Ядерная физика
0005660.png	В псевдокоде,
0005661.png	Греческие поэты
0005662.png	Орден Христа, большой крест (Португалия)
0005663.png	Ректоры
0005664.png	Умер в Киеве 16 января 2005 года
0005665.png	Полностью запрещено курение табачных изделий:
0005666.png	См. также
0005667.png	26 ноября
0005668.png	Этнология
0005669.png	Мерянка, улица
0005670.png	Экономика
0005671.png	Тимашевская (Тимашёвская):
0005672.png	Обожествлённые герои древнегреческих мифов
0005673.png	Ссылки
0005674.png	Темениды
0005675.png	Даугавпилс, Латвия (с 6 февраля 2006 года)
0005676.png	«Грасиас а ла вида», переводы (Муз-пром, 2012)
0005677.png	Выпускники Академии русского балета имени А. Я. Вагановой
0005678.png	Генерал от артиллерии (ст. 6.04.1914)
0005679.png	Энтомологи США
0005680.png	Литературные приёмы
0005681.png	Биография
0005682.png	См. также: Омейяды, Аль-Андалус, Кордовский халифат, Реконкиста
0005683.png	(обл.)
0005684.png	Камнем по голове (1996)
0005685.png	Награды
0005686.png	Астурлеонские языки
0005687.png	«Ну, погоди! (выпуск 11)» (1977)
0005688.png	Физические свойства
0005689.png	Гражданская война на Шри-Ланке
0005690.png	Классификация по назначению
0005691.png	Молодые годы
0005692.png	Математика
0005693.png	Таллинская улица
0005694.png	Художники России в общественном достоянии
0005695.png	Лыкосов, Василий Николаевич (р. 1945)
0005696.png	Определение, общие сведения
0005697.png	Тульская область
0005698.png	Ссылки
0005699.png	Труды
0005700.png	Список святых, канонизированных папой римским Франциском
0005701.png	Специфические серотонинергические антидепрессанты
0005702.png	Кадмий используется как компонент полупроводниковых материалов и люминофоров.
0005703.png	Геология и полезные ископаемые
0005704.png	Родившиеся в 1180-е годы
0005705.png	Тональности
0005706.png	В 1978 году в Ленинском садике города Казани открыт памятник Бутлерову.
0005707.png	сенсорные системы и их механизмы трансляции сигналов;
0005708.png	Предлоги в русском языке
0005709.png	Калужский объединённый музей-заповедник;
0005710.png	Биография
0005711.png	Экология
0005712.png	Наречие
0005713.png	Законодательство о политических партиях
0005714.png	Ссылки
0005715.png	Родившиеся в 1020-е годы
0005716.png	Описание герба
0005717.png	Японское, Охотское и Берингово моря
0005718.png	Янссон Туве, площадь
0005719.png	Великобритания
0005720.png	Музыкальные инструменты:
0005721.png	Литература
0005722.png	Список глав Орловского региона
0005723.png	Харви Кушинг (р. 1869), американский врач-нейрохирург, пионер хирургии мозга.
0005724.png	Агилар-де-ла-Фронтера. Абдаллах наносит поражение Умару.
0005725.png	Алиса Селезнёва
0005726.png	Аршакиды Иберии
0005727.png	Пророка Ильи (Кальмиусский район, пгт Старый Крым)
0005728.png	Примечания
0005729.png	Эдесская, Пелльская и Алмопийская митрополия
0005730.png	Соционика: за и против (многоязычный сайт)
0005731.png	Иван Жданов в «Журнальном зале»
0005732.png	Депутаты Верховного Совета РСФСР 9-го созыва
0005733.png	Почётные граждане Калининграда
0005734.png	31 декабря
0005735.png	Сравнение с методом конечных элементов
0005736.png	Карачаево-Черкесская Республика
0005737.png	См. также
0005738.png	См. также
0005739.png	См. также
0005740.png	Информационный портал города Урюпинск
0005741.png	Чёрный
0005742.png	Почётные доктора Люблянского университета
0005743.png	Память
0005744.png	Существует проблема заболевания туберкулёзом.
0005745.png	Дополнительно:
0005746.png	Первый поход на Рим
0005747.png	Реки Ярославской области
0005748.png	История естествознания
0005749.png	Бинокли с трубами Кеплера
0005750.png	Ренклод
0005751.png	Христианские богословы
0005752.png	Форт Ловриенац
0005753.png	память святителя Амвросия, епископа Медиоланского (397);
0005754.png	Кинематограф
0005755.png	Ленинградский металлический завод (ЛМЗ)
0005756.png	установление стандартов здравоохранения
0005757.png	Оперные композиторы Польши
0005758.png	Эксплуатация
0005759.png	Экономика
0005760.png	Изобильное,
0005761.png	Примечания
0005762.png	Динамо (спортивное общество, Германия)
0005763.png	Примечания
0005764.png	Медные духовые
0005765.png	Русские писатели по алфавиту
0005766.png	Родились
0005767.png	Александра Гуркова, российская певица, актриса и фотомодель.
0005768.png	См. также
0005769.png	Изоляты
0005770.png	Города, заключившие договор о сотрудничестве с Ростовским муниципальным районом:
0005771.png	Биография
0005772.png	События
0005773.png	Примечания
0005774.png	Релактация
0005775.png	Бог наблюдает за созданиями
0005776.png	Средства для коррекции нарушений при алкоголизме, токсико- и наркоманиях
0005777.png	Женщины-генералы
0005778.png	Ссылки
0005779.png	Исторический контекст
0005780.png	Средства массовой информации
0005781.png	Томь может означать:
0005782.png	Примечания
0005783.png	Производство и добыча пищевых продуктов
0005784.png	Выпускники Принстонского университета
0005785.png	Режим насыщения
0005786.png	Другое
0005787.png	Теогония
0005788.png	Кинематограф
0005789.png	Мальцев В. А. Минеральные агрегаты пещер: нитевидные кристаллы сульфатов
0005790.png	Обладатель (7): 1958, 1998, 2000, 2004, 2009, 2013, 2019
0005791.png	Работы в других областях, письма.
0005792.png	В 1978 году «Кока-Кола» начала спонсировать ФИФА и чемпионаты мира по футболу.
0005793.png	Ованес Шираз (р. 1915), армянский поэт, общественный деятель.
0005794.png	Злокачественные новообразования
0005795.png	Елена Майорова (ум. 1997), актриса театра и кино, заслуженная артистка РСФСР.
0005796.png	Игры с мячом
0005797.png	Ошибки реализации песочницы
0005798.png	Гиппо
0005799.png	Литераторы, известные под псевдонимами
0005800.png	Город упоминается в песне «Лесоповал» группы «Лесоповал».
0005801.png	Поэты Франции
0005802.png	Владивосток изображён на почтовых марках:
0005803.png	Календарные воскресные праздники
0005804.png	К живородящим рыбам относятся акулы, скаты и некоторые другие.
0005805.png	Водный транспорт
0005806.png	Члены Леопольдины
0005807.png	Орден Святого Станислава 3-й степени (1902)
0005808.png	В 2000 году награждён медалью «За выдающийся вклад в развитие Кубани».
0005809.png	Американское Самоа
0005810.png	Описание герба
0005811.png	Пацифизм
0005812.png	В произведениях искусства
0005813.png	Ссылки
0005814.png	Скончались
0005815.png	Литература
0005816.png	Изображение в видоискателе не перекрывается в момент съёмки;
0005817.png	Подбор актёров
0005818.png	Комментарии
0005819.png	улица Заменгофа в Иерусалиме
0005820.png	Примечания
0005821.png	Рамсарские угодья Казахстана
0005822.png	лиро-эпические
0005823.png	Кроме того, чаи подразделяют по роду листа на несколько категорий или степеней.
0005824.png	Ширина полосы транспондера: 26 МГц
0005825.png	Подготовка к третьему походу
0005826.png	Методологический солипсизм
0005827.png	Литература
0005828.png	«Документы по переселению населения в Финляндию во время второй мировой войны».
0005829.png	Катастрофа Ил-18 под Минеральными Водами.
0005830.png	Школьная улица
0005831.png	Свободное кроссплатформенное программное обеспечение
0005832.png	Грузинский сайт о войне в Абхазии. Списки убитых грузинских мирных жителей
0005833.png	Тренеры ХК ЦСКА Москва
0005834.png	См. также
0005835.png	Бинокли с призмами Порро
0005836.png	ОАО «Барабинский Торг»
0005837.png	Барвани (создан в 1998 году)
0005838.png	Литература
0005839.png	Клим, Клим Холодный, Климент, климентьев день.
0005840.png	1. Изначальный текст Гат, Ясны Хаптангхаити и других молитв.
0005841.png	1009 мм: Софийский трамвай (также 2 маршрута с колеёй 1435 мм)
0005842.png	Члены Германской прогрессистской партии
0005843.png	Сквер на площади Серова.
0005844.png	Чемпионат России по хоккею с шайбой
0005845.png	Административное деление
0005846.png	Основные возможности
0005847.png	Тик («Вильям Ловель»)
0005848.png	Имангулов, Айдар Адгамович
0005849.png	Экосистемы мира: Саванна.
0005850.png	прообраз объединения равен объединению прообразов: ;
0005851.png	Утраченные достопримечательности
0005852.png	Остальных мечтал за собою вести,
0005853.png	Переносчики заболеваний
0005854.png	Агриппина Римская, раннехристианская святая, мученица.
0005855.png	Внешний вид
0005856.png	Функции состояния и уравнение состояния
0005857.png	Джунд аш-Шам («войско Великой Сирии»)
0005858.png	Афористы
0005859.png	Бывшие участники
0005860.png	Окинотори (Паресе-Вела)
0005861.png	Размножение
0005862.png	Постиндустриальное общество
0005863.png	Доколониальный период
0005864.png	корабельные волны
0005865.png	Согласно речи Котты, приводимой у Цицерона, Дионисов было пять:
0005866.png	Клуб Льва Яшина
0005867.png	Статьи
0005868.png	Христианские социалисты
0005869.png	Порядок превращения пешки.
0005870.png	Члены Американского философского общества
0005871.png	Награды и почести
0005872.png	куршские тамские говоры;
0005873.png	Необходимое условие
0005874.png	перевод Акилы;
0005875.png	в театре «Алии и комедии» в Израиле,
0005876.png	Воскресенский Новодевичий монастырь
0005877.png	Философы Германии
0005878.png	В советской историографии
0005879.png	История
0005880.png	Народы Ливана
0005881.png	Родились
0005882.png	Был основан в 1580 году, второй старейший ботанический сад в Германии.
0005883.png	Документальные передачи
0005884.png	Ассоциация украинских писателей.
0005885.png	Аэропорт
0005886.png	Изменения рейтинга
0005887.png	Хагани Ширвани
0005888.png	Нахождение в природе
0005889.png	Орден Карла Маркса (ГДР, 1965).
0005890.png	См. также
0005891.png	Населённые пункты краевого подчинения Красноярского края
0005892.png	кафедра 509 «Экономика аэрокосмической промышленности»
0005893.png	Каменная лестница, парки, набережные:
0005894.png	Государственный зоологический парк Удмуртии
0005895.png	Примечания
0005896.png	Центры краёв России
0005897.png	Станковый гранатомёт
0005898.png	Программа бакалавриата «Управление инновациями в бизнесе»
0005899.png	Антарктическая гипотеза
0005900.png	(присоединилась 23 сентября 1931)
0005901.png	Тригональная: одна ось -го порядка
0005902.png	Солнышко
0005903.png	!Состояние
0005904.png	Четвёртый пуск
0005905.png	Примечания
0005906.png	Примечания
0005907.png	Награды и звания
0005908.png	На АВТОВАЗе разрабатывают двигатели для самолётов
0005909.png	«тотальные депортации»;
0005910.png	Члены Прусской академии наук
0005911.png	Театры
0005912.png	В науке и технике
0005913.png	В Библии
0005914.png	Рейчел Кроу, американская певица, актриса и комик.
0005915.png	См. также
0005916.png	Топонимы
0005917.png	Математики по алфавиту
0005918.png	Ордосцы
0005919.png	«Оригинальная пара»
0005920.png	Развитие культуры и искусства
0005921.png	Примечания
0005922.png	Организация
0005923.png	Международный день миротворцев Организации Объединённых Наций
0005924.png	Примечания
0005925.png	Первая жена императора Японии Итидзё, императрица Тэйси, умирает во время родов.
0005926.png	Кето-енольная таутомерия
0005927.png	Биом, Биотоп
0005928.png	Дополнительная информация
0005929.png	Награждённые Золотой медалью Нильса Бора ЮНЕСКО
0005930.png	Общественные движения
0005931.png	Стрельба из арбалета
0005932.png	Ссылки
0005933.png	память мучениц Феклы, Марфы и Марии в Персии (346);
0005934.png	Самаритянское Пятикнижие на Русском Языке
0005935.png	Официальный сайт сенатора США Уэйна Алларда
0005936.png	Делфт, Нидерланды
0005937.png	Дальнейшее строительство взлётно-посадочных полос
0005938.png	Гипотезы
0005939.png	Спорт
0005940.png	Театр
0005941.png	«Жизнь Животных», т. 7; Москва, «Просвещение», 1989.
0005942.png	Управление Интернетом
0005943.png	Недоконченные беседы
0005944.png	Политология
0005945.png	Михаил Чайковский писал о городе того времени:
0005946.png	Транспорт
0005947.png	Композиторы Италии
0005948.png	Образование и наука
0005949.png	Сельма Блэр, американская актриса.
0005950.png	Бас-кларнет
0005951.png	Синдром Ушера
0005952.png	Рустави, Грузия (2016)
0005953.png	Уязвимость нулевого дня
0005954.png	Колледж ПсковГУ
0005955.png	Ярцев, Николай Николаевич (06.05.2000, 648)
0005956.png	Порра, Лаури
0005957.png	См. также: :Категория:Родившиеся в 1126 году
0005958.png	9. При действии водоотнимающих веществ на кислоты и соли:
0005959.png	Христианство
0005960.png	От имени Артемий образована русская фамилия Артемьев и украинская Артеменко.
0005961.png	память мучеников Вита, Модеста и мученицы Крискентии питательницы (ок. 303);
0005962.png	Германисты
0005963.png	Великая Отечественная война
0005964.png	См. также: :Категория:Родившиеся в 1872 году
0005965.png	Биография
0005966.png	Филиал в г. Каменске-Уральском
0005967.png	Геологов улица
0005968.png	Немецкая оккупация территории Латвии
0005969.png	Нигерии
0005970.png	Чем крепче ветер (1972)
0005971.png	Причины войны
0005972.png	См. также
0005973.png	Для автомобилей
0005974.png	Малая категория
0005975.png	ОАО «ДГК»
0005976.png	Литература
0005977.png	Образование
0005978.png	Памятник-часовня в память воинов-полочан, погибших в Афганской войне (2004).
0005979.png	Золотые двадцатые
0005980.png	Чудесное избавление апостола Петра ()
0005981.png	Кубок Шпенглера
0005982.png	Скоропостижно скончалась , 78 лет от роду.
0005983.png	В СССР объективы этого типа именовались «Юпитер».
0005984.png	Павлов Михаил Тимофеевич - воевода в Сапожке (1637-1639), в Кашире (1651).
0005985.png	Ссылки
0005986.png	Библиография
0005987.png	Киргизско-Турецкий университет «Манас»;
0005988.png	«Салют-1» (ДОС-1, 1971)
0005989.png	Современное состояние
0005990.png	Скончались
0005991.png	Персоналии по алфавиту
0005992.png	«Партия зелёных Новой Зеландии» ();
0005993.png	Издания-партнёры
0005994.png	Чтобы ответить Вам стихами
0005995.png	Символы штата
0005996.png	Документальная
0005997.png	Литература
0005998.png	Сайт коллекционера Сергея Фролова
0005999.png	Список объектов Всемирного наследия ЮНЕСКО в Мали
0006000.png	9 апреля Госпремия театру Гешер.
0006001.png	Ссылки
0006002.png	Биография
0006003.png	Спирали
0006004.png	Снаряды к огнестрельному оружию
0006005.png	Анимация движения спутников Юпитера
0006006.png	Голография
0006007.png	две медали Кубы.
0006008.png	Примечания
0006009.png	Евхаристия как реальное приобщение к единократной Жертве Христа
0006010.png	Изотерма Вант-Гоффа
0006011.png	Смерть
0006012.png	Отдельные значения
0006013.png	Землепроходцы России
0006014.png	Фильмы-драмы Франции
0006015.png	Водные объекты Англии
0006016.png	Города-побратимы
0006017.png	Комментарии
0006018.png	Физико-географическая характеристика
0006019.png	Национальная литературная премия (за поэтический сборник «В поисках тайны»)
0006020.png	В Российской империи имелись следующие верфи:
0006021.png	Дети-актёры США
0006022.png	Историки по алфавиту
0006023.png	Группы самоподдержки
0006024.png	Память
0006025.png	Грибы Северной Америки
0006026.png	Персонажи «Божественной комедии»
0006027.png	Пресненский переулок
0006028.png	Археологические объекты в Греции
0006029.png	недостаточная надежность сети из-за проблем с разъемами кабеля;
0006030.png	Малый Дровяной переулок
0006031.png	имеет высокооплачиваемую работу;
0006032.png	2-я Пионерская, улица
0006033.png	Комментарии
0006034.png	Вуайеризм у детей
0006035.png	Длинная шкала
0006036.png	Племенные королевства;
0006037.png	Газа (Аза) () ()
0006038.png	Религиозные деятели Ярославской области
0006039.png	Роды,
0006040.png	События
0006041.png	Пиррон
0006042.png	Появились в 1731 году
0006043.png	Выпускники факультета журналистики МГУ
0006044.png	Устройство цифрового фотоаппарата
0006045.png	Городской дворец творчества детей и молодёжи
0006046.png	Ссылки
0006047.png	Судебную реформу:
0006048.png	Проскрипции
0006049.png	Известные представители
0006050.png	Тридцатилетняя война
0006051.png	Экономика
0006052.png	Семь принципов баптизма
0006053.png	Ссылки
0006054.png	История хоккейной формы
0006055.png	Оздоровительные образовательные центры
0006056.png	Психогенная астазия,
0006057.png	Открытие озера европейцами
0006058.png	Орден Дружбы народов (1982)
0006059.png	Ссылки
0006060.png	Приютский переулок
0006061.png	Февраль
0006062.png	Кавалерия
0006063.png	Статьи с эдитнотисом об осторожности при редактировании
0006064.png	Конфуцианство принесено в Японию.
0006065.png	География
0006066.png	Музей-аптека
0006067.png	Написал также:
0006068.png	Проституция в Европе
0006069.png	Примечания
0006070.png	Сентлюсийцы (Сент-Люсия)
0006071.png	3 апреля
0006072.png	Ясеневская улица
0006073.png	Наступление Боске
0006074.png	Музыка
0006075.png	Рюриковичи
0006076.png	Сахарный диабет
0006077.png	Выбор катастроф
0006078.png	516 км: река Шерна
0006079.png	Альфред Кох
0006080.png	В организме АТФ синтезируется путём фосфорилирования АДФ:
0006081.png	Храм святых равноапостольных Кирилла и Мефодия
0006082.png	Суть принципа
0006083.png	Физико-географическая характеристика
0006084.png	Международное Рахманиновское общество г. Майами, Сан-Хосе
0006085.png	Агломерация Сан-Паулу
0006086.png	Персоналии по алфавиту
0006087.png	Космический полёт
0006088.png	Ссылки
0006089.png	Литература
0006090.png	В единую систему образования города входят следующие образовательные учреждения:
0006091.png	Орден «Аль-Фахр» (орден Почёта) (Совет Муфтиев России)
0006092.png	Медаль «Братство по оружию» (ПНР).
0006093.png	где суммируются интервалы времени в локально инерциальных системах отсчёта.
0006094.png	местонахождения редких или особо ценных палеонтологических объектов;
0006095.png	Именины
0006096.png	Промышленность и строительство
0006097.png	Примечания
0006098.png	Ссылки
0006099.png	улица Вяземского (село Мещерское, Сердобский район, Пензенская область)
0006100.png	Калуга,
0006101.png	Рядом с музеем Вобана в Сен-Леже-Вобан, работы Анатоля Гийо (1905 год);
0006102.png	Кроме того
0006103.png	В прошлом
0006104.png	Типографика
0006105.png	Синглы
0006106.png	Вотум недоверия
0006107.png	Умер 9 ноября 1923 года в Петрограде.
0006108.png	Институт дополнительного образования и профессиональной переподготовки (ИДОПП)
0006109.png	Реки Португалии
0006110.png	История Киева
0006111.png	Числительное
0006112.png	Духовная музыка
0006113.png	Примечания
0006114.png	Нарушения правил и штрафы
0006115.png	Коммутаторы сетей хранения данных
0006116.png	Футбольный клуб «Завиша Быдгощ».
0006117.png	В живописи
0006118.png	Востоковеды Нидерландов
0006119.png	Арифмометр
0006120.png	Игорь Саторин. Тщеславие и гордыня.
0006121.png	Литература
0006122.png	Типы нимба
0006123.png	Примечания
0006124.png	В Чжоу сторонники царевича Чжао подняли мятеж, ван бежал в Цзинь.
0006125.png	Использование технологических свойств минеральных стёкол
0006126.png	Водность реки иллюстрируется гидрографом стока.
0006127.png	Биография
0006128.png	Посёлок городского типа Лыткарино
0006129.png	Источник энтропии
0006130.png	Литература
0006131.png	Примечания
0006132.png	(присоединился 28 сентября 1934)
0006133.png	Раздольная улица
0006134.png	Псевдогруппа преобразований
0006135.png	На других языках
0006136.png	Литература
0006137.png	Иностранные члены РАН
0006138.png	Четырежды орденом Ленина награждена:
0006139.png	Розовые фламинго
0006140.png	Новоданиловская набережная
0006141.png	Ткани с люверсами
0006142.png	В 1946 году был делегатом сионистского конгресса в Базеле.
0006143.png	каждый -арный предикатный символ  из  в -арное отношение .
0006144.png	Мосты через Зимнюю канавку
0006145.png	Орден Трудового Красного Знамени (1967, 1981)
0006146.png	Ярослав Мудрый (сторожевой корабль)
0006147.png	Но всплывает наверх и подобно елею струится:
0006148.png	Электоральная география
0006149.png	Это заявление включало в себя пять основных пунктов:
0006150.png	Лауреаты Нобелевской премии из Германии
0006151.png	Ссылки
0006152.png	Авалонский взрыв
0006153.png	Если же ясный день, то сулил он засушливое лето.
0006154.png	Первые антикороли
0006155.png	Зои Белл, новозеландская актриса и каскадёр.
0006156.png	Резонансные события
0006157.png	Тип переменной зависит от контекста
0006158.png	Ключевые нововведения:
0006159.png	«Аквариум» «3-й Ленинградский рок-фестиваль» (магнитиздат)
0006160.png	Арбалет
0006161.png	В кодировании
0006162.png	Саратиков А. С., «Камфора (Фармакология и клиническое применение)», Томск, 1966
0006163.png	Правозащитная деятельность в защиту педофилии
0006164.png	Послевоенное время
0006165.png	Самое ценное (1950)
0006166.png	Наталья Курган (до 2001)
0006167.png	Примечания
0006168.png	11 место
0006169.png	Циклические ускорители
0006170.png	В русской Википедии появилась первая статья.
0006171.png	См. также
0006172.png	История изучения
0006173.png	Похороненные на кладбище деревни Леониха (Щёлковский район)
0006174.png	Правила построения названий спиртов:
0006175.png	Скала Хобот на оз. Байкал.
0006176.png	Космические программы
0006177.png	Экклезиология
0006178.png	Источники
0006179.png	Умер Роберт Фиш 23 февраля 1981 года в своем кабинете с ручкой в руке.
0006180.png	Ссылки
0006181.png	Детские сады: «Рябинушка», «Родничок», «Журавлик»
0006182.png	Олеся Железняк, российская актриса театра и кино, телеведущая.
0006183.png	Примечания
0006184.png	Учёные Нидерландов
0006185.png	Поиск слова по словарям белорусского языка
0006186.png	См. также
0006187.png	Географические объекты
0006188.png	Музыка
0006189.png	Крутая высокая радуга к хорошей погоде, низкая и пологая к погоде ненастной.
0006190.png	Герб Русского государства
0006191.png	Свойство произведения:
0006192.png	Сообщество Мещанского района в Живом Журнале
0006193.png	Цари Фив и Беотии
0006194.png	Сборники
0006195.png	Биография
0006196.png	48 областей;
0006197.png	Комментарии
0006198.png	в Архангельске стартовал первый рок-фестиваль «Остров».
0006199.png	В геральдике
0006200.png	Города Хорезма
0006201.png	Умершие от рака
0006202.png	Музеи Валдая
0006203.png	Сети-пир
0006204.png	Болезнь
0006205.png	Приложения этого процесса к реальным ситуациям, или пересечения с ними.
0006206.png	2022: Орша объявлена Культурной столицей Республики Беларусь.
0006207.png	Добывающая промышленность
0006208.png	Средства массовой информации
0006209.png	Масштабная модель монорельса навесного типа (видео)
0006210.png	Андрей Чернышов
0006211.png	Обнубиляция
0006212.png	Крупные волнения пражского бюргерства под лозунгами Реформации.
0006213.png	Литература
0006214.png	Мировоззрение
0006215.png	Армянский субстрат
0006216.png	Помимо обычных (бытовых) спичек, изготавливаются также специальные:
0006217.png	Водный центр
0006218.png	Существуют два подхода к определению натуральных чисел:
0006219.png	Тойлыев, Аман Озбекович
0006220.png	Основные идеи
0006221.png	Электростатическое поле
0006222.png	Примечания
0006223.png	Хомский Н.
0006224.png	Прочая литература
0006225.png	Архивные записи
0006226.png	Православие
0006227.png	Саамский
0006228.png	Фристайл
0006229.png	Лесная улица (деревня Большое Покровское)
0006230.png	Прочее
0006231.png	Математика
0006232.png	Закон об инвестиционных корпорациях банту (1959)
0006233.png	Название страны происходит от этнонима "румын".
0006234.png	27. Керкира (Корфу)
0006235.png	Члены Демократической партии США
0006236.png	Хуанито
0006237.png	Плазмоцентр
0006238.png	События
0006239.png	Городской транспорт в Арзамасе представлен автобусами и такси.
0006240.png	Залечь на дно в Брюгге
0006241.png	Мурал к юбилею Владимира Короткевича
0006242.png	Примечания
0006243.png	Ведётся строительство.
0006244.png	Источники архивные
0006245.png	Памятник Николаю Кузнецову
0006246.png	Завод по выпуску бытовых изделий из пластмассы «ДимПласт» (бывший Льнокомбинат).
0006247.png	Художественные музеи
0006248.png	курманджи:
0006249.png	Примечания
0006250.png	Населённые пункты Саратовской области
0006251.png	Примечания
0006252.png	Города Гродненской области
0006253.png	Роды млекопитающих
0006254.png	Брак Юрия Андреевича, сына Андрея Боголюбского, и грузинской царицы Тамары.
0006255.png	Орден Святого Станислава 3-й степени (1902)
0006256.png	Газификация
0006257.png	Военный городок
0006258.png	Промышленность
0006259.png	Электронное резидентство
0006260.png	Предметы материальной культуры Старого Света
0006261.png	Литература
0006262.png	Война с Финляндией
0006263.png	послание
0006264.png	Литература
0006265.png	Первые годы советской власти
0006266.png	Свободные менеджеры загрузок
0006267.png	Литература
0006268.png	Культурный материал
0006269.png	Применение искусственного интеллекта
0006270.png	Региональные международные организации:
0006271.png	Кавалеры ордена Красного орла 4 степени
0006272.png	Сфера Дайсона
0006273.png	Военные действия
0006274.png	Кафедра экономической теории
0006275.png	Церковь Богоматери
0006276.png	Мировая война
0006277.png	Достопримечательности
0006278.png	Женат, имеет троих детей.
0006279.png	География
0006280.png	Орден Белого Орла (1864)
0006281.png	Ташкентская улица
0006282.png	Производство строительных материалов
0006283.png	Почётные граждане
0006284.png	Виды остойчивости
0006285.png	Именем Гамзатова названы улицы в следующих городах Дагестана:
0006286.png	Кинорежиссёры-документалисты Германии
0006287.png	Права Карла Неверского как правителя Мантуи и Монферрата были подтверждены.
0006288.png	Поэты по алфавиту
0006289.png	Па-спорт (2022)
0006290.png	Послевоенная служба
0006291.png	С 1919 по 1920 был депутатом ландтага Баварии от Баварской народной партии.
0006292.png	Катастрофа Ил-14 под Сталинградом.
0006293.png	Телевизионная карьера
0006294.png	Утонувшие
0006295.png	Осевая симметрия
0006296.png	Примечания
0006297.png	Ниже приведен список балетмейстеров-репетиторов Большого театра:
0006298.png	Мраморный кролик. Повесть (2011; издана в журнале «Путеводная звезда»)
0006299.png	Биография
0006300.png	ВОЕННЫЙ КОММУНИЗМ
0006301.png	Кобург
0006302.png	История знаков различия воинского звания в России
0006303.png	Ядерная реакция деления
0006304.png	Сикари А. Портреты святых: В 4 т. Т.1. Милан, 1991. С.121-150.
0006305.png	Эсперантисты Венгрии
0006306.png	дополнительная противометеоритная защита;
0006307.png	река Фонтанка (Аничков мост)
0006308.png	Биография
0006309.png	В математике
0006310.png	Отражение в искусстве
0006311.png	Филиал УрГУПС в городе Златоусте
0006312.png	Нобелевские премии
0006313.png	Синдром самозванца
0006314.png	Тяговый электродвигатель более надёжен, чем двигатель внутреннего сгорания.
0006315.png	Крупнейшие (большие и средние) выделены жирным шрифтом.
0006316.png	Монастырь Хора (Карие-джами)
0006317.png	Медали.
0006318.png	Промышленность
0006319.png	поэтому
0006320.png	1050,6 км: Пыталь (лв)
0006321.png	Ссылки
0006322.png	Государственные деятели Греции
0006323.png	История административно-территориального деления республики
0006324.png	Учреждения культуры Прилук:
0006325.png	Ссылки
0006326.png	Открытие Университета Стефана Батория в Вильно.
0006327.png	Сайты, появившиеся в 2002 году
0006328.png	Самоубийство Дэда
0006329.png	Литература
0006330.png	Историки лингвистики
0006331.png	В Цюрихе создано Агентство по отправке в Палестину евреев.
0006332.png	Увековечивание памяти об учёном
0006333.png	Депутаты Верховного Совета Белорусской ССР 1-го созыва
0006334.png	Образование
0006335.png	Исламские термины
0006336.png	Ингибиторы микросомального окисления снижают риск гепатотоксического действия.
0006337.png	Умершие от инфаркта миокарда
0006338.png	ООО «Си-Эс-Ай» «Восток» (пластиковые крышки для газированных напитков и пива)
0006339.png	Ссылки
0006340.png	Ранние годы
0006341.png	Величина
0006342.png	Выпускники Академии морской гвардии
0006343.png	и итераций:
0006344.png	Существует и другое определение трапеции.
0006345.png	Научная деятельность
0006346.png	память преподобного Корнилия, чудотворца Комельского (1537);
0006347.png	Физико-географическая характеристика
0006348.png	В эзотерической литературе Нью Эйдж представлены анх-модели системы чакр.
0006349.png	Физиология фридайвинга
0006350.png	Примечания
0006351.png	Список известных Великих понтификов
0006352.png	Гостиница (1909).
0006353.png	пятиугольным ():
0006354.png	Средства массовой информации
0006355.png	Симптомы психических расстройств
0006356.png	Посмертные альбомы и сборники
0006357.png	Расположение союзных войск в Балаклавском лагере
0006358.png	Строительство
0006359.png	ЗАО «Мордовский бекон» («Талина»);
0006360.png	Ларс фон Триер на сайте журнала «Сеанс»
0006361.png	Главный зал
0006362.png	Бестужев Юрий Васильевич - воевода в Уржуме (1651).
0006363.png	О писателях
0006364.png	Усадьба Сенявиных находилась в селе Конь-Колодезь нынешней Липецкой области.
0006365.png	Бассетгорн
0006366.png	Земская больница;
0006367.png	зал бокса «Дружба».
0006368.png	Ссылки
0006369.png	Климат
0006370.png	История
0006371.png	Торговля
0006372.png	Информационный центр Центрального аппарата ЛДПР
0006373.png	Самарская областная детская библиотека,
0006374.png	Примечания
0006375.png	Члены Гёттингенской академии наук
0006376.png	Литература
0006377.png	В проекте 203 университета, 64 корпорации и 40 независимых членов.
0006378.png	Персоналии:Армия УНР
0006379.png	Книжное оформление
0006380.png	Примерами аффинных преобразований являются
0006381.png	См. также: :Категория:Родившиеся в 1231 году
0006382.png	Нахтигал Р. Славянские языки, пер. со словен., М., 1963.
0006383.png	Зимняя психологическая школа СПбГУ
0006384.png	Русская музыка
0006385.png	См. также: :Категория:Умершие в 1796 году
0006386.png	См. также
0006387.png	Не забывает, но сведущ в благих, справедливых советах.
0006388.png	Наиболее известные мастера офорта
0006389.png	Примечания
0006390.png	Космодром Байконур в Казахстане: 12-метровый радиотелескоп ТНА-57.
0006391.png	6 сентября
0006392.png	Автомобильный транспорт
0006393.png	Волков, Владилен Владимирович
0006394.png	Ссылки
0006395.png	Схема транспортной инфраструктуры Чемальского района
0006396.png	Члены Западно-Сибирского отдела Императорского русского географического общества
0006397.png	Комментарии
0006398.png	Примечания
0006399.png	Сайт единственной национальной авиакомпании «Эйр Кирибати»
0006400.png	Елена Кись (артистка-вокалистка)
0006401.png	Дальность видимости
0006402.png	Почётные доктора Тартуского университета
0006403.png	Районные центры Орловской области
0006404.png	Алексин (Россия)
0006405.png	Награды
0006406.png	Рыболовство
0006407.png	Непостоянство величины
0006408.png	Симптомы отравления растворимыми солями бария
0006409.png	Этнология
0006410.png	Топонимика
0006411.png	Родоначальники «Ак Барса»
0006412.png	память преподобномученицы Елены (Коробковой), инокини (1938);
0006413.png	События
0006414.png	Детективные фильмы Франции
0006415.png	Бренд и реклама
0006416.png	1656 км: Лытка
0006417.png	Примечания
0006418.png	Климатический курорт, сероводородные воды.
0006419.png	Политика штата
0006420.png	Л. Боженко. Заимствованная лексика в современном русском языке
0006421.png	Примечания
0006422.png	Механизмы распространения
0006423.png	Описание
0006424.png	Ссылки
0006425.png	Другие значения
0006426.png	Письмо майя
0006427.png	Кельты или иллирийцы
0006428.png	В качестве денежной единицы применяется российский рубль.
0006429.png	(геофизическая ракета): с 1971 года;
0006430.png	Личные
0006431.png	Дети:
0006432.png	Начальник разведки КСИР: генерал Миноджахар Фрузанда
0006433.png	Претексты и писательский автомиф
0006434.png	10 октября 2013 года город принимал эстафету олимпийского огня.
0006435.png	Масоны России
0006436.png	Синтетические априорные суждения
0006437.png	Северодвинский колледж управления и информационных технологий;
0006438.png	Предсказатели
0006439.png	Бриллиантовый дождь. Роман в рассказах
0006440.png	Последствия
0006441.png	Фогартах мак Нейлл,король Лагора.
0006442.png	Персидский язык. Начальный разговорный курс от СПбГУ
0006443.png	На русском языке
0006444.png	Реформа 1939 года
0006445.png	Пехотный полк
0006446.png	Археологическая культура
0006447.png	Ссылки
0006448.png	Фильмы о Праге
0006449.png	память преподобномученика Тавриона (Толоконцева), монаха (1939);
0006450.png	Экономика
0006451.png	Пироксилиновые
0006452.png	чьи корни сокрыты
0006453.png	Основание города
0006454.png	Спорт
0006455.png	Примечания
0006456.png	Города Шлезвиг-Гольштейна
0006457.png	Обобщенная формулировка высоких порядков дисперсии - оптика Лаха-Лагерра
0006458.png	Как поцелуи матери,
0006459.png	Образование
0006460.png	Вьетнам
0006461.png	Кафедра естественнонаучных дисциплин имени профессора В.М.Финкеля
0006462.png	Атмосферные электрические явления
0006463.png	Населённые пункты Могочинского района
0006464.png	Награждённые Почётной грамотой Президиума Верховного Совета Российской Федерации
0006465.png	Скерцо. 1844 год.
0006466.png	Композиторы оперетт
0006467.png	Отобрано Азимовым: Кометы и компьютеры
0006468.png	орден Красной Звезды (21.05.1940)
0006469.png	Комментарии
0006470.png	Семья и дети
0006471.png	Могадишо, Сомали (2000)
0006472.png	Ссылки
0006473.png	Хямеэнлинна, Финляндия
0006474.png	Иеромонахи
0006475.png	Институт стран Азии и Африки (ИСАА) (1956)
0006476.png	Скончались
0006477.png	Православие в СССР
0006478.png	Физические свойства
0006479.png	См. также
0006480.png	Музей истории соли (бывший Усть-Боровской солеваренный завод)
0006481.png	«Петербургское Молодёжное Яблоко»
0006482.png	глава городского округа,
0006483.png	Всемирный день рыболовства (1985)
0006484.png	Сайт «Лев Копелев»: главная страница
0006485.png	Сердито лепятся капризные Медузы,
0006486.png	Литература
0006487.png	Сценаристы Японии
0006488.png	Детский мир
0006489.png	Донецкая областная библиотека для детей имени С. М. Кирова
0006490.png	Черничка
0006491.png	Историки по алфавиту
0006492.png	Статистические данные
0006493.png	Ссылки
0006494.png	36 год, 36 год до н. э., 1936 год
0006495.png	Коренные народы в Российской Федерации
0006496.png	Восьмицилиндровый двигатель
0006497.png	Ауце, Латвия
0006498.png	Структура расизма и восстановление. Лекция 2.
0006499.png	Херцберг-ам-Харц (наряду с немецким)
0006500.png	Христианские храмы
0006501.png	Устройства отображения информации
0006502.png	История КНДР
0006503.png	Долготы гласных не отмечены.
0006504.png	Оперные композиторы России
0006505.png	В Санкт-Петербурге закрыт Варшавский вокзал .
0006506.png	Верхняя Саксония
0006507.png	Религиозные
0006508.png	Появились в 1945 году в Германии
0006509.png	Байпазинская ГЭС мощностью в 600 МВт;
0006510.png	Экипаж
0006511.png	Продолжительность жизни и половозрелость
0006512.png	Города Израиля
0006513.png	Достопримечательности
0006514.png	История Дальнего Востока
0006515.png	И вновь об Афганской войне
0006516.png	Фенольные соединения
0006517.png	Информация о фильме
0006518.png	Парижская хартия для новой Европы, 1990 год
0006519.png	Август
0006520.png	Кладбища
0006521.png	Соотношение сторон экрана
0006522.png	Система согласных :
0006523.png	Биография
0006524.png	Эльфы до Толкина
0006525.png	Ссылки
0006526.png	См. также
0006527.png	Лучшие бомбардиры финальных матчей чемпионатов мира
0006528.png	Чайный гриб
0006529.png	медаль «За оборону Ленинграда» (вручена в июне 1943);
0006530.png	Ссылки
0006531.png	Мистификация
0006532.png	спортивные комплексы «Кристалл», «Олимп», «Акробат», «Труд», «Слон»;
0006533.png	«Дитя Марии» (), 1869;
0006534.png	Заслуженные деятели искусств Литовской ССР
0006535.png	В 2019 году участвовал в проекте Первого канала «Главная роль».
0006536.png	Родители
0006537.png	Примечания
0006538.png	Буддизм представлен тремя направлениями: Кагью, Гэлуг и Дзогчен.
0006539.png	Флаги автономных сообществ Испании
0006540.png	Участие в российской космической программе
0006541.png	Зимой младший брат циского князя Нянь прибыл послом в Лу.
0006542.png	События
0006543.png	Ссылки
0006544.png	Инфраструктура
0006545.png	Екатерининский сквер
0006546.png	4 кирасирских гвардейских
0006547.png	История
0006548.png	ограниченное управление историей просмотра страниц,
0006549.png	Литература
0006550.png	Не трогайте руками и не используйте в пищу погибших или больных птиц.
0006551.png	Столицы летних Универсиад
0006552.png	События
0006553.png	Перезахороненные с Новодевичьего кладбища (Санкт-Петербург)
0006554.png	Ранние годы
0006555.png	Жозе Сарамаго. Почему я поддерживаю антиглобалистов
0006556.png	Бурятский государственный национальный театр песни и танца «Байкал».
0006557.png	Бранко Вукелич 1945.1.13 умер в тюрьме (Абасири);
0006558.png	Фарерско-русская практическая транскрипция
0006559.png	Дочь:
0006560.png	Лауреаты премии «Хрустальная Турандот»
0006561.png	Железнодорожный район,
0006562.png	Персидская живопись
0006563.png	Специальные сервисы аэропорта в пассажирском терминале
0006564.png	Лауреаты мемориальной премии Джеймса Тейта Блэка
0006565.png	Сенураш (на севере)
0006566.png	Сотрудники института
0006567.png	Умершие в Нанте
0006568.png	«Женская весна» (исп. Людмила Соколова)
0006569.png	Источники
0006570.png	Медицинские высшие учебные заведения России
0006571.png	Кузьминский парк
0006572.png	Применение
0006573.png	Подземные города
0006574.png	Крытый вагон
0006575.png	выданные займы учредителю, акционеру;
0006576.png	получать прямые конверсии, переводя часть элементарных задач на ботов.
0006577.png	Почётный член Российской академии художеств
0006578.png	Владивостокское художественное училище,
0006579.png	Политическая деятельность
0006580.png	Этнические чистки
0006581.png	Морские пехотинцы Великой Отечественной войны
0006582.png	Исторические аналогии
0006583.png	орден Святого Георгия 4-й степени (21 сентября 1849 года)
0006584.png	Свободненский вагоноремонтный завод
0006585.png	Характер Пуаро
0006586.png	узел реагентов реакторного отделения;
0006587.png	Основными магистралями района являются:
0006588.png	Музыкальные фестивали Германии
0006589.png	Вологда, Россия
0006590.png	Тибетская община за границей
0006591.png	Дерево
0006592.png	Нумерация версий программного обеспечения
0006593.png	Свершилась последняя казнь участника стрелецкого бунта 1698 года.
0006594.png	Игры доброй воли
0006595.png	Библейские денежные единицы
0006596.png	Герцогство Нассау: 1.9.1812
0006597.png	Аллювий
0006598.png	Сентиментализм
0006599.png	См. также
0006600.png	Наука
0006601.png	Кафедра всеобщей истории, философии и социальных наук
0006602.png	Память
0006603.png	Основные события
0006604.png	Июль в других календарях
0006605.png	Носители фамилии
0006606.png	Велес
0006607.png	Примечания
0006608.png	Одного яйца два раза не высидишь.
0006609.png	Электронное строение
0006610.png	«Как наладили» (Л. Мей)
0006611.png	Встречаются на низменностях, склонах гор, в ущельях, на обрывах.
0006612.png	Преподаватели Императорского технического училища
0006613.png	История
0006614.png	Шестнадцатеричные числа и операции с ними
0006615.png	Среди багги постепенно выделилось несколько различных видов:
0006616.png	Похороненные в Свято-Духовом монастыре
0006617.png	Музей минералогии
0006618.png	См. также
0006619.png	Простота хранения отработавшего топлива;
0006620.png	Миллиардеры США
0006621.png	Книги и исследовательская деятельность
0006622.png	Лёнька (1962)
0006623.png	История
0006624.png	Сражения Саксонии
0006625.png	Национальный реестр фильмов
0006626.png	Сухан
0006627.png	Осетинские поэты
0006628.png	Сюжет
0006629.png	Ссылки
0006630.png	История Польши
0006631.png	Новости Волгодонска
0006632.png	Военные порты
0006633.png	Центральная Европа как экономический партнёр России
0006634.png	Европа
0006635.png	Анатомы по алфавиту
0006636.png	Исполнительный продюсер: Леонид Маркин
0006637.png	См. также
0006638.png	Возрастная структура населения: средний возраст жителя России составляет 39 лет.
0006639.png	Аббатства Италии
0006640.png	Мемориальные комплексы России
0006641.png	Абушинов Геннадий Алексеевич
0006642.png	Основные носители микроизображения, использовавшиеся  при микрофильмировании:
0006643.png	Добывание сведений о международной организованной преступности.
0006644.png	Митрополиты Крутицкие и Коломенские
0006645.png	Районный историко-краеведческий музей
0006646.png	Легендарные события
0006647.png	Применение в ветеринарии
0006648.png	Примечания
0006649.png	отсутствие болезней и физических дефектов».
0006650.png	Ссылки
0006651.png	Этимология
0006652.png	Члены Палаты бюргеров Виргинии
0006653.png	История версий
0006654.png	Карл Коэн
0006655.png	Сунчхонский национальный университет (Республика Корея),
0006656.png	Распространение игры
0006657.png	Города
0006658.png	Депутаты Верховного Совета СССР 1-го созыва
0006659.png	Действия в Испании
0006660.png	Создание Большого сельскохозяйственного комитета в Дании.
0006661.png	Региональные научные центры
0006662.png	Религиозные
0006663.png	Резонансные события
0006664.png	Вычислить значение целевой функции для всех особей
0006665.png	География
0006666.png	Мечеть «Ар-Рахим» (Проспект Салавата Юлаева)
0006667.png	Виды аборта
0006668.png	История
0006669.png	В культуре
0006670.png	«Европетрол»
0006671.png	Новая Зеландия
0006672.png	Театр драмы «Апарт»
0006673.png	Гость-краснобай на казённом пиру
0006674.png	Воинские звания по алфавиту
0006675.png	Суть-хуйнуть (Только для Интернета) (2004)
0006676.png	Труды по мифологии
0006677.png	События
0006678.png	Промышленность
0006679.png	События
0006680.png	17 июля 2020 года принято новое деление области на 5 районов:
0006681.png	Примечания
0006682.png	Краснодарский край
0006683.png	Педагогическая, общественная и научно-административная деятельность
0006684.png	Список звёзд созвездия Ориона
0006685.png	Смена одного за другим новгородских князей при Всеволоде Ольговиче.
0006686.png	Администрация города Назарово
0006687.png	По территории протекают реки Арно, , Терцоле и Греве.
0006688.png	Географическое положение
0006689.png	Садовническая набережная
0006690.png	В нумизматике
0006691.png	Кинотеатр «Победа» (летний зал).
0006692.png	11 мая
0006693.png	Терриконы
0006694.png	ЧАО «Луганский патронный завод»
0006695.png	Берке, правитель Улуса Джучи.
0006696.png	Культура поведения и общения, педагогический такт.
0006697.png	Ранние годы
0006698.png	Родились
0006699.png	Филологи Германии
0006700.png	Первая мировая война
0006701.png	Члены Британской академии
0006702.png	Внерайонный город (Германия)
0006703.png	Показания
0006704.png	Художники-академисты
0006705.png	Транспорт
0006706.png	1-я жена: (с 608 года) Билихильда
0006707.png	Правители Швеции
0006708.png	Железная дорога
0006709.png	Храм Георгия Победоносца (с. Левычино)
0006710.png	Мнения
0006711.png	Вторая выставка (апрель 1876)
0006712.png	Утонувшие
0006713.png	Официальные сайты:
0006714.png	Крепкие спиртные напитки
0006715.png	Комментарии
0006716.png	Межправительственная группа экспертов по изменению климата: деятельность
0006717.png	Известные представители рода
0006718.png	«Превращение мистера Франца Кафки»
0006719.png	Библиография, включает указания на новейшие переводы
0006720.png	Благовещение Пресвятой Богородицы на сайте Православие и современность
0006721.png	Цель игры и продолжительность партии
0006722.png	Иногда половодье может стать причиной разрушения биоценоза местности.
0006723.png	Кризисные 1980-е и распад СЭВ
0006724.png	Примечания
0006725.png	Применение
0006726.png	Каллиев мир
0006727.png	Литература
0006728.png	Римское царство
0006729.png	Следствия закона
0006730.png	Дошкольное и основное образование
0006731.png	шведский Орден Меча командорский крест (1840)
0006732.png	См. также
0006733.png	«Смерть богов. Юлиан Отступник» (1895)
0006734.png	Выпускники Александринского сиротского института
0006735.png	«И не было с тех пор конца их счастью»
0006736.png	Суммарное количество сравнений равно .
0006737.png	микроопак,
0006738.png	События
0006739.png	Гематрия
0006740.png	См. также: :Категория:Умершие 10 августа
0006741.png	Громов, Сергей Сергеевич (27.02.1995, 124)
0006742.png	При применении зуклопентиксола не рекомендуется употребление спиртных напитков.
0006743.png	Дети:
0006744.png	медаль «За заслуги в ядерном обеспечении»
0006745.png	Муниципалитеты округа Эвора
0006746.png	Галльская война
0006747.png	Емельянов, Владимир Владимирович
0006748.png	Игроки года по версии ФИФА
0006749.png	Лямбда-исчисление
0006750.png	Трансформаторы. Справочник.
0006751.png	Схема торговли
0006752.png	Примечания
0006753.png	См. также: :Категория:Родившиеся в 1484 году
0006754.png	Эпикуреизм
0006755.png	Литература
0006756.png	Создана Донецкая область со столицей в Артёмовске.
0006757.png	Преподаватели Военно-медицинской академии
0006758.png	Фильмы Франции 1986 года
0006759.png	Образование в Польше Тарногродской конфедерации, враждебной Августу.
0006760.png	Этология
0006761.png	Музей кобзарского искусства (ул. Б.Хмельницкого, 20);
0006762.png	Ссылки
0006763.png	Фаза суженного сознания или оглушённости
0006764.png	Сражения Австрии
0006765.png	Выпускники Кембриджского университета
0006766.png	В Православной церкви
0006767.png	Историки по алфавиту
0006768.png	Образ жизни
0006769.png	Избранные труды
0006770.png	Его внуки:
0006771.png	Примечания
0006772.png	«Слава нашей Отчизне!» (1943)
0006773.png	Премия Андрея Белого
0006774.png	Персоналии по алфавиту
0006775.png	Ссылки
0006776.png	остров Святой Елены (Атлантический океан, владение Великобритании)
0006777.png	В Европе
0006778.png	Железнодорожное сообщение
0006779.png	района
0006780.png	Владимир Ильич Ленин, Удержат ли большевики государственную власть?
0006781.png	Португалия
0006782.png	В других областях
0006783.png	Сикхизм
0006784.png	Примечания
0006785.png	Населённые пункты Здолбуновского района
0006786.png	Артисты, известные под псевдонимами
0006787.png	Чемпион Европы: 2000
0006788.png	946 км: река Ток (пр)
0006789.png	Управляемый термоядерный синтез
0006790.png	Литература
0006791.png	Общее образование
0006792.png	Машины из фильмов «Безумный Макс»
0006793.png	Сохранялись отдельные очаги сопротивления и в Индокитае.
0006794.png	Первомайский район,
0006795.png	Оставьте меня: каждый шаг и вздох
0006796.png	Электроника и электротехника
0006797.png	Спин и статистика
0006798.png	Крупнейшие государственные резервы в мире
0006799.png	Ядовитые вещества
0006800.png	Климат
0006801.png	В Калязинском районе 331 населённый пункт.
0006802.png	Награждённые Международной золотой медалью Нильса Бора
0006803.png	Примечания
0006804.png	Ярцево в наши дни
0006805.png	Д. Клебанов 1-я симфония, Памяти мучеников Бабьего Яра (1945, ).
0006806.png	Сайт о старинном холодном оружии
0006807.png	Художник-постановщик
0006808.png	Экстремальные точки Земли
0006809.png	Состав мёда
0006810.png	Злое число
0006811.png	Шигонский район
0006812.png	Промышленный шпионаж.
0006813.png	География
0006814.png	Шаньюй Юй убивает лишних наследников престола.
0006815.png	Ячейка стеллажа.
0006816.png	Персоналии:Правительство Великобритании
0006817.png	Галерея
0006818.png	Примечания
0006819.png	Примечания
0006820.png	Иерусалим, сходящий с неба.
0006821.png	Издания и литература
0006822.png	Леонид Глебов (ум. 1893), украинский писатель, поэт и издатель.
0006823.png	Кудь-Сверчков, Сергей Владимирович (15.07.2022)
0006824.png	Примечания
0006825.png	Барисан Ибелин стал коннетаблем графства Яффа.
0006826.png	Современное состояние
0006827.png	Почётные доктора Университета Куинс в Кингстоне
0006828.png	Группы Ли
0006829.png	Этническое происхождение жителей
0006830.png	Музыка
0006831.png	См. также
0006832.png	, Невинномысск
0006833.png	Характеристика творческой манеры
0006834.png	Сюжеты
0006835.png	Правители Испании
0006836.png	Правозащитники
0006837.png	См. также
0006838.png	тут конец перспективы.
0006839.png	МОУ «Осиновская ООШ» со структурным подразделением детский сад с. Осиновик
0006840.png	достаточная техническая подготовленность налоговых органов.
0006841.png	Обновление микрокода процессора
0006842.png	Примечания
0006843.png	бензинов (низкооктановые компоненты автомобильного топлива)
0006844.png	События
0006845.png	Разрушение Воронежа черкасами.
0006846.png	Есть также 6 родов Извековых более позднего происхождения.
0006847.png	Туризм
0006848.png	Дж. Б. Тьеполо
0006849.png	Алексей Миранчук
0006850.png	Кафедра физической культуры и спорта
0006851.png	Сетевая разведка
0006852.png	История
0006853.png	Балтачевский
0006854.png	Другие административные домены второго уровня
0006855.png	Фундаментализм
0006856.png	Трейси Вилар, американская актриса.
0006857.png	Орден Святого Владимира 3 ст. (1878)
0006858.png	См. также: :Категория:События 21 марта
0006859.png	ООО «Северодонецкие металлоизделия и конструкции»
0006860.png	Исторические художники Германии
0006861.png	Города из Списка русских городов дальних и ближних
0006862.png	См. также
0006863.png	В художественной литературе
0006864.png	Примечания
0006865.png	Лауреаты премии «Звёздный фаллос»
0006866.png	Партизаны Великой Отечественной войны
0006867.png	Астрономы Германии
0006868.png	Ссылки
0006869.png	Песнь о Хельги, сыне Хьёрварда
0006870.png	Диплом 1845 г.
0006871.png	Русские стояли за наследием модерна в Харбине, Китай.
0006872.png	Почётное звание «Заслуженный профессор Московского университета» (1999)
0006873.png	Гендерные особенности
0006874.png	Затонувшие атомные подводные лодки
0006875.png	По форме собственности на инвестиционные ресурсы
0006876.png	Населённые пункты воинской доблести Московской области
0006877.png	Типизация
0006878.png	Сенькевич Иван Лукич
0006879.png	2000-х
0006880.png	Пресмыкающиеся Центральной Америки
0006881.png	Разгром Сирии и Финикии
0006882.png	Сенсационная находка на озере Байкал
0006883.png	Федор Евсеевич (?-?)
0006884.png	Финляндский егерский корпус
0006885.png	Скончались
0006886.png	Болезнь и смерть. Вопрос о причине смерти
0006887.png	Отрезок обычно обозначается :
0006888.png	имеющая лучшую разницу шайб в матчах со всеми командами
0006889.png	Ссылки
0006890.png	Доктор искусствоведения (1940)
0006891.png	Основные принципы
0006892.png	Булата Окуджавы, улица
0006893.png	Техника
0006894.png	Ангарск расположен в месте впадения реки Китой в Ангару.
0006895.png	Реставрационизм
0006896.png	Радио
0006897.png	Муниципалитет граничит:
0006898.png	Мемуаристы Российской империи
0006899.png	Нейромонах Феофан
0006900.png	Примечания
0006901.png	Южной Азии;
0006902.png	По Дону спускался Святослав со своею дружиною в походе на хазар.
0006903.png	1910 Брюссель (Бельгия)
0006904.png	Литература
0006905.png	Отношения с Шейбанидами
0006906.png	Прочие:
0006907.png	Также упоминается в серии книг Кассандры Клэр «Орудия смерти».
0006908.png	Умершие в 1402 году
0006909.png	Веб-камера
0006910.png	Члены Учредительного собрания Франции (1848)
0006911.png	Песни по алфавиту
0006912.png	Знаки различия
0006913.png	Епископ Якутский и Вилюйский Иаков (Домский)
0006914.png	Когнитивно-поведенческая терапия
0006915.png	В США вступил в силу сухой закон.
0006916.png	Братья:
0006917.png	См. также: :Категория:Родившиеся в 838 году
0006918.png	Греко-латинская версия
0006919.png	Галерея
0006920.png	Соединения азота по алфавиту
0006921.png	Французский альбом
0006922.png	Лисина, Ева Николаевна, чувашский прозаик, поэтесса, драматург, переводчица;
0006923.png	Чемпионом России стал «Рубин».
0006924.png	Умершие от рака
0006925.png	Бывшие посёлки городского типа Вологодской области
0006926.png	Административное деление
0006927.png	Исторические художники России
0006928.png	Кроме вышеназванных существуют и иные индексы, например:
0006929.png	Цветовой индекс
0006930.png	Слепые политики
0006931.png	Папаго
0006932.png	Премия общественного признания достижений женщин «Олимпия» (2003);
0006933.png	Ссылки
0006934.png	Источники по периоду Средневековья условно подразделяются на пять типов:
0006935.png	Грязевой крахмал
0006936.png	Почётные граждане города Иваново
0006937.png	История
0006938.png	Список портов и гаваней Великобритании
0006939.png	Известные сказки
0006940.png	бальнео-грязевые и климатические:
0006941.png	Заговор Пизона
0006942.png	Статистика
0006943.png	В составе группы «Оргия Праведников»:
0006944.png	«Памятник паровозу»
0006945.png	Литература
0006946.png	Амакс Парк-отель (Турист)
0006947.png	Ссылки
0006948.png	Символика
0006949.png	Норвегия
0006950.png	В прокате Италии картина собрала более 11 миллиардов итальянских лир.
0006951.png	Алгоритмы
0006952.png	Русские офицеры Наполеоновских и Революционных войн
0006953.png	История и агиография
0006954.png	Международные годы ООН:
0006955.png	Плавание на «Арго»
0006956.png	Судебная медицина
0006957.png	Литература
0006958.png	Джозеф Гордон-Левитт, американский актёр.
0006959.png	Литература
0006960.png	в русском: Идите обедать, Написано в газете
0006961.png	Красс и заговоры Катилины
0006962.png	Достопримечательности
0006963.png	Конфликт в Индийском Кашмире
0006964.png	Посетил Париж в 1887, 1892 и 1893 годах, где познакомился с импрессионизмом.
0006965.png	Основная литература
0006966.png	Город Сьюдад-Эвита в аргентинской провинции Буэнос-Айрес.
0006967.png	Личная жизнь
0006968.png	1980 год в СССР
0006969.png	Топонимы
0006970.png	Вааса
0006971.png	Но слишком пред ней ослабел твой дух,
0006972.png	Ссылки
0006973.png	Убитые политики
0006974.png	Примечания
0006975.png	Каспаров был трижды женат и имеет детей от каждого брака.
0006976.png	Бакалавр
0006977.png	География Византийской империи
0006978.png	Литература
0006979.png	Наука и техника
0006980.png	12 лет страдала кровотечением женщина, исцеленная Христом ().
0006981.png	Декагональная:
0006982.png	Моря: Карское, Лаптевых и Восточно-Сибирское.
0006983.png	Европейские валюты
0006984.png	Пётр Алферьевич, племянник предыдущего, в 1734 г. сибирский губернский прокурор
0006985.png	Предки Якобы Баварской
0006986.png	Примечания
0006987.png	Галле, Александр Фридрихович (30.12.1997, 427)
0006988.png	Современная астрономия
0006989.png	Примечания
0006990.png	См. также
0006991.png	Сканеры отпечатков пальцев
0006992.png	Красный Крест
0006993.png	Например,
0006994.png	Научно-исследовательские реакторы на быстрых нейтронах
0006995.png	Похороненные в аббатстве Сен-Дени
0006996.png	Литература
0006997.png	Принцип работы
0006998.png	Климат
0006999.png	Ваге (Армения)
0007000.png	Памятники
0007001.png	Численность и значение для человека
0007002.png	Майя, американская певица, актриса, продюсер, танцовщица, хореограф, модель.
0007003.png	Комитет по вопросам разоружения и международной безопасности (Первый комитет);
0007004.png	Преподаватели Политехнической школы
0007005.png	Штутгарт (Германия), 29 июня 1992 года
0007006.png	Расстрелянные в РСФСР
0007007.png	Телеведущие канала «Россия-1»
0007008.png	кроветворение (образование эритроцитов) в период внутриутробного развития)
0007009.png	Шехеразада (симфоническая сюита) (1888)
0007010.png	Национальный состав
0007011.png	Филологи-классики
0007012.png	Янтарь
0007013.png	Литература
0007014.png	Философия физики
0007015.png	Электростанции
0007016.png	Зоологические памятники природы
0007017.png	Публицисты России
0007018.png	Романы Вальтера Скотта:
0007019.png	Ход войны
0007020.png	Памятник в Королёве на городском Мемориале Славы.
0007021.png	Ссылки
0007022.png	Стадия 5: превращение сукцинил-КоА в сукцинат
0007023.png	как побочный продукт получается при переработке нефелинов.
0007024.png	История
0007025.png	Примечания
0007026.png	Творчество
0007027.png	Фотоаппарат «Зоркий-12»
0007028.png	Электронная коммерция
0007029.png	Таблица соответствия алфавитов
0007030.png	Карлов, Андрей Геннадьевич (21.12.2016)
0007031.png	Логика
0007032.png	Патрик Уайт (р. 1912), австралийский писатель.
0007033.png	Комментарии
0007034.png	Марковников Владимир Васильевич на сайте «АРАН» (Ф. 630)
0007035.png	См. также
0007036.png	игольчатые:
0007037.png	25 декабря (3 нивоза)
0007038.png	Томь-Усинский завод железобетонных конструкций
0007039.png	Хеттская угроза
0007040.png	Хорунжий
0007041.png	Некролог
0007042.png	Басилея
0007043.png	Стадия 2: изомеризация глюкозо-6-фосфата
0007044.png	«Послание к Божию слузе Дмитрию»
0007045.png	праздность, кома
0007046.png	Структура собственности
0007047.png	Александр Ковалевский («Ленин в Октябре», 1937)
0007048.png	Пятиглавая Успенская церковь (1672).
0007049.png	Основание Паллантия
0007050.png	Транспортные объекты в России
0007051.png	ММВБ (Раздел Функции вычисления доходности для бескупонных облигаций)
0007052.png	Основные сюжеты
0007053.png	2.2. Формула Хартли
0007054.png	Литература
0007055.png	Признание заслуг
0007056.png	Запись знаков
0007057.png	Премия Хонда (1983).
0007058.png	Свалка в станице Полтавской.
0007059.png	Культура и искусство
0007060.png	ООО «СП Бегленд»
0007061.png	Персимфанс
0007062.png	Из неарабок его женой была Сафия бинт Хуяй.
0007063.png	См. также
0007064.png	История
0007065.png	19 декабря
0007066.png	Ссылки
0007067.png	Дипломатические и консульские представительства
0007068.png	Региональные управления Федеральной службы РФ по контролю за оборотом наркотиков
0007069.png	Эяк (эйяк)
0007070.png	Обеспечивает одновременную передачу голоса и данных.
0007071.png	Графы (правители) Португалии
0007072.png	Ссылки
0007073.png	Здание почты (1935)
0007074.png	Томиока (Япония)
0007075.png	Описание армии
0007076.png	Номенклатура
0007077.png	Бежецкий уезд
0007078.png	В художественной культуре
0007079.png	Пьесы
0007080.png	Примечания
0007081.png	Польские поэты
0007082.png	Процессор в памяти
0007083.png	Персоналии по алфавиту
0007084.png	Приморско-Ахтарский историко-краеведческий музей
0007085.png	Происхождение
0007086.png	«Сегодня вечером». Ванга
0007087.png	Португалия
0007088.png	Мануэл Луис Озориу, маркиз Эрвал.
0007089.png	Выпускники университета Гакусюин
0007090.png	Биография
0007091.png	Родившиеся в Велико-Тырново
0007092.png	См. также
0007093.png	История
0007094.png	Группы гомологий проективной плоскости легко вычисляются: ,  и .
0007095.png	От разрушения к реконструкции
0007096.png	Всемирный день бортпроводника.
0007097.png	Причины неконгруэнтности: импринты, моделирование, иерархия критериев.
0007098.png	Примечания
0007099.png	Русское общество любителей мироведения
0007100.png	Относится к семейству актиноидов.
0007101.png	Физики России
0007102.png	Марк Эрмлер (ум. 2002), дирижёр, педагог, народный артист РСФСР.
0007103.png	Актрисы озвучивания России
0007104.png	Дислокация войск РФ за рубежом
0007105.png	Особенности архитектурного стиля как описательного средства
0007106.png	Структура диска
0007107.png	Включён в список 100 величайших игроков НХЛ: 2017
0007108.png	Великая французская революция
0007109.png	Примечания
0007110.png	Советское время
0007111.png	Печать
0007112.png	Биография
0007113.png	Критика
0007114.png	Военнослужащие США не являются государственными служащими.
0007115.png	Анкор, ещё анкор! (1992)
0007116.png	Преподаватели Пажеского корпуса
0007117.png	Литература
0007118.png	Населённые пункты Украины, утратившие статус города
0007119.png	История
0007120.png	Примечания
0007121.png	Члены ПЕН-клуба
0007122.png	Промышленность
0007123.png	Почётная грамота Министерства Сельского хозяйства РФ (2007);
0007124.png	Звания и знаки различия войск СС
0007125.png	Композиция картины в оценках историков и теоретиков искусства
0007126.png	Умершие в 1912 году
0007127.png	После занятия города белофиннами произошла Выборгская резня.
0007128.png	Примечания
0007129.png	Награждённые благодарностью Президента Российской Федерации
0007130.png	Основные следствия
0007131.png	Лучшие бомбардиры
0007132.png	выделка кожи;
0007133.png	Примечания
0007134.png	Почётные члены Петербургской академии наук
0007135.png	В качестве задач общественного краеведения можно назвать следующие:
0007136.png	10 000 кипов из серебра 925 пробы с изображение храма Ват Сиенгтхонг
0007137.png	О сферичности Земли и космоса;
0007138.png	Анатомия и гистология
0007139.png	Измир, Турция
0007140.png	канцзя
0007141.png	«Зов тигра»
0007142.png	Этнический состав населения
0007143.png	Состав спермы у животных
0007144.png	Александровский переулок
0007145.png	Апрель
0007146.png	Паровозы серии 9П
0007147.png	Заслуженный мастер спорта СССР (1971, посмертно)
0007148.png	тестостерон пропионат;
0007149.png	Ссылки
0007150.png	Официальный сайт Федерального казначейства .
0007151.png	Частные аэродромы и лётные поля.
0007152.png	Хронисты Англии
0007153.png	Прочее
0007154.png	Киев (), Украина (13 декабря 1993)
0007155.png	Солнце
0007156.png	Антивещество
0007157.png	Произведения
0007158.png	Памятник, скульптура
0007159.png	Некоторые макроэффекты
0007160.png	Музей Солнца
0007161.png	Примечания
0007162.png	Населённые пункты России, утратившие статус города
0007163.png	Печатные издания
0007164.png	Реки Актанышского района
0007165.png	Академики Российской академии кинематографических искусств «Ника»
0007166.png	Языки Грузии
0007167.png	Австралия;
0007168.png	Советско-польская война
0007169.png	Увековечивание памяти
0007170.png	кафедра 307 «Цифровые технологии и информационные системы»
0007171.png	Известные носители
0007172.png	Друзы
0007173.png	Выпускники Оксфордского университета
0007174.png	Казуистика
0007175.png	Разговорное слово, образованное от числительного «сто» (100):
0007176.png	Композиторы по алфавиту
0007177.png	Полковников, Дмитрий Александрович (03.05.1995, 171)
0007178.png	эпизоды телесериала «Дни в Долине Смерти»
0007179.png	Другое медицинское и психотерапевтическое использование
0007180.png	Индия
0007181.png	Лейпциг, Германия (16 октября 1984)
0007182.png	Переименованные улицы
0007183.png	Егоров, Иван Владимирович (р. 1960)
0007184.png	Наземный транспорт
0007185.png	Экономика
0007186.png	Норвежские писатели
0007187.png	Хранение
0007188.png	Вредители, болезни и методы борьбы с ними
0007189.png	Трипура-упанишада (Ригведа)
0007190.png	Философские направления и школы
0007191.png	Дата дана по новому стилю:
0007192.png	Профессия
0007193.png	Определение
0007194.png	Примечания
0007195.png	Дом культуры Строителей.
0007196.png	Литература
0007197.png	Компьютерные игры, локализованные «Букой»
0007198.png	История
0007199.png	Внутренняя политика
0007200.png	Александр Шульгин, российский композитор.
0007201.png	Главные тренеры
0007202.png	5 июня
0007203.png	формочки для мороженого;
0007204.png	истощение сил и средств блокируемой группировки вооружённых сил противника
0007205.png	Художественные фильмы
0007206.png	Певцы и певицы России
0007207.png	Автоматическая блокировка и разблокировка редактируемого содержимого
0007208.png	Родились
0007209.png	Шейбани-хан имел также близкие связи с суфийскими шейхами ордена Кубравия.
0007210.png	Контроль сознания
0007211.png	В 2012 году появилось ишимбайское интернет-радио.
0007212.png	память священномученика Петра Остроумова, пресвитера (1939).
0007213.png	Испания
0007214.png	Усыпальницы России
0007215.png	Категория: Преподаватели Дальневосточного федерального университета
0007216.png	Основные труды
0007217.png	Андре Прево (р. 1934), канадский композитор и музыкальный педагог.
0007218.png	Проблема борьбы со СПИДом в развивающихся странах
0007219.png	Литература
0007220.png	Геология
0007221.png	Биография работ
0007222.png	Конструктивный альтернативизм
0007223.png	Лауреаты Нобелевской премии по литературе
0007224.png	Депутаты Верховного Совета РСФСР 3-го созыва
0007225.png	Преподаватели вузов Эстонии
0007226.png	Международный аэропорт Косраэ, расположенный на главном острове штата Косраэ.
0007227.png	Ссылки
0007228.png	Главные маршалы войск связи
0007229.png	Ссылки
0007230.png	Исследователи Золотой Орды
0007231.png	Ссылки
0007232.png	Стюарты
0007233.png	Китайская автономная православная церковь
0007234.png	Андрюс Скерла
0007235.png	Аслан Ахмадов
0007236.png	Показ всего исходного кода или конкретной процедуры.
0007237.png	Дворец детского творчества
0007238.png	Интересные факты
0007239.png	«Волхов-Онлайн»
0007240.png	Аристотель и естественные науки
0007241.png	Режим дозирования
0007242.png	Производные и первообразные
0007243.png	Примечания
0007244.png	использовать тару из-под бензола для пищевого применения, мытья рук, посуды,
0007245.png	«Попрыгунчики» в кино
0007246.png	Нисходившие в подземное царство
0007247.png	«Фуфайка»
0007248.png	(в пер.)
0007249.png	Министерство образования
0007250.png	Фотогалерея
0007251.png	Ускорения в кинематике твёрдого тела
0007252.png	Ссылки
0007253.png	Литература
0007254.png	Басроде
0007255.png	Германские руны
0007256.png	Табачные фабрики
0007257.png	Бассейн Бейкера
0007258.png	Литература
0007259.png	Католическое богослужение
0007260.png	Примечания
0007261.png	Ссылки
0007262.png	20 июня
0007263.png	Уяр в энциклопедии «Мой город»
0007264.png	История
0007265.png	Информационный портал ингерманландских финнов «Инкери. Ру»
0007266.png	Чипсеты
0007267.png	См. также
0007268.png	Биография
0007269.png	Местное самоуправление
0007270.png	Британское дворянство
0007271.png	Героическая оборона Полтавы и Полтавская битва.
0007272.png	Появились в 1670-е годы
0007273.png	Литература
0007274.png	К другим памятникам Кёнеургенча относятся:
0007275.png	Национальные
0007276.png	Восстания сыновей и гражданская война
0007277.png	Скончались
0007278.png	Ссылки
0007279.png	Двойные фамилии
0007280.png	«Кошкин дом» (1958)
0007281.png	Старый город (до проспекта Ленина).
0007282.png	Этрусская мифология
0007283.png	История
0007284.png	Инструкция по использованию мужских поясов верности
0007285.png	Биогенераторы
0007286.png	См. также
0007287.png	Фрэнк Маклинток
0007288.png	Фракия в древнегреческой мифологии
0007289.png	Взять открытый ключ  Алисы
0007290.png	В литературном сорани два грамматических числа: единственное и множественное.
0007291.png	Биография
0007292.png	История изучения
0007293.png	Естественно-научный институт (ЕНИ)
0007294.png	Сретение в славянской традиции (Громницы)
0007295.png	Нестор Кабрера, писатель.
0007296.png	Ссылки
0007297.png	В Библии
0007298.png	«Рипо! Генетическая опера» (2008)
0007299.png	Государственное устройство
0007300.png	Жизнь после смерти
0007301.png	Статистика
0007302.png	Ги де Монферран, барон де Лангуаран
0007303.png	Примечания
0007304.png	Примечания
0007305.png	Календарь ацтеков (астрология ацтеков).
0007306.png	См. также
0007307.png	Биография
0007308.png	Античная эпоха
0007309.png	Животный мир
0007310.png	Тип здания
0007311.png	Праздники и памятные дни
0007312.png	Ранее именовавшиеся
0007313.png	копия;
0007314.png	Публикации о деле княжны Таракановой
0007315.png	Личная жизнь
0007316.png	Примечания
0007317.png	Праздники и памятные дни
0007318.png	Игроки с наибольшим количеством голов
0007319.png	системное управление организацией (С. Янг, 1972)
0007320.png	Политические взгляды
0007321.png	пп. Начальник Генштаба Красной Армии
0007322.png	Примечания
0007323.png	Ссылки
0007324.png	Мученики
0007325.png	Примечания
0007326.png	Мирная улица
0007327.png	Система государственной власти Республики Алтай
0007328.png	Таблица подписей и ратификации
0007329.png	Города Приморского края
0007330.png	Примечания
0007331.png	Персонажи городских легенд
0007332.png	Литература
0007333.png	Экстрапинеальный синтез мелатонина
0007334.png	Отработавшее ядерное топливо
0007335.png	ОАО «Далматовский элеватор»
0007336.png	Малый Учуг (лв)
0007337.png	Примечания
0007338.png	Греческий королевский союз
0007339.png	Литература
0007340.png	Выпускники Тринити-колледжа (Кембридж)
0007341.png	События
0007342.png	См. тоннаж.
0007343.png	Существует несколько разновидностей манганина, например, следующие:
0007344.png	Победители «Евровидения»
0007345.png	Приморские Альпы
0007346.png	Мемориальная доска установлена в городе Новомосковск.
0007347.png	Население
0007348.png	Орден Почётного легиона, большой орёл (2.02.1805)
0007349.png	Арчил (царь Иберии).
0007350.png	Театр и кино
0007351.png	Однако,
0007352.png	Допустимо:
0007353.png	«Ужин во Дворце Извращений» Тима Пауэрса,
0007354.png	Женщины: 4,53 на 1.000 выживших новорожденных.
0007355.png	Соединения рубидия
0007356.png	«Христиане-Копты, Каир, 2007» Материал фотографа Петра Антонова
0007357.png	Моя Одесса;
0007358.png	Иудаизм
0007359.png	Ссылки
0007360.png	Отрицание образуется
0007361.png	При этом, с фонологической точки зрения дифтонги были бифонемными сочетаниями.
0007362.png	Отчетность в ФНС, ПФР, Росстат, ФСС и другие контролирующие органы.
0007363.png	См. также
0007364.png	АЭС Мюлеберг
0007365.png	Ссылки
0007366.png	Выпускники Королёвского колледжа космического машиностроения и технологии
0007367.png	Тевтонский орден
0007368.png	Коммунизм
0007369.png	Организация
0007370.png	Переводчики Джорджа Гордона Байрона
0007371.png	Памятник природы, заказник
0007372.png	Генерал-адъютанты (Российская империя)
0007373.png	Примечания
0007374.png	Преподаватели Императорского Дерптского университета
0007375.png	Жизнь в Москве
0007376.png	Качественное определение ионов натрия
0007377.png	Уринотерапия
0007378.png	Болгария принята в Совет Европы.
0007379.png	Примечания
0007380.png	До 1917 года
0007381.png	Дмитриев день. Большие Осенины.
0007382.png	Изделия культуры
0007383.png	Связь
0007384.png	Топографические карты
0007385.png	История и конструкции
0007386.png	Адалимумаб
0007387.png	Драматурги Словакии
0007388.png	В результате стороны подошли к 1 января 2006 без контрактов на поставку газа.
0007389.png	Ссылки
0007390.png	умножение комплексных чисел:
0007391.png	Член Общества любителей российской словесности (1859)
0007392.png	Принцип действия
0007393.png	Драбкин Александр Леонидович
0007394.png	Бактрия
0007395.png	Начало войны
0007396.png	Прмц. великой княгини Елисаветы,
0007397.png	Путевой лист трактора (Форма 412-АПК)
0007398.png	Почётные граждане Томской области
0007399.png	Предыстория иконоборчества
0007400.png	Преобразования на примере десятичной системы счисления
0007401.png	См. также
0007402.png	Мое знакомство с бульдогами
0007403.png	Ссылки
0007404.png	Поэты Андалусии
0007405.png	Мозговой штурм:
0007406.png	Происхождение и ранние годы
0007407.png	Являлся заместителем директора Института онкологии.
0007408.png	Таганская площадь
0007409.png	премия  (1964);
0007410.png	Университет
0007411.png	Председатели Национального комитета Республиканской партии
0007412.png	Дата дана по новому стилю:
0007413.png	В 2001 году установлен памятник в Ростове-на-Дону (улица Береговая).
0007414.png	Самодийские народы
0007415.png	Скончались
0007416.png	Литература
0007417.png	Производство молока в 2013 году 755,7 тыс. тонн.
0007418.png	Треблинка (Треблинка, Польша)
0007419.png	Последние годы жизни
0007420.png	Преимущества электронной коммерции
0007421.png	Сверкающий меч
0007422.png	См. также
0007423.png	Литература
0007424.png	Мистериумы
0007425.png	Преподаватели Воронежского государственного университета
0007426.png	Литература
0007427.png	Золотосодержащие руды
0007428.png	Клубный чемпионат мира
0007429.png	Пекеза
0007430.png	Высшие учебные заведения Российской империи
0007431.png	Перемирие 1559 года
0007432.png	Герберт Чербери
0007433.png	Депутаты Верховного Совета РСФСР 1-го созыва
0007434.png	Плазма
0007435.png	17 апреля
0007436.png	«Разработка и эксплуатация нефтегазовых месторождений»
0007437.png	Оценки переводов
0007438.png	Ссылки
0007439.png	Оценка деятельности
0007440.png	Библиотека Алвара Аалто
0007441.png	Гидрология
0007442.png	Бароны Ирландии
0007443.png	Ссылки
0007444.png	Закон взаимозаместимости
0007445.png	Комментарии авторов работы:
0007446.png	Центрифуга
0007447.png	«Примирение князя Василия (Тёмного) с Шемякою».
0007448.png	Биография
0007449.png	Организационная структура
0007450.png	Полезные ископаемые
0007451.png	Примечания
0007452.png	В игровом кино
0007453.png	Фамилия
0007454.png	Медаль Резерфорда (1966)
0007455.png	Крым-Сарайский, Уральский сельсоветы Бугульминского района.
0007456.png	Средиземное море
0007457.png	Внешность
0007458.png	Орден Святого Станислава 1-й ст. (10.12.1878).
0007459.png	Временные и пространственные параметры исследуемых систем
0007460.png	«Березята»,
0007461.png	Юрьев монастырь
0007462.png	Смерть
0007463.png	Индийская национальная академия наук
0007464.png	Александр Мартынюк, советский хоккеист, двукратный чемпион мира.
0007465.png	«Орфей и Эвридика», скульптурный рельеф Арно Брекера (1944)
0007466.png	Государственные деятели Польши
0007467.png	В ролях
0007468.png	Ольденбургские публикации по белорусско-русской смешанной речи
0007469.png	Дж. Дьюи
0007470.png	Пангея Ультима
0007471.png	Дмитрий Мережковский
0007472.png	Растениеводство
0007473.png	Русская мифология
0007474.png	Города Вологодской области
0007475.png	Конфедерации
0007476.png	«земли» (соответствия месту),
0007477.png	Насекомые Африки
0007478.png	Атланта (Индиана)
0007479.png	«Св. Владимир». Переписка с Андреем Белым
0007480.png	Московский авиационный институт им. С. Орджоникидзе (1980)
0007481.png	Другое
0007482.png	Первое графство Португалия
0007483.png	Документальный фильм о Магнитогорском металлургическом комбинате
0007484.png	Статутные города Чехии
0007485.png	Классность
0007486.png	Примечания
0007487.png	Право на возвращение
0007488.png	Скончались
0007489.png	Примечания
0007490.png	Начало политической карьеры
0007491.png	Примечания
0007492.png	Статьи
0007493.png	Корреляционные лаги
0007494.png	Дардские народы
0007495.png	Марина Назарова (2000)
0007496.png	Луиш Нету
0007497.png	Фольклористы Литвы
0007498.png	Члены Либеральной партии Великобритании
0007499.png	Путём элементарных операций это выражение может быть приведено к следующему виду
0007500.png	Бакал в энциклопедии «Мой город»
0007501.png	Биография
0007502.png	телефильм «Борджиа» (Великобритания. 1981). Роль исполняет Сэм Дэстор;
0007503.png	Дом культуры «Луговая»
0007504.png	Буженинова улица
0007505.png	Примечания
0007506.png	Список римских императоров
0007507.png	Равнобочная гипербола
0007508.png	Режиссёрский визир
0007509.png	Шумский Александр Алексеевич
0007510.png	Парфия
0007511.png	Моздок в энциклопедии «Мой город»
0007512.png	Национальный союз журналистов Украины.
0007513.png	Персонажи «Божественной комедии»
0007514.png	Джон Леннон познакомился с Полом Маккартни.
0007515.png	Русско-польская война 1792 года
0007516.png	789 км: Плесница (лв)
0007517.png	Биография
0007518.png	В России
0007519.png	маршал-де-камп
0007520.png	Применение в качестве топлива
0007521.png	Комментарии
0007522.png	Антифашистское сопротивление в СССР
0007523.png	Е. Корнеев
0007524.png	Пол Пирс, американский баскетболист, чемпион НБА (2008).
0007525.png	металлы (14,4 млрд);
0007526.png	Ряд предприятий, занятые в промышленности строительных материалов республики:
0007527.png	Отдел МВД России по Олонецкому району;
0007528.png	На других языках
0007529.png	Чемпионом Европы по гандболу среди женщин стала сборная Дании.
0007530.png	Использованная литература и источники
0007531.png	Ссылки
0007532.png	Методология
0007533.png	В городе также находится:
0007534.png	Письменность
0007535.png	Строение
0007536.png	Алатырский автомобильно-дорожный техникум.
0007537.png	Хоккейный клуб «Алмаз»
0007538.png	Французские дивизионные генералы Революционных и Наполеоновских войн
0007539.png	Есть четыре основных способа снизить концентрацию радона в домах:
0007540.png	См. также
0007541.png	Порода красоты лицу не придаёт:
0007542.png	Ссылки
0007543.png	Единичный вектор перпендикулярный к плоскости, содержащую круг даётся в виде
0007544.png	История службы
0007545.png	маркетинговые усилия для продвижения услуг на рынке,
0007546.png	Ссылки
0007547.png	В 1960-х годах Таривердиев некоторое время встречался с Людмилой Максаковой.
0007548.png	Верхненемецкий кластер
0007549.png	Ятим калган кебек буламын!
0007550.png	Важнейшие кетоны
0007551.png	Система регулирования цепной реакции, в том числе аварийная защита;
0007552.png	Релятивистские инварианты
0007553.png	Литература
0007554.png	Культура курганных погребений
0007555.png	Личная жизнь
0007556.png	Набор диакритики
0007557.png	Лингвистическая характеристика
0007558.png	Видео: Как нарисовать эллипс
0007559.png	Писатели Литвы
0007560.png	Литература
0007561.png	«Доктор Стрейнджлав, или Как я перестал бояться и полюбил бомбу»
0007562.png	масштабные поставки вооружений и техники из США;
0007563.png	По мифам, Афина
0007564.png	Синтаксис
0007565.png	Фаза выхода
0007566.png	Проектирование зданий и сооружений
0007567.png	Ароматизированные вина
0007568.png	Классификация облаков
0007569.png	Мерайя Кэри
0007570.png	Физика за пределами Стандартной модели
0007571.png	две ПУ РН «Циклон-3» (пл. 32);
0007572.png	Храм в честь Успения Пресвятой Богородицы, с трапезной и колокольней (1654);
0007573.png	Русские поэты
0007574.png	Лауреаты премии Сервантеса
0007575.png	Транспорт
0007576.png	Биография
0007577.png	НИИ комплексных проблем сердечно-сосудистых заболеваний
0007578.png	Основные символы
0007579.png	Итсизм
0007580.png	Научные музеи
0007581.png	Гражданская платформа
0007582.png	Муниципальное устройство
0007583.png	Железная воля (рассказ) (1876)
0007584.png	детская школа искусств (пл. Ленина),
0007585.png	Союз-28 с 2 марта по 10 марта 1978; 2-я экспедиция посещения
0007586.png	Эвристическое обучение
0007587.png	Курляндские губернаторы
0007588.png	1-я Октябрьская улица
0007589.png	Вариации и обобщения
0007590.png	Города на Мораве
0007591.png	Почётные доктора
0007592.png	По количеству типов отношений, сети могут быть однородными и неоднородными.
0007593.png	взаимополезные
0007594.png	Выращивание органов
0007595.png	Ссылки
0007596.png	дипломатические и прочие официальные представительства России за рубежом;
0007597.png	Туризм
0007598.png	Примечания
0007599.png	Происхождение, детство, юность
0007600.png	Неоязыческий эклектизм
0007601.png	Описание языка
0007602.png	Ареал в прошлом и настоящем
0007603.png	Значение в природе
0007604.png	С 1937 года Бердичев, как районный центр, входит в состав Житомирской области.
0007605.png	См. также
0007606.png	Теория кодирования
0007607.png	Марко ван Бастен, голландский футболист и тренер.
0007608.png	Музей под открытым небом Блэк Кантри ( ), в Дадли
0007609.png	Вымышленные острова
0007610.png	Официальный сайт администрации городского округа город Бор
0007611.png	География
0007612.png	Атланта (Луизиана)
0007613.png	Участники записи
0007614.png	Дальнейшая история
0007615.png	нестабильный аппетит, отмеченное снижение или прибавление в весе;
0007616.png	Литература
0007617.png	Выпускники Школы Гротон
0007618.png	Музей-усадьба В.Э. Борисова-Мусатова в Саратове
0007619.png	Машиностроители
0007620.png	Писания Франклина Альберта Джонса известного как Ади да Любовь-Ананда Самрадж
0007621.png	В античной и средневековой литературе
0007622.png	Примечания
0007623.png	Герой драмы Словацкого (сохранились фрагменты).
0007624.png	выведение почти всех типов (за единичными исключениями)
0007625.png	Музыка Словакии
0007626.png	Теория групп
0007627.png	Члены Совета экономической взаимопомощи
0007628.png	Пенза, Россия
0007629.png	Диэлектрики и их техническое применение. Москва, 1924
0007630.png	Александрийский гусарский полк
0007631.png	Гомельская область
0007632.png	К двухмерным несовершенствам относят внутрифазные и межфазные границы.
0007633.png	«Черный супрематический квадрат» на сайте «Моя Третьяковка»
0007634.png	Способы противодействия манипуляциям в СМИ:
0007635.png	Гермафродитизм
0007636.png	См. также
0007637.png	Кавалеры ордена Святой Анны 1-й степени
0007638.png	Периодизация
0007639.png	Старым Форта программистом был он просто.
0007640.png	Патологии роста волос
0007641.png	Общая алгебра
0007642.png	(Слово о сущем; Т.75).
0007643.png	15 апреля. Всемирный день искусств
0007644.png	В 1416 году Едигей разорил Киев и всё правобережье Днепра.
0007645.png	Засуха, голод, эпидемии в Северном Китае.
0007646.png	Наиболее общее определение вектора даётся средствами общей алгебры:
0007647.png	Консулы Секст Аттий Субуран Эмилиан и Марк Азиний Марцелл.
0007648.png	События
0007649.png	Писательский проезд
0007650.png	Рич-медиа
0007651.png	Члены Парижской медицинской академии
0007652.png	Ботанический сад биолого-почвенного факультета
0007653.png	Чюрлёнис. Художник, композитор, философ
0007654.png	Конструктивно линотип состоит из
0007655.png	Виктор Синайский (р. 1893), советский скульптор.
0007656.png	Примечания
0007657.png	Первая кампания принца Педро против Гранады.
0007658.png	Концепция Дао
0007659.png	См. также
0007660.png	Умершие в 1864 году
0007661.png	См. также
0007662.png	Правоведы Российской империи
0007663.png	Достижения и награды
0007664.png	Примечания
0007665.png	Управление
0007666.png	Программа Решето (1998)
0007667.png	Жозеф Косма (ум. 1969), французский композитор.
0007668.png	Трубадур
0007669.png	Рифма и фоника
0007670.png	Ссылки
0007671.png	Ссылки
0007672.png	Компьютерные игры в жанре фэнтези
0007673.png	Аскеты
0007674.png	Эпитеты Диониса
0007675.png	Часовня Милиновичей (1898)
0007676.png	Персоналии, чья дата смерти не установлена
0007677.png	Брянская улица
0007678.png	Дай там ребятушки косые,
0007679.png	Эксперименты
0007680.png	Сиговицы
0007681.png	Литература
0007682.png	25 сентября 1984 года награждён орденом Дружбы народов.
0007683.png	Утраченные мосты России
0007684.png	Тропы
0007685.png	Каркаралинские горы
0007686.png	Действующее лицо трагедии Дионисия Сиракузского «Адонис».
0007687.png	Аршакиды Иберии
0007688.png	Красные призывы (1917).
0007689.png	формализованное описание технологии автоматизированного проектирования.
0007690.png	Всероссийский день призывника
0007691.png	Римское царство
0007692.png	Богословское толкование
0007693.png	Компонентное программирование
0007694.png	2-й участок (неофициально).
0007695.png	Горная вершина в Новой Зеландии
0007696.png	Односвязное пространство
0007697.png	Заведующие отделами ЦК КПСС
0007698.png	Литература
0007699.png	Строительство собора
0007700.png	Адана (ил)
0007701.png	Нифантовская средняя общеобразовательная школа
0007702.png	Музеи Кировской области
0007703.png	Писатели Германии
0007704.png	История
0007705.png	Русско-половецкие войны
0007706.png	Эдгар Давидс, нидерландский футболист и тренер.
0007707.png	Память
0007708.png	Московский областной НИИ акушерства и гинекологии
0007709.png	рекламная газета «Рейтинг»;
0007710.png	Первые пять книг рассказывают о приключениях Корвина, принца Амбера:
0007711.png	Персоналии:Узбекфильм
0007712.png	Честь принесёт семивратным Фивам!
0007713.png	Объекты Флемстида
0007714.png	Чилкотин
0007715.png	Искусственное сердце
0007716.png	Официальный сайт
0007717.png	Города-побратимы
0007718.png	Умершие в Амстердаме
0007719.png	О, лебедиво!
0007720.png	Растительный и животный мир
0007721.png	20 января
0007722.png	Песня «Слева по борту рай» Олега Медведева.
0007723.png	Политические взгляды
0007724.png	Музыкальные инструменты славян
0007725.png	Дэт-дум-метал
0007726.png	Собор на еретиков 1490 года
0007727.png	«Имя собственное», стихи (СПб.: Формика, 2000)
0007728.png	подвид:
0007729.png	Примечания
0007730.png	74 км: Суша (пр)
0007731.png	Купинский район
0007732.png	Фантастический кабачок
0007733.png	Литература
0007734.png	Христиане апостола Фомы
0007735.png	Биография
0007736.png	Филиал Современной гуманитарной академии
0007737.png	догмат о падении самого высшего ангела (Денницы) и некоторых других ангелов.
0007738.png	Лопухин Иван Михайлович - воевода в Путивле (1649).
0007739.png	Сноски
0007740.png	СДПГ (1863-н.д)
0007741.png	Внешняя торговля и зарубежные инвестиции
0007742.png	, между «Олимпия» и «Серро Портеньо»
0007743.png	Андрей Тарковский
0007744.png	Разное
0007745.png	Чжан Дацянь (ум. 1983), китайский живописец.
0007746.png	Родившиеся в 1827 году
0007747.png	Примечания
0007748.png	Яранский краеведческий музей;
0007749.png	Собор новомучеников и исповедников Церкви Русской
0007750.png	Лиепайский музей
0007751.png	Волга
0007752.png	Культура и достопримечательности
0007753.png	Военные чины и звания
0007754.png	Карта Кустанайской области
0007755.png	«Десионизация»
0007756.png	Вице-короли Португалии
0007757.png	Книжное оформление
0007758.png	Наместничество в Киликии
0007759.png	Биография
0007760.png	«Амфитрион»,
0007761.png	Тунгиро-Олёкминский район
0007762.png	Кафедра теории и практики перевода
0007763.png	Шашлык
0007764.png	Архитектурный памятник
0007765.png	Центр исследований Восточной Азии и ШОС
0007766.png	Системы бесперебойного питания:
0007767.png	Электрический заряд
0007768.png	фуросемид
0007769.png	3) не ел плодов дерева, дающего молоко, или молодых ростков бамбука,
0007770.png	Топологическая динамика
0007771.png	Книга Иудифи
0007772.png	ФНПЦ Калужский научно-исследовательский радиотехнический институт
0007773.png	Примечания
0007774.png	Биография
0007775.png	Западная Европа
0007776.png	Авиационная промышленность
0007777.png	Научный вклад
0007778.png	Родившиеся в 1497 году
0007779.png	Топоним
0007780.png	Ссылки
0007781.png	Католицизм
0007782.png	Пряности
0007783.png	Меры предосторожности
0007784.png	Филологи Российской империи
0007785.png	Память
0007786.png	В отчем доме
0007787.png	Примечания
0007788.png	События
0007789.png	Памятник В.В.Чумакову - г.Ардон,
0007790.png	Туризм
0007791.png	Преподаватели Кёнигсбергского университета
0007792.png	Разделы ортопедии
0007793.png	Музей театральных костюмов
0007794.png	Литература
0007795.png	Областная Филармония.
0007796.png	Мира, улица
0007797.png	Плейона
0007798.png	Царство Саба: 27:23, 34:15-18;
0007799.png	Национальный состав населения
0007800.png	Ханс Бете на сайте КиноПоиск
0007801.png	Владимирско-Поволжская группа говоров (с Тверской и Нижегородской подгруппами);
0007802.png	Метафизика
0007803.png	Составные и определяемые типы
0007804.png	«Космические материалы в ракетостроении». Михаил Михайлов (ТУСУР)
0007805.png	Сексуальная ориентация
0007806.png	«Суеверный» (1781)
0007807.png	Персоналии по алфавиту
0007808.png	Исторический цикл
0007809.png	1172 год
0007810.png	Реки и озера
0007811.png	Легализация абортов.
0007812.png	Примечания
0007813.png	на других языках
0007814.png	Бледно-мраморная окраска
0007815.png	Метод прямого синтеза
0007816.png	Память об Алексее Андреевиче Ляпунове
0007817.png	Шутеры от первого лица
0007818.png	Беларусь
0007819.png	Источники
0007820.png	Персонажи Энеиды
0007821.png	Революционеры Франции
0007822.png	Авиационная безопасность
0007823.png	Солнце как переменная звезда
0007824.png	оказание государственных услуг;
0007825.png	Правовая статистика
0007826.png	Убитые в России
0007827.png	Материальное положение
0007828.png	от Эфира:
0007829.png	Удар соперника клюшкой
0007830.png	возможность работы в дуплексном режиме;
0007831.png	улица Героев УПА в Ивано-Франковске
0007832.png	Достижения и рекорды
0007833.png	Библиотекари Аргентины
0007834.png	Макролит
0007835.png	Певческое поле
0007836.png	Олег Сенцов, украинский кинорежиссёр, сценарист, писатель.
0007837.png	Главные тренеры команды
0007838.png	Персонажи «Божественной комедии»
0007839.png	Скончались
0007840.png	Биография
0007841.png	интронизация патриарха Московского и всея Руси Кирилла.
0007842.png	Члены-корреспонденты Петербургской академии наук
0007843.png	будущее предварительное
0007844.png	История
0007845.png	Терминология
0007846.png	Донжон
0007847.png	Города Карловарского края
0007848.png	Полномочные представители президента Российской Федерации в регионах
0007849.png	Антропософское движение
0007850.png	большинство текстов Честертона в оригинале
0007851.png	Дуньмага, каган уйгурского каганата.
0007852.png	Ссылки
0007853.png	Примечания
0007854.png	Примечания
0007855.png	Артиллеристы Великой Отечественной войны
0007856.png	Население
0007857.png	Череповецкая улица есть в городах:
0007858.png	Свойства образов и прообразов
0007859.png	уничтожение инфраструктуры и живой силы противника
0007860.png	коррозия в неэлектролитах;
0007861.png	Верблюды
0007862.png	Судебная власть
0007863.png	Ссылки
0007864.png	Языки Марокко
0007865.png	Радиально-базисная функция передачи
0007866.png	прижигающие жидкости;
0007867.png	Ссылка и войны Марии Медичи с сыном
0007868.png	Литература
0007869.png	20 ноября
0007870.png	История возникновения
0007871.png	набравшая больше очков
0007872.png	Переходное излучение
0007873.png	Взаимодействие с другими лекарственными средствами малоизучено.
0007874.png	Камышеваха (Ореховский р-н.) Свято-Елисаветинский женский монастырь.
0007875.png	«НТН» 44 ТВК;
0007876.png	Скончались
0007877.png	Стадион
0007878.png	Примечания
0007879.png	Баскетбольный клуб ЦСКА
0007880.png	История
0007881.png	Вариант без охлаждения
0007882.png	Парк у Невы
0007883.png	В производстве стекла и красок на основе жидкого стекла;
0007884.png	Чебоксарский техникум строительства и городского хозяйства.
0007885.png	Консулы: Тиберий Семпроний Гракх и Маний Ювенций Тална (два плебея).
0007886.png	Члены Итальянской социалистической партии
0007887.png	Экономика
0007888.png	Архондарик
0007889.png	«Внимание! Волки!» (1970)
0007890.png	Изучение и применение
0007891.png	Акустика
0007892.png	Минотавр. Ипостась Зевса Критского.
0007893.png	Статья в журнале «Наши деньги»: Русские народные Пирамиды
0007894.png	Апрель
0007895.png	Примечания
0007896.png	Летопись попа Дуклянина
0007897.png	Кросспроцессинг
0007898.png	«Поэты Севера», Новосибирск, 1971
0007899.png	Авторы учебников
0007900.png	Фауна
0007901.png	Государственный совет
0007902.png	Показания
0007903.png	Автобусное сообщение
0007904.png	Умер 6 августа 2002 года после долгой борьбы с раком.
0007905.png	национализм;
0007906.png	Заключённые Владимирского централа
0007907.png	Государственное устройство Российской империи
0007908.png	Государственное устройство
0007909.png	Скрытие данных в области преобразования
0007910.png	Историки Византии
0007911.png	Каплица на католическом кладбище (после 1872 года)
0007912.png	Недостатки апертурных затворов:
0007913.png	«Мираж»;
0007914.png	Литература
0007915.png	Галатия
0007916.png	Библиография Роберта Джордана на Фантлабе
0007917.png	Август
0007918.png	Сплит-альбомы
0007919.png	Смеющийся космос: весёлая НФ (под редакцией Азимова и Жанет Джепсон)
0007920.png	Протестантизм
0007921.png	Спорт
0007922.png	Коротко:
0007923.png	Сан-Жозе-ду-Риу-Прету
0007924.png	Примечания
0007925.png	Персоналии по алфавиту
0007926.png	Теорема Эйлера была доказана в 1765 году Л. Эйлером.
0007927.png	Школа
0007928.png	Почётные граждане Королёва
0007929.png	премии Уилларда Гиббса (1921)
0007930.png	Дневники
0007931.png	Коммерциализация граффити и его становление в поп-культуре
0007932.png	Малаика
0007933.png	Тройственный союз
0007934.png	Выборы 1995 года
0007935.png	Сингл-джига
0007936.png	Суспензии
0007937.png	учёт влияния космической погоды на космическую технику и космонавтов;
0007938.png	347 км: Чернавка (лв)
0007939.png	Казнённые политики
0007940.png	Орден «Енбек данкы» учреждён 17 марта 2015 года.
0007941.png	Также в , .
0007942.png	Мифические людоеды
0007943.png	Дети Эля (божество)
0007944.png	Развитие Великого поста
0007945.png	Инопланетяне
0007946.png	Территория
0007947.png	другая форма;
0007948.png	Ссылки
0007949.png	Сценарии (не сняты)
0007950.png	Авиационная панель приборов
0007951.png	Азербайджанский язык;
0007952.png	Пограничные разделительные барьеры
0007953.png	Экономика
0007954.png	Литература
0007955.png	Нева, её рукава и протоки (от истока к устью)
0007956.png	Транслитерация русского алфавита латиницей
0007957.png	Издания произведений
0007958.png	Литература
0007959.png	Музыкальные коллективы, появившиеся в 2003 году
0007960.png	История
0007961.png	Соседний Кирилло-Белозерский монастырь успешно отбил все атаки интервентов.
0007962.png	сахарный диабет
0007963.png	Применение
0007964.png	Примечания
0007965.png	Население
0007966.png	память святого Сильверия, Папы Римского (537 год);
0007967.png	В поздних источниках
0007968.png	5) доказательство гипотезы;
0007969.png	Чернышевского, переулок
0007970.png	Футболисты года в Южной Америке
0007971.png	Выпускники Всероссийской академии внешней торговли
0007972.png	Скончались
0007973.png	Проблема происхождения гранитов
0007974.png	Прусский Орден Чёрного Орла (1895)
0007975.png	Примечания
0007976.png	Слово «ясень» используется в топонимике:
0007977.png	Римское царство
0007978.png	Обзор евразийской идеологии (Основные понятия и краткая история)
0007979.png	Биография
0007980.png	Начало сворачивания кампании
0007981.png	языком жестов глухонемых,
0007982.png	Гераклиды
0007983.png	Премия имени Даниила Хармса (2016, главный приз)
0007984.png	Гражданский процессуальный кодекс РФ.
0007985.png	Отрицать достоинства Педру,
0007986.png	Чемпионат РСФСР
0007987.png	местная самоуправляемая демократия.
0007988.png	Радионаблюдения за планетой
0007989.png	Топологическое смешивание
0007990.png	постепенный подъём с остановками, обеспечивающими снижение уровня азота в крови;
0007991.png	Тябликов, Сергей Владимирович
0007992.png	Для изготовления режущих инструментов:
0007993.png	Лишённые медали «Ветеран Вооружённых Сил СССР»
0007994.png	По химической структуре
0007995.png	Литература
0007996.png	Союз-21.
0007997.png	Премия Зигмунда Фрейда за научную прозу
0007998.png	Детский сад «Город детства».
0007999.png	Первый Канал
0008000.png	Теория
0008001.png	Бартощяк, Яцек
0008002.png	Наука
0008003.png	Выпускники юридического факультета МГУ
0008004.png	Окружность Эйлера или окружность девяти точек
0008005.png	Отравленные
0008006.png	74: Луций Лициний Лукулл и Марк Аврелий Котта
0008007.png	Промышленный шум
0008008.png	простые
0008009.png	Детские писательницы Российской империи
0008010.png	Города Пензенской области
0008011.png	сын Хуан Австрийский
0008012.png	Тамбовский филиал Московского нового юридического института (МНЮИ)
0008013.png	Гарантии законности
0008014.png	Гибридизация
0008015.png	Биография
0008016.png	Церковное право
0008017.png	Примечания
0008018.png	Алиша Киз, американская певица и композитор.
0008019.png	Похороненные на Лычаковском кладбище
0008020.png	Развитие города Кунгура, как центра агропромышленного района.
0008021.png	«Одиночное плавание», режиссёр Михаил Туманишвили, 1985;
0008022.png	Нью-Йорк, США (1960);
0008023.png	В Чжэн Цзи-чжун женился на матери Ху (Чжао-гуна), происходившей из Дэн.
0008024.png	офицер (14.06.1804)
0008025.png	Каменный век
0008026.png	Ссылки
0008027.png	Теракт в Нью-Йорке (1993).
0008028.png	Редонду
0008029.png	Оранжевая революция
0008030.png	История
0008031.png	Агрогородки Дрогичинского района
0008032.png	Другие значения
0008033.png	Описание
0008034.png	Семья
0008035.png	Символика субкультур
0008036.png	Распространённость соционики
0008037.png	Место образования перегноя.
0008038.png	Пограничные озёра
0008039.png	См. также
0008040.png	Киновоплощения
0008041.png	«Электроника Э-002 стерео»
0008042.png	Бацбийцы
0008043.png	Примечания
0008044.png	Желтов, Сергей Юрьевич (р. 1956)
0008045.png	Практическое применение
0008046.png	Окончил начальную школу в Новозыбкове.
0008047.png	Примечания
0008048.png	Личная жизнь
0008049.png	Примечания
0008050.png	Почётные доктора Тулейнского университета
0008051.png	Понятия политической философии
0008052.png	Когнитивная психология
0008053.png	Национальные
0008054.png	Ошибка старого волшебника (Заколдованный Циннобер) (), 1983 год
0008055.png	Транспорт
0008056.png	Научный вклад
0008057.png	Биография   в Библиотеке Максима Мошкова
0008058.png	Смерть
0008059.png	«НАИВные песни» (2005)
0008060.png	Седре-пуши или навджот
0008061.png	Состав с Житняковым
0008062.png	Прогулка после дождя (1896)
0008063.png	Сентро
0008064.png	Два Брата (Лисий Нос) (1124 м)
0008065.png	Кызыут (пр)
0008066.png	Село доступно автомобильным транспортом.
0008067.png	Эскимосы
0008068.png	Обязанности
0008069.png	:Категория:Участники операции Бегемот-2
0008070.png	Про водолазов
0008071.png	Линь Ван
0008072.png	Устойчивость
0008073.png	Царь: Тулл Гостилий.
0008074.png	Онлайн-справочник параметров биполярных транзисторов
0008075.png	Парижское соглашение (2015)
0008076.png	можно показать, что ведущий член в выражении для потока частиц
0008077.png	Охрана природы
0008078.png	История
0008079.png	География
0008080.png	Литературная техника. Работа в соавторстве
0008081.png	Примечания
0008082.png	Исторические сведения
0008083.png	Литература
0008084.png	Севернокурдский (курманджи):
0008085.png	Статистические регионы
0008086.png	Вполне непрерывный оператор
0008087.png	Отделение заочной формы обучения
0008088.png	Официальный сайт города Алдан
0008089.png	Примечания
0008090.png	Эго-психология
0008091.png	Выпускники Санкт-Петербургского архитектурно-строительного университета
0008092.png	Индий
0008093.png	Эта группа является комплексно-трёхмерной группой Ли.
0008094.png	Составные элементы общения
0008095.png	Стрелково-пушечное:
0008096.png	Показания
0008097.png	Ростовский областной музей изобразительных искусств,
0008098.png	Препараты против старения.
0008099.png	Распространённость
0008100.png	Если  - любая матрица размерности , то
0008101.png	Примечания
0008102.png	Физиология
0008103.png	Условия образования
0008104.png	Памятный знак о еврейском гетто (2002), на пересечении улиц Царюка и Гагарина
0008105.png	Гибкий вал или зубчатая передача
0008106.png	ООО ТПК «Кубанские минеральные воды»
0008107.png	Биографические материалы
0008108.png	Луиджи Колани (ум. 2019), немецкий дизайнер-концептуалист.
0008109.png	Свергнутые монархи
0008110.png	См. также
0008111.png	Палеоген
0008112.png	Религиозные организации
0008113.png	психофизиология памяти и научения;
0008114.png	память священномученика Николая Крылова, пресвитера (1941);
0008115.png	Западнофризский язык
0008116.png	Калининградскую область России окружают Балтийское море, Польша и Литва.
0008117.png	Космический корабль «Союз-40»
0008118.png	Религиозные
0008119.png	Позднее творчество
0008120.png	Председатели Барановичского горисполкома
0008121.png	Мать неизвестна:
0008122.png	Герцоги Империи (Франция)
0008123.png	Религиозные
0008124.png	Участники Советско-польской войны (советские республики)
0008125.png	Ссылки
0008126.png	Французский: ё используется только в передаче следующих буквосочетаний:
0008127.png	Основой для современного образования в Киргизии является советская система.
0008128.png	6 комплексов «Стрела»;
0008129.png	Миграция армян в регион
0008130.png	Начало литературной деятельности
0008131.png	Словарный состав
0008132.png	Бразилия покинула Лигу Наций.
0008133.png	Тахогенератор
0008134.png	Праздники и памятные дни
0008135.png	Нераскрытые убийства в Испании
0008136.png	1940-х
0008137.png	Отдел поддержки автоматизированных информационных библиотечных систем (ОПА);
0008138.png	Фонетика
0008139.png	14. Памятник генерал-полковнику Леониду Майорову
0008140.png	Съёмка поверхности:
0008141.png	Лауреат «Премии искусства» (ГДР, 1976)
0008142.png	Память и достопримечательности
0008143.png	Библиография
0008144.png	Ряд сочинений в оригинале и английском переводе
0008145.png	Получение
0008146.png	Память мучениц Агапии, Ирины и Хионии Аквилейских (304);
0008147.png	Кларнеты низкого строя
0008148.png	Автобусное сообщение
0008149.png	Примечания
0008150.png	Биография
0008151.png	В культуре
0008152.png	Физкультура и спорт
0008153.png	Подводные дыхательные аппараты
0008154.png	Фонетика и фонология
0008155.png	Валерий Левоневский, белорусский предприниматель, политик, общественный деятель.
0008156.png	Ферганские погромы
0008157.png	Четыре раза клуб играл в финалах национального кубка под руководством:
0008158.png	Мирный договор между Египтом и Хеттским царством
0008159.png	Инженер-капитан (15.09.1964).
0008160.png	Параграф Лебедева .
0008161.png	Награды
0008162.png	Вклад в возрождение генетики
0008163.png	Ссылки
0008164.png	Научной работой широко занимаются также и другие университеты.
0008165.png	Примечания
0008166.png	Общая информация
0008167.png	Ссылки
0008168.png	Лазенки 7-я улица
0008169.png	Ангелы высшего круга:
0008170.png	ООО «Южуралгазстрой».
0008171.png	9. Микрорайон «Автовокзал»
0008172.png	память преподобного Сисоя Великого (429);
0008173.png	Литература
0008174.png	КС-21 ООО «Газпром Трансгаз Ухта»
0008175.png	Петербург
0008176.png	Воронцовский дворец
0008177.png	Не трогайте руками и не используйте в пищу погибших или больных птиц.
0008178.png	Примечания
0008179.png	Сложное предложение включает три типа:
0008180.png	Взрыв в средней школе в Комсомольске-на-Амуре. Жертв нет.
0008181.png	Историки по алфавиту
0008182.png	Тяжёлые условия труда локомотивной бригады.
0008183.png	Жёны и дети
0008184.png	Двоичные логические элементы
0008185.png	Примечания
0008186.png	С галогенами образует галогеноводороды:
0008187.png	блеск
0008188.png	Нофим ()
0008189.png	События и мероприятия
0008190.png	Даймлер-Крайслер
0008191.png	Партизанская улица
0008192.png	Краткое правление и смерть
0008193.png	Победитель (3): 1964, 1965, 2010
0008194.png	Предприятия и организации
0008195.png	Память
0008196.png	Нарваловые
0008197.png	В СССР создано первое хозрасчётное предприятие в области звукозаписи Рекорд.
0008198.png	кардиоваскулярной медицины;
0008199.png	Религиозные деятели Речи Посполитой
0008200.png	граждане Андорры - около 10000
0008201.png	Насименту (Пеле)
0008202.png	Она позволяет одним кругам продвигать свои интересы за счёт остальных
0008203.png	Причины возникновения цифрового шума
0008204.png	История
0008205.png	Статьи
0008206.png	Народный Герой Казахстана (12.01.1995)
0008207.png	Центром ночной жизни города ныне служит Аламеда-де-Эркулес.
0008208.png	Культура и искусство
0008209.png	Алгоритм Тарского
0008210.png	Пиролизный котёл
0008211.png	Эндокринная система
0008212.png	Если  простое число:
0008213.png	Муромцев, Сергей Андреевич
0008214.png	Музей истории Православия в Якутии
0008215.png	Разновидности вальса
0008216.png	посадка Ту-134 на Икшинское водохранилище.
0008217.png	Функция  (где:
0008218.png	Кавалергарды
0008219.png	Карабахский конфликт
0008220.png	Перевёл «Сказку о рыбаке и рыбке» Пушкина.
0008221.png	«Гуррен-Лаганн», телесериал 2007 года. Ведущий аниматор (27-я серия).
0008222.png	Типология Юнга
0008223.png	Евфросиния Полоцкая
0008224.png	Ссылки
0008225.png	Футбольные болельщики
0008226.png	Органы власти
0008227.png	Биография
0008228.png	Иерусалимский Храм в христианстве
0008229.png	18 июня основан город Бийск.
0008230.png	Пхалура
0008231.png	Сквер у Свято-Троицкого храма
0008232.png	Дозу для детей уменьшают в соответствии с возрастом.
0008233.png	городские (25)
0008234.png	Показания
0008235.png	См. также
0008236.png	«Кэнон» в России
0008237.png	Деятельность НКМК с 2004 по 2011 год
0008238.png	удовлетворяющей следующим условиям:
0008239.png	Иммигрировавшие в Российскую империю из Франции
0008240.png	Аквапарк «Мореон»
0008241.png	Физические константы
0008242.png	ООО «Энгельсский локомотивный завод» (признан банкротом  в декабре 2020)
0008243.png	Консулы Афраний Ганнибалиан и Юлий Асклепиодот.
0008244.png	Ивановская область: Шуя, Юрьевец;
0008245.png	Ян Хиншун. Древнекитайский философ Лао-цзы и его учение. М.-Л.,1950
0008246.png	Транспорт
0008247.png	Теория фотографии
0008248.png	670-е годы
0008249.png	Связь с патологией мозга
0008250.png	Наука и образование
0008251.png	Рельеф дна
0008252.png	Ссылки
0008253.png	Большое яблоко
0008254.png	Слипоны (лёгкие кеды без шнуровки)
0008255.png	Примечания
0008256.png	Англичанин живёт в красном доме.
0008257.png	Попечители Петербургского учебного округа
0008258.png	Переселение душ
0008259.png	Пропусканием аммиака в горячий уксусный ангидрид.
0008260.png	Примечания
0008261.png	Наиболее частые причины флейма:
0008262.png	Выставочный зал союза художников.
0008263.png	Переводчики России
0008264.png	оз. Кундозеро
0008265.png	«Открытая зона»
0008266.png	Публикации и переводы
0008267.png	Литература
0008268.png	Терриконы
0008269.png	Наклонения
0008270.png	Историзм
0008271.png	Источники
0008272.png	Член Академии дураков, основанной Вячеславом Полуниным и Роланом Быковым (2013)
0008273.png	кипящими тяжеловодными
0008274.png	Общественные организации
0008275.png	См. также
0008276.png	Фотий Великий первым активизировал почитание в Византии Григория Армянского.
0008277.png	Острова Эквадора
0008278.png	Примечания
0008279.png	Верхнее и нижнее колено
0008280.png	Председатели районных исполкомов РСФСР
0008281.png	Система начисления очков в Формуле-1
0008282.png	Бассейн «Нептун».
0008283.png	Труды
0008284.png	Источники
0008285.png	Молодёжный центр с кинотеатром «Киномир».
0008286.png	Рождаемость и смертность
0008287.png	Трансмембранные рецепторы
0008288.png	Классы и классовая борьба
0008289.png	Послы Российской империи в Великобритании
0008290.png	Литература
0008291.png	История
0008292.png	Терминаторы небесных тел
0008293.png	Суставная капсула
0008294.png	Ссылки
0008295.png	Буддизм
0008296.png	Негативное тестирование
0008297.png	Мемориал испытателей
0008298.png	«Абхазия»;
0008299.png	Цао Хуань, пятый и последний правитель царства Вэй эпохи Троецарствия в Китае.
0008300.png	Всегда уточняйте их перед началом игры.
0008301.png	Инверсия (геометрия)
0008302.png	Промышленность
0008303.png	Постановка задачи
0008304.png	Мини-джойстик
0008305.png	Орден Восходящего солнца с цветами павловнии (1942, Япония)
0008306.png	Преподаватели Владимирской духовной семинарии
0008307.png	Старопокровский проезд
0008308.png	Ссылки
0008309.png	Границы района
0008310.png	Кимвры приходят в Галлию.
0008311.png	Общая характеристика
0008312.png	4. ЧЩ
0008313.png	Продолжающиеся события
0008314.png	Ссылки
0008315.png	Плотина на городском пруду (1701)
0008316.png	1 астрономическая единица (а.е.) составляет приблизительно 4,848 парсека;
0008317.png	Анна Вяземски
0008318.png	кафедра 509 «Экономика аэрокосмической промышленности»
0008319.png	Дериватизация
0008320.png	Климат
0008321.png	Именины
0008322.png	(Демоскоп)
0008323.png	Умирающий раб. Мрамор. Ок. 1513. Париж, Лувр.
0008324.png	Обретение мощей
0008325.png	В узком смысле под овцами подразумевают самок домашней овцы, тогда как . , а .
0008326.png	Костанайский филиал Челябинского государственного университета.
0008327.png	Биография
0008328.png	механика сплошных сред
0008329.png	Ссылки
0008330.png	На русском языке
0008331.png	Ссылки
0008332.png	Обратимый топливный элемент
0008333.png	См. также
0008334.png	В музыке
0008335.png	Давид Гликман (р. 1874), российский журналист, фельетонист, поэт, драматург.
0008336.png	В религии
0008337.png	Любовь Успенская - Сирень
0008338.png	Переводы на русский язык
0008339.png	Особенности органов чувств
0008340.png	Одиозное число
0008341.png	Физико-географическая характеристика
0008342.png	ООО «Биоакустик» (осетровый рыбозавод)
0008343.png	Расширение собора в Сантьяго-де-Компостела.
0008344.png	Правление
0008345.png	Согласные
0008346.png	килограмм- (кгс)
0008347.png	Ссылки
0008348.png	Управление песчаным червём
0008349.png	Ферганская область
0008350.png	Тренер года по версии УЕФА
0008351.png	Литература
0008352.png	Юэль Киннаман, шведско-американский актёр.
0008353.png	МРО мусульман города Калуги «Сунна»
0008354.png	Двунадесятые праздники
0008355.png	Чрезвычайный и полномочный посол (2 ноября 1996)
0008356.png	Название
0008357.png	Притоки
0008358.png	Разработка и изготовление спутников для миссии Резонанс.
0008359.png	Предприятия автомобильной промышленности СССР
0008360.png	Художественное
0008361.png	Компьютерные игры
0008362.png	Скончались
0008363.png	Статья «Друзские деревни»
0008364.png	Города-побратимы
0008365.png	Белобров В. А. Кто ты, русский аршин?
0008366.png	Родились
0008367.png	Использование для лечения нервных расстройств
0008368.png	Избирательные округа
0008369.png	года образована Исетская провинция.
0008370.png	В связи с военными действиями дельфинарий эвакуирован в Харьков.
0008371.png	Автобусная сеть Мегиона состоит из двух внутригородских маршрутов.
0008372.png	Трифон шубу чинит, Пелагея рукавицы шьёт
0008373.png	Депутаты Верховного Совета СССР 9-го созыва
0008374.png	Казацкая старшина
0008375.png	Примечания
0008376.png	Документ гласит:
0008377.png	Компания «Эксперт», девелопер этого микрорайона в 2007 году сообщала:
0008378.png	Башкиры проживают во всех населенных пунктах района.
0008379.png	На Ближнем Востоке
0008380.png	Награды
0008381.png	Освобождение
0008382.png	в Сатке Челябинской области перед проходной ОАО «СЧПЗ»;
0008383.png	Храм в честь иконы Божией Матери «Всех скорбящих радосте» (Ковнатово)
0008384.png	«Закат на Волге», 1928;
0008385.png	Яички
0008386.png	Фразеологизм
0008387.png	Рекрут
0008388.png	Другие представители рода
0008389.png	Озёра Иордании
0008390.png	Автомат Мура
0008391.png	Обвинения
0008392.png	Клиническая картина передозировки опиоидных наркотиков
0008393.png	Тяжёлая деменция
0008394.png	Скончались
0008395.png	Программы с интерфейсом командной строки
0008396.png	Векторы
0008397.png	Борис Равенских (р. 1914), театральный режиссёр, педагог, народный артист СССР.
0008398.png	истребительно-противотанковые артиллерийские полки;
0008399.png	за выслугу лет;
0008400.png	Литераторы, известные под псевдонимами
0008401.png	Тобольские губернаторы
0008402.png	Сапунов Б. В. «Иван Грозный и феномен опричины»
0008403.png	Восемь углов
0008404.png	Русская кавалерия против французской пехоты. Наполеоновские войны.
0008405.png	Обоснование символики: Вячеслав Васильевич Мишин.
0008406.png	Члены Академии наук ГДР
0008407.png	Сферическая геометрия
0008408.png	Монастыри Московской области
0008409.png	Почётные граждане Гуково
0008410.png	Примечания
0008411.png	Семья
0008412.png	неадекватность пациента
0008413.png	Эффективность интернет-рекламы
0008414.png	Анимация графики распределения астероидов по орбитам
0008415.png	Лауреаты Нобелевской премии из Колумбии
0008416.png	Средневековые легенды
0008417.png	Спасоналивковский 1-й переулок
0008418.png	Вход Господень в Иерусалим ()
0008419.png	Основанные общины
0008420.png	Веймарская республика
0008421.png	нахлебничество
0008422.png	Авторское право Британского содружества наций
0008423.png	Видеоматериалы
0008424.png	Регионы, награждённые орденом Ленина
0008425.png	стоматологическая поликлиника
0008426.png	Нитрат свинца применяется для производства мощных смесевых взрывчатых веществ.
0008427.png	хронометр.
0008428.png	Воронка
0008429.png	Примеры
0008430.png	Этимология
0008431.png	Свойство фурье-образа:
0008432.png	Города-побратимы
0008433.png	Проблемы идентификации, современной численности и расселение
0008434.png	«Возражения против христиан» () в 18 кн.,
0008435.png	! Блок 2
0008436.png	«Уныш плюс»,
0008437.png	Личная жизнь
0008438.png	6 мая 1985 года Смоленску было присвоено звание город-герой.
0008439.png	Автомобильный транспорт
0008440.png	Ссылки
0008441.png	Примечания
0008442.png	Примечания
0008443.png	Ссылки
0008444.png	См. также таблицу с краткой информацией об улицах на «Б»
0008445.png	Древнеегипетские боги
0008446.png	История термина
0008447.png	Сайт «Клуб Григория Федотова»
0008448.png	Здесь же установлен и памятник советским солдатам.
0008449.png	В частности, вторая производная является производной от производной:
0008450.png	Литература
0008451.png	Чёрные комедии США
0008452.png	и, наконец,
0008453.png	Юность
0008454.png	Спортсмены Мордовии на Олимпиаде 2012 года
0008455.png	В городе действуют четыре православных храма.
0008456.png	Анатолий Зинченко
0008457.png	В городе работает 7 школ, лицей, гимназия,  коррекционная школа.
0008458.png	Устойчив к окислению на воздухе при высокой температуре.
0008459.png	Признание
0008460.png	12-е место в направлении "Энергетическое машиностроение и электротехника"
0008461.png	См. также
0008462.png	Известные представители
0008463.png	Мемориальный комплекс «Колокол» в Светлогорск
0008464.png	Общие
0008465.png	Основные сведения
0008466.png	Городской портал Худжанда
0008467.png	Киновоплощения
0008468.png	много рабочих рук было задействовано в «металлургии»
0008469.png	Детская железная дорога в парке имени Глобы. Открыта в 1936 году;
0008470.png	Ссылки
0008471.png	Заготовляли рябину впрок, делали рябиновый квас, помогавший от воспалений.
0008472.png	Вакуумные машины
0008473.png	Капитан (06.05.1904; старшинство 06.05.1900)
0008474.png	Полные биографии
0008475.png	Лазеры
0008476.png	Выпускники Ларинской гимназии
0008477.png	Среднее гармоническое взвешенное.
0008478.png	Исленьев Юрий Фомич - воевода в Пскове (1624).
0008479.png	Елена Ханга, российская журналистка, теле- и радиоведущая.
0008480.png	Выпускники Саратовского государственного аграрного университета
0008481.png	Даны захватили Винчестер, столицу короля Уэссекса Этельберта.
0008482.png	«Накопление капитала» (1913)
0008483.png	Короли Чехии
0008484.png	Одиссей
0008485.png	Ранние годы
0008486.png	История
0008487.png	«Судак». М., 1960.
0008488.png	Литература
0008489.png	Попытки русской армии снять осаду
0008490.png	Примечания
0008491.png	Производство
0008492.png	Последовательности проб
0008493.png	Скончались
0008494.png	Ссылки
0008495.png	Биография
0008496.png	История наблюдений
0008497.png	183 км: река Зерна (пр)
0008498.png	Атолл Беллинсгаузена
0008499.png	Нейробиологические факторы
0008500.png	Словообразование осуществляется способами словосложения, аффиксации и конверсии.
0008501.png	Г. О доказательствах благородного происхождения.
0008502.png	Князь Изяслав Ярославич победил голядь .
0008503.png	ДНТ Спартак
0008504.png	Тяжёлые флинты (ТФ)
0008505.png	Продолжающиеся события
0008506.png	Журналисты России
0008507.png	Контрабанда алкогольной продукции
0008508.png	Персоналии по алфавиту
0008509.png	23 марта
0008510.png	Максимальный уровень туйона в пищевых продуктах стран ЕС:
0008511.png	Драматические произведения
0008512.png	В ноябре 2007 года Фетисову был официально вручён партбилет «Единой России».
0008513.png	В России выявлена высокая интенсивность курения. Среднее число сигарет в день:
0008514.png	Пространство Фридмана
0008515.png	Королевство Саксония
0008516.png	Джон Бойега, английский актёр
0008517.png	Шахматные маты
0008518.png	Экономика и хозяйственное значение
0008519.png	Физическая химия
0008520.png	Субстрат (философия)
0008521.png	Сетевая карта
0008522.png	Гражданская
0008523.png	Фармакодинамика
0008524.png	Биография
0008525.png	Анаур
0008526.png	Аукштайты
0008527.png	Арабский парламент
0008528.png	Литература
0008529.png	Степная дорога днем (1862)
0008530.png	Недостатки сетей топологии звезда:
0008531.png	Орден Святой Анны 1-й степени (25 сентября 1813)
0008532.png	100-клеточные
0008533.png	Образование
0008534.png	Позиционная система счисления
0008535.png	144 км: Бастах
0008536.png	Русская армия
0008537.png	Бонн, Германия
0008538.png	См. также: :Категория:Родившиеся 2 сентября
0008539.png	Дочери:
0008540.png	Кардинальное число
0008541.png	Литература
0008542.png	Убийство Петлюры
0008543.png	Усть-Камчатское городское поселение
0008544.png	Русский балет
0008545.png	Распространение
0008546.png	Католицизм
0008547.png	Похороненные в Польше
0008548.png	Как тренер:
0008549.png	Икарийское море
0008550.png	Примечания
0008551.png	Фрагменты: 1, 2,  Гераклит о смысле жизни , 3,
0008552.png	Формулировка с помощью символов Лежандра
0008553.png	Награды и премии
0008554.png	Художники-портретисты России
0008555.png	Авторитарный режим имеет следующие характерные признаки:
0008556.png	Вязовский 2-й проезд
0008557.png	Историческая справка
0008558.png	Управляется патриархом Иерусалимским и Священным синодом.
0008559.png	Ультразвуковые
0008560.png	Борьба с допингом
0008561.png	Детская
0008562.png	Доходный дом С.Н. Мнацаканова.
0008563.png	Этрусский язык
0008564.png	Гонки спортивных автомобилей
0008565.png	Литература
0008566.png	Критика научных аспектов
0008567.png	Побочные эффекты
0008568.png	Адбеел (Авдеил; ; ; )
0008569.png	Умершие от рака лёгкого
0008570.png	Упоминается в повести «Малыш».
0008571.png	Договоры СНГ
0008572.png	На английском языке
0008573.png	Вересковые
0008574.png	и следующего за ними блока операторов, являющегося точкой входа в программу.
0008575.png	салминский (видлицкий) диалект
0008576.png	Памятник Ромуальду Траугутту (открыт в 1928 году на средства жителей)
0008577.png	Резервное копирование
0008578.png	Выход на поверхность Луны
0008579.png	Психостимуляторы (лекарственные средства)
0008580.png	Группы прогрессивного рока
0008581.png	Курсивом выделены космодромы, прекратившие действовать.
0008582.png	Лингвогеография
0008583.png	Сагар: 232 321 чел.
0008584.png	Сайты, которые «Яндекс» не индексирует или ограничивает ранжирование:
0008585.png	Кратер на Марсе;
0008586.png	Малайский архипелаг
0008587.png	По данным Всероссийской переписи населения 2010 года:
0008588.png	Швеция приняла решение о строительстве моста и туннеля в Данию.
0008589.png	7 городских округов
0008590.png	Кубок губернатора Курганской области
0008591.png	Ниже представлены генеральные секретари Лиги арабских государств:
0008592.png	Троада в древнегреческой мифологии
0008593.png	Мадурцы
0008594.png	Личность и семья
0008595.png	Теоретики музыки
0008596.png	Статистические свойства
0008597.png	Диу диалект
0008598.png	Литература
0008599.png	Лауреаты премии Румфорда
0008600.png	Ростелеком
0008601.png	См. также: :Категория:Умершие 8 мая
0008602.png	Статус и социолингвистические сведения
0008603.png	Тенденции трансформации власти
0008604.png	гороховидная кость () (2 кости);
0008605.png	Ссылки
0008606.png	Заслуженные деятели искусств РСФСР
0008607.png	Аполлон и Геракл
0008608.png	Литература
0008609.png	Кергелен
0008610.png	Медицинские учреждения
0008611.png	«Универсальный человек»
0008612.png	Фауна
0008613.png	Скальдическая поэзия. Тексты
0008614.png	Октябрь
0008615.png	Награды
0008616.png	Христианское богословие
0008617.png	Спецификация
0008618.png	Внешняя политика Грузии ориентирована на вступление страны в НАТО и ЕС.
0008619.png	Свойства
0008620.png	термоионизация или поверхностная ионизация
0008621.png	Любовь можно потерять (из кинофильма «Невеста с севера»; слова А. Вознесенского)
0008622.png	Русские слова в тюркских языках: родной, гора
0008623.png	Топоним
0008624.png	Тувинский язык
0008625.png	Признаки жанра и его соотношение с другими жанрами компьютерных игр
0008626.png	Дети-актёры СССР
0008627.png	24 марта
0008628.png	Стихийные бедствия
0008629.png	Писатели-соцреалисты
0008630.png	Фальцовка
0008631.png	Игроки ФК «Челси»
0008632.png	Ссылки
0008633.png	Топонимика
0008634.png	Богини в римской мифологии
0008635.png	Населённые пункты
0008636.png	Печатные издания, возникшие в 1826 году
0008637.png	два ордена Трудового Красного Знамени (29.03.1941; 03.04.1944)
0008638.png	Медали
0008639.png	Демографическое развитие
0008640.png	Печать и флаг Бангкока.
0008641.png	Диодор Сицилийский
0008642.png	Виды изобразительных искусств
0008643.png	Переводчики на французский язык
0008644.png	Грот-марса-рей
0008645.png	Единицы измерения энергии в физике
0008646.png	Тумбасов, Арсений Михайлович
0008647.png	Акварелисты Российской империи
0008648.png	Дзержинское
0008649.png	Марксисты
0008650.png	В ВС Монако чин полковника является высшим офицерским званием.
0008651.png	Антропология религии
0008652.png	Русское право
0008653.png	Ссылки
0008654.png	Специальная школа-интернат
0008655.png	В Москве и её окрестностях
0008656.png	Здравоохранение
0008657.png	Согласно данным Всероссийской переписи населения 2010 года:
0008658.png	Население
0008659.png	Интерьер
0008660.png	В городе имеются промышленные отрасли и предприятия:
0008661.png	Повесившиеся
0008662.png	Типы ландшафта
0008663.png	Фамилия
0008664.png	Источники
0008665.png	Разрядность некоторых видов процессоров
0008666.png	Активно содействовал сооружению Транссибирской магистрали и КВЖД.
0008667.png	Горные инженеры СССР
0008668.png	Выпускники филологического факультета МГУ
0008669.png	Основные события
0008670.png	Модель простой последовательной обработки
0008671.png	Горнодобывающая промышленность
0008672.png	См. также
0008673.png	Сотовая связь
0008674.png	Дискография
0008675.png	полное усечение тетраэдра;
0008676.png	См. также: :Категория:Родившиеся в 1493 году
0008677.png	«Астана»
0008678.png	Труды
0008679.png	Войска
0008680.png	на русском языке
0008681.png	Торсионная дистония
0008682.png	Оперы по произведениям Пушкина
0008683.png	Примечания
0008684.png	Бытом, Польша
0008685.png	Члены Совета Федерации России (с 2000)
0008686.png	Библиотеки (в городе 7 библиотек).
0008687.png	«И     будут наши помыслы чисты», 2014
0008688.png	синхронный двигатель с постоянными магнитами;
0008689.png	Члены-корреспонденты АН СССР и РАН
0008690.png	Наука
0008691.png	Энергоавария 20 августа 2010 года
0008692.png	Теодор Гельбриге (Германия) (1997)
0008693.png	Исторические формы коммунизма
0008694.png	Литература
0008695.png	Почетные звания:
0008696.png	Районная газета «Гаврилов-Ямский Вестник»
0008697.png	Свято-Троицкий собор (летний)
0008698.png	Анна Киевская (Анна Ярославна)
0008699.png	Пожар и Алмаз
0008700.png	Список улиц Ачинска
0008701.png	Введён налог на вывозимую из Испании шерсть.
0008702.png	Последние годы жизни и гибель
0008703.png	Колосовский район
0008704.png	Семья
0008705.png	Издательства, основанные в 1919 году
0008706.png	Участники битвы за Москву
0008707.png	Общество и культура
0008708.png	информационная схема (так называемый системный словарь, содержащий метаданные).
0008709.png	3 июля 479 года начала существование династия Южная Ци.
0008710.png	2С7 «Пион»
0008711.png	История села Кукобой
0008712.png	Полице
0008713.png	Ролава, слева, 177 км
0008714.png	Труды
0008715.png	Вологда, Россия
0008716.png	Раскрытие псевдонима
0008717.png	Шона Сэнд, американская актриса и фотомодель.
0008718.png	Критика
0008719.png	Литературная деятельность
0008720.png	переулок Кирику
0008721.png	Ссылки
0008722.png	Место рождения
0008723.png	Дискография
0008724.png	Комсомольская и партийная карьера
0008725.png	Владимир Шухов
0008726.png	Биология
0008727.png	Тацит
0008728.png	Тиарет
0008729.png	Фамилия
0008730.png	История изобретения
0008731.png	Спряжение
0008732.png	Стрельба из лука (4)
0008733.png	пишет:
0008734.png	Хозяйственное значение
0008735.png	Карьера
0008736.png	Драматурги Древних Афин
0008737.png	Бэррел Ролл
0008738.png	память святого Авициана, епископа Руанского (325 год);
0008739.png	Литература
0008740.png	Семья
0008741.png	Распределение российских войск на Дальнем Востоке:
0008742.png	Ограниченность анализа межсетевого экрана
0008743.png	Опухолевые маркеры
0008744.png	Сотрудники
0008745.png	Персоны года
0008746.png	Великие мастера ВВФ
0008747.png	В Японии составлена «Конституция 17 статей».
0008748.png	Примечания
0008749.png	Избранные научные труды
0008750.png	Тобилевичи
0008751.png	Тибетский пиньинь
0008752.png	Консулы Флавий Константин и Флавий Руф.
0008753.png	Саар (значения)
0008754.png	Судоходство
0008755.png	Эдуардо де Филиппо (р. 1900), итальянский киноактёр и режиссёр, комедиограф.
0008756.png	Персонажи английского фольклора
0008757.png	Умершие от туберкулёза
0008758.png	Литература
0008759.png	32 бита
0008760.png	Еврейские комментаторы Библии
0008761.png	Родились
0008762.png	Обозначения
0008763.png	Отдел по г. Армавиру управления ФСБ России по Краснодарскому краю.
0008764.png	Выпускники юридического факультета Абхазского университета
0008765.png	«Пещеры Кударо» и город Квайса,
0008766.png	Почётный доктор музыки Оксфордского университета (1958)
0008767.png	Биография
0008768.png	Флаги автономных сообществ Испании
0008769.png	История
0008770.png	Комментарии
0008771.png	Классификация
0008772.png	Сочинения
0008773.png	События
0008774.png	7. Борьба с терроризмом.
0008775.png	Католические святые
0008776.png	Женщины в истории
0008777.png	История
0008778.png	Население
0008779.png	Современность
0008780.png	Бывшие еврейские местечки Украины
0008781.png	Небесная механика
0008782.png	Парки, скверы и пешеходные зоны
0008783.png	Витебский мост (в южной части реки, юго-западнее канализованного участка)
0008784.png	Енакиевский коксохимпром
0008785.png	Чемпионат мира по футболу 2018
0008786.png	Тактика
0008787.png	(1964, ЧССР)
0008788.png	Топонимика
0008789.png	Казахстан
0008790.png	Все граждане государства Вьетнам.
0008791.png	лезгины
0008792.png	В честь города Тольятти были названы несколько судов:
0008793.png	Для поддержания незатухающих пульсаций необходимы какие-то внешние силы.
0008794.png	Механическое движение (видео, программа 10 класса)
0008795.png	Члены КПСС
0008796.png	Промышленность
0008797.png	Члены Общества Девяти
0008798.png	Конструкция
0008799.png	Четвёртый основан на любимой фразе робота Бендера из мультсериала «Футурама».
0008800.png	Понятия этики
0008801.png	Прямикова, улица
0008802.png	Минимальный загрузчик в ПЗУ;
0008803.png	Генерал-полковник (29 июля 1944)
0008804.png	Статистические данные
0008805.png	Список комплексных отраслей права
0008806.png	Сайт российского монаха дзэн Мьонг Гонг Сунима
0008807.png	Рашизм
0008808.png	Родились
0008809.png	Гандзин
0008810.png	Идеология и история. «Фактор понимания»
0008811.png	История
0008812.png	Коллекции
0008813.png	«Пассаж»;
0008814.png	Спорные территории (Азад-Кашмир, Гилгит-Балтистан, Западная Сахара);
0008815.png	Монастырь Дурэу
0008816.png	Биологическая роль
0008817.png	Бюст Юрия Гагарина.
0008818.png	Особенности
0008819.png	на официальном портале администрации Петербурга
0008820.png	Биография
0008821.png	рабочий посёлок Кукмор Сабинского района;
0008822.png	По количеству голов
0008823.png	Калифорния: Милпитас, Редвуд-Сити, Фэрфилд, Темекула, Менло-Парк, Саннивейл
0008824.png	Мемориальный Дом-музей М.В.Фрунзе в г.Бишкек (Кыргызская Республика).
0008825.png	Финикия
0008826.png	Абдуллах ибн Касир аль-Макки (умер 125 по хиджре);
0008827.png	Литература
0008828.png	Прочее
0008829.png	Управление цифровыми правами
0008830.png	Крафорд скончался 11 мая 1868 года в Лондоне.
0008831.png	Примечания
0008832.png	Античные писатели, чьи труды дошли до нашего времени
0008833.png	Талса, Оклахома, США
0008834.png	Медаль «100-летие падения Османского ига» (НРБ).
0008835.png	Распределение должностей и новые идеи
0008836.png	История
0008837.png	Языки веб-программирования
0008838.png	Электрическая сеть
0008839.png	Источники:
0008840.png	Апоморфин (рвотное средство)
0008841.png	Центры художественного промысла
0008842.png	Уменьшение и исправление
0008843.png	Прекращение морских походов
0008844.png	Епископы Русской православной церкви
0008845.png	Русские переводы:
0008846.png	Описание алгоритма
0008847.png	Завод по производству гибкой упаковки (ООО «ИСРАТЭК С»)
0008848.png	Кавалерийская дивизия
0008849.png	Имитации золота
0008850.png	Педальный узел совмещён с коробкой передач.
0008851.png	Каролина Костнер, итальянская фигуристка;
0008852.png	Облегчённые языки разметки
0008853.png	Современное нормативное русское название
0008854.png	В Рамле действует технологический колледж.
0008855.png	Самореферентные последовательности
0008856.png	Пресса
0008857.png	Связь
0008858.png	Радиотехнические сигналы
0008859.png	Примечания
0008860.png	В невырожденном случае,
0008861.png	Переименованные населённые пункты России
0008862.png	Для этих величин характерны следующие значения:
0008863.png	Классическая логика
0008864.png	Ивица Вастич, австрийский футболист хорватского происхождения, нападающий.
0008865.png	Экономика
0008866.png	Промышленная революция
0008867.png	Эльдар Рязанов на сайте Наш Фильм
0008868.png	Ниссей
0008869.png	Минарет на улице Ахундова;
0008870.png	носитель для МТКК «Буран»;
0008871.png	Память святых Кирилла и Мефодия.
0008872.png	Зона французского франка (КФА)
0008873.png	Маскировка и дезинформация
0008874.png	Московский государственный историко-этнографический театр
0008875.png	Полезные ископаемые
0008876.png	Первое нападение половцев на Русь.
0008877.png	Президентские выборы в Абхазии
0008878.png	Линейная частичная информация
0008879.png	Отношения с Францией
0008880.png	В сентябрьские иды вбит гвоздь (Рим).
0008881.png	Алексей Мурашов
0008882.png	Излучатели нейтральных частиц
0008883.png	Агаев, Ваха Абуевич
0008884.png	Виды аннуитетов по времени платежа
0008885.png	Раклет
0008886.png	Захват китайскими войсками Ван Ланга (Северный Вьетнам).
0008887.png	С 2022 года до Нижнего Новгорода курсируют судна на подводных крыльях Валдай.
0008888.png	Скончались
0008889.png	Народные промыслы
0008890.png	Чемпионы мира по футболу
0008891.png	323 км: Дубовый
0008892.png	Фантом дальнего видения
0008893.png	Миранда Ричардсон в телесериале «Чёрная Гадюка»
0008894.png	Порядок слов
0008895.png	Посмертно реабилитированные в СССР
0008896.png	5 февраля
0008897.png	На экраны вышел фильм Тенгиза Абуладзе «Древо желания».
0008898.png	Зрелые годы. За границей
0008899.png	Телевидение
0008900.png	Площадь плоской фигуры
0008901.png	Былое и думы
0008902.png	Группа «Крематорий» упоминает лепру в песне «Лепрозорий».
0008903.png	Административно-территориальное деление
0008904.png	См. также
0008905.png	греческая бирема
0008906.png	(Нидерланды)
0008907.png	См. также: :Категория:Умершие в 1304 году
0008908.png	История
0008909.png	Примечания
0008910.png	Бьёрнсон и словаки
0008911.png	Биография
0008912.png	Участники Сталинградской битвы
0008913.png	Чемпион (8) : 1967, 1969, 1971, 1975, 1976, 1979, 1980, 1986
0008914.png	Алексей Тищенко, российский боксёр, двукратный олимпийский чемпион.
0008915.png	«Дубли» и «золотые хет-трики»
0008916.png	Почётные граждане Калуги
0008917.png	глубина цвета 36 бит;
0008918.png	Понудительное наклонение выражает принуждение и заставление что-либо сделать.
0008919.png	Авторитарная власть
0008920.png	Термодинамика
0008921.png	мемориал в честь освобождения Южного Сахалина и Курильских островов
0008922.png	Полеводка
0008923.png	личностные расстройства,
0008924.png	99 км: река Ураж (пр)
0008925.png	Библиография
0008926.png	Виды группировки
0008927.png	Белоруссия
0008928.png	Сноски
0008929.png	Юрий Визбор: Профиль на сайте «Лаборатория Фантастики»
0008930.png	четыре селепропускника протяжённостью 604 метра.
0008931.png	Родившиеся в Дигоре:
0008932.png	Библиотеки элементов интерфейса
0008933.png	И Малую спортивную арену! (2 раза)
0008934.png	Власть в Древней Греции
0008935.png	Экономика
0008936.png	Скончались
0008937.png	часть республик бывшего СССР (Эстония, Латвия, Литва) (в ЕС и НАТО);
0008938.png	Театр и кино
0008939.png	Метеорология
0008940.png	Маршрутное такси
0008941.png	Дальневосточный леопард
0008942.png	Квандт опубликовал ряд работ по теории театра, в том числе:
0008943.png	Афанасий
0008944.png	Литература
0008945.png	на родине, в городе Сим Челябинской области:
0008946.png	Ростовский район (г. Ростов)
0008947.png	Литературное наследие
0008948.png	Скончались
0008949.png	4) Альтернативные точки зрения и расчёты
0008950.png	Галерея
0008951.png	Литература
0008952.png	Скончались
0008953.png	Луций Юний Силан, консул-суффект того же года.
0008954.png	Армянская Апостольская церковь
0008955.png	Вкусовые добавки
0008956.png	Ингрид Кристиансен
0008957.png	Жестокий ангел
0008958.png	Факультет свободных искусств и наук
0008959.png	контроль наличия и движения имущества и обязательств;
0008960.png	Транспорт
0008961.png	История Прикумья
0008962.png	Литература
0008963.png	Местные пряности
0008964.png	Достопримечательности
0008965.png	Епископы смоленские
0008966.png	Белгородский государственный национальный исследовательский университет
0008967.png	СПК «Мир»,
0008968.png	Климат
0008969.png	Церковные титулы
0008970.png	Литература
0008971.png	Республики, не поддержавшие референдум
0008972.png	Авторы научно-популярной литературы
0008973.png	Заслуженные профессора
0008974.png	Статистика
0008975.png	Барбитураты
0008976.png	память святых Аматора, Питера и Луиса (Людовика) (855);
0008977.png	Этот тип тестирования обычно выполняется программистами.
0008978.png	Карагандинский технический университет имени Абылкаса Сагинова
0008979.png	Клавиатура
0008980.png	Общая география
0008981.png	Убитые в США
0008982.png	Охотники за динозаврами (1968)
0008983.png	См. также
0008984.png	Примечания
0008985.png	Примечания
0008986.png	Ремонт зданий и сооружений
0008987.png	Первое упоминание в летописи о городе Бежецк.
0008988.png	Топонимы
0008989.png	Иосип Броз Тито (Югославия; 16 августа 1977)
0008990.png	Элегия 2
0008991.png	9 февраля
0008992.png	Скорость печати. Очень быстры, быстрее матричных и струйных принтеров.
0008993.png	материалы для письма
0008994.png	Статьи
0008995.png	Трассы Запад-Восток
0008996.png	Спортсмены
0008997.png	Кинжалы
0008998.png	Ссылки
0008999.png	Топоним
0009000.png	В городе действуют несколько коллективов, имеющих звание «Народный»:
0009001.png	Бывшие столицы Армении
0009002.png	антагонистический бред (в том числе манихейский бред);
0009003.png	Дворянские роды, на гербах которых изображено зеркало
0009004.png	Мифические вещества
0009005.png	Вторая гражданская война в Либерии.
0009006.png	Приманчивым лучем блистающих в глаза:
0009007.png	Южный;
0009008.png	Джуди Коллинз, американская фолк- и поп-певица.
0009009.png	Прибрежный-1
0009010.png	Описание
0009011.png	Мероприятия
0009012.png	Климат
0009013.png	Нейронные сети
0009014.png	В войско метнул
0009015.png	Топографические карты
0009016.png	С лядвей жар да с паром.
0009017.png	См. также
0009018.png	Руководитель проектов
0009019.png	Ядерные реакторы на космических аппаратах
0009020.png	Переименованные населённые пункты Демократической Республики Конго
0009021.png	История
0009022.png	При Юрии
0009023.png	В зависимости от содержания углерода чугуны делятся на:
0009024.png	Инфраотряд
0009025.png	Ядерные полигоны США
0009026.png	Появились в 1930-е годы в Португалии
0009027.png	См. также: :Категория:Праздники 17 декабря
0009028.png	Памятник жертвам Чернобыля (2003)
0009029.png	Движение ингушей за возвращение Пригородного района
0009030.png	Переводчики Литвы
0009031.png	Александровская
0009032.png	В 1903 году открылся кустарный стеклоделательный завод.
0009033.png	Мгла (по Гигину)
0009034.png	Праздники и памятные дни
0009035.png	Раскол в ИТФ (как все начиналось)
0009036.png	Наиболее полная характеристика внешнего вида Цезаря оставлена Светонием:
0009037.png	Гербы с изображением чайки
0009038.png	Происхождение
0009039.png	Ссылки
0009040.png	Найдёныш с погибшей «Цинтии» (1885), в соавторстве с Андре Лори;
0009041.png	Ссылки
0009042.png	Алексей Кручёных. Отец зауми (2007)
0009043.png	Александр Робак, российский актёр театра и кино, продюсер, кинорежиссёр.
0009044.png	Соединения кислорода
0009045.png	языковые социальные группы в той или иной мере друг друга покрывают.
0009046.png	Футуризм
0009047.png	Баротравмы трахеи и лёгких
0009048.png	Ранние годы
0009049.png	Орден Красного Знамени (6.02.1942)
0009050.png	Секуйский край
0009051.png	В норме взрослая самка приносит двух детенышей, молодые по одному.
0009052.png	Заводы
0009053.png	Криптографы США
0009054.png	Асбат аль-Ансар
0009055.png	Населённые пункты Васильковского района (Киевская область)
0009056.png	память Папы Римского Гилария;
0009057.png	Розенталь Д. Э. Основы русской пунктуации
0009058.png	Примечания
0009059.png	Игнатий Рыльский (1785)
0009060.png	Альбомы прогрессивного попа
0009061.png	Чешское пиво
0009062.png	Примечания
0009063.png	Взгляды
0009064.png	Генсиорская Мария Владиславовна (Долидзе).
0009065.png	Мариус Трезор
0009066.png	Хроники Амбера
0009067.png	5 августа
0009068.png	Прочие, внутридворовые
0009069.png	Памятник воинам-освободителям;
0009070.png	Скончались
0009071.png	Физической культуры
0009072.png	Поощрения президента и Правительства Российской Федерации:
0009073.png	Конец войны с саксами и первые столкновения с данами
0009074.png	Детектив мщения
0009075.png	естественнонаучный;
0009076.png	Производные единицы
0009077.png	канал Грибоедова (Казанский мост)
0009078.png	кроме того, курсируют пригородные маршруты:
0009079.png	Образ в художественной литературе
0009080.png	Графские роды России
0009081.png	Культура и искусство
0009082.png	Отсутствие унификации обработки ошибок
0009083.png	Византийский император Ираклий начал поход в Персию.
0009084.png	Каждый игрок получает по две карты в закрытую (префлоп), следует круг торгов.
0009085.png	Воинские формирования
0009086.png	Нормативные акты Российской Федерации
0009087.png	Музыкальная академия
0009088.png	Примечания
0009089.png	Герб Приморской области
0009090.png	См. также
0009091.png	Административное деление
0009092.png	Благотворители России
0009093.png	Проблема устойчивости плазмы
0009094.png	Языки Испании
0009095.png	Деятельность
0009096.png	Литература
0009097.png	двор Артуса,
0009098.png	Технология
0009099.png	можно записать как
0009100.png	Восстание крестьян в провинции Керси (Франция).
0009101.png	Примечания
0009102.png	Войны в Аквитании
0009103.png	Биография
0009104.png	Имеет 6 детей.
0009105.png	См. также
0009106.png	В теории управления (кибернетике)
0009107.png	Библиотека им. М. Шолохова (Будённовская ул., 141)
0009108.png	374 км: Ключевка (Клюевка) (лв)
0009109.png	Раннее распознание остановки сердца и вызов экстренной медицинской помощи
0009110.png	Сенсорный автоматизм
0009111.png	Следует последний круг торгов.
0009112.png	Свойства вещества
0009113.png	Происхождение выражения «центральный банк»
0009114.png	Северная Набережная
0009115.png	Балаковская ТЭЦ-4
0009116.png	Список государственных языков
0009117.png	Прицел
0009118.png	Ссылки
0009119.png	Ссылки
0009120.png	Примечания
0009121.png	Определительные местоимения
0009122.png	Фрайбург (), Германия
0009123.png	Примечания
0009124.png	Юношеские произведения
0009125.png	В 1933 году был внесен в список авторов книг, сжигавшихся в нацистской Германии.
0009126.png	Классик русской поэзии Ф. Тютчев посвятил поре бабьего лета следующие строки.
0009127.png	См. также
0009128.png	Секс и сексуальность в фантастике
0009129.png	Симон Визенталь, общественный деятель, «охотник за нацистами» (ум. 2005).
0009130.png	МБУ ДЮСШ (Детско-Юношеская Спортивная Школа)
0009131.png	28 февраля сервер обновления снова был недоступен.
0009132.png	Сочинения
0009133.png	Всеобщность законности (подразумевает её действие на всех лиц);
0009134.png	Поэтому:
0009135.png	Казахстан
0009136.png	все рёбра тетраэдра равны между собой,
0009137.png	создание стимулов для сокращения выбросов парниковых газов.
0009138.png	Детали машин и механизмов
0009139.png	В ТГАСУ развиваются 17 научных школ и направлений.
0009140.png	Литература
0009141.png	Источники
0009142.png	История города
0009143.png	: Портленд (Орегон), Балтимор (Мэриленд)
0009144.png	Этимология
0009145.png	Имя Новикова-Прибоя носит круизный теплоход на Волге;
0009146.png	Члены ПЕН-клуба
0009147.png	Самозванцы
0009148.png	См. также
0009149.png	Примеры диагнозов:
0009150.png	Скончались
0009151.png	Госё-хан ()
0009152.png	Дугнинский понтонный мост
0009153.png	Памятники истории
0009154.png	Торговля
0009155.png	Карельский;
0009156.png	См. также
0009157.png	Санта-Фе
0009158.png	Транспорт
0009159.png	Образ исторического Дракулы в портретной скульптуре
0009160.png	Кабачок «13 стульев»
0009161.png	В обиходной речи слово «ярыга» или «ярыжка» имел два дополнительных значения:
0009162.png	Память
0009163.png	Народные комиссары и министры РСФСР
0009164.png	Память
0009165.png	В Адлере открыли выставку в честь 120 лет со дня рождения Арама Хачатуряна
0009166.png	Игорь Дивеев
0009167.png	Большой Крест ордена Спасителя (Греция)
0009168.png	Заслуженные мастера спорта России
0009169.png	Международный фестиваль эстрадной песни «Звёзды Белого месяца»;
0009170.png	Игрушки, демонстрирующие физические законы
0009171.png	память .
0009172.png	радиотехнические системы
0009173.png	Российский университет дружбы народов
0009174.png	Словари
0009175.png	Похоронен на Миусском кладбище.
0009176.png	Классика (древняя Греция и древний Рим)
0009177.png	Актёры и актрисы Театра-студии киноактёра
0009178.png	Сильви Тестю, французская актриса.
0009179.png	Киноактёры Испании
0009180.png	Численность и размещение
0009181.png	отрезок до Леснозаводской улицы
0009182.png	Улица Степана Разина в Калуге
0009183.png	Патроны
0009184.png	Ссылки
0009185.png	ЦСКА и «Динамо»
0009186.png	Сказки
0009187.png	и другие.
0009188.png	Галерея
0009189.png	Киновоплощения
0009190.png	Готфрид Вильгельм Лейбниц
0009191.png	нахско-дагестанские языки: удинский, бацбийский, чеченский (кистинский)
0009192.png	Старый официальный сайт
0009193.png	Чоран Э. Мирча Элиаде
0009194.png	Барыкин
0009195.png	: Филлинген-Швеннинген
0009196.png	Межмембранное пространство
0009197.png	Конструкция
0009198.png	Азербайджан и Сент-Китс и Невис установили дипломатические отношения.
0009199.png	Звёздное скопление Птолемея
0009200.png	итальянский язык (0,7)
0009201.png	скуловая кость () (2 кости);
0009202.png	Население
0009203.png	Трамбус
0009204.png	Литература
0009205.png	Англиканство
0009206.png	Лихтенфельс
0009207.png	Порядок слов
0009208.png	История находки «Эпоса»
0009209.png	Образование и культура
0009210.png	Независимая медиагруппа государства Шан
0009211.png	Нейроанатомия
0009212.png	В честь учёного названы:
0009213.png	Улицы
0009214.png	8) не поклонялся богам другой религии.
0009215.png	Избыточные числа
0009216.png	Придворный календарь на 1915 год. Комментарии
0009217.png	В литературе
0009218.png	«Дама с попугаем» (1988),
0009219.png	Предпосылки
0009220.png	См. также
0009221.png	Источники
0009222.png	глубинные ядерные бомбы, якорные и донные ядерные мины;
0009223.png	Участвовали в программе, но по различным причинам не попали в космос:
0009224.png	Национальные домены верхнего уровня
0009225.png	См. также
0009226.png	Кандидаты экономических наук
0009227.png	Майданов, Николай Саинович (10.03.2000, 589)
0009228.png	семейное положение: холост, женат (тогда записывались данные о жене), или вдов;
0009229.png	Примечания
0009230.png	В оптике имя Аббе носят:
0009231.png	Мост 1993 года
0009232.png	См. также
0009233.png	Балканы
0009234.png	Почётные доктора Гарвардского университета
0009235.png	Источники
0009236.png	Китай
0009237.png	Примечания
0009238.png	Ферменты
0009239.png	Грива
0009240.png	Деревянная церковь Иоанна Богослова-на-Ишне
0009241.png	Персоналии:Императорский Московский университет
0009242.png	«Василий Иванович»
0009243.png	Калибровка Ландау
0009244.png	парк «Сказка» («Солнечный город»),
0009245.png	Сообщество
0009246.png	Преимущества и недостатки
0009247.png	Похороненные на кладбище Пер-Лашез
0009248.png	4 учреждения находятся в городе Балашов;
0009249.png	Научно-популярные издания
0009250.png	Кафедра детской хирургии
0009251.png	Классификации малых планет
0009252.png	3 декабря
0009253.png	Индия
0009254.png	Литература
0009255.png	Сквер на Полковой улице
0009256.png	Еврейские епископы Иерусалимские
0009257.png	30 мая
0009258.png	Аудиокодеки
0009259.png	Гематологические проявления
0009260.png	См. также
0009261.png	Поместные церкви
0009262.png	Феридун и Менучехр
0009263.png	Атлант ():
0009264.png	Млечник
0009265.png	Заслуженный мастер спорта России
0009266.png	Офицер ордена Почётного легиона (Франция, 1982)
0009267.png	Примечания
0009268.png	Климат
0009269.png	Памятники истории
0009270.png	Праздники урожая
0009271.png	яп. рэйгай «исключение»
0009272.png	Переводоведение
0009273.png	Источинки
0009274.png	Прибавление  (нулевого элемента) даёт число, равное исходному:
0009275.png	Мужские имена
0009276.png	Президенты Киргизии
0009277.png	Антипараллелограмм
0009278.png	Исследования о творчестве
0009279.png	Алгоритм Евклида
0009280.png	блок электроразводок.
0009281.png	Ссылки
0009282.png	В 1970 году Геленджик стал курортом всесоюзного значения.
0009283.png	Экономика
0009284.png	Заболевания в проктологии
0009285.png	Литература
0009286.png	корешкам языкоглоточного и блуждающего нервов;
0009287.png	Населённые пункты Фурмановского района
0009288.png	Памятник Кайсыну Кулиеву и Алиму Кешокову в г. Чегем, КБР .
0009289.png	Участники испытания РДС-1
0009290.png	География
0009291.png	Основные числовые множества
0009292.png	Ссылки
0009293.png	РТРС-1
0009294.png	Гадательные книги: Волховник, Громник, Колядник, Трепетник, Чаровник и др.
0009295.png	«Лисид»
0009296.png	тонкая кишка ();
0009297.png	Элегический дистих
0009298.png	Города из Списка русских городов дальних и ближних
0009299.png	Во Владикавказе в память об Арсене Коцоеве названа улица.
0009300.png	Душевнобольные музыканты
0009301.png	2012 год:
0009302.png	Канский комбинат строительных конструкций
0009303.png	Примечания
0009304.png	Распространённость
0009305.png	Нидана
0009306.png	Комментарии
0009307.png	Административно-территориальное устройство
0009308.png	«Русалка», опера, по А. Пушкину (дипломная работа, 1913)
0009309.png	Галерея
0009310.png	Народный комиссариат по иностранным делам РСФСР
0009311.png	Фильмы, спродюсированные Бенджамином Мельникером
0009312.png	Литература
0009313.png	Русские эмигранты четвёртой волны в США
0009314.png	Перевод: «Собака укусила кота»
0009315.png	Факты
0009316.png	Биография
0009317.png	Примечания
0009318.png	Катехоламины
0009319.png	Дальнейшее образование чисел
0009320.png	Музыка
0009321.png	звательный, .
0009322.png	Символика
0009323.png	Разрешение (компьютерная графика)
0009324.png	Виртуальная биография
0009325.png	квинтет для флейты, гобоя, кларнета, фагота и валторны, и др.
0009326.png	Сублимация
0009327.png	Подводники Великой Отечественной войны
0009328.png	Примечательные объекты
0009329.png	Учреждения дополнительного образования:
0009330.png	Лингвисты в СССР и современной России
0009331.png	Электроэнергетические компании России
0009332.png	Сенаторы Российской империи
0009333.png	Африка
0009334.png	«Хмелеводство в Гуслицах» (1876)
0009335.png	Дворянские роды, на гербах которых изображены единороги
0009336.png	В культуре
0009337.png	Кривой Джимми
0009338.png	Иван Савенко, советский живописец, заслуженный художник РСФСР.
0009339.png	Оскуйская волость (создана в 1911 году)
0009340.png	Для игристых вин установлены отличные от тихих вин категории
0009341.png	Примечания
0009342.png	Натан Забара на сайте проекта «Еврейские герои»
0009343.png	Площади:
0009344.png	несписанная дебиторская задолженность, нереальная к получению (взысканию);
0009345.png	Награды и премии
0009346.png	Компании, подвергнутые санкциям в связи с вторжением России на Украину
0009347.png	Экономика
0009348.png	Немецкие поэты
0009349.png	Авиационные термины
0009350.png	Стабилизатор переменного напряжения
0009351.png	Числа
0009352.png	Скончались
0009353.png	«Плаза Бюро-центр» (, 159 метров).
0009354.png	Абдукция
0009355.png	Секционирование.
0009356.png	способность к вредительству;
0009357.png	Приход к власти
0009358.png	Литература
0009359.png	Объектно-ориентированные особенности языка
0009360.png	Литература
0009361.png	Ютуберы России
0009362.png	Почётные доктора Университета Базиликаты
0009363.png	Фаллический культ
0009364.png	Примечания
0009365.png	Сергей Сухарев (ум. 2017), российский переводчик и филолог.
0009366.png	Скрытая масса
0009367.png	Иллюминированные Евангелия
0009368.png	Содружество Независимых Государств
0009369.png	Исторические художники Германии
0009370.png	Связь
0009371.png	Работа заземления при неисправностях электрооборудования
0009372.png	Жилище
0009373.png	Примечания
0009374.png	Примечания
0009375.png	И твоя рука победоносная,
0009376.png	Карпос, от богини Хлориды.
0009377.png	изучение газового состава;
0009378.png	Сражения Польши
0009379.png	Трижды Герои Социалистического Труда
0009380.png	17 мая 1962 года Енисейск получил статус города краевого подчинения.
0009381.png	Ссылки
0009382.png	Подписавшие «Письмо двадцати пяти»
0009383.png	Период революций, центр антигетманского восстания 1918 года
0009384.png	Идентификация
0009385.png	«Любовь земная» (1974)
0009386.png	Город воинской славы
0009387.png	История Праги
0009388.png	Генералы от инфантерии (Российская империя)
0009389.png	Основные положения политического реализма:
0009390.png	Музыка Рахманинова в кино
0009391.png	Распространение и роль тепловозной тяги
0009392.png	События
0009393.png	Сведения
0009394.png	Реутов, Россия
0009395.png	Орджоникидзеград
0009396.png	Католические: Женевьева
0009397.png	Национальные чемпионаты
0009398.png	На табулатуре можно обозначать дополнительные приёмы звукоизвлечения. Например:
0009399.png	Институт востоковедения имени Абу Рейхана Бируни в Ташкенте.
0009400.png	Мореплаватели Испании
0009401.png	Клубные цвета
0009402.png	Телепередачи, запущенные в 1960 году
0009403.png	Лицей-интернат естественных наук
0009404.png	Людмила Ширина, оперная певица, народная артистка Украины.
0009405.png	нарушения сна отмечаются не меньше 3 раз в неделю в течение месяца;
0009406.png	Крымчаки
0009407.png	Во время войны
0009408.png	По происхождению горные породы делятся на три группы:
0009409.png	Ссылки
0009410.png	Почётные доктора Лувенского католического университета
0009411.png	Писательницы Латвии
0009412.png	Различные варианты реализации электромобиля
0009413.png	Оставил несколько трудов, из которых важнейшие:
0009414.png	Структура сбора информации в систему:
0009415.png	Время собирать камни (Мосфильм, Мастер-Жанр, Первый канал, 2005);
0009416.png	Микроскопы. Л., 1969
0009417.png	Похороненные на Литераторских мостках
0009418.png	Евангелие Евы
0009419.png	О правителях
0009420.png	История компьютерных игр
0009421.png	Советская идеологизация
0009422.png	Администрация города Шарыпово
0009423.png	Государственные праздники
0009424.png	Индульгенции за пределами Католической церкви
0009425.png	-кварк и анти--кварк формируют -мезон;
0009426.png	Орден Саксен-Эрнестинского дома, большой крест (1864, Саксен-Кобург-Гота)
0009427.png	Дополнительные:
0009428.png	См. также: :Категория:События 2 июля
0009429.png	Партийная печать:
0009430.png	Временное народное правительство Республики Польша (1918)
0009431.png	Амиды карбоновых кислот
0009432.png	Обнаружение наземных и надводных целей в режиме картографирования реальным лучом
0009433.png	4-местные
0009434.png	Умершие 10 апреля
0009435.png	Государственные деятели Великобритании
0009436.png	Примечания
0009437.png	Вычитание
0009438.png	Область проживания
0009439.png	Сетевая стеганография
0009440.png	Примечания
0009441.png	Самолёты ОКБ им. Яковлева
0009442.png	Крупки, Белоруссия
0009443.png	Производство
0009444.png	Подтверждающие тесты (иммуноблотинг)
0009445.png	Ярмаченко, Николай Дмитриевич
0009446.png	Доктора обоих прав
0009447.png	Национальные домены верхнего уровня
0009448.png	Доказательство как философская категория
0009449.png	Мастера натюрморта Франции
0009450.png	Конимбрига
0009451.png	Экранизация произведений
0009452.png	Сигрдрива (Подстре-
0009453.png	Лорен Эмброуз, американская актриса.
0009454.png	Полупроводниковые приборы
0009455.png	Перспективы эсперанто
0009456.png	Матч с Магнусом Карлсеном (2014)
0009457.png	Вооружённые силы
0009458.png	Сербия
0009459.png	Верхняя улица
0009460.png	строится дорога в Горный Алтай и Хакасию.
0009461.png	Выпуклая геометрия
0009462.png	Лауреаты премии имени А. А. Шахматова
0009463.png	Боевые отравляющие вещества в Первой мировой войне
0009464.png	Примечания
0009465.png	Норильск в Народной энциклопедии городов и регионов России «Мой город»
0009466.png	Память
0009467.png	Декабрь
0009468.png	Персоналии:Елецкий Успенский монастырь
0009469.png	Александр Афродисийский
0009470.png	Мудрость в иудаизме
0009471.png	Примечания
0009472.png	Главслюда
0009473.png	Персоналии по алфавиту
0009474.png	Ускорение в кинематике точки
0009475.png	Иностранные члены Сербской академии наук и искусств
0009476.png	Рок-музыканты России
0009477.png	Аварии на подводных лодках (с 1945 года)
0009478.png	(2003, показывался в Музее Гибли)
0009479.png	Константин Богаевский (ум. 1943), русский советский художник-пейзажист.
0009480.png	Химачал-Прадеш
0009481.png	Арий Камень,
0009482.png	Отличник физической культуры и спорта СССР (1961)
0009483.png	27 декабря
0009484.png	Важнейшие города
0009485.png	болгарский Орден «Святой Александр» 1-й ст. (1906)
0009486.png	Спорт
0009487.png	См. также: :Категория:Родившиеся в 1287 году
0009488.png	Литература
0009489.png	Учреждать почтовые службы и почтовые дороги;
0009490.png	Рекордсмены клуба
0009491.png	Городские поселения Омской области
0009492.png	Орден составлял группу рыцарей на службе храма Гроба Господня.
0009493.png	Труды
0009494.png	Чань-буддизм
0009495.png	Физико-географическая характеристика
0009496.png	Символика
0009497.png	Новые
0009498.png	Родившиеся в 1693 году
0009499.png	Умершие в Париже
0009500.png	Веллитон
0009501.png	Валентин Зыков (50-й общий)
0009502.png	Ссылки
0009503.png	Дни недели
0009504.png	Чиди Одиа
0009505.png	Игорь Семшов
0009506.png	Противопоказания
0009507.png	Города-миллионеры Колумбии
0009508.png	Население
0009509.png	1949  Артур Роув
0009510.png	Международные
0009511.png	Институт электроэнергетики (ИНЭЛ)
0009512.png	Автопилота
0009513.png	Броненосец Адмирал Сенявин
0009514.png	по учету кассовых операций:
0009515.png	Магистратура
0009516.png	Музей истории коксохимического завода;
0009517.png	Поэты
0009518.png	Места посадок космических аппаратов на Марсе
0009519.png	Новые поколения
0009520.png	Городская жизнь
0009521.png	Орден Трудового Красного Знамени Азербайджанской ССР (04.03.1931)
0009522.png	Радиус кривизны
0009523.png	Бутафория
0009524.png	Литература
0009525.png	Игумены, архимандриты, наместники и настоятели Соловецкого монастыря
0009526.png	Этимология
0009527.png	Богочеловек
0009528.png	Новгородские бояре
0009529.png	Родились
0009530.png	В Гафурийском районе 95 населённых пунктов.
0009531.png	Ссылки на русском языке
0009532.png	Расчёт надёжности
0009533.png	Воздушное сообщение
0009534.png	Сварог
0009535.png	В космонавтике
0009536.png	Фомин день.
0009537.png	Умершие от сердечной недостаточности
0009538.png	Наука
0009539.png	Операционные системы на основе микроядер
0009540.png	Примечания
0009541.png	остров в море Лаптевых
0009542.png	Провинции
0009543.png	Крымский экзархат
0009544.png	Либеральные партии
0009545.png	Список звёзд созвездия Льва
0009546.png	Анализ мёда
0009547.png	Сибирский хан Кучум порвал вассальные отношения с Россией.
0009548.png	Относится к открытым началам.
0009549.png	Достопримечательности
0009550.png	Санкт-Петербургское минералогическое (1890) общество,
0009551.png	болгарский орден Святого Александра 1-й ст. (1883)
0009552.png	Святые Единой Церкви
0009553.png	Афразийские языки
0009554.png	Научно-популярная
0009555.png	Совхозная улица
0009556.png	Корякия на сайте Минприроды
0009557.png	См. также: :Категория:Родившиеся в 854 году
0009558.png	Память Цесарской иконы Божией Матери.
0009559.png	Владивостокская Биеннале
0009560.png	Лучшие бомбардиры еврокубков
0009561.png	Памятник Герою Советского Союза Олегу Кошевому;
0009562.png	директор Государственного Эрмитажа Михаил Пиотровский
0009563.png	Джон Кьюсак, американский киноактёр, сценарист, продюсер.
0009564.png	Формы и примеры парейдолии
0009565.png	Самый лучший внук (2005)
0009566.png	Творчество
0009567.png	Персонажи «Божественной комедии»
0009568.png	1-е место Гран При ФИДЕ в Лондоне, 2012 год
0009569.png	Экономика
0009570.png	Оперативное планирование деятельности исполнителей
0009571.png	Вторая гражданская война
0009572.png	Золотая карета
0009573.png	Проводил работы на орбите вместе с экипажем 5-й основной экспедиции МКС.
0009574.png	Замысел
0009575.png	Экономические университеты Москвы
0009576.png	Республиканский межотраслевой техникум,
0009577.png	География
0009578.png	Почётный гражданин Еревана (1999 год)
0009579.png	Композиторы Австрии
0009580.png	Неизвестная Кидекша (Другое Золотое кольцо)
0009581.png	580 км: Аба (длина 71 км)
0009582.png	Демография
0009583.png	Консервативные партии
0009584.png	Медикаментозное лечение
0009585.png	Политические партии
0009586.png	Примечания
0009587.png	Жизнеописание
0009588.png	Страны и территории, применяющие летнее время
0009589.png	732 км: Селеук (пр)
0009590.png	Энергия связанного экситона
0009591.png	Карачаевская порода овец
0009592.png	Семён Дежнёв (значения)
0009593.png	Принцип работы
0009594.png	Рыбацкая Набережная
0009595.png	Полезные ископаемые
0009596.png	Примечания
0009597.png	Литература
0009598.png	Согласно
0009599.png	Избрание членов Сената и Государственного совета.
0009600.png	Наиболее известными авторами 2000-х годов считаются:
0009601.png	Идеальная жидкость
0009602.png	знак Императорского Православного Палестинского Общества 1 ст.
0009603.png	Литература
0009604.png	Патруль времени:
0009605.png	Северный пенсильванский диалект (Скрэнтон, Пенсильвания)
0009606.png	Биография
0009607.png	Писатели по алфавиту
0009608.png	Муниципалитет граничит:
0009609.png	22 УР;
0009610.png	Международный Вестминстерский Университет в Ташкенте
0009611.png	Евреи Клермон-Феррана вынуждены обратиться в христианство.
0009612.png	Культура
0009613.png	Участие в раскрытии преступлений
0009614.png	Переводчики Уильяма Шекспира
0009615.png	Высококачественные фото и панорамы Коломенского
0009616.png	Фильмы-драмы России
0009617.png	Староладожский канал
0009618.png	Источники
0009619.png	Композиторы-песенники
0009620.png	Неграждане Латвии
0009621.png	А.А. Шелупанов является:
0009622.png	Города областного значения (городские округа) и районы (муниципальные районы)
0009623.png	транзакции;
0009624.png	Энциклопедия современной эзотерики
0009625.png	Временная шкала
0009626.png	Литература
0009627.png	Индоевропейские религии
0009628.png	Подрыв газопроводов и опор ЛЭП в Московской области (2004)
0009629.png	Литература
0009630.png	Ирина Мазинг
0009631.png	Начало независимости Чехии и Словакии от Чехословакии.
0009632.png	Междугороднее сообщение из Бишкека
0009633.png	Аркевази
0009634.png	Бегство к победе
0009635.png	Отталкивайтесь от текущей ситуации
0009636.png	Государственное устройство
0009637.png	380 км: река без названия, у с. Алексеевки (лв)
0009638.png	Функции и характеристики сетевых адаптеров
0009639.png	Молодой Сергей Михалков читает «Дядю Степу». Архивное видео
0009640.png	Обзор и критика фильма от Роджера Эберта
0009641.png	Известные уроженцы
0009642.png	Город в произведениях искусства
0009643.png	Лауреаты
0009644.png	Происхождение названия
0009645.png	См. также
0009646.png	Орден Данеброг, кавалер (Дания, 25.11.1808)
0009647.png	Новый город (от проспекта Труда до бульвара Строителей).
0009648.png	Агентно-ориентированный подход
0009649.png	Коронованные дети
0009650.png	Лиман
0009651.png	Статья «Человек, Воин, Герой» в газете «Якутия»
0009652.png	Награды
0009653.png	Признак 2:
0009654.png	Деталь
0009655.png	Бронебашенная батарея
0009656.png	Поклонный крест.
0009657.png	2019 год
0009658.png	Существует 37 «дырявых» нонамино .
0009659.png	701 км: Кезидкурья (лв.)
0009660.png	Причины больничных пневмоний
0009661.png	Петра
0009662.png	Общее понимание
0009663.png	Дворянские роды
0009664.png	Масс-спектрометрия
0009665.png	Орден Святого апостола Андрея Первозванного (22.09.1829)
0009666.png	См. также
0009667.png	Город является туристическим и культурно-деловым центром на Балтийском взморье.
0009668.png	Пионеры цифровой поэзии
0009669.png	Примечания
0009670.png	Огранка маркиза
0009671.png	Дмитрий Иванович Донской на сайте «Хронос» (цитаты о нём)
0009672.png	Вагнер Р. О сочинении стихов и музыки
0009673.png	Римская Слава Античное военное искусство.
0009674.png	География
0009675.png	Выпускники Ягеллонского университета
0009676.png	Представлены в 1999 году. Выпускались до 2005 года.
0009677.png	Мозговой отдел (8 костей):
0009678.png	Пригородное и междугороднее сообщение
0009679.png	Герб Царства Казанского
0009680.png	П. Тиллих
0009681.png	Источники
0009682.png	О характере монгольско-казахских лексических параллелей
0009683.png	Его именем названы кратер на Луне и близлежащая долина.
0009684.png	Рядом с Абастумани расположена Абастуманская астрофизическая обсерватория.
0009685.png	Архив официальной документации
0009686.png	Евангельская община верующих «Аян»
0009687.png	Эссе в русской литературе
0009688.png	История герба города
0009689.png	Наталья Малахаткина
0009690.png	Евангелическо-лютеранская церковь Ингрии (не сохранилась).
0009691.png	Список префектов римского Египта
0009692.png	Каббалисты
0009693.png	Консулы Флавий Эннодий Мессала и Флавий Ареобинд Дагалайф Ареобинд.
0009694.png	Культура
0009695.png	Лечебный отдых
0009696.png	Президенты Академии кинематографических искусств и наук
0009697.png	склады боеприпасов, ГСМ;
0009698.png	Агесилай.
0009699.png	Рок-группы Великобритании
0009700.png	Образование
0009701.png	Памятник большевику Орджоникидзе
0009702.png	Статистика
0009703.png	Примечания
0009704.png	Датский астроном Оле Рёмер первым измерил скорость света.
0009705.png	Гипотезы физики элементарных частиц
0009706.png	Учёные Великобритании
0009707.png	Ивановская церковь
0009708.png	Неисполняемый исходный код
0009709.png	Обладатели «Золотой бутсы»
0009710.png	Внерайонные города Германии
0009711.png	Административное деление
0009712.png	Мои воспоминания. В пяти книгах. Т. 1 и т. 2.
0009713.png	В высших эшелонах российского хоккея
0009714.png	Продавец кошмаров (2006)
0009715.png	Японское наступление в Маньчжурии, оборона и сдача Порт-Артура
0009716.png	Обрушение моста на станции Пушкино, 28 погибших.
0009717.png	Ссылки
0009718.png	Промышленность
0009719.png	Наконец, третьим, и последним, списком является список определений:
0009720.png	Родились
0009721.png	Вооружённые силы
0009722.png	Колумбит-танталит
0009723.png	Депутаты муниципальных образований Москвы
0009724.png	Спортивные сооружения
0009725.png	Экспонирование прокоагулянтной мембраны
0009726.png	храм Амвросия Оптинского (архитектор Симиненко),
0009727.png	Ссылки
0009728.png	Литература
0009729.png	Ссылки
0009730.png	Литература
0009731.png	Познание в трудах философов
0009732.png	Наукограды
0009733.png	с оплавлением.
0009734.png	Иммунологические
0009735.png	Официальный сайт Администрации Дергачёвского района
0009736.png	Управление каталогом услуг
0009737.png	Примечания
0009738.png	Католицизм:
0009739.png	Ссылки
0009740.png	Форма
0009741.png	Лингвогеография
0009742.png	Ссылки
0009743.png	Литература
0009744.png	Латгалы
0009745.png	Предыстория
0009746.png	Сергей Доренко (р.1959), российский журналист, теле- и радиоведущий.
0009747.png	Небуквенные орфографические знаки
0009748.png	Киево-Могилянский коллегиум
0009749.png	Почётные члены Императорской Академии художеств
0009750.png	История
0009751.png	Необычные архитектурные решения
0009752.png	Примечания
0009753.png	Один ряд сруба называется венцом.
0009754.png	Электронная версия «Тезаурусной модели»
0009755.png	В Республике Марий Эл состоялся первый тур президентских выборов.
0009756.png	Район Восточных постов
0009757.png	Источники
0009758.png	Обнаружены живые организмы, способные выжить в открытом космосе (Компьюлента)
0009759.png	Украинский научно-исследовательский институт промышленной медицины;
0009760.png	мол.завод,
0009761.png	Фонды товарного рынка
0009762.png	Выпускники Военной академии имени М. В. Фрунзе
0009763.png	Женитьба Ольгерда на Марии, дочери витебского князя.
0009764.png	Другие жанры
0009765.png	Творчество
0009766.png	Часовой пояс
0009767.png	Источники
0009768.png	Экономика
0009769.png	Деканы
0009770.png	Важнейшие археологические находки и их публикации:
0009771.png	Относится к открытым началам.
0009772.png	Синдром Гайе-Вернике
0009773.png	Лауреаты премии Румфорда
0009774.png	Орудие на железнодорожном транспортере
0009775.png	Графы Анжуйские
0009776.png	Филиал Санкт-Петербургского государственного университета экономики и финансов
0009777.png	Академик
0009778.png	Члены Французской академии
0009779.png	Августиник А. И., Керамика, М., 1957;
0009780.png	По сложности и количеству информации: простой и сложный.
0009781.png	См. также
0009782.png	память преподобного Саввы Крыпецкого, Псковского (1495);
0009783.png	Другое
0009784.png	Корсаков, Сергей Владимирович ()
0009785.png	Посевание
0009786.png	Санатории
0009787.png	См. также
0009788.png	Последние годы
0009789.png	Персоналии:Львов
0009790.png	Деятельность
0009791.png	Преподаватели Императорского Санкт-Петербургского университета
0009792.png	27 июня
0009793.png	Корабли
0009794.png	Индивидуальный опыт
0009795.png	из Непецинской волости: Карповский.
0009796.png	Средства массовой информации
0009797.png	перевозок грузов, пассажиров и их багажа;
0009798.png	Примечания
0009799.png	Рене Франсуа Гислен Магритт (ум. 1967), бельгийский художник-сюрреалист.
0009800.png	Примечания
0009801.png	Лавразия
0009802.png	Получение
0009803.png	Мудиссон, шведский кинорежиссёр, сценарист, поэт, прозаик.
0009804.png	Регби
0009805.png	Мельников, Иван Иванович
0009806.png	Общечеловеческие ценности
0009807.png	Эта взыскательность, самокритичность тоже располагали к нему.
0009808.png	Без точных дат
0009809.png	Христианский антииудаизм
0009810.png	Малая разностная машина
0009811.png	Джон Лайл, 2-й барон Лайл из Ружемонта
0009812.png	См. также
0009813.png	Местоимение
0009814.png	События
0009815.png	Свадьба
0009816.png	В роли божеств колодцев и фонтанов аналогичны древнегреческим кренаям.
0009817.png	Библиография
0009818.png	Биография
0009819.png	Преподаватели Казанского технического университета
0009820.png	Ссылки
0009821.png	Общие сведения
0009822.png	память священномученика Константина Богоявленского, пресвитера (1918);
0009823.png	Я, (имя, фамилия),
0009824.png	Трансформеры 3: Тёмная сторона Луны (реж. Майкл Бэй, 2011)
0009825.png	Серебряный переулок
0009826.png	Причинность
0009827.png	Территориальное устройство
0009828.png	Религия
0009829.png	Лаборатория археографических исследований
0009830.png	Нетрадиционные отношения и закон
0009831.png	Даты перехода стран на григорианский календарь
0009832.png	Транспорт
0009833.png	Храм в честь преподобного Серафима Саровского
0009834.png	Русско-французский центр (РФЦ)
0009835.png	«Голубой» период
0009836.png	Орден Св. Анны 1-й ст. (5 сентября 1849, императорская корона к ордену в 1852)
0009837.png	Археологические культуры Европы
0009838.png	Зеленодольский сельский район, в состав которого вошли:
0009839.png	Примечания
0009840.png	Альтернативное использование
0009841.png	См. также
0009842.png	Храм в честь преп. Сергия Радонежского (Исакогорка).
0009843.png	Христианство в Ираке
0009844.png	Общая карта
0009845.png	Социальные философы
0009846.png	Церковь Святой Гаянэ
0009847.png	Губители
0009848.png	Решение систем линейных алгебраических уравнений с помощью определителей
0009849.png	Список рёбер
0009850.png	Биография
0009851.png	Графы Гижицкие (ЦП)
0009852.png	Культурно-просветительское общество «Лосевские беседы»
0009853.png	Биография
0009854.png	Статистика выступлений
0009855.png	Ссылки
0009856.png	Биография
0009857.png	Примечания
0009858.png	Умер 10 ноября 1977. Похоронен на Новодевичьем кладбище в Москве.
0009859.png	Память
0009860.png	День Победы снова стал нерабочим днём.
0009861.png	«По сказкам и континентам» (1989),
0009862.png	Химический состав
0009863.png	Галерея
0009864.png	Операционная система для серверов.
0009865.png	Документы о подготовке Конвенции и её «материальных» протоколов
0009866.png	Названия гриба
0009867.png	Осенью 1969 года открылся ледовый дворец «Кристалл».
0009868.png	Рыцарское восстание
0009869.png	Ингуши (галгай). У ингушей насчитывается более 50 тайпов.
0009870.png	Физические свойства
0009871.png	Взаимоотношения общественного и индивидуального транспорта
0009872.png	Все документальные фильмы про Юрия Александровича Гарнаева.
0009873.png	Альбрехт (1539)
0009874.png	Скорая медицинская помощь
0009875.png	Вырабатывается на углекислотных установках.
0009876.png	Андриевица
0009877.png	Кочубеевский парк (Батурин)
0009878.png	Русские поэты-акмеисты
0009879.png	Рождение нефтяной отрасли в России , «Мир измерений», 01.11.2010
0009880.png	Английские поэты
0009881.png	Германский союз
0009882.png	Дриант фракиец.
0009883.png	Население
0009884.png	Телеведущие НТВ
0009885.png	Примечания
0009886.png	Электроизмерительные приборы
0009887.png	В книгах Рика Риордана «Красная пирамида», «Огненный трон» и «Тень Змея».
0009888.png	Описание
0009889.png	Семья
0009890.png	Выпуск акций
0009891.png	Отряд
0009892.png	Финансовые показатели
0009893.png	Бонус Социус
0009894.png	Накопление и преобразование углеводов
0009895.png	История исследования
0009896.png	Необязательная стадия: очистка самогона.
0009897.png	Вуковица
0009898.png	Примечания
0009899.png	ДТП со служебным автомобилем
0009900.png	Маршалловы Острова
0009901.png	Каталоги выставок
0009902.png	Улица Лисицкого в Москве.
0009903.png	Выпускники Школы дипломатической службы (Джорджтаунский университет)
0009904.png	Градиент скорости ветра
0009905.png	Толлбой
0009906.png	История Палестины
0009907.png	Главные дирижёры Мариинского театра
0009908.png	Почётные доктора Львовского университета
0009909.png	Восшествие на престол
0009910.png	В литературе
0009911.png	Северо-Западная археологическая экспедиция
0009912.png	География
0009913.png	Новаторство Дега
0009914.png	Природа и времена года
0009915.png	С 1965 по 1991 год был членом КПСС.
0009916.png	144 км: Куваш (лв)
0009917.png	Риски суицида и других видов агрессивного поведения
0009918.png	создал комбинаторику как науку.
0009919.png	Гиперболический тангенс
0009920.png	С 2004 года город Шахты не имеет внутригородского административного деления.
0009921.png	Центр тяжести
0009922.png	«Ты переехал мой покой» (исп. Джахан Поллыева и Мария Воронова)
0009923.png	Ссылки
0009924.png	Ссылки
0009925.png	Норвегия
0009926.png	). Также этот день отмечается поклонниками творчества поэта во всём мире.
0009927.png	по вопросам образования, науки, культуры и спорта
0009928.png	Мифические существа в древнегреческой мифологии
0009929.png	Примечания
0009930.png	Рациональные функции
0009931.png	Захват португальцами Момбасы.
0009932.png	Альпинизм
0009933.png	экономики;
0009934.png	Кафедра уголовного права и процесса
0009935.png	Построена в 1745 году.
0009936.png	Спорткомплекс «Юность»
0009937.png	Нобелевские премии
0009938.png	Густав Шведский, принц, несостоявшийся жених Ксении Годуновой.
0009939.png	Афина и божества
0009940.png	Перезахороненные со Смоленского лютеранского кладбища
0009941.png	2009 год: монета сувенирная.
0009942.png	Памятный знак «Чайка»
0009943.png	В честь Эшера назван открытый в 1985 году астероид.
0009944.png	По мнению нобелевского лауреата по экономике (1974) Фридриха Хайека:
0009945.png	Квантовый загон
0009946.png	Третий,
0009947.png	Военные фильмы России
0009948.png	Австралия
0009949.png	Личность и время автора
0009950.png	Неполное высшее и специальное образование
0009951.png	Илья Рутберг
0009952.png	Общая протяжённость границы района составляет примерно 26,86 километров.
0009953.png	Основные торговые центры и торговые сети
0009954.png	Ссылки
0009955.png	База муниципального центра тестирования ВФСК «ГТО» Щучанского района.
0009956.png	Фундаментальная астрометрия
0009957.png	Транспорт
0009958.png	Ошибки программирования
0009959.png	Троицкий собор, 1805 год.
0009960.png	на других языках
0009961.png	бульвар Якина Хабибуллы
0009962.png	Содержание кроликов
0009963.png	Психопатологические симптомы
0009964.png	Престолонаследие
0009965.png	Карта города
0009966.png	«О южноарабских преданиях» (, 1866);
0009967.png	Преподаватели Бестужевских курсов
0009968.png	Языки
0009969.png	Литература
0009970.png	св. Джон (Иоанн) Стоун (ум. 1539)
0009971.png	См. также
0009972.png	Радио
0009973.png	Служба информации штаба ополчения
0009974.png	Театральная улица
0009975.png	Муцухито
0009976.png	Литература
0009977.png	Реконструктор (Об исследованиях П. Стецюка)
0009978.png	Сайт казахской государственной национальной библиотеки
0009979.png	В кино
0009980.png	Латерализация мозга
0009981.png	Кандидаты экономических наук
0009982.png	Нептунус (1718)
0009983.png	Ссылки
0009984.png	Зинцар,
0009985.png	Пограничные реки
0009986.png	Информационно-культурный портал Край у Байкала
0009987.png	Соединения фосфора в промышленности
0009988.png	Примечания
0009989.png	См. также
0009990.png	Понятие "обобщённое ускорение"
0009991.png	Кроме того, выделяют два вымерших вида, известных только по ископаемым остаткам:
0009992.png	История
0009993.png	Синтез норадреналина
0009994.png	Были проведены исследования по изомеризации брассидиновой кислоты в эруковую.
0009995.png	Побитые камнями
0009996.png	Отзывы о Шлехтере
0009997.png	Сфера услуг
0009998.png	Индексаторы;
0009999.png	Количественные и порядковые